,date_received,postcode,intent,label,colour,form,consumption_method,effects,major,minor,latitude,longitude
W044754,2023-12-22,NE35,Ketamine,Not Stated,White,Powder,Not Stated,Not Stated,Dihydrocodeine,,54.9503,-1.469
W044996,2024-01-04,CF10,S-isomer ketamine,Not Stated,White,Powder,Not Stated,Not Stated,Ketamine,,51.48,-3.18
W045041,2024-01-10,N16,Ketamine,Ketamine,White,Powder,Snort / Sniff,"Increased Energy, Increased Confidence, Increased Stamina, Increased Strength, Breathlesness, Chest Pains, Irregular Heartbeat, Agitation, Insomnia",Ketamine,,51.5625,-0.074
W044741,2024-01-10,Array,Ketamine,Not Stated,White,Crystalline,Not Stated,Not Stated,Ketamine,,,
W045092,2024-01-10,E14,Ketamine,Not Stated,White,Crystalline,Snort / Sniff,"Euphoria, Increased Energy, Increased Confidence, Increased Stamina, Increased Libido, Empathy, Relaxed",Ketamine,,51.50563529411765,-0.0187647058823529
W045047,2024-01-10,SA43,Ketamine,Not Stated,"White, White",Powder,Snort / Sniff,"Euphoria, Enhanced Senses, Relaxed, Confusion, Agitation",Ketamine,,52.07603076923077,-4.6376
W047442,2024-01-11,SW3,ketamine,Ketamine,,Crystalline,Not Stated,Not Stated,Ketamine,,51.487975000000006,-0.165875
W047515,2024-01-15,CB6,Ketamine,S ketamine,White,Crystalline,Snort / Sniff,"Enhanced Senses, Visual Hallucinations, Breathlesness, Array, Chest Pains, Irregular Heartbeat, Memory Loss, Confusion",Ketamine,,52.39728823529411,0.2001647058823529
000231917,2024-01-15,LL12,Ketamine,Not Stated,White,Powder,Snort / Sniff,Not Stated,Ketamine,,53.104020000000006,-3.0036
W047431,2024-01-15,S105,Ketamine,Ketaset,White,Powder,Not Stated,Not Stated,Diazepam,,53.35,-1.55
W047656,2024-01-18,DY10,Ketamine,Vevo ketamine,White,Crystalline,Not Stated,Not Stated,Ketamine,,52.3848,-2.212788888888889
W047664,2024-01-18,BH23,Ketotifen,Ketotifen,White,Tablet,Oral,"Relaxed, Tiredness",Unable to identify,,50.755406666666666,-1.7577666666666665
W047672,2024-01-23,RG1,ketamine,Not Stated,Colourless,Granules,Not Stated,Not Stated,Ketamine,,51.4563,-0.9711
W047738,2024-01-23,S61,ketamine,Not Stated,White,Crystalline,Snort / Sniff,"Euphoria, Increased Energy, Increased Confidence, Enhanced Senses, Empathy, Relaxed, Chest Pains, Nosebleeds",Ketamine,,53.4567,-1.3738
W047679,2024-01-24,BN2,Ketamine,Ketamine,White,Powder,Not Stated,Not Stated,Ketamine,,50.823825,-0.082825
W047781,2024-01-25,SR67,Ketamine,Not Stated,White,Powder,Not Stated,Not Stated,Diazepam,,54.94488,-1.3725200000000002
W047933,2024-01-26,SY23,Ketamine,Not Stated,White,Powder,Not Stated,Not Stated,Ketamine,,52.34458541666667,-3.9885
W047979,2024-01-26,B78,Ketamine,Not Stated,White,Crystalline,Not Stated,Not Stated,"Ketamine, 4F-3-methyl-alpha-PVP",,52.60483333333334,-1.6935888888888888
W047929,2024-01-26,SY23,ketamine,Not Stated,White,Crystalline,Not Stated,Not Stated,Ketamine,,52.34458541666667,-3.9885
W047934,2024-01-26,SY23,Ketamine,Not Stated,White,Powder,Not Stated,Not Stated,Ketamine,,52.34458541666667,-3.9885
W047981,2024-01-30,SL4,Ketamine,Not Stated,White,Crystalline,Snort / Sniff,Not Stated,Ketamine,,51.47827692307692,-0.6311692307692307
W048067,2024-01-30,SW19,Ketamine,Not Stated,White,Powder,Snort / Sniff,"Auditory Hallucinations, Visual Hallucinations, Relaxed",Ketamine,,51.42343333333333,-0.1973333333333333
W048068,2024-01-30,SW19,Ketamine,Not Stated,White,Powder,Snort / Sniff,"Auditory Hallucinations, Visual Hallucinations",Ketamine,,51.42343333333333,-0.1973333333333333
W048000,2024-01-30,SE16,Ketamine,Not Stated,White,Crystalline,Snort / Sniff,"Euphoria, Increased Energy, Increased Confidence, Enhanced Senses, Visual Hallucinations, Confusion",Ketamine,,51.49742,-0.0528
W048031,2024-01-30,L24,Ketamine,Not Stated,Colourless,Crystalline,Snort / Sniff,No Effect,"Mephedrone, Ketamine",,53.3407,-2.841
W048098,2024-02-02,WA10,Ketamine,Not Stated,White,Powder,Snort / Sniff,"Euphoria, Increased Confidence, Visual Hallucinations, Relaxed, Irregular Heartbeat, Paranoia, Memory Loss, Confusion, Agitation, Depression, Seizure",Ketamine,,53.45000000000001,-2.7583
W048161,2024-02-05,G1,Ketamine,Not Stated,White,Crystalline,Snort / Sniff,"Nosebleeds, Nausea, Vomiting, Confusion",Ketamine,,55.8651,-4.2576
W048231,2024-02-09,LL13,Ketamine,Not Stated,White,Crystalline,Not Stated,Not Stated,Ketamine,,52.9917619047619,-2.9116809523809524
W048422,2024-02-14,PE28,Ketamine,Not Stated,White,Powder,Not Stated,Not Stated,Ketamine,,52.3305,-0.1865
W048438,2024-02-15,NP21,Ketamine,Ketamine,"Colourless, Colourless",Crystalline,Not Stated,Not Stated,No Active Component Identified,,,
W048491,2024-02-15,NG18,Ketamine,R2RUK Ketamine Shards,White,Crystalline,Not Stated,Not Stated,Ketamine,,53.1333,-1.2
W048453,2024-02-15,SA1,Ketamine,Not Stated,White,Crystalline,Not Stated,Not Stated,Ketamine,,51.633979999999994,-3.94848
W048614,2024-02-19,E5,Ketamine,Not Stated,White,Granules,Not Stated,Not Stated,Ketamine,,51.55991666666667,-0.0545166666666666
W048460,2024-02-19,SA1,ketamine,Not Stated,White,Granules,Not Stated,Not Stated,No Active Component Identified,,51.633979999999994,-3.94848
W048533,2024-02-19,HA1,Ketamine,Not Stated,White,Powder,Snort / Sniff,"Auditory Hallucinations, Visual Hallucinations, Confusion, Insomnia",Ketamine,,51.5774,-0.33615
W048700,2024-02-27,DY12,Ketamine,Not Stated,Colourless,Liquid,Not Stated,Not Stated,MDMA,,52.3944,-2.3480125
W048715,2024-02-27,BR1,Ketamine,Not Stated,White,Powder,Snort / Sniff,"Increased Energy, Nosebleeds, Nausea",Ketamine,,51.4037,0.0305
W048873,2024-02-27,BN1,Ketamine,Not Stated,White,Crystalline,Snort / Sniff,"Euphoria, Increased Energy, Increased Confidence, Enhanced Senses, Empathy, Auditory Hallucinations, Relaxed, Memory Loss, Insomnia",Ketamine,,50.8614,-0.1204166666666666
000039652,2024-03-04,NP4,Ketamine,Not Stated,White,Array,Snort / Sniff,"Relaxed, Irregular Heartbeat, Memory Loss, Confusion",Ketamine,,51.718515789473685,-3.030521052631579
W049026,2024-03-04,CF10,ketamine,Not Stated,White,Crystalline,Not Stated,Not Stated,Ketamine,,51.48,-3.18
W048959,2024-03-04,BT47,Ketamine,Not Stated,White,Powder,Snort / Sniff,"Euphoria, Increased Energy, Increased Confidence, Enhanced Senses, Increased Stamina, Auditory Hallucinations, Visual Hallucinations, Nosebleeds, Paranoia, Memory Loss, Confusion, Agitation, Insomnia, Depression, Violence/Aggression",Ketamine,,54.94983333333333,-7.084177777777778
W053542,2024-03-07,BN24,ketamine,Not Stated,White,Crystalline,Not Stated,Not Stated,Ketamine,,50.81635,0.3384666666666667
000034271,2024-03-07,LL11,Ketamine,ketamine,White,Powder,Snort / Sniff,"Euphoria, Increased Energy, Relaxed, Nosebleeds, Memory Loss, Confusion, Insomnia",Ketamine,Cocaine,53.064506666666674,-3.052973333333333
W053463,2024-03-07,PA3,Ketamine,Not Stated,White,Crystalline,Not Stated,Not Stated,Ketamine,,55.8516,-4.446
W053547,2024-03-07,W5,Ketamine,Not Stated,White,Granules,Snort / Sniff,"Euphoria, Relaxed, Insomnia",Ketamine,,51.516333333333336,-0.2851888888888889
W049135,2024-03-12,L17,Ketamine,Ketamine,White,Crystalline,Not Stated,Not Stated,"Ketamine, Mephedrone, 2C-B",,53.3653,-2.9178
W049064,2024-03-12,HA1,ketamine,Not Stated,White,Crystalline,Not Stated,Not Stated,Ketamine,,51.5774,-0.33615
W049063,2024-03-12,HA1,Ketamine,Not Stated,White,Crystalline,Not Stated,Not Stated,Ketamine,,51.5774,-0.33615
W049188,2024-03-12,CF10,Ketamine,Not Stated,"Colourless, White",Liquid,Intramuscular,"Memory Loss, Confusion, Panic Attack",Ketamine,Quetiapine,51.48,-3.18
W049355,2024-03-12,WC1H,ketamine,Ketamine,White,Powder,Not Stated,Not Stated,Ketamine,,51.5085,-0.1257
W049317,2024-03-12,AB11,Ketamine,Not Stated,Colourless,Crystalline,Snort / Sniff,"Breathlesness, Vomiting, Depression, Suicidal Ideation",Ketamine,,57.1437,-2.0981
W048708,2024-03-12,EC3N,Ketamine,Ketamine,White,Crystalline,Snort / Sniff,"Euphoria, Relaxed",Ketamine,,51.513,-0.08
W049062,2024-03-12,HA1,ketamine,Not Stated,White,Crystalline,Not Stated,Not Stated,Ketamine,,51.5774,-0.33615
W049451,2024-03-15,BD5,Ketamine,Not Stated,White,Capsule,Snort / Sniff,"Euphoria, Increased Confidence, Enhanced Senses, Empathy, Auditory Hallucinations, Visual Hallucinations, Relaxed, Confusion",Ketamine,,53.7939,-1.7521
W049387,2024-03-15,SE15,ketamine,Not Stated,White,Granules,Snort / Sniff,"Euphoria, Increased Energy, Increased Confidence, Enhanced Senses, Empathy, Auditory Hallucinations, Visual Hallucinations, Relaxed, Irregular Heartbeat, Nausea, Paranoia, Confusion, Panic Attack",Ketamine,,51.470175,-0.060325
W049384,2024-03-15,S61,Ketamine,Not Stated,White,Crystalline,Snort / Sniff,Not Stated,Ketamine,Cocaine,53.4567,-1.3738
W049383,2024-03-15,S61,Ketamine,Not Stated,White,Crystalline,Snort / Sniff,Not Stated,Ketamine,Cocaine,53.4567,-1.3738
W048138,2024-03-15,DY52,ketamine,Not Stated,Colourless,Crystalline,Not Stated,Not Stated,Methamphetamine,,52.490875,-2.119025
W049528,2024-03-18,N17,Ketamine,Not Stated,White,Powder,Snort / Sniff,"Enhanced Senses, Empathy, Visual Hallucinations, Relaxed, Confusion",Ketamine,,51.59922,-0.07094
000232401,2024-03-18,LD1,Ketamine,Not Stated,White,Powder,Snort / Sniff,Not Stated,Ketamine,,52.2618,-3.3257903225806453
W049701,2024-03-25,W3,Ketamine,Not Stated,White,Powder,Not Stated,Not Stated,Ketamine,,51.51048333333333,-0.2657166666666666
W049717,2024-03-25,SA11,Ketamine,Not Stated,White,Powder,Not Stated,Not Stated,Ketamine,,51.70800714285714,-3.6944071428571426
W049734,2024-03-25,LE19,Pure Ketamine,Not Stated,Yellow,Granules,Snort / Sniff,"Euphoria, Increased Energy, Increased Confidence, Chest Pains, Nausea, Vomiting, Paranoia, Confusion, Insomnia, Depression, Suicidal Ideation, Tiredness, Diarrhoea, Dizziness",4-Chloromethcathinone,"Phenmetrazine, Ketamine",52.5846,-1.2053
W049733,2024-03-25,LE19,Ketamine/Speed,Not Stated,White,Granules,Snort / Sniff,"Euphoria, Increased Energy, Breathlesness, Chest Pains, Irregular Heartbeat, Nosebleeds, Nausea, Paranoia, Memory Loss, Confusion, Panic Attack, Insomnia, Depression",4-Chloromethcathinone,,52.5846,-1.2053
W049856,2024-03-28,BS5,Ketamine,Not Stated,White,Powder,Not Stated,Not Stated,Ketamine,,51.462,-2.5519
W050062,2024-04-05,SW6,Ketamine,Not Stated,Colourless,Powder,Not Stated,Not Stated,Ketamine,,51.4803,-0.1993
W050061,2024-04-05,SW6,Ketamine,Not Stated,Colourless,Powder,Not Stated,Not Stated,Ketamine,,51.4803,-0.1993
W053525,2024-04-07,N7,Ketamine,Not Stated,White,Crystalline,Not Stated,Not Stated,Ketamine,,51.5491,-0.1205142857142857
W053437,2024-04-07,BS9,Ketamine,Rock ketamine,White,Solid,Not Stated,Not Stated,Ketamine,,51.4874,-2.6266
W053334,2024-04-07,SW18,ketamine,Not Stated,White,Powder,Snort / Sniff,"Enhanced Senses, Relaxed, Nausea, Vomiting",Ketamine,,51.4489,-0.1971
W053436,2024-04-07,BS1,Ketamine,powder ketamine,White,Powder,Not Stated,Not Stated,Ketamine,,51.4552,-2.5966
000230258,2024-04-07,LL65,Ketamine,Not Stated,Colourless,Crystalline,Snort / Sniff,"Breathlesness, Memory Loss, Confusion, Insomnia, Stomach pains",Ketamine,,53.289686206896555,-4.534455172413793
000230260,2024-04-07,LL65,Ketamine,Not Stated,White,Crystalline,Snort / Sniff,"Increased Libido, Relaxed",Ketamine,,53.289686206896555,-4.534455172413793
W050117,2024-04-09,PR1,Ketamine,Ketamine shards,White,Crystalline,Not Stated,Not Stated,Ketamine,,53.758225,-2.7229
W050214,2024-04-12,SY23,Ketamine,Not Stated,White,Powder,Snort / Sniff,"Enhanced Senses, Empathy, Relaxed",Ketamine,,52.34458541666667,-3.9885
W050235,2024-04-12,CF39,Ketamine,Not Stated,White,Crystalline,Snort / Sniff,"Euphoria, Relaxed",Ketamine,,51.5988125,-3.447975
000235060,2024-04-12,CF10,Ketamine,Not Stated,White,Powder,Not Stated,Not Stated,Ketamine,,51.48,-3.18
000235089,2024-04-12,CF10,Ketamine,Not Stated,White,Powder,Not Stated,Not Stated,Ketamine,Paracetamol,51.48,-3.18
W050353,2024-04-15,CR8,Sugar Ketamine,Not Stated,White,Powder,Not Stated,Not Stated,Ketamine,,51.331599999999995,-0.10655
W050354,2024-04-15,CR8,Rock Ketamine,Rock Ketamine,White,Granules,Not Stated,Not Stated,Ketamine,,51.331599999999995,-0.10655
W050515,2024-04-18,TQ97,Ketamine,Ketamine shard,"White, Grey",Crystalline,Snort / Sniff,"Visual Hallucinations, Relaxed, Confusion, Array",Ketamine,,50.40683125,-3.696409375
W050454,2024-04-18,BH14,Ketamine,Not Stated,"Colourless, White",Crystalline,Snort / Sniff,"Euphoria, Increased Confidence, Auditory Hallucinations, Visual Hallucinations, Relaxed",Ketamine,,50.7299,-1.9449
W050553,2024-04-18,N17,Ketamine,Not Stated,White,Powder,Not Stated,Not Stated,Ketamine,,51.59922,-0.07094
W050527,2024-04-18,BS3,Ketamine,Not Stated,White,Powder,Snort / Sniff,"Auditory Hallucinations, Relaxed, Depression, Tiredness",Diphenhydramine,,51.4552,-2.5966
000034268,2024-04-22,LL11,Ketamine,Not Stated,White,Crystalline,Snort / Sniff,"Increased Energy, Increased Confidence, Enhanced Senses, Nausea",Ketamine,,53.064506666666674,-3.052973333333333
W051113,2024-04-25,YO19,Ketamine,Not Stated,"Colourless, White",Crystalline,Not Stated,Not Stated,Ketamine,,53.8983,-1.0301111111111112
000230043,2024-04-25,LL65,Ketamine,Not Stated,White,Powder,Not Stated,"Euphoria, Relaxed",Ketamine,,53.289686206896555,-4.534455172413793
W051105,2024-04-25,SE15,Ketamine,Ketamine,White,Powder,Snort / Sniff,"Increased Energy, Enhanced Senses, Increased Strength, Visual Hallucinations, Paranoia, Memory Loss, Confusion, Panic Attack, Loss of consciousness, Agitation, Violence/Aggression",Ketamine,,51.470175,-0.060325
000235334,2024-04-30,NP22,Ketamine,Not Stated,Colourless,Crystalline,Oral,"Euphoria, Enhanced Senses, Relaxed, Paranoia",Ketamine,,51.7725,-3.2468
W051364,2024-04-30,E14,KETAMINE,Not Stated,White,Powder,Not Stated,Not Stated,"Mephedrone, 4-Methylethcathinone",,51.50563529411765,-0.0187647058823529
000230543,2024-04-30,W1F,Ketamine,Ket,White,Crystalline,Snort / Sniff,"Euphoria, Increased Confidence, Increased Strength, Visual Hallucinations, Relaxed, Memory Loss",Ketamine,,51.5085,-0.1257
W050655,2024-04-30,PE30,Ketamine,Not Stated,White,Powder,Snort / Sniff,"Visual Hallucinations, Relaxed, Array, Confusion, Agitation",Ketamine,,52.766575,0.420875
W051383,2024-04-30,BN29,Ketamine,Not Stated,"Colourless, White",Crystalline,Snort / Sniff,"Euphoria, Increased Energy, Enhanced Senses, Auditory Hallucinations, Visual Hallucinations, Relaxed, Paranoia, Memory Loss, Confusion, Panic Attack, Suicidal Ideation",Ketamine,,50.823825,-0.082825
W051590,2024-05-10,BS34,Ketamine,Ketamine,White,Powder,Snort / Sniff,"Irregular Heartbeat, Nausea, Confusion, Panic Attack, Suicidal Ideation, Shaking/Shivering",Ketamine,,51.5241,-2.5661
W051393,2024-05-10,SB,Ketamine,Not Stated,White,Powder,Not Stated,Not Stated,Ketamine,,,
W051391,2024-05-10,S8,Ketamine,Not Stated,White,Powder,Not Stated,Not Stated,Ketamine,,53.3439,-1.47815
W051392,2024-05-10,S8,Ketamine,Not Stated,White,Powder,Not Stated,Not Stated,Ketamine,Cocaine,53.3439,-1.47815
W051367,2024-05-10,E8,Ketamine,Ketamine,White,Crystalline,Not Stated,Not Stated,Ketamine,,51.548,-0.0629
000232185,2024-05-13,NP16,Ketamine,Not Stated,White,Array,Snort / Sniff,"Euphoria, Relaxed, Loss of consciousness",Ketamine,,51.6409,-2.6768
W051739,2024-05-13,HD4 ,Ketamine,Not Stated,White,Powder,Not Stated,Not Stated,Ketamine,,53.6239,-1.7485
W051828,2024-05-14,CB2,Ketamine,Not Stated,White,Granules,Not Stated,Not Stated,Mephedrone,,52.18965000000001,0.1240214285714285
W051846,2024-05-16,CF3,Ketamine,Ketamine,Colourless,Crystalline,Not Stated,Not Stated,Ketamine,,51.52382222222222,-3.0891333333333333
W051347,2024-05-16,SA13,Ketamine,Not Stated,White,Crystalline,Snort / Sniff,"Euphoria, Loss of consciousness",Ketamine,,51.63321111111111,-3.670888888888888
W051845,2024-05-16,CF3,Ketamine,Not Stated,Colourless,Crystalline,Snort / Sniff,No Effect,Ketamine,,51.52382222222222,-3.0891333333333333
W052056,2024-05-21,BN1,Ketamine,Not Stated,White,Crystalline,Snort / Sniff,"Euphoria, Visual Hallucinations, Relaxed, Nosebleeds, Confusion, Insomnia",Ketamine,,50.8614,-0.1204166666666666
W052037,2024-05-21,CM20,Ketamine,Not Stated,White,Powder,Not Stated,Not Stated,No Active Component Identified,,51.779333333333334,0.0966666666666666
W052039,2024-05-21,CM20,Ketamine,Not Stated,White,Granules,Not Stated,Not Stated,No Active Component Identified,,51.779333333333334,0.0966666666666666
W052310,2024-05-30,TR72,Ketamine,G shard,"Colourless, White",Crystalline,Not Stated,Not Stated,Ketamine,,50.41865,-5.060475
W052214,2024-06-04,DN20,Ketamine,Not Stated,White,Crystalline,Not Stated,Not Stated,Ketamine,,53.57123,-0.4929599999999999
W052564,2024-06-04,TN27,Ketamine,Not Stated,White,Crystalline,Snort / Sniff,Confusion,Ketamine,,51.170506249999995,0.71509375
W052213,2024-06-04,LS26,Ketamine,Not Stated,White,Crystalline,Not Stated,Not Stated,Ketamine,,53.7504,-1.4537
W052496,2024-06-04,EX4,Ketamine,Not Stated,White,Crystalline,Not Stated,Not Stated,Ketamine,,50.73776,-3.5296999999999996
W052667,2024-06-07,SE10,Ketamine,Not Stated,White,Crystalline,Not Stated,Not Stated,Ketamine,,51.4779,-0.0118
W052773,2024-06-10,M42,Ketamine,Not Stated,White,Crystalline,Not Stated,Not Stated,Ketamine,,,
000232681,2024-06-10,SY21,Ketamine,Not Stated,White,Granules,Not Stated,Not Stated,Ketamine,,52.670813513513515,-3.1976945945945947
W052769,2024-06-10,SW15,Ketamine,Not Stated,White,Crystalline,Snort / Sniff,No Effect,Ketamine,,51.45653333333333,-0.2306
W052767,2024-06-10,N22,Ketamine,Not Stated,White,Crystalline,Snort / Sniff,No Effect,Ketamine,,51.6,-0.1167
W052957,2024-06-11,E8,Ketamine,Wispa,White,Powder,Not Stated,Not Stated,Ketamine,,51.548,-0.0629
W053014,2024-06-18,LE3,Ketamine,Not Stated,White,Crystalline,Snort / Sniff,"Euphoria, Increased Energy, Auditory Hallucinations, Visual Hallucinations, Relaxed, Nausea, Confusion, Loss of consciousness, Insomnia, Depression",Ketamine,,52.6325,-1.1869666666666667
W052974,2024-06-18,HA1,Ketamine,Not Stated,White,Crystalline,Not Stated,Not Stated,Ketamine,,51.5774,-0.33615
W053029,2024-06-18,LS26,Ketamine,Not Stated,White,Crystalline,Not Stated,Not Stated,Cocaine,Benzoylecgonine,53.7504,-1.4537
W052833,2024-06-18,UB68,Ketamine,Not Stated,White,Granules,Snort / Sniff,"Euphoria, Increased Confidence, Relaxed, Confusion, Agitation",Ketamine,,51.534099999999995,-0.33285
W052985,2024-06-18,AB43,Ketamine,Not Stated,"Colourless, Grey",Crystalline,Snort / Sniff,"Euphoria, Increased Energy, Increased Confidence, Enhanced Senses, Increased Stamina, Increased Libido, Increased Strength, Breathlesness, Chest Pains, Memory Loss, Agitation, Insomnia",Ketamine,,57.65489545454545,-2.046884090909091
W053168,2024-06-18,N4,Ketamine,Not Stated,White,Crystalline,Not Stated,Not Stated,Ketamine,,51.5693,-0.1069
W052447,2024-06-18,SY10,Ketamine,Not Stated,White,Crystalline,Not Stated,Not Stated,Ketamine,,52.83394150943396,-3.1469735849056604
W052995,2024-06-18,CF14,Ketamine,Not Stated,White,Powder,Not Stated,Not Stated,Ketamine,,51.5199,-3.204
W053019,2024-06-18,L8,Ketamine,Not Stated,White,Crystalline,Not Stated,Not Stated,Ketamine,,53.4106,-2.9779
W053278,2024-06-18,BS2,Ketamine,Not Stated,White,Crystalline,Snort / Sniff,"Increased Energy, Enhanced Senses, Increased Stamina, Auditory Hallucinations, Irregular Heartbeat, Paranoia, Memory Loss, Confusion, Agitation",Ketamine,,51.4552,-2.5966
W053012,2024-06-20,LE3,Ketamine,Not Stated,White,Crystalline,Snort / Sniff,"Euphoria, Relaxed, Confusion, Insomnia",Ketamine,,52.6325,-1.1869666666666667
W053475,2024-07-02,S752,Ketamine,Not Stated,"Colourless, White",Crystalline,Snort / Sniff,"Relaxed, Nosebleeds, Memory Loss, Confusion, Insomnia, Depression",Ketamine,,53.56098461538461,-1.5391307692307694
000230267,2024-07-02,LL65,Ketamine,Not Stated,White,Crystalline,Snort / Sniff,"Increased Libido, Relaxed",Ketamine,,53.289686206896555,-4.534455172413793
W053376,2024-07-02,SE1,Ketamine,Not Stated,White,Granules,Not Stated,Not Stated,Ketamine,,51.49874615384616,-0.0930384615384615
W053414,2024-07-09,G42,Ketamine,Not Stated,White,Powder,Not Stated,Not Stated,Ketamine,,55.8322,-4.2576
000231912,2024-07-09,CH7,Ketamine,Not Stated,White,Powder,Not Stated,Not Stated,Ketamine,,53.17209696969697,-3.163118181818182
W053360,2024-07-09,SW1,Ketamine,Ketamine,,Powder,Not Stated,Not Stated,Ketamine,,51.495583333333336,-0.1417916666666666
W053812,2024-07-10,BS15,Ketamine,Not Stated,White,Powder,Not Stated,Not Stated,Ketamine,,51.4528,-2.5083
W053846,2024-07-11,CV8,Ketamine,Not Stated,White,Crystalline,Not Stated,Not Stated,Ketamine,,52.35924166666666,-1.5064916666666666
W054039,2024-07-11,MK3,Ketamine,Not Stated,White,Crystalline,Not Stated,Not Stated,Ketamine,,51.9933,-0.7347
W054141,2024-07-22,SA5,Ketamine,Not Stated,White,Crystalline,Not Stated,Not Stated,Ketamine,,51.64667142857143,-3.9853857142857145
W054303,2024-07-22,BN29,Ketamine,Not Stated,"Colourless, White",Crystalline,Not Stated,Not Stated,Ketamine,,50.823825,-0.082825
W054146,2024-07-22,N16,Ketamine,Not Stated,White,Granules,Not Stated,Not Stated,Ketamine,,51.5625,-0.074
W054328,2024-07-22,PH12,Ketamine,Ketamine Indian Shard,White,Crystalline,Snort / Sniff,Relaxed,Ketamine,,56.57704444444445,-3.159222222222222
W054282,2024-07-23,ML66,Ketamine,Not Stated,White,Crystalline,Not Stated,Not Stated,Ketamine,,55.876992307692305,-3.925407692307692
W054265,2024-07-23,TS11,Ket shard,Not Stated,"White, Colourless",Crystalline,Not Stated,Not Stated,Ketamine,,54.57873333333333,-1.028166666666667
W054313,2024-07-25,NE32,Ketamine,Not Stated,White,Powder,Not Stated,Not Stated,Diazepam,,54.974050000000005,-1.4842499999999998
W054378,2024-07-25,TS11,Ketamine,Not Stated,"Colourless, White",Crystalline,Not Stated,Not Stated,Ketamine,,54.57873333333333,-1.028166666666667
100003603,2024-07-29,BN29,Raspberry Ketones,Not Stated,,,Oral,No Effect,Tetrahydrocannabinol,,50.823825,-0.082825
W054687,2024-08-01,BS4,Ketamine,Not Stated,White,Crystalline,Not Stated,Not Stated,Ketamine,,51.4345,-2.55525
W054746,2024-08-01,BN2,Ketamine,Not Stated,White,Crystalline,Not Stated,Not Stated,Ketamine,Cocaine,50.823825,-0.082825
W054759,2024-08-01,SY23,Ketamine,Not Stated,White,Granules,Snort / Sniff,Visual Hallucinations,Ketamine,,52.34458541666667,-3.9885
W054607,2024-08-01,ST6,Ketamine,Not Stated,White,Powder,Snort / Sniff,"Euphoria, Increased Confidence, Increased Energy, Enhanced Senses, Increased Stamina, Increased Libido, Empathy, Visual Hallucinations, Auditory Hallucinations, Relaxed",Ketamine,,53.059133333333335,-2.1827166666666664
W054770,2024-08-05,SE16,Ketamine,Not Stated,White,Granules,Snort / Sniff,"Relaxed, Confusion",Ketamine,,51.49742,-0.0528
W054776,2024-08-05,BN29,Ketamine,Ketamine-Cali soul,"Colourless, White",Crystalline,Not Stated,Not Stated,Ketamine,,50.823825,-0.082825
W054724,2024-08-05,SK11,Ketamine,Not Stated,White,Powder,Not Stated,Not Stated,Ketamine,,53.229638461538464,-2.14891923076923
W054834,2024-08-05,B26,Ketamine,BC ketamine,"White, Red",Crystalline,Not Stated,Not Stated,Ketamine,MDMA,52.45953333333333,-1.7873333333333334
W054702,2024-08-05,BR6,Ketamine,Not Stated,White,Crystalline,Snort / Sniff,"Auditory Hallucinations, Visual Hallucinations, Relaxed, Paranoia, Memory Loss, Confusion",Ketamine,,51.362210000000005,0.09043
W054686,2024-08-06,BS2,Ketamine,Not Stated,White,Powder,Not Stated,Not Stated,Ketamine,,51.4552,-2.5966
W055061,2024-08-12,W14,S-ketamine,Not Stated,White,Crystalline,Not Stated,Not Stated,Ketamine,,51.49550000000001,-0.21798
000232194,2024-08-12,NP20,Ketamine,Not Stated,White,Crystalline,Snort / Sniff,No Effect,Ketamine,,51.5877,-2.9984
W054722,2024-08-15,M32,Ketamine,Ketamine,White,Powder,Snort / Sniff,"Euphoria, Auditory Hallucinations, Visual Hallucinations, Relaxed, Nausea, Paranoia, Confusion","Cocaine, Ketamine",,53.45,-2.3167
W054911,2024-08-15,SE17,Ketamine,Not Stated,White,Powder,Not Stated,Not Stated,Ketamine,,51.48563333333333,-0.1028333333333333
W055064,2024-08-15,MK41,Ketamine,ket,White,Powder,Not Stated,"Euphoria, Increased Energy, Enhanced Senses, Relaxed, Agitation, Insomnia",Ketamine,,52.15575,-0.450575
W055085,2024-08-15,NG20,Ketamine,Not Stated,"Colourless, White",Granules,Snort / Sniff,"Relaxed, Confusion",Ketamine,,53.21734,-1.18344
W055080,2024-08-15,PE4,Ketamine,Ketamine,"White, White",Crystalline,Not Stated,Not Stated,Ketamine,,52.607,-0.2694999999999999
W055095,2024-08-15,SA1A,Ketamine,Ketamine,White,Powder,Not Stated,Not Stated,Ketamine,,51.633979999999994,-3.94848
W056866,2024-08-20,GL12,Ketamine,Not Stated,White,Crystalline,Not Stated,Not Stated,Ketamine,,51.62172777777778,-2.3947055555555554
W056905,2024-08-20,CW13,Ketamine,Ket,"Colourless, White",Crystalline,Snort / Sniff,"Visual Hallucinations, Breathlesness, Chest Pains, Irregular Heartbeat, Nosebleeds, Panic Attack",Ketamine,,53.09252,-2.389
W056961,2024-08-20,BS10,Ketamine,Cali Soul,White,Powder,Snort / Sniff,"Chest Pains, Irregular Heartbeat, Confusion, Depression",Ketamine,,51.509866666666674,-2.635366666666666
W055078,2024-08-20,KT22,Ketamine,Not Stated,White,Powder,Not Stated,"Breathlesness, Chest Pains, Nosebleeds, Vomiting, Confusion, Insomnia",Ketamine,,51.314233333333334,-0.3436666666666667
000234301,2024-08-23,CF10,Ketamine,Not Stated,White,Crystalline,Snort / Sniff,Relaxed,Ketamine,,51.48,-3.18
W056978,2024-08-23,SO24,Ketamine,Not Stated,White,Crystalline,Not Stated,Not Stated,Ketamine,,51.09180344827586,-1.149744827586207
W057181,2024-08-28,KT22,Ketamine,Not Stated,White,Crystalline,Snort / Sniff,"Euphoria, Visual Hallucinations, Relaxed, Chest Pains, Irregular Heartbeat, Nausea, Insomnia",Ketamine,,51.314233333333334,-0.3436666666666667
W057187,2024-08-30,G12,KEtamine,G3 KEt QR,White,Powder,Not Stated,Not Stated,"Ketamine, Benzocaine",,55.8804,-4.3007
W057172,2024-08-30,NH5,Ketamine,Not Stated,White,Crystalline,Not Stated,"Enhanced Senses, Auditory Hallucinations, Confusion, Insomnia",Ketamine,,,
000042629,2024-09-03,CH76,Ketamine,Not Stated,White,Powder,Snort / Sniff,Not Stated,Ketamine,,53.17209696969697,-3.163118181818182
W057234,2024-09-03,G12,Ketamine,Steeee New Ket,White,Crystalline,Not Stated,Not Stated,Ketamine,,55.8804,-4.3007
W057353,2024-09-03,TN5,Ketamine,Ketamine,,Crystalline,Snort / Sniff,"Euphoria, Increased Energy, Increased Confidence, Relaxed",Ketamine,,51.054399999999994,0.3739090909090909
W057299,2024-09-03,RG1,Ketamine,Not Stated,Colourless,Granules,Not Stated,Not Stated,Ketamine,,51.4563,-0.9711
W057228,2024-09-03,GL12,Ketamine,Ketamine,White,Crystalline,Not Stated,Not Stated,Ketamine,,51.62172777777778,-2.3947055555555554
W051423,2024-09-03,E151,Ketamine,Ketamine (s isomer),"Colourless, White",Crystalline,Snort / Sniff,"Enhanced Senses, Auditory Hallucinations, Visual Hallucinations, Relaxed",Ketamine,,51.5333,0.0
W057275,2024-09-03,UB5,Ketamine,Not Stated,White,Crystalline,Snort / Sniff,"Empathy, Relaxed, Nausea",Ketamine,,51.5486,-0.3678
W057699,2024-09-17,N8,Ketamine,Not Stated,Colourless,Crystalline,Snort / Sniff,"Euphoria, Visual Hallucinations, Relaxed, Confusion",Ketamine,,51.58336666666667,-0.1158333333333333
W057491,2024-09-19,TQ3,Ketamine,Not Stated,White,Crystalline,Not Stated,Not Stated,Ketamine,,50.44185000000001,-3.5818833333333333
W057819,2024-09-19,SE16,Ketamine,Not Stated,White,Crystalline,Not Stated,Not Stated,Ketamine,,51.49742,-0.0528
W057810,2024-09-19,BN3,Ketamine,Not Stated,White,Crystalline,Snort / Sniff,"Euphoria, Increased Energy, Enhanced Senses, Relaxed, Insomnia",Ketamine,,50.836725,-0.179625
W057547,2024-09-19,BH6,Ketamine,Not Stated,White,Crystalline,Not Stated,Not Stated,Ketamine,,50.72485,-1.7821
W057548,2024-09-19,BH6,Ketamine,Not Stated,White,Crystalline,Snort / Sniff,No Effect,Ketamine,,50.72485,-1.7821
000232982,2024-09-23,CF39,Ketamine,Not Stated,White,Powder,Snort / Sniff,No Effect,Creatine,,51.5988125,-3.447975
W057988,2024-10-01,CM3,Ketamine,Not Stated,White,Powder,Not Stated,Not Stated,Ketamine,,51.720659999999995,0.5871850000000001
W058062,2024-10-01,OX2,Ketamine,Ketamine,White,Powder,Not Stated,Not Stated,Ketamine,,51.76277,-1.28794
W058051,2024-10-01,PE13,Ketamine,Not Stated,White,Crystalline,Not Stated,Not Stated,Ketamine,,52.673833333333334,0.1172777777777777
W058038,2024-10-01,AB25,Ketamine,Not Stated,White,Crystalline,Snort / Sniff,"Auditory Hallucinations, Nausea, Confusion, Loss of consciousness",Ketamine,,57.1437,-2.0981
W058226,2024-10-08,SY23,ketamine,Ketamine,,,Not Stated,Not Stated,No Active Component Identified,,52.34458541666667,-3.9885
W058250,2024-10-08,BS5,Ketamine,Not Stated,White,Crystalline,Not Stated,Not Stated,Ketamine,,51.462,-2.5519
W058229,2024-10-08,B3,Ketamine,Ketamine,White,Crystalline,Snort / Sniff,"Enhanced Senses, Empathy, Auditory Hallucinations, Visual Hallucinations, Relaxed, Paranoia, Memory Loss, Confusion, Agitation, loss of coordination",Ketamine,,52.4814,-1.8998
W058183,2024-10-08,SE4,Ketamine,Not Stated,White,Granules,Not Stated,Not Stated,Ketamine,,51.46099999999999,-0.0352
W058256,2024-10-08,BS4,Ketamine,Not Stated,White,Powder,Not Stated,Not Stated,Ketamine,,51.4345,-2.55525
W058238,2024-10-08,SG89,Ketamine,Not Stated,"Colourless, White",Crystalline,Snort / Sniff,"Euphoria, Enhanced Senses, Relaxed, Breathlesness, Chest Pains, Irregular Heartbeat, Panic Attack",Ketamine,,52.07207058823529,-0.0231647058823529
000039655,2024-10-11,NP12,Ketamine,Not Stated,White,Powder,Snort / Sniff,"Empathy, Visual Hallucinations, Relaxed, Paranoia, Confusion, Depression, Suicidal Ideation",Ketamine,,51.6678,-3.2075
000042770,2024-10-15,NP20,Ketamine,Not Stated,Colourless,Capsule,Snort / Sniff,"Euphoria, Enhanced Senses",Ketamine,,51.5877,-2.9984
000042773,2024-10-15,NP20,Ketamine,Not Stated,White,Powder,Snort / Sniff,"Euphoria, Enhanced Senses, Chest Pains",Ketamine,N-ethylpentedrone,51.5877,-2.9984
W058471,2024-10-15,EN2,Ketamine,Not Stated,White,Tablet,Not Stated,Not Stated,Procyclidine,,51.6515,-0.085
000042650,2024-10-15,CH7,Ketamine,Not Stated,White,Powder,Not Stated,"Seizure, Memory Loss, Nausea, Confusion, Agitation",Ketamine,,53.17209696969697,-3.163118181818182
W058486,2024-10-15,DD1,Ketamine,Not Stated,"White, Pink",Powder,Snort / Sniff,"Euphoria, Auditory Hallucinations, Visual Hallucinations",Ketamine,,56.461,-2.9766
W058939,2024-10-28,NA1,Ketamine,Not Stated,White,Granules,Not Stated,Not Stated,Ketamine,,,
W059064,2024-11-05,BS65,Ketamine,Not Stated,White,Crystalline,Not Stated,Not Stated,Ketamine,,51.465599999999995,-2.599066666666667
W059088,2024-11-05,BA3,Ketamine,Not Stated,Colourless,Crystalline,Not Stated,Not Stated,Ketamine,,51.26661794871795,-2.482284615384615
W059195,2024-11-05,CV4,Ketamine,mario Ketamine,White,Powder,Not Stated,Not Stated,Ketamine,,52.3833,-1.5833000000000002
W059087,2024-11-05,BS1,Ketamine,Not Stated,Colourless,Crystalline,Not Stated,Not Stated,Ketamine,,51.4552,-2.5966
W059185,2024-11-05,G12,Ketamine,Rock ket ,White,Powder,Not Stated,Not Stated,Ketamine,,55.8804,-4.3007
W059473,2024-11-12,WA11,Ketamine,Not Stated,,Powder,Not Stated,Not Stated,Ketamine,,53.487,-2.73925
W059476,2024-11-12,HP20,Ketamine,Not Stated,White,Crystalline,Not Stated,Not Stated,Ketamine,,51.8167,-0.8146
W059484,2024-11-12,BN29,ketamine,Not Stated,White,Powder,Not Stated,Not Stated,Ketamine,,50.823825,-0.082825
W059312,2024-11-14,RG12,Ketamine,Not Stated,White,Crystalline,Not Stated,Not Stated,Ketamine,,51.4007,-0.7635
W059610,2024-11-14,M30,Ketamine,Not Stated,Brown,Powder,Not Stated,Not Stated,MDMA,,53.4833,-2.3333
W059608,2024-11-19,M20,Ketamine,Shardy Rhino Ket,White,Powder,Snort / Sniff,"Breathlesness, Chest Pains, Irregular Heartbeat, Nausea, Vomiting, Paranoia, Memory Loss, Confusion, Panic Attack, Loss of consciousness",Ketamine,Caffeine,53.4258,-2.23295
W059758,2024-11-19,SE4,Ketamine,Wispa ket,White,Crystalline,Snort / Sniff,"Increased Energy, Relaxed, Memory Loss, Confusion",Ketamine,,51.46099999999999,-0.0352
W059730,2024-11-19,SE20,Ketamine,Rock ketamine,White,Crystalline,Not Stated,Not Stated,Ketamine,,51.41095,-0.05695
W059718,2024-11-19,SA13,Ketamine,Not Stated,White,Powder,"Oral, Snort / Sniff","Panic Attack, Agitation, Depression",Ketamine,,51.63321111111111,-3.670888888888888
W059474,2024-11-19,SE18,Ketamine,Shard Ketamine,Colourless,Crystalline,Not Stated,Not Stated,Ketamine,,51.48716666666667,0.0740666666666666
W059766,2024-11-19,N11,Ketamine,Not Stated,White,Crystalline,Not Stated,Not Stated,Ketamine,,51.6165,-0.1441
W059770,2024-11-19,E15,Ketamine,Not Stated,White,Crystalline,Snort / Sniff,"Euphoria, Increased Energy, Enhanced Senses",Ketamine,,51.5333,0.0
W059561,2024-11-20,CF14,Ketamine,Not Stated,White,Powder,Not Stated,Not Stated,Levamisole,Ketamine,51.5199,-3.204
000231914,2024-11-20,CH7,Ketamine,Not Stated,White,Powder,Snort / Sniff,"Breathlesness, Confusion, Panic Attack, Agitation",Ketamine,,53.17209696969697,-3.163118181818182
W059819,2024-11-21,E1,Ketamine,Not Stated,White,Crystalline,Oral,"Euphoria, Enhanced Senses, Relaxed",Ketamine,,51.51302727272727,-0.0617727272727272
000234343,2024-11-21,CF10,Ketamine,Not Stated,White,Powder,Not Stated,Not Stated,Ketamine,,51.48,-3.18
000234344,2024-11-21,CF10,Ketamine,Not Stated,White,Powder,Not Stated,Not Stated,Ketamine,,51.48,-3.18
W059858,2024-11-21,SE10,Ketamine,Not Stated,White,Crystalline,Snort / Sniff,"Euphoria, Increased Energy, Paranoia, Confusion, Agitation, Insomnia",Ketamine,,51.4779,-0.0118
W059626,2024-11-26,HR4,Ketamine,Not Stated,"Colourless, White",Crystalline,Snort / Sniff,"Relaxed, Breathlesness, Nosebleeds, Paranoia, Memory Loss, Confusion, Agitation, Insomnia",Ketamine,,52.10106744186046,-2.8000232558139535
W059952,2024-11-26,PL14,Ketamine,Not Stated,White,Granules,Snort / Sniff,Irregular Heartbeat,Ketamine,,50.46451290322581,-4.464809677419355
000037311,2024-11-26,NP24,Ketamine,Not Stated,White,Powder,Snort / Sniff,"Euphoria, Relaxed, Agitation, Depression",Ketamine,,51.7205,-3.2413
000042264,2024-11-26,NP24,Ketamine,Not Stated,White,Powder,Snort / Sniff,"Euphoria, Relaxed, Agitation, Depression",Ketamine,,51.7205,-3.2413
W060011,2024-11-26,EX81,Ketamine,Not Stated,"Colourless, White",Powder,Not Stated,Not Stated,Ketamine,,50.631025,-3.409475
W059929,2024-11-26,SW12,Ketamine,Not Stated,White,Granules,Not Stated,Not Stated,Ketamine,,51.4469,-0.1384
W059818,2024-12-03,TN1,Ketamine,Not Stated,White,Crystalline,Not Stated,Not Stated,Ketamine,,51.1325,0.2633
W059817,2024-12-03,TN1,Ketamine,Not Stated,White,Crystalline,Not Stated,Not Stated,Ketamine,,51.1325,0.2633
W059816,2024-12-03,TN1,Ketamine,Not Stated,White,Crystalline,Not Stated,Not Stated,Ketamine,,51.1325,0.2633
W059815,2024-12-03,TN1,Ketamine,Not Stated,White,Crystalline,Not Stated,Not Stated,Ketamine,,51.1325,0.2633
W059814,2024-12-03,TN1,Ketamine,Not Stated,White,Crystalline,Not Stated,Not Stated,Ketamine,,51.1325,0.2633
W059813,2024-12-03,TN1,Ketamine,Not Stated,White,Crystalline,Not Stated,Not Stated,Ketamine,,51.1325,0.2633
W060006,2024-12-04,UB5,Ketamine,Not Stated,"Colourless, White",Crystalline,Snort / Sniff,"Relaxed, Loss of consciousness",Ketamine,,51.5486,-0.3678
W060897,2025-01-08,BT1,Ketamine,Not Stated,"Colourless, White",Crystalline,Not Stated,Not Stated,Ketamine,,54.5833,-5.9333
W060959,2025-01-09,BA16,Ketamine,Not Stated,"White, White",Powder,Snort / Sniff,"Euphoria, Increased Confidence, Increased Energy, Increased Libido, Increased Strength, Relaxed, Chest Pains, Nausea, Paranoia, Memory Loss, Confusion, Panic Attack, Insomnia",Ketamine,,51.1243,-2.7555666666666667
W060896,2025-01-09,BT14,Ketamine,Not Stated,"White, Colourless",Crystalline,Snort / Sniff,"Euphoria, Relaxed, Auditory Hallucinations, Visual Hallucinations, Irregular Heartbeat, Breathlesness, Memory Loss, Confusion, Loss of consciousness, Depression, Suicidal Ideation",Ketamine,,54.5833,-5.9333
W061178,2025-01-16,BS3,Ketamine,Not Stated,White,Crystalline,Not Stated,Not Stated,Ketamine,,51.4552,-2.5966
W061089,2025-01-16,EN2,Ketamine,Not Stated,White,Tablet,Not Stated,Not Stated,Procyclidine,,51.6515,-0.085
000234243,2025-01-16,CF83,Ketamine,Not Stated,White,Powder,Snort / Sniff,"Auditory Hallucinations, Relaxed, Irregular Heartbeat, Panic Attack, Violence/Aggression",Ketamine,,51.59288333333333,-3.2333833333333337
000234242,2025-01-16,CF83,Ketamine,Not Stated,White,Powder,Snort / Sniff,"Auditory Hallucinations, Relaxed, Irregular Heartbeat, Panic Attack, Violence/Aggression",Ketamine,,51.59288333333333,-3.2333833333333337
W060912,2025-01-16,BN26,Ketamine,Every little helps ketamine,Colourless,Crystalline,Not Stated,Not Stated,Ketamine,,50.81958181818182,0.1777
W061270,2025-01-17,CT10,Ketamine,Not Stated,White,Granules,Snort / Sniff,"Enhanced Senses, Increased Stamina, Empathy, Auditory Hallucinations, Visual Hallucinations, Memory Loss, Confusion",Ketamine,,51.3687,1.435466666666667
W061156,2025-01-17,LE3,Ketamine,Not Stated,"Colourless, White",Crystalline,Snort / Sniff,"Auditory Hallucinations, Visual Hallucinations, Relaxed, Loss of consciousness",Ketamine,,52.6325,-1.1869666666666667
W061263,2025-01-17,NR1,Ketamine,Not Stated,White,Granules,Not Stated,Not Stated,Ketamine,,52.6271,1.3072
W061262,2025-01-17,NR1,Ketamine,Not Stated,White,Granules,Not Stated,Not Stated,Ketamine,,52.6271,1.3072
W061111,2025-01-17,CR6,Ketamine shard,Not Stated,"Colourless, White",Crystalline,Not Stated,Not Stated,Ketamine,,51.31583333333333,-0.0407999999999999
W061261,2025-01-20,N16,Ketamine,Not Stated,White,Powder,Not Stated,Not Stated,Ketamine,,51.5625,-0.074
W061290,2025-01-20,KY11,Ketamine,Not Stated,White,Powder,Not Stated,Not Stated,Ketamine,,56.037644444444446,-3.422588888888889
W061295,2025-01-20,SP11,Ketamine,Not Stated,White,Powder,Snort / Sniff,"Enhanced Senses, Relaxed, Chest Pains, Irregular Heartbeat, Nosebleeds, Paranoia, Memory Loss, Confusion, Agitation, Insomnia, Depression",Ketamine,,51.234406382978726,-1.4760425531914894
000231869,2025-01-28,LL65,Ketamine,Not Stated,White,Powder,Snort / Sniff,"Visual Hallucinations, Relaxed, Depression",Ketamine,,53.289686206896555,-4.534455172413793
000038666,2025-01-28,NP19,Ketamine,Not Stated,White,Powder,Snort / Sniff,"Irregular Heartbeat, Nausea, Agitation, Loss of appetite",Ketamine,,51.5888,-2.9638
W061569,2025-01-28,WA10,Ketamine,Not Stated,White,Crystalline,Snort / Sniff,"Relaxed, Nausea, Vomiting, Confusion",Ketamine,,53.45000000000001,-2.7583
W061515,2025-01-28,GL12,Ketamine,Not Stated,White,Crystalline,Not Stated,Not Stated,Ketamine,,51.62172777777778,-2.3947055555555554
W061424,2025-01-28,PO77,Ketamine,Not Stated,White,Crystalline,Snort / Sniff,"Increased Energy, Enhanced Senses, Increased Libido, Relaxed, Confusion",Ketamine,,50.8953875,-1.0532125
W061547,2025-01-29,CH6,Ketamine,Not Stated,"Colourless, White",Crystalline,Not Stated,Not Stated,Ketamine,,53.255125,-3.1489
000234235,2025-01-30,CF83,Ketamine,Not Stated,White,Powder,Snort / Sniff,"Euphoria, Increased Confidence, Increased Libido, Chest Pains, Nosebleeds, Nausea, Vomiting, Panic Attack",Ketamine,,51.59288333333333,-3.2333833333333337
000042548,2025-01-30,NP20,Ketamine,Not Stated,White,Powder,Not Stated,Not Stated,Ketamine,,51.5877,-2.9984
W052802,2025-02-04,AB14,Ketamine,Not Stated,White,Crystalline,Snort / Sniff,"Visual Hallucinations, Relaxed, Confusion",Ketamine,,57.0993,-2.2659
000232136,2025-02-06,NP10,Ketamine,Not Stated,White,Crystalline,Snort / Sniff,"Euphoria, Auditory Hallucinations, Visual Hallucinations, Relaxed, Confusion, Agitation",Ketamine,,51.5877,-2.9984
000231919,2025-02-06,CH5,Ketamine,Not Stated,White,Powder,Oral,Not Stated,Ketamine,,53.19930000000001,-3.03614
000234605,2025-02-06,CF10,Ketamine,Not Stated,White,Crystalline,Snort / Sniff,"Relaxed, Tiredness",Ketamine,,51.48,-3.18
000234606,2025-02-06,CF10,Ketamine,Not Stated,White,Crystalline,Snort / Sniff,"Relaxed, Tiredness",Ketamine,,51.48,-3.18
W061676,2025-02-06,S2,Ketamine,Not Stated,White,Powder,Not Stated,Not Stated,Ketamine,,53.383,-1.4659
W061709,2025-02-06,LE11,Ketamine,Not Stated,White,Powder,Snort / Sniff,"Auditory Hallucinations, Visual Hallucinations, Irregular Heartbeat, Nosebleeds, Memory Loss, Confusion, Loss of consciousness",Ketamine,,52.76669999999999,-1.2
W057919,2025-02-11,EH75,Ketamine,Not Stated,White,Crystalline,Snort / Sniff,"Enhanced Senses, Empathy, Auditory Hallucinations, Visual Hallucinations, Relaxed, Irregular Heartbeat, Nosebleeds, Memory Loss, Confusion, Agitation, Violence/Aggression, Vomiting",Ketamine,,55.9521,-3.1965
W061963,2025-02-11,RM78,Ketamine,Not Stated,White,Crystalline,Oral,Not Stated,Ketamine,,51.5602,0.1792
000233835,2025-02-11,NP44,Ketamine,Not Stated,White,Powder,Snort / Sniff,"Euphoria, Increased Energy, Increased Confidence, Relaxed, Nausea, Confusion, Agitation",Ketamine,,51.65070000000001,-3.0178
W062012,2025-02-12,LLA9,ketamine,Ketamine,White,Crystalline,Not Stated,Not Stated,Ketamine,,,
W062049,2025-02-12,SE01,Ketamine,SEUk Shard Ket,Colourless,Crystalline,Not Stated,Not Stated,Ketamine,,,
W062216,2025-02-17,SW2,ketamine ,Not Stated,"White, White",Crystalline,Snort / Sniff,"Euphoria, Empathy, Confusion",Ketamine,,51.4548,-0.1158
W062170,2025-02-17,DD5,KETAMINE ,Not Stated,Colourless,Granules,Not Stated,Not Stated,Ketamine,,56.48408823529412,-2.8548705882352943
W062215,2025-02-17,SW2,KETAMINE,Not Stated,White,Crystalline,Snort / Sniff,"Euphoria, Empathy",Ketamine,,51.4548,-0.1158
W062034,2025-02-17,N95,KETAMINE ,KET,White,Crystalline,"Oral, Snort / Sniff","Euphoria, Auditory Hallucinations, Visual Hallucinations, Irregular Heartbeat, Confusion, Memory Loss",Ketamine,,,
W062204,2025-02-18,SG89,Ketamine,Not Stated,White,Crystalline,Snort / Sniff,"Euphoria, Enhanced Senses, Empathy, Relaxed, Chest Pains, Irregular Heartbeat, Confusion",Ketamine,,52.07207058823529,-0.0231647058823529
W062426,2025-02-25,BT67,Ketamine,Not Stated,White,Crystalline,Snort / Sniff,"Euphoria, Increased Energy, Increased Confidence, Visual Hallucinations, Relaxed",Ketamine,,54.48503333333334,-6.287166666666667
W062041,2025-02-25,E9,Ketamine,Not Stated,White,Crystalline,Not Stated,Not Stated,Ketamine,,51.5394,-0.0414
W062666,2025-02-28,EH1,KEtamine,Ketamine,"Colourless, White",Crystalline,Not Stated,Not Stated,Ketamine,,55.9521,-3.1965
W062475,2025-02-28,RG12,KEtamine,KET#2,White,,Not Stated,Not Stated,Ketamine,,51.4007,-0.7635
W062474,2025-02-28,RG12,Ketamine,KET#1,White,,Not Stated,Not Stated,Ketamine,,51.4007,-0.7635
W062589,2025-02-28,PE31,Ketamine,Not Stated,White,Granules,Not Stated,"Enhanced Senses, Auditory Hallucinations, Visual Hallucinations, Relaxed, Breathlesness, Irregular Heartbeat, Memory Loss, Confusion, Loss of consciousness, Agitation, Depression",Ketamine,,52.87443142857143,0.62396
W062557,2025-02-28,SE3,Ketamine,Not Stated,White,Crystalline,Snort / Sniff,"Increased Energy, Increased Confidence, Enhanced Senses, Relaxed, Confusion",Ketamine,,51.46596666666667,0.0175
W062582,2025-02-28,W13,Ketamine,Not Stated,White,Crystalline,Not Stated,Not Stated,Ketamine,,51.5122,-0.311625
W062714,2025-03-03,L18,Ketamine,Not Stated,Colourless,Crystalline,Not Stated,Not Stated,Ketamine,,53.3805,-2.9086
W062977,2025-03-11,WA10,Ketamine,Not Stated,White,Powder,Not Stated,Not Stated,Ketamine,,53.45000000000001,-2.7583
W062928,2025-03-11,RG21,Ketamine,MMMK,White,Granules,Not Stated,Not Stated,Ketamine,,51.2625,-1.0871
100004475,2025-03-12,LL32,Ketamine,Ketamine,White,Powder,Snort / Sniff,"Euphoria, Auditory Hallucinations, Visual Hallucinations, Chest Pains, Confusion",Ketamine,,53.22179,-3.843480000000001
W062820,2025-03-12,SO51,Ketamine,Ketamine,White,Crystalline,Snort / Sniff,"Increased Energy, Enhanced Senses, Relaxed, Memory Loss",Ketamine,,51.01539047619048,-1.494095238095238
W062739,2025-03-18,ML3,Ketamine,Not Stated,White,Granules,Snort / Sniff,"Increased Libido, Chest Pains, Panic Attack, Insomnia",No Active Component Identified,,55.76254285714286,-4.045457142857143
000042536,2025-03-20,NP20,Cocaine/ketamine,Not Stated,White,Powder,Not Stated,Not Stated,Cocaine,Norcocaine,51.5877,-2.9984
W057598,2025-03-20,AB24,ketamine,Not Stated,White,Crystalline,Snort / Sniff,Not Stated,Ketamine,,57.1437,-2.0981
W063029,2025-03-20,SY23,Ketamine,Not Stated,White,Powder,Snort / Sniff,Not Stated,Ketamine,,52.34458541666667,-3.9885
000042530,2025-03-20,NP20,Cocaine/ketamine,Not Stated,White,Powder,Snort / Sniff,Not Stated,Cocaine,,51.5877,-2.9984
000234876,2025-03-20,SA72,ketamine,Not Stated,White,Granules,Not Stated,Not Stated,Ketamine,,51.69333333333333,-4.921600000000001
W062995,2025-03-20,E9,Ketamine,Not Stated,White,Powder,Not Stated,Not Stated,Ketamine,,51.5394,-0.0414
W063030,2025-03-20,SY23,ketamine,Not Stated,White,Crystalline,Snort / Sniff,"Breathlesness, Irregular Heartbeat, Nausea, Memory Loss, Confusion, Loss of consciousness, Insomnia, Depression, Suicidal Ideation",Ketamine,,52.34458541666667,-3.9885
W063176,2025-03-27,SW19,CK calvin klein coke +ketamine,Not Stated,White,Powder,Not Stated,Not Stated,"MDMA, Ketamine, Cocaine, Levamisole",,51.42343333333333,-0.1973333333333333
W060173,2025-03-27,AB24,Ketamine,Not Stated,White,Crystalline,Snort / Sniff,Relaxed,Ketamine,,57.1437,-2.0981
W063328,2025-03-27,W5,Ketamine,Not Stated,White,Powder,Not Stated,Not Stated,Ketamine,,51.516333333333336,-0.2851888888888889
000042538,2025-03-27,CF10,Cocaine or ketamine,Not Stated,White,Crystalline,Not Stated,Not Stated,Ketamine,,51.48,-3.18
W063474,2025-04-03,BS1,Ketamine,Not Stated,White,Granules,Not Stated,Not Stated,Ketamine,,51.4552,-2.5966
W063168,2025-04-03,BN1,Ketamine,Not Stated,White,Crystalline,Snort / Sniff,"Euphoria, Increased Confidence, Relaxed, Breathlesness, Chest Pains, Irregular Heartbeat, Nausea, Paranoia, Confusion, Agitation, Insomnia",Ketamine,,50.8614,-0.1204166666666666
W063556,2025-04-03,UB7,ketamine,TPS,White,Granules,Not Stated,Not Stated,Ketamine,,51.50226,-0.47134
000233817,2025-04-07,NP4,Ketamine,Not Stated,White,Powder,Not Stated,Not Stated,Ketamine,,51.718515789473685,-3.030521052631579
000234300,2025-04-07,NP4,Ketamine,Not Stated,White,Powder,Not Stated,Not Stated,Ketamine,,51.718515789473685,-3.030521052631579
W063431,2025-04-07,NW10,Ketamine,Ketamine,White,Crystalline,Not Stated,Not Stated,Ketamine,,51.53758571428572,-0.2431214285714285
W063464,2025-04-07,WC1,Ketamine,Ketamine,"White, Colourless",Capsule,Not Stated,Not Stated,Ketamine,,51.525485714285715,-0.1222999999999999
W063345,2025-04-07,SY23,Ketamine,Not Stated,Colourless,Crystalline,Snort / Sniff,"Euphoria, Increased Energy, Increased Confidence, Increased Stamina, Empathy, Visual Hallucinations, Relaxed, Memory Loss, Confusion",Ketamine,,52.34458541666667,-3.9885
W063384,2025-04-08,CH65,ketamine,ket,"Colourless, White",Crystalline,Not Stated,Not Stated,Ketamine,,53.2787,-2.9013
W063836,2025-04-15,WA10,ketamine,Not Stated,White,Granules,Snort / Sniff,"Euphoria, Irregular Heartbeat, Memory Loss, Confusion",Ketamine,,53.45000000000001,-2.7583
W063354,2025-04-15,OX41,Ketamine pray,Not Stated,Colourless,Liquid,Smoked,Not Stated,Ketamine,,51.723725,-1.224375
W064064,2025-04-15,SA22,Ketamine,Ketamine,White,Crystalline,Not Stated,Not Stated,Ketamine,,51.61628,-4.04254
W063804,2025-04-15,WA10,Ketamine,Not Stated,White,Granules,Snort / Sniff,"Euphoria, Relaxed, Irregular Heartbeat, Confusion",Ketamine,,53.45000000000001,-2.7583
W063860,2025-04-24,SY23,Ketamine,Not Stated,White,Powder,Smoked,Not Stated,Ketamine,,52.34458541666667,-3.9885
W064356,2025-04-24,BT66,Ketamine 'Bellerina',Ketamine 'Ballerina',"Colourless, White",Granules,Snort / Sniff,"Euphoria, Visual Hallucinations, Relaxed, Nosebleeds, Nausea, Memory Loss, Confusion",Ketamine,,54.453314285714285,-6.348928571428572
W064245,2025-04-24,NG5,ketamine,Not Stated,White,Crystalline,Snort / Sniff,"Euphoria, Increased Energy, Increased Confidence, Auditory Hallucinations, Visual Hallucinations, Relaxed, Irregular Heartbeat, Panic Attack",Ketamine,,53.0006,-1.1315
W064363,2025-04-24,LS13,Ketamine,Not Stated,White,Crystalline,Not Stated,Not Stated,Ketamine,,53.8107,-1.6354
W064241,2025-04-25,NG5,ketamine,Not Stated,White,Crystalline,Snort / Sniff,"Euphoria, Auditory Hallucinations, Visual Hallucinations, Confusion, Panic Attack",Ketamine,,53.0006,-1.1315
W063924,2025-04-29,NR3,Ketamine,Not Stated,White,Granules,Not Stated,Not Stated,Ketamine,,52.6278,1.2983
W063937,2025-04-29,BA16,Ketamine,Not Stated,,Crystalline,Snort / Sniff,No Effect,Ketamine,,51.1243,-2.7555666666666667
W064169,2025-04-29,OX1,Ketamine,Shardy K,"Colourless, White",Granules,Not Stated,Not Stated,Ketamine,,51.72478,-1.275
W064056,2025-04-30,NP22,Ketamine,Not Stated,"Colourless, White",Crystalline,Snort / Sniff,Not Stated,Ketamine,,51.7725,-3.2468
W064235,2025-05-07,BS16,ketamine,Not Stated,White,Crystalline,Snort / Sniff,"Chest Pains, Irregular Heartbeat, Nausea, Memory Loss, Confusion",Ketamine,,51.49088571428571,-2.5036
W064432,2025-05-08,OX14,Ketamine,Not Stated,White,Granules,Snort / Sniff,"Increased Energy, Increased Confidence, Empathy, Relaxed, Irregular Heartbeat, loss of coordination, Insomnia, Confusion",Ketamine,,51.648575,-1.2559833333333332
000235899,2025-05-13,CF10,KETAMINE ,Not Stated,White,Crystalline,Snort / Sniff,No Effect,Ketamine,,51.48,-3.18
W064559,2025-05-13,SG89,Ketamine,ketamine,White,Crystalline,Snort / Sniff,"Euphoria, Enhanced Senses, Visual Hallucinations, Relaxed, Breathlesness, Chest Pains, Irregular Heartbeat, Nosebleeds, Violence/Aggression",Ketamine,Deschloroketamine,52.07207058823529,-0.0231647058823529
W061064,2025-05-13,EX23,ketamine,Not Stated,White,Powder,Not Stated,Not Stated,Ketamine,,50.81068285714286,-4.493794285714286
W064608,2025-05-13,BH6,ketamine,Not Stated,White,Crystalline,Not Stated,Not Stated,Ketamine,,50.72485,-1.7821
W064523,2025-05-13,DL3,Ketamine,Not Stated,White,Powder,Not Stated,Not Stated,Ketamine,,54.5243,-1.5504
000233988,2025-05-13,NP4,ketamine,Not Stated,White,Powder,Snort / Sniff,Not Stated,Ketamine,,51.718515789473685,-3.030521052631579
000230984,2025-05-13,CF10,ketamine,Not Stated,White,Granules,Not Stated,Relaxed,Ketamine,,51.48,-3.18
W064876,2025-05-13,OX4,ketamine,Not Stated,White,Crystalline,Snort / Sniff,"Euphoria, Enhanced Senses",Ketamine,,51.723725,-1.224375
W064892,2025-05-13,BD16,ketamine,Not Stated,White,Powder,Snort / Sniff,"Enhanced Senses, Auditory Hallucinations, Visual Hallucinations, Nosebleeds, Nausea, Vomiting, Paranoia, Memory Loss, Confusion, Loss of consciousness, Agitation, Insomnia",Ketamine,,53.846,-1.8493
W064792,2025-05-13,M21,ketamine,Not Stated,White,Crystalline,Not Stated,Not Stated,Ketamine,,53.4351,-2.2631
000231596,2025-05-13,CF10,ketamine,ketamine,White,Powder,Not Stated,"Euphoria, Irregular Heartbeat, Insomnia, Suicidal Ideation",Ketamine,,51.48,-3.18
W064962,2025-05-16,OX4,Ketamine,Not Stated,"White, Colourless",Crystalline,Snort / Sniff,"Memory Loss, Confusion, Nausea",Ketamine,,51.723725,-1.224375
W064957,2025-05-16,LU3,Ketamine,Not Stated,"Colourless, White",Capsule,Snort / Sniff,"Euphoria, Increased Energy, Increased Confidence, Confusion, Agitation",Ketamine,,51.93223333333333,-0.4567666666666666
W064913,2025-05-16,SE15,ketamine,ketamine,"Colourless, White",Crystalline,Not Stated,Not Stated,Ketamine,,51.470175,-0.060325
W064934,2025-05-16,CH7,Ketamine,Not Stated,White,Crystalline,Not Stated,Not Stated,Ketamine,,53.17209696969697,-3.163118181818182
W064935,2025-05-16,CH6,ketamine,Not Stated,White,Powder,Not Stated,Not Stated,Ketamine,,53.255125,-3.1489
000235755,2025-05-22,CF10,ketamine,Not Stated,White,Powder,Snort / Sniff,"Relaxed, Memory Loss",Ketamine,,51.48,-3.18
W065017,2025-05-22,NG20,Ketamine,Premium shard ket,"Colourless, White",Crystalline,Snort / Sniff,"Relaxed, Confusion",Ketamine,,53.21734,-1.18344
W065419,2025-05-28,TS01,ket shards,kat shards,"Colourless, White",Crystalline,Not Stated,Not Stated,Ketamine,,,
W065275,2025-05-28,GL12,ketamine,ketamine,White,Crystalline,Not Stated,Not Stated,Ketamine,,51.62172777777778,-2.3947055555555554
W065233,2025-06-06,,Ketamine,Not Stated,Colourless,Crystalline,Not Stated,Not Stated,,,0,0
W065472,2025-06-13,SE7,ketamine,ketamine,"Colourless, White",Crystalline,Snort / Sniff,"Increased Energy, Enhanced Senses, Insomnia",Ketamine,,51.4842,0.0339
W065486,2025-06-13,EH10,ketamine,Not Stated,White,Crystalline,Snort / Sniff,"Euphoria, Paranoia, Memory Loss, Confusion, Panic Attack, Dissociation",Ketamine,,55.91466666666667,-3.2046333333333337
W065470,2025-06-16,G4,Ketamine,Not Stated,White,Powder,Not Stated,Not Stated,Ketamine,,55.8651,-4.2576
W065596,2025-06-17,B18,Ketamine,Not Stated,Colourless,Crystalline,Not Stated,Not Stated,Ketamine,,52.4814,-1.8998
W065789,2025-06-17,N15,Ketamine,Not Stated,White,Crystalline,Not Stated,Not Stated,Ketamine,,51.584300000000006,-0.073
W065821,2025-06-20,SE1,Ketamine,Not Stated,White,Crystalline,Not Stated,Not Stated,Ketamine,,51.49874615384616,-0.0930384615384615
W065800,2025-06-20,BA1,Ketamine,Not Stated,White,Crystalline,Not Stated,Not Stated,Ketamine,,51.39846153846153,-2.361469230769231
W065884,2025-06-24,EH3,ketamine,Not Stated,White,Crystalline,Snort / Sniff,"Euphoria, Auditory Hallucinations, Visual Hallucinations, Relaxed, Confusion, Dissociation",Ketamine,,55.9521,-3.1965
W065877,2025-06-24,BA16,ketamine,Not Stated,White,,Snort / Sniff,"Euphoria, Enhanced Senses, Visual Hallucinations, Relaxed, Nausea, Paranoia, Memory Loss, Agitation",Ketamine,,51.1243,-2.7555666666666667
W065995,2025-06-25,SG14,ketamine,Not Stated,White,Powder,Not Stated,Not Stated,Ketamine,,51.811775,-0.11705
W066105,2025-06-25,YO19,Ketamine,Not Stated,White,Crystalline,Not Stated,Not Stated,Ketamine,,53.8983,-1.0301111111111112
W065755,2025-06-25,CF14,Ketamine (racemic),Not Stated,White,Powder,Not Stated,Not Stated,Ketamine,,51.5199,-3.204
000234612,2025-07-01,CF10,ketamine,Not Stated,White,Crystalline,Snort / Sniff,"Euphoria, Enhanced Senses, Increased Stamina, Relaxed, Irregular Heartbeat, Paranoia",Ketamine,,51.48,-3.18
W066307,2025-07-01,PE32,ketamine,ketamine,White,Crystalline,Not Stated,Not Stated,Ketamine,,52.7279794117647,0.6538411764705883
W066194,2025-07-01,BA16,ketamine,Not Stated,"Colourless, White",Crystalline,Snort / Sniff,"Euphoria, Increased Confidence, Enhanced Senses, Relaxed, Memory Loss, Confusion, Agitation",Ketamine,,51.1243,-2.7555666666666667
W066347,2025-07-02,BA14,ketamine,Not Stated,White,Powder,Not Stated,Not Stated,Ketamine,,51.32102,-2.1876733333333336
W066280,2025-07-02,NG31,ketamine,ketamine,White,Crystalline,Snort / Sniff,"Enhanced Senses, Relaxed",Ketamine,,52.9255,-0.6468
W066385,2025-07-02,CF40,ketamine,Not Stated,White,Powder,Snort / Sniff,Not Stated,Levamisole,,51.627316666666665,-3.461883333333333
W066329,2025-07-08,SK11,Ketamine,Not Stated,White,Crystalline,Not Stated,Not Stated,Ketamine,,53.229638461538464,-2.14891923076923
W066487,2025-07-08,HU17,Ketamine,Not Stated,White,Crystalline,Snort / Sniff,"Increased Energy, Increased Confidence, Enhanced Senses, Increased Stamina, Increased Strength, Empathy, Relaxed",Ketamine,,53.86292631578947,-0.4301842105263158
W066504,2025-07-08,SE4,Ketamine,Ghost,White,Crystalline,Not Stated,Not Stated,Ketamine,,51.46099999999999,-0.0352
W066560,2025-07-09,AB24,ketamine,Not Stated,White,Crystalline,Not Stated,Not Stated,Ketamine,,57.1437,-2.0981
W066531,2025-07-09,E9,ketamine,Not Stated,White,Powder,Snort / Sniff,"Stomach pains, Euphoria, Increased Energy, Enhanced Senses, Empathy, Visual Hallucinations, Relaxed, Paranoia, Confusion, Insomnia, Depression",Ketamine,,51.5394,-0.0414
W066622,2025-07-15,EH10,ketamine,Not Stated,"Colourless, White",Powder,Not Stated,Not Stated,Ketamine,,55.91466666666667,-3.2046333333333337
W066693,2025-07-15,AB15,ketamine,ketamine,Colourless,Crystalline,Snort / Sniff,Not Stated,Ketamine,,57.1378,-2.1663
000234559,2025-07-15,CF10,Ketamine,Not Stated,White,Crystalline,Snort / Sniff,"Nausea, Paranoia, Confusion, Depression, Suicidal Ideation, Lethargy",Ketamine,,51.48,-3.18
W066733,2025-07-15,WR1,Ketamine,Not Stated,White,Powder,Snort / Sniff,"Euphoria, Enhanced Senses, Auditory Hallucinations, Breathlesness, Visual Hallucinations, Nosebleeds, Nausea, Vomiting, Suicidal Ideation",Ketamine,,52.1894,-2.22
W066824,2025-07-17,SW4,Ketamine,K,"Colourless, White",Crystalline,Snort / Sniff,"Auditory Hallucinations, Visual Hallucinations, Nausea, Paranoia, Confusion",Ketamine,,51.46758,-0.12912
W066777,2025-07-17,GU51,Ketamine,Not Stated,White,Crystalline,Not Stated,Not Stated,Ketamine,,51.2833,-0.8333
W066855,2025-07-21,E173,ketamine,l3thal ket,White,Crystalline,Not Stated,Not Stated,Ketamine,,51.58758,-0.02048
000237107,2025-07-21,CF82,Ketamine,Not Stated,White,Crystalline,Not Stated,"Relaxed, Nausea, Vomiting, Memory Loss, Confusion",Ketamine,,51.648316666666666,-3.2390666666666665
000237106,2025-07-21,CF82,Ketamine,Not Stated,White,Powder,Snort / Sniff,"Euphoria, Relaxed, Nausea, Vomiting",Ketamine,,51.648316666666666,-3.2390666666666665
000237101,2025-07-21,CF82,Ketamine,Not Stated,White,Powder,Smoked,"Euphoria, Increased Confidence, Enhanced Senses, Relaxed, Vomiting, Nausea, Violence/Aggression",Ketamine,,51.648316666666666,-3.2390666666666665
W066826,2025-07-21,BS15,Ketamine,Not Stated,White,Powder,Snort / Sniff,"Visual Hallucinations, Relaxed, Nosebleeds, Memory Loss, Loss of consciousness",Ketamine,,51.4528,-2.5083
W066789,2025-07-21,W93A,Ketamine,Ketamine,White,Crystalline,Snort / Sniff,"Empathy, Relaxed",Ketamine,,,
W066983,2025-07-21,IP3,Ketamine,Not Stated,White,Powder,Snort / Sniff,"Euphoria, Increased Confidence, Enhanced Senses, Visual Hallucinations, Relaxed",Ketamine,,52.0417,1.1866
W066993,2025-07-21,BS8,Cocaine/ketamine,Not Stated,White,Powder,Not Stated,Not Stated,Cocaine,,51.450199999999995,-2.65032
W067012,2025-07-24,L359,Ketamine,Not Stated,White,Powder,Not Stated,Not Stated,Ketamine,,53.411833333333334,-2.768333333333333
W067144,2025-07-25,SA1,Cocaine + ketamine,Not Stated,Pink,Powder,Snort / Sniff,No Effect,Ketamine,"Caffeine, Cocaine, MDMA",51.633979999999994,-3.94848
W067035,2025-07-25,GL5,Ketamine,Not Stated,"Colourless, White",Crystalline,Not Stated,Not Stated,Ketamine,,51.7366,-2.21976
W066339,2025-07-25,CF44,Ketamine,Not Stated,White,Powder,Not Stated,Not Stated,Ketamine,,51.7327125,-3.48293125
W067070,2025-07-25,RH1,Ketamine,Not Stated,White,Powder,Snort / Sniff,"Euphoria, Increased Confidence, Relaxed",Ketamine,,51.2289125,-0.1439625
W067073,2025-07-25,RM10,Ketamine,Ketamine S shard,"White, White",Powder,Not Stated,Not Stated,Ketamine,,51.55,0.1667
W067097,2025-07-25,WR25,Ketamine,Not Stated,White,Crystalline,Not Stated,Not Stated,Ketamine,,52.19407857142857,-2.2507214285714285
000237201,2025-07-25,CF47,Ketamine,Not Stated,White,Crystalline,Not Stated,Not Stated,Ketamine,,51.7479,-3.3778
W067215,2025-07-29,WA10,ketamine powder,Not Stated,,Powder,Snort / Sniff,Not Stated,Cocaine,,53.45000000000001,-2.7583
W067222,2025-07-29,WA10,ketamine,Not Stated,White,Powder,Snort / Sniff,"Breathlesness, Chest Pains, Irregular Heartbeat, Nosebleeds, Nausea, Paranoia, Memory Loss, Confusion, Panic Attack, Violence/Aggression, Depression, Suicidal Ideation",Ketamine,,53.45000000000001,-2.7583
W067331,2025-07-30,BH9,ketamine,Dream sand,White,Granules,Not Stated,Not Stated,Ketamine,,50.7497,-1.8734
W067327,2025-07-30,BH9,ketamine,Rock ketamine,White,Crystalline,Not Stated,Not Stated,Ketamine,,50.7497,-1.8734
W067325,2025-07-30,BH9,ketamine,ketamine,Colourless,Crystalline,Not Stated,Not Stated,Ketamine,,50.7497,-1.8734
W067323,2025-07-30,BH9,ketamine,Ketamine,"Colourless, Colourless",Crystalline,Not Stated,Not Stated,Ketamine,,50.7497,-1.8734
W067403,2025-08-01,M287,Ketotifen,Ketotifen fumarate tablets IP Asthafen,White,Tablet,Oral,Tiredness,No Active Component Identified,,53.50606666666667,-2.3990666666666667
W067418,2025-08-01,YO10,Ketamine,Ketamine,White,Crystalline,Not Stated,Not Stated,Ketamine,,53.9576,-1.0827
000234934,2025-08-01,CF48,Ketamine,Ketamine,White,Powder,Not Stated,Not Stated,4-AcO-DMT,,51.73028000000001,-3.37198
000234935,2025-08-01,CF46,Ketamine,Ketamine,White,Powder,Not Stated,Not Stated,Ketamine,,51.674075,-3.3016
W067082,2025-08-01,SA5,ketamine,Not Stated,White,Powder,Snort / Sniff,"Relaxed, Nosebleeds, Nausea, Confusion",Ketamine,,51.64667142857143,-3.9853857142857145
W067549,2025-08-05,LL77,ketamine,Not Stated,Colourless,Granules,Snort / Sniff,"Euphoria, Increased Confidence, Relaxed, Memory Loss, Depression",Ketamine,,53.27263333333334,-4.3066
W067428,2025-08-05,ST17,ketamine,Not Stated,White,Crystalline,Not Stated,Not Stated,Ketamine,,52.77072,-2.0589199999999996
W067507,2025-08-05,GL6,Ketamine,Ketamine,"White, White",Powder,Not Stated,Not Stated,Ketamine,,51.738542307692306,-2.1929
W067531,2025-08-05,NE35,Ketamine,Not Stated,White,Powder,Not Stated,Not Stated,Diazepam,,54.9503,-1.469
W067562,2025-08-07,E11,ketamine,Not Stated,White,Crystalline,Not Stated,Not Stated,Ketamine,,51.57656666666667,0.0171666666666666
W067449,2025-08-07,CH51,ketamine,Not Stated,White,Powder,Snort / Sniff,"Euphoria, Relaxed, Chest Pains, Irregular Heartbeat, Nausea, Panic Attack",Ketamine,,53.19930000000001,-3.03614
W067475,2025-08-07,E15,ketamine,Ketamine,,Crystalline,Not Stated,"Auditory Hallucinations, Visual Hallucinations",Ketamine,,51.5333,0.0
W067435,2025-08-12,W6,ketamine,ketamine,White,Crystalline,Not Stated,Not Stated,Ketamine,,51.49248333333333,-0.2204
W067809,2025-08-12,N1,ketamine,Not Stated,White,Crystalline,Not Stated,Not Stated,Ketamine,,51.53669,-0.0944
W067847,2025-08-19,CR0,ketamine,Not Stated,White,Crystalline,Snort / Sniff,Not Stated,No Active Component Identified,,51.3703,-0.060975
W067956,2025-08-19,SY21,ketamine,Not Stated,White,Granules,Not Stated,Not Stated,"Mephedrone, Cocaine",,52.670813513513515,-3.1976945945945947
000233406,2025-08-20,LL65,Ketmaine,Not Stated,White,Crystalline,Snort / Sniff,"Euphoria, Relaxed, Confusion",Ketamine,,53.289686206896555,-4.534455172413793
W068146,2025-08-20,WS15,ketamine,"Designer drug 2-dck, Flurodes",White,Capsule,Oral,"Euphoria, Enhanced Senses",Ketamine,,52.7576625,-1.90304375
W068045,2025-08-20,CO1,ketamine,ketamine,"White, Colourless",Crystalline,Snort / Sniff,"Increased Confidence, Increased Libido, Relaxed",Ketamine,,51.8892,0.9042
W068381,2025-08-28,NE16,ketamine,Indian 5 isomer ket,White,Crystalline,Not Stated,Not Stated,Ketamine,,54.930483333333335,-1.69105
000232418,2025-09-01,SY21,ketamine,Not Stated,White,Granules,Intravenous,"Breathlesness, Chest Pains, Memory Loss",Ketamine,,52.670813513513515,-3.1976945945945947
W068334,2025-09-01,SW7,ketamine,Not Stated,White,Powder,Not Stated,Not Stated,Chloroquine,,51.49598333333333,-0.1762833333333333
W068333,2025-09-01,SW7,Ketamine,Not Stated,White,Powder,Not Stated,Not Stated,"Pseudoephedrine, Chloroquine",,51.49598333333333,-0.1762833333333333
W068180,2025-09-01,SE4,Ketamine,ket-next gen,Colourless,Crystalline,Not Stated,Not Stated,Ketamine,,51.46099999999999,-0.0352
W068181,2025-09-01,SE4,Ketamine,ket-Wispa,Colourless,Crystalline,Not Stated,Not Stated,Ketamine,,51.46099999999999,-0.0352
W068332,2025-09-01,SW7,Ketamine,Indian ketamine,Yellow,Powder,Not Stated,Not Stated,Ketamine,,51.49598333333333,-0.1762833333333333
W068467,2025-09-01,SE4,Ketmaine,Not Stated,White,Crystalline,Not Stated,Not Stated,Ketamine,,51.46099999999999,-0.0352
W068472,2025-09-02,SK15,ketamine,Not Stated,White,Powder,Not Stated,Not Stated,Ketamine,,53.4841,-2.0591
W068627,2025-09-09,BH23,ketamine,Not Stated,White,Powder,Not Stated,Not Stated,Ketamine,,50.755406666666666,-1.7577666666666665
W068572,2025-09-09,SE15,ketamine,Not Stated,White,Crystalline,Not Stated,Not Stated,Ketamine,,51.470175,-0.060325
W068742,2025-09-09,FY82,Ket,Not Stated,White,Powder,Not Stated,Not Stated,No Active Component Identified,,53.7435,-2.9898
W068446,2025-09-11,S10,Ketamine,Not Stated,White,Crystalline,Not Stated,Not Stated,Ketamine,,53.35,-1.55
W068458,2025-09-11,S10,Ketamine,Not Stated,White,Crystalline,Not Stated,Not Stated,Ketamine,,53.35,-1.55
W068460,2025-09-11,S10,Ketamine,Not Stated,White,Crystalline,Not Stated,Not Stated,Ketamine,,53.35,-1.55
W068447,2025-09-11,S10,Ketamine,Not Stated,White,Crystalline,Not Stated,Not Stated,Ketamine,,53.35,-1.55
000233813,2025-09-15,NP26,Ketamine,Not Stated,"White, Grey",Powder,Snort / Sniff,"Enhanced Senses, Relaxed, Nosebleeds",Ketamine,,51.5866,-2.7574
W068722,2025-09-15,BH14,ketamine,ketamine,White,Crystalline,Not Stated,Not Stated,Ketamine,,50.7299,-1.9449
W068723,2025-09-15,BH14,ketamine (nasal spray),ketamine (nasal spray),"Colourless, White",Liquid,Not Stated,Not Stated,Ketamine,,50.7299,-1.9449
000232405,2025-09-15,LD1,ketamine,Ketamine,White,Crystalline,Oral,"Increased Energy, Enhanced Senses, Increased Stamina, Relaxed, Agitation",Ketamine,,52.2618,-3.3257903225806453
W068920,2025-09-15,CH8,ketamine,Not Stated,White,Powder,Not Stated,Not Stated,Ketamine,,53.2939,-3.261017391304348
W068922,2025-09-15,CH8,Ketamine,Not Stated,White,Powder,Not Stated,Not Stated,Ketamine,,53.2939,-3.261017391304348
W068973,2025-09-15,CH8,ketamine,Not Stated,White,Powder,Not Stated,Not Stated,Ketamine,,53.2939,-3.261017391304348
000231105,2025-09-15,CF10,ketamine,Not Stated,White,Crystalline,Snort / Sniff,"Paranoia, Memory Loss, Confusion, Panic Attack, Agitation, Violence/Aggression, Depression",Ketamine,,51.48,-3.18
W068950,2025-09-15,CF10,Ketamine,Not Stated,White,Crystalline,"Oral, Snort / Sniff","Chest Pains, Irregular Heartbeat, Suicidal Ideation",Ketamine,,51.48,-3.18
W068990,2025-09-18,LU4,Ketamine,KEtamine,White,Granules,Not Stated,Not Stated,Ketamine,,51.91505,-0.48075
W069087,2025-09-22,BD10,ketamine ,Not Stated,White,Crystalline,Snort / Sniff,"Auditory Hallucinations, Relaxed, Nausea, Memory Loss",Ketamine,,53.8328,-1.7255
W067962,2025-09-22,AB16,KETAMINE,Not Stated,White,Crystalline,Not Stated,Not Stated,Ketamine,,57.16,-2.1567
W069158,2025-09-25,BS16,ketamine,Not Stated,White,Powder,Snort / Sniff,"Visual Hallucinations, Chest Pains, Irregular Heartbeat, Nausea, Paranoia, Memory Loss, Confusion, Panic Attack, Agitation, Insomnia, Depression",Ketamine,,51.49088571428571,-2.5036
W069263,2025-09-26,BS6,Ketamine,Not Stated,White,Crystalline,Snort / Sniff,"Enhanced Senses, Confusion",Ketamine,,51.465599999999995,-2.599066666666667
W069336,2025-10-02,N18,Ketamine,Not Stated,White,Powder,Not Stated,Not Stated,Ketamine,,51.61735,-0.0583
W069365,2025-10-03,RG1,KETAMINE,Not Stated,White,Crystalline,Snort / Sniff,"Chest Pains, Irregular Heartbeat, Nosebleeds, Paranoia, Panic Attack, Agitation, Suicidal Ideation",Ketamine,,51.4563,-0.9711
W068234,2025-10-03,HD8,KETAMINE,KETAMINE,White,Crystalline,Snort / Sniff,"Euphoria, Auditory Hallucinations, Relaxed, Nosebleeds, Memory Loss, Confusion",Ketamine,,53.59509166666667,-1.665125
W069220,2025-10-03,BA6,KETAMINE,Not Stated,White,Crystalline,Not Stated,Not Stated,Ketamine,,51.140458333333335,-2.708916666666666
W069665,2025-10-07,SO15,ketamine ,ESNORTIAR KETAMINE,White,Crystalline,Not Stated,Not Stated,Ketamine,,50.913799999999995,-1.419675
W069641,2025-10-07,SA15,Pixie Ketamine,Not Stated,White,Powder,Snort / Sniff,"Euphoria, Nausea, Panic Attack",Ketamine,,51.74003,-4.187250000000001
000238480,2025-10-15,LD1,Ketamine,Not Stated,White,Crystalline,Not Stated,Not Stated,Ketamine,,52.2618,-3.3257903225806453
W069616,2025-10-15,BB10,Ket,Ket rock,White,Solid,Not Stated,Not Stated,Ketamine,,53.7886,-2.2055249999999997
W069617,2025-10-15,BB10,Ket,Ket pixie,White,Powder,Not Stated,Not Stated,Ketamine,,53.7886,-2.2055249999999997
W069615,2025-10-15,BB10,Ket,Ket K50,White,Powder,Not Stated,Not Stated,Ketamine,,53.7886,-2.2055249999999997
W069517,2025-10-15,AB16,Ketamine,Not Stated,White,Powder,Snort / Sniff,Not Stated,Ketamine,,57.16,-2.1567
W069711,2025-10-17,WA10,Ketamine,Not Stated,White,Powder,Snort / Sniff,"Enhanced Senses, Visual Hallucinations",Ketamine,,53.45000000000001,-2.7583
W069709,2025-10-17,WA10,Ketamine,Not Stated,White,Granules,Not Stated,Not Stated,No Active Component Identified,,53.45000000000001,-2.7583
000233806,2025-10-17,NP12,Ketamine,Not Stated,White,Powder,Snort / Sniff,"Enhanced Senses, Relaxed, Irregular Heartbeat, Confusion",Ketamine,,51.6678,-3.2075
W069828,2025-10-21,S11,Ket,Not Stated,White,Powder,Not Stated,Not Stated,Ketamine,,53.3608,-1.5084
W070048,2025-10-21,SY21,KETAMINE,KET,White,Crystalline,Not Stated,Not Stated,Ketamine,,52.670813513513515,-3.1976945945945947
W069866,2025-10-21,BN1,S-isomer ketamine,Not Stated,White,Crystalline,Not Stated,Not Stated,Ketamine,,50.8614,-0.1204166666666666
W069855,2025-10-21,N1,Ketamine,CK1,White,Granules,Not Stated,Not Stated,Ketamine,,51.53669,-0.0944
000234936,2025-10-21,CF48,Ketamine,Not Stated,White,Crystalline,Not Stated,Not Stated,Ketamine,,51.73028000000001,-3.37198
W069880,2025-10-21,NW11,Ketamine,Not Stated,White,Crystalline,Not Stated,Not Stated,Ketamine,,51.578133333333334,-0.1980499999999999
W069877,2025-10-21,NW11,Ketamine,Not Stated,White,Crystalline,Not Stated,Not Stated,Ketamine,,51.578133333333334,-0.1980499999999999
W069918,2025-10-21,MK1,Ketamine,Not Stated,White,Crystalline,Not Stated,Not Stated,Ketamine,,52.0075,-0.7271
W069589,2025-10-21,L220NZ,KETAMINE,Not Stated,"Pink, Pink",Powder,Snort / Sniff,"Euphoria, Empathy",Ketamine,,53.4667,-3.0167
W069746,2025-10-21,SG89,Ketamin,Ketamin,White,Powder,Snort / Sniff,"Euphoria, Increased Confidence, Enhanced Senses, Empathy, Visual Hallucinations, Relaxed, Memory Loss, Confusion",Ketamine,,52.07207058823529,-0.0231647058823529
W069914,2025-10-21,GL2,KETAMINE,KETAMINE,White,Powder,Oral,"Increased Energy, Enhanced Senses, Relaxed",Cocaine,Ketamine,51.85873125,-2.2777125
W069827,2025-10-28,BS15,Ketamine,Not Stated,White,Powder,Snort / Sniff,"Visual Hallucinations, Paranoia, Confusion, Agitation",Ketamine,,51.4528,-2.5083
W070152,2025-10-28,BR1,Ketamine,Not Stated,White,Crystalline,Snort / Sniff,Increased Confidence,Ketamine,,51.4037,0.0305
W070093,2025-10-28,N4,KETAMINE,Not Stated,White,Powder,Snort / Sniff,Relaxed,Ketamine,,51.5693,-0.1069
W070115,2025-10-28,SE4,KETAMINE,Not Stated,White,Crystalline,Not Stated,Not Stated,Ketamine,,51.46099999999999,-0.0352
W070161,2025-10-28,DH22,KETAMINE,RED TAG KET,White,Crystalline,Not Stated,Not Stated,Ketamine,,54.845937500000005,-1.60605
W070302,2025-10-30,WV06,ketamin,Not Stated,White,Powder,Not Stated,Not Stated,Ketamine,,,
W070215,2025-10-30,BS31,KETAMINE,Not Stated,White,Crystalline,Snort / Sniff,"Euphoria, Increased Energy, Increased Confidence, Enhanced Senses, Visual Hallucinations, Visual Hallucinations, Irregular Heartbeat, Paranoia, Memory Loss, Confusion, Panic Attack, Agitation",Ketamine,,51.4084,-2.4918
W070287,2025-10-30,LE35,KETAMINE,Not Stated,White,Powder,Not Stated,Not Stated,Ketamine,,52.6325,-1.1869666666666667
W070268,2025-10-30,NE7,KETAMINE,Not Stated,White,Crystalline,Snort / Sniff,"Irregular Heartbeat, Memory Loss, Confusion, Insomnia, Depression",Ketamine,,55.0178,-1.5694
W070266,2025-10-30,NE7,ketamine ,Not Stated,White,Crystalline,Snort / Sniff,"Paranoia, Confusion, Memory Loss, Insomnia, Depression, Suicidal Ideation",Ketamine,,55.0178,-1.5694
W070350,2025-10-30,BS3,ketamine,Not Stated,White,Powder,Not Stated,Not Stated,Ketamine,,51.4552,-2.5966
W070323,2025-10-30,EX81,ketamine,ketamine,White,Powder,Snort / Sniff,Not Stated,Ketamine,,50.631025,-3.409475
000235579,2025-11-05,NP12,ketamine,Not Stated,White,Powder,Snort / Sniff,"Euphoria, Increased Energy, Increased Confidence",MDMA,,51.6678,-3.2075
W070514,2025-11-05,BH1,KETAMINE,Not Stated,White,Powder,Snort / Sniff,"Euphoria, Relaxed, Irregular Heartbeat",Ketamine,,50.7205,-1.8795
W070135,2025-11-05,S61,ketamine,Not Stated,White,Crystalline,Snort / Sniff,"No Effect, Increased Energy, Euphoria, Increased Confidence, Enhanced Senses, Increased Strength, Increased Stamina, Increased Libido, Empathy, Auditory Hallucinations, Visual Hallucinations, Chest Pains, Relaxed, Irregular Heartbeat, Nosebleeds, Nausea, Vomiting, Paranoia, Memory Loss, Confusion, Panic Attack, Loss of consciousness, Agitation, Violence/Aggression, Insomnia, Depression, Suicidal Ideation",Ketamine,,53.4567,-1.3738
W069945,2025-11-05,NG31,Ketamine,Not Stated,White,Crystalline,Not Stated,Not Stated,Ketamine,,52.9255,-0.6468
W070964,2025-11-14,SG89,Ketamin,Ket,White,Crystalline,Snort / Sniff,"Euphoria, Enhanced Senses, Empathy, Relaxed, Chest Pains, Irregular Heartbeat, Nosebleeds, Confusion",Ketamine,,52.07207058823529,-0.0231647058823529
W070882,2025-11-14,RG1,Ketamine,Ket,White,Granules,Not Stated,Not Stated,Ketamine,,51.4563,-0.9711
W069092,2025-11-18,EH20,Pink champagne (ketamine and cocaine),Not Stated,"Purple, Pink",Powder,"Smoked, Snort / Sniff","Enhanced Senses, Auditory Hallucinations, Visual Hallucinations, Relaxed, Paranoia","Ketamine, MDMA",,55.879000000000005,-3.1578999999999997
W070698,2025-11-18,SE26,ketamine,Not Stated,White,Powder,Snort / Sniff,"Euphoria, Increased Energy, Enhanced Senses, Auditory Hallucinations, Visual Hallucinations, Relaxed",Ketamine,,51.422775,-0.0665
W070826,2025-11-18,BS1,Ketamine,Not Stated,White,Powder,Not Stated,Not Stated,Cocaine,,51.4552,-2.5966
W070835,2025-11-18,BS1,ketamine,Not Stated,White,Powder,Not Stated,Not Stated,Ketamine,,51.4552,-2.5966
W070825,2025-11-18,BS1,Ketamine,Not Stated,White,Powder,Not Stated,Not Stated,Ketamine,,51.4552,-2.5966
W070899,2025-11-18,W12,Ketamine,Not Stated,White,Powder,Not Stated,Not Stated,Ketamine,,51.505,-0.2211
W070684,2025-11-18,W10,Ketamine,Ketamine,Colourless,Liquid,Oral,"Increased Confidence, Relaxed",Ketamine,,51.523,-0.2188
W071075,2025-11-18,NR2,Ketamine,Not Stated,White,Powder,Snort / Sniff,"Enhanced Senses, Numbness, Confusion, Stomach pains",Ketamine,,52.62865,1.28955
W071334,2025-11-24,L35,KETAMINE ,Not Stated,"Colourless, White",Granules,Not Stated,Not Stated,Ketamine,,53.411833333333334,-2.768333333333333
W071152,2025-11-24,CH7,Ketamine,Not Stated,White,Granules,Snort / Sniff,No Effect,Ketamine,,53.17209696969697,-3.163118181818182
W071286,2025-11-24,N10,Ketamine,Not Stated,White,Powder,Snort / Sniff,"Enhanced Senses, Visual Hallucinations, Relaxed, Memory Loss, Confusion",Ketamine,,51.5905,-0.1421
W071252,2025-11-24,IP22,indian Ketamine,IK,"White, Yellow",Powder,Not Stated,Not Stated,Ketamine,,52.37848666666666,1.0111766666666666
W071028,2025-11-24,WA10,Ketamine,Not Stated,,Powder,Snort / Sniff,Paranoia,Ketamine,,53.45000000000001,-2.7583
W071221,2025-11-24,SG70,ketamine,Not Stated,White,Crystalline,Snort / Sniff,No Effect,Ketamine,,52.01185555555555,-0.1739111111111111
W071234,2025-11-24,N10,Ketamine,Not Stated,"White, Yellow",Powder,Not Stated,Not Stated,Ketamine,,51.5905,-0.1421
W071217,2025-11-24,HG3,Ketamine,Not Stated,"Colourless, White",Crystalline,Snort / Sniff,No Effect,Cocaine,,54.046925531914894,-1.6334255319148936
W071026,2025-11-24,WA10,Ketamine,Not Stated,White,Powder,Snort / Sniff,Paranoia,Ketamine,,53.45000000000001,-2.7583
W071233,2025-11-24,PO5,Ketamine,Indian Ketamine,White,Powder,Snort / Sniff,"Euphoria, Relaxed, Breathlesness, Irregular Heartbeat, Nausea, Paranoia, Agitation, Headache",Ketamine,,50.799,-1.0913
W071335,2025-11-27,L35,KETAMINE,Not Stated,"Colourless, White",Powder,Snort / Sniff,"Nosebleeds, Paranoia, Agitation",Ketamine,,53.411833333333334,-2.768333333333333
W071428,2025-11-28,SE10,Ketamine,Not Stated,White,Crystalline,Snort / Sniff,"Increased Confidence, Increased Energy",Ketamine,,51.4779,-0.0118
W071439,2025-11-28,BD18,Ketamine,Not Stated,White,Crystalline,Snort / Sniff,"Euphoria, Increased Confidence, Enhanced Senses, Auditory Hallucinations, Visual Hallucinations, Relaxed, Breathlesness, Paranoia, Memory Loss, Confusion",Ketamine,,53.8333,-1.7667
W071429,2025-11-28,SE10,Ketamine,Not Stated,White,Crystalline,Snort / Sniff,"Increased Confidence, Relaxed",Ketamine,,51.4779,-0.0118
W071361,2025-11-28,L52,KEtamine,Not Stated,White,Powder,Not Stated,Not Stated,Ketamine,,,
000237408,2025-12-03,,Ketamine,Not Stated,White,Crystalline,Not Stated,Not Stated,Ketamine,,0,0
W071447,2025-12-03,NG5,Ketamine,Not Stated,White,Crystalline,Snort / Sniff,"Enhanced Senses, Auditory Hallucinations, Memory Loss",Ketamine,,53.0006,-1.1315
W071373,2025-12-03,BD18,Ketamine,Not Stated,White,Crystalline,Snort / Sniff,"Increased Confidence, Increased Energy, Visual Hallucinations, Visual Hallucinations, Relaxed, Breathlesness, Irregular Heartbeat, Paranoia, Memory Loss",Ketamine,,53.8333,-1.7667
W071519,2025-12-03,SE4,Ketamine,Not Stated,"Colourless, White",Crystalline,Snort / Sniff,"Increased Energy, Relaxed, Memory Loss",Ketamine,,51.46099999999999,-0.0352
W071547,2025-12-03,SE4,Ketamine,Not Stated,White,Powder,Not Stated,Not Stated,Ketamine,,51.46099999999999,-0.0352
000234477,2025-12-09,CF3,Ketamine,KEtamine,White,Crystalline,Snort / Sniff,"Euphoria, Relaxed, Panic Attack, Nausea",Ketamine,,51.52382222222222,-3.0891333333333333
W071639,2025-12-09,SA11,Ketamine,Not Stated,White,Powder,Not Stated,Not Stated,Ketamine,,51.70800714285714,-3.6944071428571426
W071627,2025-12-09,EH12,Ketamine,Not Stated,White,Granules,Not Stated,Not Stated,Ketamine,,55.9429,-3.285
W071673,2025-12-09,MK18,Ketamine,Not Stated,White,Crystalline,Not Stated,Not Stated,Ketamine,,51.968651515151514,-0.965221212121212
W071772,2025-12-09,BS2,Ketamine,Ketamine,"Colourless, White",Crystalline,Snort / Sniff,"Empathy, Increased Energy, Increased Stamina, Increased Libido, Relaxed, Paranoia, Memory Loss, Confusion",Ketamine,Phenacetin,51.4552,-2.5966
W071714,2025-12-11,TF13,ket,Not Stated,"Colourless, White",Crystalline,Not Stated,Not Stated,Ketamine,,52.56572857142857,-2.602778571428572
W071922,2025-12-16,CH53,ketamine,Not Stated,"White, White",Powder,Not Stated,Not Stated,Ketamine,,53.19930000000001,-3.03614
W071925,2025-12-16,CH53,ketamine,Not Stated,White,Powder,Not Stated,Not Stated,Ketamine,Cocaine,53.19930000000001,-3.03614
W071921,2025-12-16,CH53,ketamine,Not Stated,White,Powder,Not Stated,Not Stated,Ketamine,,53.19930000000001,-3.03614
W071924,2025-12-16,CH53,ketamine,Not Stated,,Powder,Not Stated,Not Stated,Ketamine,,53.19930000000001,-3.03614
W071836,2025-12-16,SG2,ketamine,Not Stated,White,Granules,Snort / Sniff,Not Stated,Ketamine,,51.899049999999995,-0.14905
000237198,2025-12-16,CF10,ketamine,Not Stated,White,Powder,Not Stated,Not Stated,Ketamine,,51.48,-3.18
000237200,2025-12-16,CF10,ketamine,Not Stated,"White, White",Powder,Not Stated,Not Stated,Ketamine,,51.48,-3.18
000237192,2025-12-16,CF10,ketamine,Not Stated,White,Powder,Not Stated,Not Stated,Ketamine,,51.48,-3.18
000237197,2025-12-16,CF10,ketamine,Not Stated,"White, White",Powder,Not Stated,Not Stated,Ketamine,,51.48,-3.18
W071880,2025-12-19,SE4,Ketamine,Not Stated,White,Crystalline,Not Stated,Not Stated,Ketamine,,51.46099999999999,-0.0352
W071882,2025-12-19,SE4,Ketamine,Ket-Ghost,"White, Colourless",Crystalline,Not Stated,Not Stated,Ketamine,,51.46099999999999,-0.0352
W071881,2025-12-19,SE4,Ketamine,Ket-Wispa,"Colourless, White",Crystalline,Not Stated,Not Stated,Ketamine,,51.46099999999999,-0.0352
W071463,2025-12-22,LS6,Ketamine,Not Stated,White,Crystalline,Snort / Sniff,"Relaxed, Chest Pains, Nausea",Ketamine,,53.8201,-1.5704
W072142,2025-12-22,WA10,Ketamine,Not Stated,White,Powder,Snort / Sniff,Increased Energy,Ketamine,,53.45000000000001,-2.7583
W072143,2025-12-22,WA10,Ketamine,Not Stated,White,Crystalline,Snort / Sniff,Increased Energy,Ketamine,,53.45000000000001,-2.7583
W072141,2025-12-22,WA10,Ketamine,Not Stated,White,Crystalline,Snort / Sniff,Increased Energy,Ketamine,,53.45000000000001,-2.7583
W072131,2025-12-22,WA10,Ketamine,Not Stated,White,Crystalline,Snort / Sniff,Increased Energy,Ketamine,,53.45000000000001,-2.7583
W071341,2025-12-23,WA10,Ketamine,Not Stated,White,Granules,Snort / Sniff,"Breathlesness, Nosebleeds, Nausea, Vomiting, Loss of consciousness",Ketamine,,53.45000000000001,-2.7583
W072224,2025-12-23,LU7,Ketamine,Not Stated,White,Crystalline,Snort / Sniff,"Euphoria, Enhanced Senses, Empathy, Visual Hallucinations, Relaxed, Memory Loss",Ketamine,,51.89277307692308,-0.6581499999999999
W072338,2025-12-24,SE17,Ketamine,Not Stated,White,Crystalline,Not Stated,Not Stated,Ketamine,,51.48563333333333,-0.1028333333333333
W071872,2025-12-24,BS1,Ketamine,Not Stated,White,Powder,Snort / Sniff,"Memory Loss, Confusion, Loss of consciousness, Agitation, loss of coordination",Ketamine,,51.4552,-2.5966
W071869,2025-12-24,BS1,Ketamine,Not Stated,White,Crystalline,Snort / Sniff,"Memory Loss, Confusion, Loss of consciousness, Agitation",Ketamine,,51.4552,-2.5966
100004523,2025-12-24,BS1,Ketamine,Not Stated,White,Crystalline,Not Stated,"Relaxed, Irregular Heartbeat, Confusion, Loss of consciousness",Ketamine,,51.4552,-2.5966
W072384,2025-12-31,PL1,ketamine,Not Stated,"Colourless, White",Crystalline,Snort / Sniff,"Visual Hallucinations, Relaxed, Chest Pains, Irregular Heartbeat, Paranoia, Memory Loss, Confusion, Panic Attack, Loss of consciousness",Ketamine,,50.37435000000001,-4.1642
W072385,2025-12-31,PL1,Ketamine,Not Stated,"White, Colourless",Crystalline,Snort / Sniff,"Euphoria, Visual Hallucinations, Relaxed",Ketamine,,50.37435000000001,-4.1642
W072302,2025-12-31,S61,Ketamine,Not Stated,White,Crystalline,Snort / Sniff,Not Stated,Ketamine,,53.4567,-1.3738
W072254,2025-12-31,S61,Ketamine,Not Stated,White,Crystalline,Snort / Sniff,Not Stated,Ketamine,,53.4567,-1.3738
W072386,2025-12-31,PL1,Ketamine,Not Stated,"White, Colourless",Crystalline,Not Stated,Not Stated,Ketamine,,50.37435000000001,-4.1642
W072486,2026-01-05,BB2,KETAMINE,Not Stated,White,Crystalline,Not Stated,Not Stated,Ketamine,,53.754714285714286,-2.529357142857143
W072469,2026-01-05,BN84,ketamine ,Not Stated,White,Crystalline,Not Stated,Not Stated,Ketamine,,50.90176086956522,0.0753
W072553,2026-01-13,HP2,ketamine,ketamine,White,Crystalline,Snort / Sniff,"Vomiting, Nausea",Ketamine,,51.7639,-0.4531
W072680,2026-01-13,NG1P,KETAMINE,KETAMINE,White,Powder,Snort / Sniff,"No Effect, Relaxed, Paranoia, Memory Loss",Ketamine,,52.9536,-1.1505
W072733,2026-01-15,WA3,Ketamine,Ketamine S150 shards,White,Crystalline,Snort / Sniff,"Auditory Hallucinations, Visual Hallucinations, Relaxed, Memory Loss, Confusion",Ketamine,,53.45247272727273,-2.5457272727272726
W072735,2026-01-15,WA3,Ketamine,Ketamine Rock,White,Solid,Not Stated,Not Stated,Ketamine,,53.45247272727273,-2.5457272727272726
W072791,2026-01-15,AL1,Ketamine,Not Stated,Colourless,Crystalline,Not Stated,Not Stated,Ketamine,,51.75,-0.3333
W072789,2026-01-15,AL1,Ketamine,Not Stated,Colourless,Crystalline,Not Stated,Not Stated,Ketamine,Cocaine,51.75,-0.3333
W072790,2026-01-15,AL1,Ketamine,Not Stated,Colourless,Powder,Not Stated,Not Stated,Ketamine,,51.75,-0.3333
W072734,2026-01-15,WA3,Ketamine,Ketamine racemic,White,Powder,Not Stated,Not Stated,Ketamine,,53.45247272727273,-2.5457272727272726
W072958,2026-01-23,M35,ketamine,Not Stated,White,Powder,Snort / Sniff,Not Stated,Ketamine,,53.5048,-2.1657
W073051,2026-01-26,FY3,ketamine,Not Stated,White,Powder,Not Stated,Not Stated,Ketamine,,53.8119,-3.0226
W073050,2026-01-26,FY3,ketamine,Not Stated,White,Powder,Not Stated,Not Stated,Ketamine,,53.8119,-3.0226
W073161,2026-01-26,BS16,ketamine,Super shard ketamine,Colourless,Crystalline,Snort / Sniff,"Euphoria, Increased Confidence, Relaxed, Paranoia",Ketamine,,51.49088571428571,-2.5036
W073052,2026-01-26,FY3,ketamine,Not Stated,White,Powder,Not Stated,Not Stated,Ketamine,,53.8119,-3.0226
W073255,2026-01-26,FY3,ketamine,Not Stated,White,Powder,Not Stated,Not Stated,Ketamine,,53.8119,-3.0226
W073278,2026-01-28,PL26,ketamine,Not Stated,White,Crystalline,Not Stated,Not Stated,Ketamine,,50.34738918918919,-4.827086486486486
W073337,2026-01-28,DN17,ketamine,Not Stated,White,Crystalline,Snort / Sniff,"Auditory Hallucinations, Visual Hallucinations, Nausea, Vomiting, Paranoia, Memory Loss, Confusion, Loss of consciousness",Ketamine,,53.60302,-0.7389733333333334
W073257,2026-01-28,FY3,ketamine,Not Stated,White,Powder,Not Stated,Not Stated,Ketamine,,53.8119,-3.0226
W073256,2026-01-28,FY3,ketamine,Not Stated,White,Powder,Not Stated,Not Stated,Cocaine,,53.8119,-3.0226
000236272,2026-02-03,CF83,Ketamine,ketamine,White,Powder,Snort / Sniff,Not Stated,Ketamine,,51.59288333333333,-3.2333833333333337
W073368,2026-02-03,SA9,ketamine,ketamine,White,Powder,Snort / Sniff,Not Stated,Ketamine,,51.781353333333335,-3.760806666666667
000236216,2026-02-03,CF83,Ketamine,ketamine,White,Powder,Snort / Sniff,"Increased Energy, Increased Confidence, Enhanced Senses, Increased Libido, Increased Strength",Ketamine,,51.59288333333333,-3.2333833333333337
W073487,2026-02-03,S74,Ketamine,Not Stated,White,Capsule,Snort / Sniff,Not Stated,Ketamine,,53.49946666666667,-1.4379666666666668
W073326,2026-02-03,S10,ketamine,"ketamine shards, isomer",White,,Not Stated,Not Stated,Ketamine,,53.35,-1.55
W073419,2026-02-03,BN1,ketamine,Not Stated,"Colourless, White",Crystalline,Snort / Sniff,"Nausea, Agitation",Ketamine,,50.8614,-0.1204166666666666
W073489,2026-02-03,S70,Ketamine,Not Stated,White,Crystalline,Snort / Sniff,"Euphoria, Enhanced Senses, Relaxed, Breathlesness, Chest Pains, Nosebleeds",Ketamine,,53.53123333333334,-1.4773333333333334
W073488,2026-02-03,S36,Ketamine,Not Stated,White,Crystalline,Snort / Sniff,"Enhanced Senses, Relaxed, Chest Pains, Nosebleeds",Ketamine,,53.5052,-1.6161
W073148,2026-02-03,WA10,Ketamine,Not Stated,White,Powder,Snort / Sniff,"Nausea, Vomiting, Paranoia, Confusion, Sweating",Ketamine,,53.45000000000001,-2.7583
000236217,2026-02-03,CF83,ketamine,ketamine,White,Powder,Snort / Sniff,"Increased Energy, Increased Confidence, Increased Stamina, Nausea, Vomiting",Ketamine,,51.59288333333333,-3.2333833333333337
W073591,2026-02-06,TS01,Ketamine,Sugar,Colourless,Crystalline,Not Stated,Not Stated,Ketamine,,,
W073490,2026-02-06,AB25,ketamine,Not Stated,White,Powder,Snort / Sniff,"Paranoia, Panic Attack, Nausea, Agitation",Ketamine,,57.1437,-2.0981
W073567,2026-02-06,EN1,ketamine,Not Stated,"Colourless, White",Crystalline,Oral,Not Stated,Methamphetamine,,51.6515,-0.085
W073592,2026-02-06,TS01,Ketamine,shards,Colourless,Crystalline,Not Stated,Not Stated,Ketamine,,,
W073611,2026-02-06,WD3,ketamine,Not Stated,White,Granules,Not Stated,"Enhanced Senses, Visual Hallucinations, Relaxed, Chest Pains, Irregular Heartbeat",Ketamine,,51.65108,-0.49022
W073610,2026-02-06,WO3,ketamin,Not Stated,White,Powder,Snort / Sniff,"Euphoria, Visual Hallucinations, Irregular Heartbeat, Nausea, Vomiting, Memory Loss, Confusion, Panic Attack",Ketamine,Cocaine,,
W073451,2026-02-06,SW9,ketamine,Not Stated,"Colourless, White",Crystalline,Snort / Sniff,"Enhanced Senses, Paranoia, Agitation",Ketamine,,51.474,-0.1168
W073626,2026-02-06,GL51,ketamine,TPS rl,White,Crystalline,Not Stated,Not Stated,Ketamine,,51.90277692307692,-2.1239538461538463
W069518,2026-02-10,AB24,ketamine,Not Stated,White,Powder,Not Stated,Not Stated,Diazepam,,57.1437,-2.0981
000238821,2026-02-10,CF83,Ketamine,ketamine,White,,Snort / Sniff,"Euphoria, Bradycardia, Nosebleeds, Vomiting",Ketamine,,51.59288333333333,-3.2333833333333337
W069515,2026-02-10,AB24,Ketamine,Not Stated,White,Powder,Not Stated,Not Stated,Ketamine,,57.1437,-2.0981
W073713,2026-02-10,TF10,Ketamine,Not Stated,White,Powder,Snort / Sniff,"Increased Confidence, Relaxed",Ketamine,,52.765905,-2.350815
W073739,2026-02-10,PH1,ketamine,ketamine,White,,Not Stated,Not Stated,Ketamine,,56.43174736842105,-3.4980552631578945
W073699,2026-02-10,BN2,ketamine,Not Stated,White,Powder,Snort / Sniff,"Euphoria, Increased Confidence, Increased Energy, Increased Strength, Empathy, Relaxed, Irregular Heartbeat, Memory Loss, Confusion, Agitation, Violence/Aggression",Ketamine,,50.823825,-0.082825
W073760,2026-02-11,SY21,Ketamine,Ket,White,Crystalline,Not Stated,Not Stated,Ketamine,,52.670813513513515,-3.1976945945945947
W073832,2026-02-11,CT9,ketamine,Not Stated,"Colourless, White",Crystalline,Snort / Sniff,"Increased Libido, Vomiting, Paranoia, Confusion, Agitation",Ketamine,,51.385000000000005,1.3956
W073744,2026-02-13,SW4,Ketamine,Not Stated,White,Powder,Not Stated,Not Stated,Ketamine,,51.46758,-0.12912
000237706,2026-02-13,CF15,Ketamine,Not Stated,White,Powder,Not Stated,Not Stated,Ketamine,,51.5337,-3.2721
W073892,2026-02-17,TF10,ketamine,Not Stated,White,Crystalline,Snort / Sniff,"Chest Pains, Irregular Heartbeat, Memory Loss, Confusion, Loss of consciousness, Agitation, Violence/Aggression, Depression, Suicidal Ideation",Ketamine,,52.765905,-2.350815
W074054,2026-02-18,BH11,ketamine,ketemine,White,Crystalline,Snort / Sniff,"Increased Energy, Visual Hallucinations, Irregular Heartbeat, Nausea, Memory Loss, Confusion, Panic Attack, Agitation, Depression",Ketamine,,50.7655,-1.9096
W074209,2026-02-25,W12,Ketamine,Not Stated,White,Crystalline,Not Stated,Not Stated,Ketamine,,51.505,-0.2211
W074105,2026-02-25,S3,Ketamine,Ketamine,White,Powder,Snort / Sniff,"Euphoria, Nosebleeds, Vomiting, Headache",Ketamine,,53.383,-1.4659
W073743,2026-02-25,BH7,Ketamine,Not Stated,White,Crystalline,Snort / Sniff,Stomach pains,Ketamine,,50.7363,-1.827
000041444,2026-02-27,LD3,ketamine,headchef,White,Powder,Snort / Sniff,"Euphoria, Auditory Hallucinations, Nosebleeds",Ketamine,,51.99435362318841,-3.411075362318841
W074333,2026-02-27,CF24,Ketamine,Not Stated,White,Powder,Not Stated,Not Stated,Ketamine,,51.48,-3.18
000233438,2026-02-27,LL55,Ketamine,Not Stated,"White, Colourless",Crystalline,Not Stated,Not Stated,Ketamine,,53.12915357142857,-4.195053571428572
W074580,2026-03-09,FY3,Ketamine,Not Stated,White,Powder,Not Stated,Not Stated,"Ketamine, Norketamine",,53.8119,-3.0226
W074605,2026-03-09,DH1,Racemic ketamine,Not Stated,White,Granules,Not Stated,Not Stated,Ketamine,,54.77482,-1.56714
W074582,2026-03-09,FY3,ketamine,Not Stated,White,Powder,Not Stated,Not Stated,Ketamine,,53.8119,-3.0226
W074603,2026-03-09,DH1,Esketamine,Not Stated,"White, White",Powder,Not Stated,Not Stated,Ketamine,,54.77482,-1.56714
W074604,2026-03-09,DH1,Esketamine,Not Stated,White,Powder,Not Stated,Not Stated,Ketamine,,54.77482,-1.56714
W074581,2026-03-09,FY3,ketamine,Not Stated,White,Powder,Not Stated,Not Stated,Ketamine,,53.8119,-3.0226
W074583,2026-03-09,FY3,ketamine,Not Stated,White,Powder,Not Stated,Not Stated,Ketamine,,53.8119,-3.0226
W074596,2026-03-09,G403,ketamine,ketamine,White,Crystalline,Not Stated,Not Stated,Ketamine,,55.8485,-4.2235
W074669,2026-03-10,CH44,KETAMINE,Not Stated,"Colourless, White",Crystalline,"Oral, Snort / Sniff","Chest Pains, Irregular Heartbeat, Nausea, Vomiting, Memory Loss, Confusion, Loss of consciousness",Ketamine,,53.4232,-3.065
W074711,2026-03-10,N1,KETAMINE,Not Stated,White,Crystalline,Snort / Sniff,"Enhanced Senses, Auditory Hallucinations, Visual Hallucinations, Relaxed, Memory Loss, Confusion",Ketamine,,51.53669,-0.0944
W074727,2026-03-10,AB24,KETAMINE,Not Stated,White,Crystalline,Snort / Sniff,"Enhanced Senses, Increased Stamina, Increased Strength, Empathy, Relaxed, Memory Loss, Depression, Suicidal Ideation",Ketamine,,57.1437,-2.0981
W074366,2026-03-10,ME8,KETAMINE,Not Stated,White,Powder,Snort / Sniff,"Enhanced Senses, Relaxed, Chest Pains, Nausea, Memory Loss, Confusion, Panic Attack",Ketamine,,51.36225,0.6025
W074814,2026-03-13,NW6,ketamine,Not Stated,White,Crystalline,Not Stated,Not Stated,Ketamine,,51.54194444444445,-0.1931888888888888
W074888,2026-03-13,TN31,KETAMINE,Not Stated,White,Crystalline,Not Stated,Not Stated,Ketamine,,50.96017222222222,0.7006111111111112
W074753,2026-03-13,FY3,KETAMINE,Not Stated,White,Powder,Not Stated,Not Stated,Ketamine,,53.8119,-3.0226
W074754,2026-03-13,FY3,KETAMINE,Not Stated,White,Powder,Not Stated,Not Stated,Cocaine,,53.8119,-3.0226
W074755,2026-03-13,FY3,KETAMINE,Not Stated,Brown,Powder,Not Stated,Not Stated,Caffeine,,53.8119,-3.0226
W074750,2026-03-13,FY4,KETAMINE,Not Stated,White,Powder,Not Stated,Not Stated,Ibuprofen,,53.7911,-3.0291
W074752,2026-03-13,FY3,KETAMINE,Not Stated,"White, Yellow",Powder,Not Stated,Not Stated,Ketamine,,53.8119,-3.0226
W074751,2026-03-13,FY4,KETAMINE,Not Stated,White,Powder,Not Stated,Not Stated,Ketamine,,53.7911,-3.0291
W074732,2026-03-17,BN17,KETAMINE,Not Stated,Colourless,Crystalline,Not Stated,Not Stated,Ketamine,,50.81636,-0.5498000000000001
000236815,2026-03-17,CF63,KETAMINE,Not Stated,White,Powder,Snort / Sniff,"Euphoria, Relaxed",Ketamine,,51.4172,-3.2614
W074931,2026-03-17,BS37 5EV,XANAX + KETAMINE,2 CLEAN ,"White, Grey",Crystalline,Snort / Sniff,"Euphoria, Empathy, Auditory Hallucinations, Visual Hallucinations, Chest Pains, Irregular Heartbeat, Nosebleeds, Nausea, Paranoia, Memory Loss, Confusion, Panic Attack, Agitation, Depression, Insomnia, Suicidal Ideation",Ketamine,,51.53419375,-2.4391125
000236817,2026-03-17,CF63,KETAMINE,Not Stated,,Powder,Not Stated,"Euphoria, Relaxed",Ketamine,,51.4172,-3.2614
W074952,2026-03-17,MK2,KETAMINE,KETAMINE,White,Powder,Not Stated,No Effect,Ketamine,,51.9968,-0.718
W074955,2026-03-17,L35,KETAMIN,Not Stated,White,Powder,Not Stated,Not Stated,Ketamine,,53.411833333333334,-2.768333333333333
000236816,2026-03-17,CF63,ketamine,Not Stated,White,Powder,Not Stated,"Euphoria, Relaxed",Ketamine,,51.4172,-3.2614
000239558,2026-03-18,NP22,FOUND IN COAT POCKET,Not Stated,Colourless,Liquid,Not Stated,"Increased Energy, Nausea, Vomiting",No Active Component Identified,,51.7725,-3.2468
W075199,2026-03-24,PE28,Ketamine,Not Stated,White,Solid,Not Stated,Not Stated,"Caffeine, Amphetamine",,52.3305,-0.1865
W075149,2026-03-24,SO51,ketamine,S+ ketamine,"Colourless, White",Crystalline,Snort / Sniff,"Increased Libido, Relaxed, Memory Loss",Ketamine,,51.01539047619048,-1.494095238095238
W075312,2026-03-24,B30,ketamine,Open line,White,Granules,Not Stated,Not Stated,Ketamine,,52.4167,-1.9167
W075248,2026-03-25,CV3,ketamine spray,Not Stated,Colourless,Liquid,Oral,"Increased Energy, Increased Confidence",Ketamine,"Caffeine, Nicotine",52.39113333333333,-1.4915333333333332
W074088,2026-03-25,LV4,ketamine,Not Stated,White,Granules,Not Stated,"Euphoria, Increased Energy, Increased Confidence, Empathy, Nausea, Confusion",Ketamine,Cocaine,,
000237898,2026-04-01,CF33,Ketamine,Not Stated,White,Powder,Not Stated,Not Stated,Ketamine,Norketamine,51.52158333333333,-3.6971833333333337
000237899,2026-04-01,CF33,Ketamine,Not Stated,White,Powder,Not Stated,Not Stated,"Cocaine, Phenacetin",Norcocaine,51.52158333333333,-3.6971833333333337
000236605,2026-04-07,CF37,ketamine,Not Stated,White,Crystalline,Not Stated,Not Stated,Ketamine,,51.613815384615386,-3.3598076923076925
W075476,2026-04-07,NG71,ketamine,ketamine,White,Powder,Snort / Sniff,Not Stated,Ketamine,,52.9536,-1.1505
W075520,2026-04-07,TF9,ketamine,Not Stated,"Colourless, White",Granules,Not Stated,Not Stated,Ketamine,,52.85675853658537,-2.425558536585366
W075534,2026-04-08,SG2,ketamine,Not Stated,White,Granules,Snort / Sniff,"Euphoria, Increased Stamina, Relaxed, Nosebleeds, Confusion",Ketamine,,51.899049999999995,-0.14905
W075574,2026-04-08,SE15,ketamine,Not Stated,Colourless,Crystalline,Not Stated,Not Stated,Ketamine,,51.470175,-0.060325
W075553,2026-04-08,HP2,ketamine,ketamine,White,Powder,Not Stated,Not Stated,"Pseudoephedrine, Paracetamol",,51.7639,-0.4531
W075526,2026-04-09,AL1,Rock ketamine,Not Stated,White,Solid,Not Stated,Not Stated,Ketamine,,51.75,-0.3333
W075789,2026-04-13,CF24,ketamine,Not Stated,White,Powder,Not Stated,Not Stated,Ketamine,,51.48,-3.18
W075743,2026-04-13,SY23,ketamine,ket,White,Crystalline,Snort / Sniff,Not Stated,Ketamine,,52.34458541666667,-3.9885
W075601,2026-04-14,SE58,ketamine,Not Stated,White,Crystalline,Snort / Sniff,Not Stated,Ketamine,,51.474575,-0.090125
W075600,2026-04-14,SE58,ketamine,Not Stated,White,Powder,Not Stated,Enhanced Senses,Ketamine,,51.474575,-0.090125
W069516,2026-04-14,AB16,Cocaine/ketamine,Not Stated,White,Powder,Not Stated,Not Stated,"Cocaine, Benzocaine",,57.16,-2.1567
W075815,2026-04-15,LS13,ketamine,Not Stated,White,Powder,Snort / Sniff,"Euphoria, Enhanced Senses",Ketamine,,53.8107,-1.6354
W075945,2026-04-15,ME10,ketamine,ket,White,Crystalline,Not Stated,Not Stated,Ketamine,,51.345,0.738475
W075934,2026-04-15,SA1,ketamine,Not Stated,White,Powder,Not Stated,Empathy,Ketamine,,51.633979999999994,-3.94848
W075995,2026-04-17,PE29,ketamine,ket,Colourless,Crystalline,Not Stated,Not Stated,Ketamine,,52.3305,-0.1865
W076024,2026-04-17,CR2,ketamine,Not Stated,White,Powder,Not Stated,Not Stated,Ketamine,,51.3359,-0.0778
000233482,2026-04-17,LL65,ketamine,Not Stated,White,Powder,Snort / Sniff,"Euphoria, Auditory Hallucinations, Visual Hallucinations, Relaxed, Memory Loss, Confusion",Ketamine,,53.289686206896555,-4.534455172413793
W076015,2026-04-17,BT41,ketamine,ketamine,White,Powder,Not Stated,Not Stated,Ketamine,,54.70416,-6.19582
W075954,2026-04-17,CF10,ketamine,Not Stated,White,Powder,Not Stated,Not Stated,Ketamine,,51.48,-3.18
W076001,2026-04-17,HG50,ketamine,Not Stated,White,Crystalline,Snort / Sniff,"Euphoria, Increased Confidence, Increased Energy, Increased Stamina, Empathy, Relaxed, Vomiting, Paranoia, Confusion, Loss of consciousness, Insomnia, Depression, Suicidal Ideation",Ketamine,,54.02320909090909,-1.4480000000000002
W076007,2026-04-22,LL55,Ketamine,Not Stated,White,Powder,Snort / Sniff,"Euphoria, Nausea",Ketamine,,53.12915357142857,-4.195053571428572
W076144,2026-04-22,EH12,KETAMINE,Not stated,White,Crystalline,Not stated,"Not stated,  ",Ketamine,,55.9429,-3.285
W100069,2026-04-28,W12,ketamine,Not stated,White,Crystalline,Not stated,"Not stated,  ",Ketamine,,51.505,-0.2211
W076206,2026-04-28,BA11,ketamine,Himalyan ket 'washed quality',Pink,Crystalline,Not stated,"Not stated,  ",Ketamine,,51.216945,-2.351325
W075654,2026-04-28,CH5,ketamine,Not stated,White,Powder,Not stated,"Not stated,  ",Ketamine,,53.19930000000001,-3.03614
W075997,2026-04-28,CH5,ketamine,Not stated,White,Powder,Not stated,"Not stated,  ",Ketamine,,53.19930000000001,-3.03614
W075804,2026-04-30,S10,KETAMINE,KETAMINE,White,Crystalline,Oral,"Euphoria, Increased senses, Auditory hallucinations, Relaxed",Ketamine,,53.35,-1.55
W076204,2026-04-30,E17,KETAMINE,Not stated,White,Powder,Snort / Sniff,"Euphoria, Increased energy, Paranoia, Memory loss, Confusion, Depression, Suicidal ideation",Ketamine,,51.58758,-0.02048
W100235,2026-05-01,PL14,Ketamine,Not stated,White,Crystalline,Snort / Sniff,"Nausea, Agitation, Insomnia",Ketamine,,50.46451290322581,-4.464809677419355
W076222,2026-05-04,SG89,Ketamine,ketamine,White,Crystalline,Snort / Sniff,"Increased energy, Increased confidence, Increased senses, Empathy, Visual hallucinations, Relaxed, Chest pains, Nosebleeds, Confusion, Agitation",Ketamine,,52.07207058823529,-0.0231647058823529
W100356,2026-05-06,EH10,Ketamine,Not stated,White,Powder,Not stated,"Not stated,  ",Diazepam,,55.91466666666667,-3.2046333333333337
W100455,2026-05-07,SE16,ketamine,bloodline ketamine,Brown,Crystalline,Not stated,"Not stated,  ","Mephedrone, Ketamine",,51.49742,-0.0528
W100132,2026-05-07,SK14,ketamine,ketamine,White,Crystalline,Not stated,"Not stated,  ",MDMA,,53.45065,-2.04802
W100543,2026-05-07,SP10,ketamine,Not stated,White,Crystalline,Not stated,"Not stated,  ",Ketamine,,51.2167,-1.49775
W075205,2026-05-13,CH53,ketamine,Not stated,White,Powder,Not stated,"Not stated,  ",Paracetamol,"Caffeine, Synephrine",53.19930000000001,-3.03614
W100563,2026-05-13,LS21,ketamine,Not stated,White,Powder,Snort / Sniff,"Euphoria, Relaxed, Panic attack",Ketamine,,53.9217,-1.6693555555555557
W071274,2026-05-15,AB21,Ketamine,Not stated,White,Powder,Not stated,"Not stated,  ",Ketamine,,57.2111,-2.2037
W100822,2026-05-15,WA9,Ketamine,Not stated,White,Powder,Snort / Sniff,"Not stated,  ",Ketamine,,53.426433333333335,-2.7348666666666666
W100893,2026-05-19,M14,ketamine,Not stated,Colourless,Crystalline,Not stated,"Not stated,  ",Ketamine,Benzocaine,53.4482,-2.2257
W100933,2026-05-19,Not stated,Ketamine,Not stated,Colourless,Crystalline,Snort / Sniff,"Relaxed, No effect",Ketamine,,,
W100904,2026-05-19,B26,Ketamine,Not stated,White,Powder,Snort / Sniff,"Not stated,  ",Ketamine,,52.45953333333333,-1.7873333333333334
W100661,2026-05-19,CB24,ketamine,Not stated,White,Granules,Not stated,"Not stated,  ",Ketamine,,52.27169285714285,0.0806571428571428
W100819,2026-05-19,WA5,Ketamine,Not stated,White,Powder,Not stated,"Not stated,  ",Ketamine,,53.409775,-2.6556
W100891,2026-05-19,E1,ketamine,ketamine,White,Powder,Not stated,"Not stated,  ",Ketamine,,51.51302727272727,-0.0617727272727272
000236455,2026-05-19,NP4,ketamine,Not stated,White,Crystalline,Snort / Sniff,"Euphoria, Increased senses, Auditory hallucinations, Visual hallucinations, Relaxed, Memory loss, Loss of consciousness",Ketamine,,51.718515789473685,-3.030521052631579
W100903,2026-05-26,TA2,Ketamine,Not stated,White,Granules,Snort / Sniff,"Not stated,  ",Ketamine,,51.04662,-3.08832
W101117,2026-05-29,WN5,KETAMINE,Not stated,White,Powder,Not stated,"Not stated,  ",Ketamine,,53.497899999999994,-2.7081
W101118,2026-05-29,WN5,KETAMINE,Not stated,White,Powder,Not stated,"Not stated,  ",Ketamine,,53.497899999999994,-2.7081
W101119,2026-05-29,WN5,KETAMINE,Not stated,White,Powder,Not stated,"Not stated,  ",Ketamine,,53.497899999999994,-2.7081
W076303,2026-05-29,DY13,Ketamine,Not stated,White,Powder,Not stated,"Not stated,  ",Cocaine,,52.33356428571428,-2.2796285714285713
W069519,2026-06-05,AB24,KETAMINE,KETAMINE,Colourless,Other,Subcutaneous,"Euphoria, Increased energy, Increased confidence, Increased senses, Relaxed, Memory loss, Confusion, Insomnia",Ketamine,,57.1437,-2.0981
W101352,2026-06-05,N4,ketamine,ketamine,Colourless,Crystalline,Snort / Sniff,Relaxed,Ketamine,,51.5693,-0.1069
000236572,2026-06-08,CF39,ketamine,Not stated,White,Powder,Not stated,"Not stated,  ",Ketamine,,51.5988125,-3.447975
000236571,2026-06-08,CF37,KETAMINE,Not stated,White,Powder,Not stated,"Not stated,  ",Ketamine,,51.613815384615386,-3.3598076923076925
W101506,2026-06-08,L15,KETAMINE,Not stated,White,Powder,Snort / Sniff,"Not stated,  ",Ketamine,,53.3975,-2.9206
W069522,2026-06-09,AB11,Ketamine,ketamine,Colourless,Crystalline,Snort / Sniff,"Euphoria, Increased senses, Auditory hallucinations, Visual hallucinations, Relaxed, Irregular heartbeat, Nausea, Vomiting, Paranoia, Memory loss, Confusion, Insomnia, Depression, Loss of consciousness",Ketamine,,57.1437,-2.0981
W101530,2026-06-09,EH12,ketamine,Not stated,White,Powder,Snort / Sniff,"Confusion, No effect",Cocaine,,55.9429,-3.285
000235444,2026-06-09,SY16,ketamine,Not stated,White,Powder,Snort / Sniff,"Memory loss, Agitation, Depression, Loss of consciousness",Ketamine,,52.50787647058824,-3.3015823529411765
W101616,2026-06-10,M4,Rock ketamine,Not stated,Colourless,Crystalline,Not stated,"Not stated,  ",Ketamine,,53.4809,-2.2374
W101617,2026-06-10,BS14,KETAMINE,Not stated,White,Granules,Snort / Sniff,"Relaxed, Confusion, Agitation, Insomnia, Depression",Ketamine,,51.4061,-2.5627
W101615,2026-06-10,M4,Rock ketamine,Not stated,White,Crystalline,Not stated,"Not stated,  ",Ketamine,,53.4809,-2.2374
W101629,2026-06-11,LN2,KETAMINE,Not stated,White,Other,Snort / Sniff,"Increased senses, Relaxed, Irregular heartbeat, Agitation",Ketamine,,53.26475789473684,-0.4992684210526316
000235754,2026-06-11,CF48,KETAMINE,Not stated,White,Powder,Not stated,"Euphoria, Relaxed",Ketamine,Paracetamol,51.73028000000001,-3.37198
W101523,2026-06-11,NN11,KETAMINE,KETAMINE-S-ISOMER,White,Crystalline,Snort / Sniff,"Increased energy, Increased senses, Vomiting, Confusion",Methamphetamine,,52.21614,-1.179288
W101720,2026-06-15,BN1,ketamine,ketamine,White,Crystalline,Snort / Sniff,"Euphoria, Relaxed, Nausea, Paranoia, Confusion, Insomnia",Ketamine,,50.8614,-0.1204166666666666
W101438,2026-06-15,NG5,ketamine,Not stated,White,Crystalline,Snort / Sniff,"Euphoria, Increased senses, Empathy, Auditory hallucinations, Confusion",Ketamine,,53.0006,-1.1315
W069115,2026-06-16,EH15,Ketamine,ketamine,Colourless,Crystalline,Snort / Sniff,"Visual hallucinations, Memory loss, Confusion",Ketamine,,55.948033333333335,-3.1120666666666668
W101951,2026-06-17,SN3,Ketamine,Not stated,White,Crystalline,Not stated,"Not stated,  ",Ketamine,,51.5892,-1.7194
W102283,2026-06-24,IG11,Ketamine,Ketamine,White,Crystalline,Not stated,"Not stated,  ",Ketamine,,51.5333,0.0833
W101948,2026-06-24,N1,Ketamine,Not stated,White,Crystalline,Not stated,"Not stated,  ",Ketamine,,51.53669,-0.0944
W102310,2026-06-26,CF45,Ketamine,Not stated,White,Crystalline,Not stated,"Not stated,  ",Ketamine,,51.66452,-3.3537
W102218,2026-06-29,E20,Ketamine,Not stated,White,Crystalline,Not stated,"Not stated,  ",Ketamine,,51.5468,-0.0096
W102395,2026-06-30,WA10,Ketamine,Not stated,White,Granules,Snort / Sniff,"Euphoria, Increased senses, Visual hallucinations, Relaxed, Nausea",Ketamine,,53.45000000000001,-2.7583
W102396,2026-06-30,Not stated,ketamine,Not stated,White,Granules,Snort / Sniff,"Euphoria, Increased senses, Relaxed",Ketamine,,,
W102468,2026-07-02,AB25,ketamine,Not stated,White,Crystalline,Snort / Sniff,"Visual hallucinations, Confusion, Depression, Loss of consciousness",Ketamine,,57.1437,-2.0981
W102406,2026-07-03,EH13,Ketamine,Not stated,White,Crystalline,Not stated,"Not stated,  ",Ketamine,,55.9074,-3.2561
W102536,2026-07-03,LL29,Ketamine,Ketamine,White,Powder,Snort / Sniff,"Not stated,  ",Ketamine,,53.283275,-3.6966
000042900,2026-07-03,LL65,Ketamine,Not stated,White,Crystalline,Snort / Sniff,"Relaxed, Irregular heartbeat, Nausea, Memory loss",Ketamine,,53.289686206896555,-4.534455172413793
W102477,2026-07-06,LN4,ketamine,Not stated,White,Powder,Snort / Sniff,"Relaxed, Irregular heartbeat, Nausea",Ketamine,,53.12072222222222,-0.3503583333333333
W102631,2026-07-06,WA10,Ketamine,Not stated,Brown,Powder,Snort / Sniff,"Irregular heartbeat, Nausea, Confusion, Violence",No active compound identified,,53.45000000000001,-2.7583
W102554,2026-07-06,EH32,Ketamine,racemic ketamine cali_soul,White,Powder,Not stated,"Not stated,  ",Ketamine,,55.97811428571429,-2.9193571428571423
W102556,2026-07-14,SG2,Ketamine,Not stated,White,Crystalline,Not stated,"Not stated,  ",Ketamine,,51.899049999999995,-0.14905
W102739,2026-07-14,N4,Ketamine,Ketamine,White,Crystalline,Snort / Sniff,"Increased energy, Visual hallucinations, Relaxed, Irregular heartbeat, Nausea, Insomnia",Ketamine,,51.5693,-0.1069
W102787,2026-07-14,NW9,Ketamine,Not stated,White,Crystalline,Not stated,"Not stated,  ",Ketamine,,51.5894,-0.25692
W102667,2026-07-14,OX13,Ketamine,Not stated,Brown,Powder,Not stated,"Not stated,  ",Caffeine,,51.673544444444445,-1.3561166666666666
W102981,2026-07-16,NR14,Ketamine,Ketamine,Colourless,Crystalline,Not stated,"Not stated,  ",Ketamine,,52.56780769230769,1.371471794871795
W102887,2026-07-16,NW4,Ketamine,Not stated,Colourless,Crystalline,Oral,"Dissociation, Other",Ketamine,,51.6,-0.2166999999999999
W102817,2026-07-20,CF44,Ketamine,Not stated,White,Powder,Snort / Sniff,"Euphoria, Increased energy, Increased confidence, Empathy, Relaxed, Nosebleeds, Insomnia, Other",Ketamine,,51.7327125,-3.48293125
000231865,2026-07-20,LL61,Ketamine,Not stated,Colourless,Crystalline,Snort / Sniff,"Euphoria, Relaxed, Insomnia",Ketamine,,53.191199999999995,-4.267242857142857
W103041,2026-07-20,TN14,Ketamine,Ketamine,White,Powder,Snort / Sniff,"Relaxed, Nausea, Dissociation",Ketamine,,51.29797857142857,0.1372928571428571
000233834,2026-07-20,NP25,Ketamine,Not stated,White,Powder,Snort / Sniff,No effect,Cocaine,,51.8127,-2.7136
W103120,2026-07-20,W5,Ketamine,ketamine,Colourless,Crystalline,Not stated,"Not stated,  ",Ketamine,,51.516333333333336,-0.2851888888888889
W076357,2026-07-23,LS42,Ketamine,Not stated,White,Granules,Not stated,"Not stated,  ",Ketamine,,53.8103,-1.5846
000233448,2026-07-27,LL65,Ketamine,Not stated,White,Powder,Not stated,"Not stated,  ",Ketamine,,53.289686206896555,-4.534455172413793
W103479,2026-07-29,SG18,Ketamine,Not stated,White,Granules,Not stated,"Not stated,  ",Ketamine,,52.07824545454545,-0.2732454545454545
W103589,2026-07-29,N1,Ketamine,S-isomer ketamine (sugar),White,Powder,Not stated,"Not stated,  ",Ketamine,,51.53669,-0.0944
W103553,2026-07-30,LS31,Ketamine,Not stated,White,Granules,Snort / Sniff,"Euphoria, Increased energy, Increased senses, Auditory hallucinations, Relaxed, Memory loss, Confusion",Ketamine,,53.7965,-1.5478
W103666,2026-07-31,TQ12,Ketamine,Ketamine Astral sand,White,Granules,Not stated,"Not stated,  ",Ketamine,,50.526051851851854,-3.6118259259259258
000236942,2026-08-11,Not stated,Cocaine or Ketamine,Not stated,White,Powder,Not stated,"Not stated,  ",No active compound identified,,,
W103985,2026-08-11,CF40,Ketamine,Not stated,Colourless,Crystalline,Not stated,"Euphoria, Relaxed",Ketamine,,51.627316666666665,-3.461883333333333
W103825,2026-08-11,SE3,Ketamine,Not stated,White,Powder,Snort / Sniff,"Euphoria, Auditory hallucinations, Visual hallucinations, Irregular heartbeat, Memory loss, Panic attack",Ketamine,,51.46596666666667,0.0175
W103888,2026-08-11,SK23,Ketamine,Not stated,White,Powder,Snort / Sniff,"Relaxed, Memory loss, Confusion, Agitation",Cocaine,,53.33156666666667,-1.9448333333333336
W103720,2026-08-11,SY1,Ketamine,Ket,Colourless,Crystalline,Not stated,"Not stated,  ",Ketamine,,52.71675,-2.7468
W103768,2026-08-11,CF47,Ketamine,Not stated,White,Powder,Snort / Sniff,Relaxed,Ketamine,,51.7479,-3.3778
W103789,2026-08-11,OX28,Ketamine,Not stated,White,Crystalline,Not stated,"Not stated,  ",Ketamine,,51.7836,-1.4854
W103869,2026-08-11,M14,Ketamine,Not stated,White,Crystalline,Not stated,"Euphoria, Increased energy, Increased confidence, Relaxed, Memory loss",Ketamine,,53.4482,-2.2257
W103868,2026-08-11,M14,ketamine,Not stated,White,Crystalline,Not stated,"Not stated,  ",Ketamine,Paracetamol,53.4482,-2.2257
W103814,2026-08-11,NE61,Ketamine,Not stated,Colourless,Crystalline,Not stated,"Not stated,  ",Ketamine,,55.165690000000005,-1.7111625
W103707,2026-08-11,HR4,ketamine,Not stated,White,Powder,Snort / Sniff,"Euphoria, Increased energy, Increased confidence, Increased senses, Increased stamina, Empathy, Chest pains, Irregular heartbeat, Memory loss, Depression, Suicidal ideation, Panic attack, Anxiety",MDMA,,52.10106744186046,-2.8000232558139535
W076378,2026-08-13,OX16,KETAMINE,Not stated,White,Crystalline,Not stated,"Not stated,  ",Ketamine,,52.0617,-1.34125
W076377,2026-08-13,OX16,Ketamine,Not stated,White,Powder,Snort / Sniff,"Auditory hallucinations, Visual hallucinations, Relaxed, Paranoia, Confusion, Agitation, Insomnia, Depression",Ketamine,,52.0617,-1.34125
W104136,2026-08-14,LL29,Ketamine,Not stated,White,Powder,Snort / Sniff,"Not stated,  ",Ketamine,,53.283275,-3.6966
W103915,2026-08-14,CF31,ketamine,Not stated,White,Crystalline,Snort / Sniff,"Euphoria, Increased energy, Confusion, Panic attack",Ketamine,,51.507666666666665,-3.577733333333333
W104288,2026-08-18,LL29,ketamine,Ketamine,White,Powder,Snort / Sniff,"Not stated,  ",Ketamine,,53.283275,-3.6966
W104145,2026-08-18,W3,ketamine,ketamine,White,Powder,Snort / Sniff,"Euphoria, Relaxed",Ketamine,,51.51048333333333,-0.2657166666666666
