,date_received,postcode,intent,label,colour,form,consumption_method,effects,major,minor,latitude,longitude
W072495,2026-01-04,B240,Clonazepam 2mg,Clonazepam,White,Tablet,Not Stated,Not Stated,Clonazepam,,52.526349999999994,-1.809
W072431,2026-01-04,NN56,Diazepam ,accord diazepam 5mg,Yellow,Tablet,Oral,"Euphoria, Increased Energy, Increased Confidence, Relaxed",Diazepam,,52.242575,-0.93795
W072470,2026-01-05,S40,DIAZEPAM 10MG,DIAZEPAM 10MG (BENSEDIN),White,Tablet,Not Stated,Not Stated,Ethylbromazolam,,53.234,-1.4462
W072479,2026-01-05,SE17,VALIUM,VALIUM,"White, Blue",Liquid,Not Stated,Not Stated,Diazepam,,51.48563333333333,-0.1028333333333333
W072454,2026-01-05,GU15,alprazolam ,alprex 1mg,White,Tablet,Not Stated,Not Stated,Alprazolam,,51.337,-0.7426
W072432,2026-01-05,N67,TRMAZEPAM,REMESTAN,Colourless,Capsule,Not Stated,Not Stated,Temazepam,,,
W072471,2026-01-05,S40,diazepam 10mg,diazepam 10mg (bensedin),White,Tablet,Not Stated,Not Stated,Ethylbromazolam,,53.234,-1.4462
W072491,2026-01-05,SE1,DIAZEPAM,DIAZEPAM,White,Tablet,Not Stated,Not Stated,Diazepam,,51.49874615384616,-0.0930384615384615
W072489,2026-01-05,DL2,xanax,xanax 1mg (alprx-1),White,Tablet,Oral,No Effect,Alprazolam,,54.53115,-1.624575
W072478,2026-01-05,S427,DIAZEPAM,BENSEDIN DIAZEPAM 10MG,White,Tablet,Not Stated,Not Stated,Diazepam,,53.21066,-1.4471733333333332
W072427,2026-01-05,G63,HEROIN,T3-TRILOGY #3 CREAM,"Brown, Brown",Powder,Not Stated,Not Stated,"Heroin, Noscapine, 6-MAM, Diazepam, 6-Acetylcodeine","Phenacetin, Papaverine, Morphine",56.03654399999999,-4.3500119999999995
100004525,2026-01-05,EX32,DIAZEPAM 10MG,BENSEDIN 10MG (DIAZEPAM),White,Tablet,Not Stated,"Empathy, Relaxed",Diazepam,,51.07364,-3.97823
W072428,2026-01-05,G63,ALPRAZOLAM (XANAX-4MG),4MG XANAX,White,Tablet,Not Stated,Not Stated,Ethylbromazolam,,56.03654399999999,-4.3500119999999995
W072433,2026-01-05,N67,TENAZEPAM,TEMAZAP-CT,"Colourless, White",Capsule,Not Stated,Not Stated,Temazepam,,,
W072459,2026-01-06,N128,alprazolam (xanax),Alprazolam,White,Tablet,Oral,"Increased Confidence, Relaxed, Memory Loss, Agitation",Tramadol,,51.6077,-0.166
W072547,2026-01-06,M14,Clonazepam,Elikem nozim,Blue,Tablet,Not Stated,Not Stated,Clonazepam,,53.4482,-2.2257
W072504,2026-01-06,B9,Diazepam,Diazepam bensedin 10mg,White,Tablet,Not Stated,Not Stated,Diazepam,,52.4783,-1.8506
W072494,2026-01-06,B240,Clonazepam 2mg,Clonazepm 2mg alison,White,Tablet,Not Stated,Not Stated,Clonazepam,,52.526349999999994,-1.809
W072496,2026-01-06,B240,Clonazepam 2mg,clonazepam neuraexppharm 2mg,White,Tablet,Not Stated,Not Stated,Clonazepam,,52.526349999999994,-1.809
W072548,2026-01-06,M14,Diazepam ,martin dow valium,Blue,Tablet,Not Stated,Not Stated,Diazepam,,53.4482,-2.2257
W072503,2026-01-06,B9,Diazepam ,Diazepam elioam 10mg,White,Tablet,Not Stated,Not Stated,Diazepam,,52.4783,-1.8506
W072546,2026-01-06,M14,clonazepam,Neurazpharm,White,Tablet,Not Stated,Not Stated,Clonazepam,,53.4482,-2.2257
W072616,2026-01-08,NR4,Diazepam,Martin dow,Blue,Tablet,Not Stated,Not Stated,Diazepam,,52.61646,1.24368
W072615,2026-01-08,NR4,diazepam,martin dow,Blue,Tablet,Not Stated,Not Stated,Diazepam,,52.61646,1.24368
W072614,2026-01-08,NR4,Diazepam,martin dow,Blue,Tablet,Not Stated,Not Stated,Diazepam,,52.61646,1.24368
W072617,2026-01-08,NR4,Diazepam,Martin dow,Blue,Tablet,Not Stated,Not Stated,Diazepam,,52.61646,1.24368
W072618,2026-01-08,NR4,diazepam,Martin dow,Blue,Tablet,Not Stated,Not Stated,Diazepam,,52.61646,1.24368
W072619,2026-01-08,NR4,Diazepam,martin dow,Blue,Tablet,Not Stated,Not Stated,Diazepam,,52.61646,1.24368
W072449,2026-01-08,SG14,Lorazepam 2mg ,Lorazepam/nerodelm,Yellow,Tablet,Not Stated,Not Stated,"Citalopram, Lorazepam",,51.811775,-0.11705
W072521,2026-01-08,NP22,Diazpeam,Accord Diazepam 10mg tablet,Blue,Tablet,Not Stated,Not Stated,Diazepam,,51.7725,-3.2468
W072456,2026-01-08,BN3,Diazepam 5mg,diazepam 5mg accord,Yellow,Tablet,Oral,Relaxed,Diazepam,,50.836725,-0.179625
W072527,2026-01-08,PL26,10g Diazepam,Accord diazepam tablet 10mg,Blue,Tablet,Not Stated,Not Stated,Ethylbromazolam,,50.34738918918919,-4.827086486486486
000234115,2026-01-08,NP20,Diazepam,Not Stated,Blue,Tablet,Not Stated,Not Stated,Bromazolam,,51.5877,-2.9984
000237877,2026-01-08,CF32,Diazepam 10mg,Diazepam 10mg,Blue,Tablet,Not Stated,Not Stated,Ethylbromazolam,,51.536704166666674,-3.5931333333333337
W072453,2026-01-08,CV22,Accord Diazepa 10mg,Diazepam accord 10mg,Blue,Tablet,Oral,Relaxed,Diazepam,,52.349,-1.2838
000234107,2026-01-08,NP20,Diazepam,Not Stated,White,Tablet,Not Stated,Not Stated,Diazepam,,51.5877,-2.9984
W072591,2026-01-08,SA3,Diazpam,Bensedin 10mg Diazepam,White,Tablet,Oral,"Relaxed, Memory Loss, Depression, Headache",Diazepam,,51.59142222222222,-4.136385185185185
W072592,2026-01-08,SA3,Diazepam 5mg,sedil diazpam BP 5mg,Orange,Tablet,Oral,"Memory Loss, Relaxed",Diazepam,,51.59142222222222,-4.136385185185185
W072593,2026-01-08,SA3,Galenika Diazepam 10mg,galeniika bensedin Diazepam 10mg,White,Tablet,Oral,"Relaxed, Headache, Memory Loss",Diazepam,,51.59142222222222,-4.136385185185185
W072429,2026-01-08,NW10,Alprazolam 1mg,ksalol galenika 1mg alprazolam,Blue,Tablet,Oral,No Effect,Ethylbromazolam,,51.53758571428572,-0.2431214285714285
W072549,2026-01-08,BN6,Klonazepam,galenika rivotril 2mg klonazepam,White,Tablet,Not Stated,Not Stated,Clonazepam,,50.92262,-0.14494
W072599,2026-01-08,CM11,Diazepam 10mg,accord diazepam 10mg,Blue,Tablet,Not Stated,Not Stated,Diazepam,,51.62107142857143,0.4470142857142857
W072559,2026-01-08,OX26,Diazepam,Diazepam,White,Tablet,Not Stated,Not Stated,Ethylbromazolam,,51.9,-1.1536
W072522,2026-01-13,BT51,diazepam ,martin dow diazepam,Blue,Tablet,Not Stated,Not Stated,Diazepam,,55.064172727272734,-6.6975181818181815
W072682,2026-01-13,BH14,Diazepam,Diazepam-10,White,Tablet,Not Stated,Not Stated,Diazepam,,50.7299,-1.9449
W072621,2026-01-13,NE35,valium,Not Stated,White,Tablet,Not Stated,Not Stated,Diazepam,,54.9503,-1.469
W072622,2026-01-13,NE35,zopiclone,Not Stated,White,Tablet,Not Stated,Not Stated,Diazepam,,54.9503,-1.469
W072545,2026-01-13,NE27,diazepam 10mg,bensedin 10mg (diazepam),White,Tablet,Oral,"Increased Confidence, Empathy, Relaxed, Agitation",Diazepam,,55.0339,-1.51085
W072700,2026-01-13,BT47,clorazepam,clorazepam rivotril 2mg,White,Tablet,Oral,"Euphoria, Relaxed",Clonazepam,,54.94983333333333,-7.084177777777778
W072647,2026-01-13,LA13,clonazpeam,galenika rivotril,White,Tablet,Not Stated,Not Stated,Clonazepam,,54.11367142857143,-3.193485714285714
W072663,2026-01-13,L8,diazepam,accord diazepam tablets ,White,Tablet,Not Stated,Not Stated,Diazepam,,53.4106,-2.9779
W072687,2026-01-13,LA2,klonopin,galenika,White,Tablet,Not Stated,Not Stated,Clonazepam,,54.05346590909091,-2.6209113636363637
W072597,2026-01-13,RM13,CLONAZEPAM,CLONAZEPAM,White,Tablet,Not Stated,Not Stated,Clonazepam,,51.5223,0.1936999999999999
W072703,2026-01-13,RG12,diazepam,martin dow,Blue,Tablet,Not Stated,Not Stated,Diazepam,,51.4007,-0.7635
W072702,2026-01-13,RG12,diazepam,martin dow,Blue,Tablet,Not Stated,Not Stated,Diazepam,,51.4007,-0.7635
W072666,2026-01-13,PR7,clonazepam,clonazepam neuraxpharm 2mg,White,Tablet,Not Stated,Not Stated,Clonazepam,,53.64461428571428,-2.6670142857142856
W072686,2026-01-13,LA2,klonopin,galenika,White,Tablet,Not Stated,Not Stated,Clonazepam,,54.05346590909091,-2.6209113636363637
W072785,2026-01-13,G74,alprazolam,ALP,White,Powder,Oral,"Euphoria, Relaxed",Ethylbromazolam,,55.76583333333334,-4.1700333333333335
W072786,2026-01-13,G74,etizolam,Not Stated,White,Powder,Oral,No Effect,Ethylbromazolam,,55.76583333333334,-4.1700333333333335
W072630,2026-01-13,W7,alprazolam,alprazolam,Blue,Tablet,Not Stated,Not Stated,Ethylbromazolam,,51.5118,-0.3358999999999999
W072567,2026-01-13,DH1,diazepam,accord diazepam 5mg,Yellow,Tablet,Not Stated,Not Stated,Diazepam,,54.77482,-1.56714
W072629,2026-01-13,CH65,Clonazepam,ritotril 2mg,White,Tablet,Not Stated,"Euphoria, Confusion",Clonazepam,,53.2787,-2.9013
W072660,2026-01-13,LS18,Diazepam 10mg,Diazepam 10mg,Blue,Tablet,Not Stated,Not Stated,Diazepam,,53.838,-1.6404
W072708,2026-01-13,CV9,Diazepam,Diazepam valium,Blue,Tablet,Oral,"No Effect, Agitation",Diazepam,,52.593988888888894,-1.561288888888889
W072569,2026-01-13,SR3,Diazepam,Accord Diazepam 5mg,Yellow,Tablet,Not Stated,Not Stated,Diazepam,,54.874233333333336,-1.4153666666666669
W072718,2026-01-13,BH89,Diazepam,Zeepam (diazepam),Blue,Tablet,Not Stated,Not Stated,Diazepam,,50.7568,-1.8194
W072649,2026-01-13,LA13,Clonazepam,Galenika Rivotril,White,Tablet,Not Stated,Not Stated,Clonazepam,,54.11367142857143,-3.193485714285714
W072651,2026-01-13,LA13,Clonazepam,galenika Rivotril,White,Tablet,Not Stated,Not Stated,Clonazepam,,54.11367142857143,-3.193485714285714
W072650,2026-01-13,LA13,Clonazepam,galenika rivotril,White,Tablet,Not Stated,Not Stated,Clonazepam,,54.11367142857143,-3.193485714285714
W072667,2026-01-13,PR7,diazepam,diazepam 10mg teva,Blue,Tablet,Not Stated,Not Stated,Diazepam,,53.64461428571428,-2.6670142857142856
W072603,2026-01-13,FK7,valium,Valium,Blue,Tablet,Oral,"Relaxed, Breathlesness, Nausea, Confusion, Insomnia, Stomach pains, Dry nose",Ethylbromazolam,,56.0861125,-3.9108875
W072534,2026-01-13,ML3,Diazepam,bensedin 10mg,White,Tablet,Oral,"Increased Confidence, Relaxed, Memory Loss",Diazepam,,55.76254285714286,-4.045457142857143
W072648,2026-01-13,LA13,Clonazepam,Galenika rivotril,White,Tablet,Not Stated,Not Stated,Clonazepam,,54.11367142857143,-3.193485714285714
000234330,2026-01-13,CF10,Diazepam 10mg,Diazepam 10mg,Blue,Tablet,Not Stated,Relaxed,Ethylbromazolam,,51.48,-3.18
W072690,2026-01-13,TS80,Diazepam,Bensedin 10mg,White,Tablet,Not Stated,Not Stated,Diazepam,,54.51546,-1.24278
W072501,2026-01-13,NG86,diazepam,teva diazepam 10mg,Blue,,Not Stated,Not Stated,Diazepam,,52.9648,-1.2132
W072595,2026-01-13,TN22,Diazepam valium 10mg,valium 10mg,White,Tablet,Oral,Not Stated,Diazepam,,50.97995714285714,0.0973238095238095
W072596,2026-01-13,TN22,Diazepam 5mg,Valium 5mg,White,Tablet,Oral,Relaxed,Diazepam,,50.97995714285714,0.0973238095238095
W072517,2026-01-13,RG18,Diazepam,teva 10mg diazepam,Blue,Tablet,Oral,"Empathy, Relaxed",Diazepam,,51.4469,-1.244711111111111
W072631,2026-01-13,CH65,Clonazepam 2mg,pase 2 BP2 me,Yellow,Tablet,Oral,"Euphoria, Confusion",Clonazepam,,53.2787,-2.9013
W068910,2026-01-13,NE29,ksalol aprazolam 1mg ,alprazolam galenika pharmacaticacs,Blue,Tablet,Not Stated,Not Stated,Alprazolam,,55.0165,-1.4493
W072778,2026-01-15,BR2,Zolpidem,Zolpidem Teva,White,Tablet,Oral,No Effect,Ethylbromazolam,,51.370025,0.02375
W072830,2026-01-15,DD1,DIAZEPAM,Not Stated,White,Tablet,Not Stated,Not Stated,Medetomidine,,56.461,-2.9766
W072723,2026-01-15,PR3,CLONAZEPAM,GALENIKA RIVO 2MG,White,Tablet,Not Stated,Not Stated,Clonazepam,,53.903882857142854,-2.707102857142857
W072810,2026-01-15,BN25,VALIUM,MARTIN DOW,Blue,Tablet,Not Stated,Not Stated,"Metonitazene, Bromazolam",,50.7807,0.095625
W072693,2026-01-15,KA14,Diazepam,Not Stated,,,Not Stated,Not Stated,Diazepam,,55.7393,-4.6776
W072779,2026-01-15,BR2,Diazepam,Bensedin (Diazepam),White,Tablet,Oral,No Effect,"Ethylbromazolam, Bromazolam",,51.370025,0.02375
W072685,2026-01-15,LA2,Klonopin,Galenika,White,Tablet,Not Stated,Not Stated,Clonazepam,,54.05346590909091,-2.6209113636363637
W072638,2026-01-15,HA3,Xanax,Ksalol Galenika,White,Tablet,Not Stated,Not Stated,Alprazolam,,51.59936666666667,-0.3307333333333333
W072714,2026-01-15,N14,Valium,accord Diazepam,Blue,Tablet,Not Stated,Not Stated,Ethylbromazolam,,51.63298,-0.13062
W072766,2026-01-15,CW9,Alprazolam,Ksalol,Blue,Tablet,Not Stated,Not Stated,Alprazolam,,53.264406666666666,-2.5003200000000003
W072715,2026-01-15,N14,Rivotril,Not Stated,White,Tablet,Not Stated,Not Stated,Ethylbromazolam,,51.63298,-0.13062
W072639,2026-01-15,HA3,Xanax,Ksalol Galenika,White,Tablet,Not Stated,Not Stated,Alprazolam,,51.59936666666667,-0.3307333333333333
W072855,2026-01-19,CF14,Clonazepam,Clonazepam alissa 2mg,White,Tablet,Not Stated,Not Stated,Clonazepam,,51.5199,-3.204
W072976,2026-01-19,PA23,benzodiazepam 10mg,valium 10mg martin dow,Blue,Tablet,Oral,"Itching, Relaxed",Diazepam,,55.988997142857144,-4.98592
000236830,2026-01-19,CF63,Midazolam,7.5mg,White,Capsule,Oral,"Relaxed, Confusion, Panic Attack",Midazolam,,51.4172,-3.2614
000234771,2026-01-19,CF37,Valium,Valium,Blue,Tablet,Oral,"Relaxed, Breathlesness, Paranoia, Confusion, Loss of consciousness",Ethylbromazolam,,51.613815384615386,-3.3598076923076925
W072645,2026-01-19,HU3,Diazepam 5mg,accord 5mg diazepam,Yellow,Tablet,Not Stated,Not Stated,Diazepam,,53.7446,-0.3353
W072834,2026-01-19,SE16,Xanax Alprazolam 0.5mg,Not Stated,Pink,Tablet,Not Stated,Not Stated,Alprazolam,,51.49742,-0.0528
W072895,2026-01-19,EH52,Street diazepam,Not Stated,White,Tablet,Oral,Not Stated,Paracetamol,Etizolam,55.9358,-3.4882625
W072910,2026-01-19,DD83,Xanax,Not Stated,Orange,Tablet,Not Stated,Not Stated,Alprazolam,,56.61369895833334,-2.9763291666666665
W072983,2026-01-19,G40,Diazepam,Not Stated,Blue,Tablet,Oral,"Relaxed, Memory Loss, Depression",Bromazolam,,55.8485,-4.2235
W072851,2026-01-19,UB5,Xanax,Xanax,Red,Tablet,Oral,"Increased Confidence, Relaxed, Memory Loss",Caffeine,Rilmazafone,51.5486,-0.3678
W072868,2026-01-19,S40,diazepam,Diazepam 5mg (teva),Yellow,Tablet,Not Stated,Not Stated,Diazepam,,53.234,-1.4462
000234118,2026-01-19,NP20,Diazepam,Not Stated,White,Tablet,Not Stated,Not Stated,Diazepam,Phenacetin,51.5877,-2.9984
W072892,2026-01-19,BN6,klonazepam,Rivotril galenika klonazepam,White,Tablet,Not Stated,Not Stated,Clonazepam,,50.92262,-0.14494
W072783,2026-01-19,E2,Alprazolam,alprazolam,White,Tablet,Oral,No Effect,UR-144,,51.5386,-0.055525
W072675,2026-01-19,S11,heroin,heroin,Brown,Powder,Smoked,"Euphoria, Empathy, Auditory Hallucinations, Relaxed, Chest Pains, Nausea, Confusion, Panic Attack, Agitation, Insomnia","Heroin, Noscapine, 6-Acetylcodeine, 6-MAM","Papaverine, Diazepam",53.3608,-1.5084
W072676,2026-01-19,S11,Heroin,heroin,Brown,Powder,Smoked,"Euphoria, Increased Confidence, Empathy, Auditory Hallucinations, Relaxed, Loss of consciousness","Heroin, Noscapine, 6-MAM, 6-Acetylcodeine","Diazepam, Papaverine, Paracetamol, Phenacetin, Caffeine",53.3608,-1.5084
W072869,2026-01-19,M14,Diazepam,Accord Diazepam,Blue,Tablet,Not Stated,Not Stated,Ethylbromazolam,,53.4482,-2.2257
W072816,2026-01-19,ML3,Valium,valium,White,Tablet,Oral,"Increased Confidence, Increased Stamina, Empathy, Relaxed, Memory Loss",Clonazolam,,55.76254285714286,-4.045457142857143
W071540,2026-01-23,ST16,Diazepam 10mg,Diazepam 10mg accord,Blue,Tablet,Not Stated,Not Stated,Diazepam,,52.8052,-2.1164
W072864,2026-01-23,SE15,valium,valium,Blue,Tablet,Not Stated,Not Stated,Diazepam,,51.470175,-0.060325
W072986,2026-01-23,M16,Diazepam,martin dows,Blue,Tablet,Not Stated,Not Stated,Diazepam,,53.4551,-2.2645
W072987,2026-01-23,M16,Alprazolam,Ksalol,Blue,Tablet,Not Stated,Not Stated,Ethylbromazolam,,53.4551,-2.2645
W072984,2026-01-23,SE4,Diazepam,Diazepam wispa,Blue,Tablet,Not Stated,Not Stated,Diazepam,,51.46099999999999,-0.0352
000237878,2026-01-23,CF41,Diazepam,Not Stated,Blue,Tablet,Oral,"Paranoia, Confusion",Ethylbromazolam,,51.6543,-3.4913
000236469,2026-01-23,NP4,Diazepam,Not Stated,Blue,Tablet,Oral,Not Stated,Ethylbromazolam,,51.718515789473685,-3.030521052631579
000236826,2026-01-23,CF64,diazepam 10mg,Bensedin,White,Tablet,Not Stated,No Effect,Bromazolam,,51.42878,-3.21045
W072508,2026-01-23,BT16,Alprazolam,Alprazolam,White,Tablet,Not Stated,Not Stated,Alprazolam,,54.58765,-5.8656500000000005
000239601,2026-01-23,CF10,Valium,Valium,Blue,Tablet,Oral,Not Stated,Ethylbromazolam,Bromazolam,51.48,-3.18
W073041,2026-01-23,SA43,Diazepam,Diazepam,Blue,Tablet,Not Stated,Not Stated,Bromazolam,Metonitazene,52.07603076923077,-4.6376
000236829,2026-01-23,CF64,Xanax,alprazolam,White,Tablet,Not Stated,Relaxed,Alprazolam,,51.42878,-3.21045
W073008,2026-01-23,NG18,Diazepam 10mg,Galenika bensedin bl4cksven ,White,Tablet,Oral,"Increased Confidence, Relaxed, Memory Loss",Diazepam,,53.1333,-1.2
W072961,2026-01-23,BT28,MSJ,MSJ,Yellow,Tablet,Not Stated,Increased Strength,Methylclonazepam,,54.5421,-6.1562
W073059,2026-01-23,PA12,Blues,Bensedin,White,Tablet,Not Stated,Not Stated,Diazepam,,55.7952,-4.6303
W071542,2026-01-23,ST16,Diazepam 10mg,Diazepam 10mg accord,Blue,Tablet,Not Stated,Not Stated,Diazepam,,52.8052,-2.1164
W071544,2026-01-23,ST16,Diazepam 10mg accord,diazepam 10mg accord,Blue,Tablet,Not Stated,Not Stated,Diazepam,,52.8052,-2.1164
W067941,2026-01-23,NR4,Alprazolam,Alprazolam,Yellow,Tablet,Not Stated,Not Stated,Alprazolam,,52.61646,1.24368
W073042,2026-01-23,SA11,Diazepam,MSJ,Blue,Tablet,Oral,Relaxed,Ethylbromazolam,,51.70800714285714,-3.6944071428571426
W072971,2026-01-23,TN35,Alprazolam,ksalol alprazolam 1mg,Blue,Tablet,Not Stated,Not Stated,Alprazolam,,50.88907777777777,0.6249888888888889
100004527,2026-01-23,,Unknown,Not Stated,,,Not Stated,Not Stated,Alprazolam,,0.0,0.0
W072897,2026-01-23,PL97,Midazolam 7.5mg,Midazolam benquil 7.5mg,White,Tablet,Oral,"Relaxed, Memory Loss, Confusion",Midazolam,,50.34709090909091,-4.0945
W072903,2026-01-23,CF45,Diazepam,Diazepam,Blue,Tablet,Not Stated,Relaxed,Diazepam,,51.66452,-3.3537
W072881,2026-01-23,OX26,Xanax,Xanax,White,Tablet,Not Stated,Not Stated,"Caffeine, Clobromazolam",,51.9,-1.1536
W072876,2026-01-23,NN56,Accord Diazepam,Accord Diazepam,Yellow,Tablet,Oral,"Euphoria, Increased Confidence, Enhanced Senses",Diazepam,,52.242575,-0.93795
W072951,2026-01-23,NN56,Diazepam 5mg,Accord diazepam 5mg,Yellow,Tablet,Oral,"Euphoria, Increased Energy, Increased Confidence, Relaxed",Diazepam,,52.242575,-0.93795
000236459,2026-01-23,NP4,Diazepam,Diazepam,Blue,Tablet,Not Stated,Not Stated,Diazepam,,51.718515789473685,-3.030521052631579
W073048,2026-01-23,BS6,Diazepam 10mg,Diazepam 10mg,Blue,Tablet,Oral,Relaxed,Diazepam,,51.465599999999995,-2.599066666666667
W073021,2026-01-23,PA67,Diazepam 10mg,diazepam 10mg,Blue,Tablet,Oral,"Euphoria, Increased Energy, Increased Confidence, Empathy",Diazepam,,56.3143,-6.232785714285714
W071543,2026-01-23,ST16,diazepam 5mg accord,diazepam 5mg accord,Yellow,Tablet,Not Stated,Not Stated,Diazepam,,52.8052,-2.1164
W073047,2026-01-23,BS6,Diazepam 10mg,Diazepam 10mg,Blue,Tablet,Oral,Relaxed,Diazepam,,51.465599999999995,-2.599066666666667
W072926,2026-01-23,CA48,Diazepam,martin dow pakistani diazepam,Black,Tablet,Not Stated,Not Stated,Diazepam,,54.845034375,-2.7998625
W073144,2026-01-26,LD8,valium,Diazepam,White,Tablet,Oral,Relaxed,Diazepam,,52.262570833333335,-3.0537541666666663
000239602,2026-01-26,NP1,Valium ,valium 10mg,Blue,Tablet,Oral,"Increased Energy, Increased Confidence, Relaxed",Diazepam,,,
W073117,2026-01-26,LD8,Valium,Not Stated,Yellow,Tablet,Oral,"Relaxed, Anxiety",Diazepam,,52.262570833333335,-3.0537541666666663
W073143,2026-01-26,SW33,Diazepam 10mg,diazepam 10mg,White,Tablet,Oral,No Effect,Ethylbromazolam,,51.487975000000006,-0.165875
W073138,2026-01-26,PL18,Diazepam,Valium (diazepam),Blue,Tablet,Oral,Relaxed,Diazepam,,50.5103,-4.209883333333334
W073046,2026-01-26,TR18,Diazepam,Diazepam,Blue,Tablet,Not Stated,Not Stated,Diazepam,,50.120720000000006,-5.537180000000001
W073136,2026-01-26,SA12,valium,Bensedin,White,Tablet,Not Stated,Not Stated,Diazepam,,51.61181666666667,-3.7703
W073116,2026-01-26,LO8,Valium,Diazepam,Blue,Tablet,Oral,Relaxed,Diazepam,,,
W073103,2026-01-26,NP20,Xanax,Not Stated,Grey,Tablet,Oral,Not Stated,Alprazolam,,51.5877,-2.9984
W073134,2026-01-26,SA1,Xanax,Ksalol,White,Tablet,Not Stated,Not Stated,Alprazolam,,51.633979999999994,-3.94848
W073150,2026-01-26,D11,Xanax /alprazolam,Rlam,White,Tablet,Not Stated,Not Stated,Methylclonazepam,,,
W073125,2026-01-26,LL11,Xanax ( alprazolam),Not Stated,White,Tablet,Not Stated,Not Stated,Ethylbromazolam,,53.064506666666674,-3.052973333333333
W073164,2026-01-26,TD9,diazepam,Diazepam,White,Tablet,Oral,"Euphoria, Relaxed",Diazepam,,55.39354782608696,-2.707571739130435
W073167,2026-01-26,DD8,Alprazolam,Alprazolam (rlam-1),White,Tablet,Not Stated,Not Stated,Alprazolam,,56.61369895833334,-2.9763291666666665
W073222,2026-01-26,E9,Diazepam,diazepam,White,Tablet,Not Stated,Not Stated,Diazepam,,51.5394,-0.0414
W073129,2026-01-26,AL5,Diazepam,Diazepam (bensedin 10mg),White,Tablet,Oral,Relaxed,Diazepam,,51.8168,-0.3571
W073213,2026-01-26,TS18,wobbly eggs,remestan,Colourless,,Oral,"Empathy, Auditory Hallucinations, Relaxed, Breathlesness, Chest Pains, Irregular Heartbeat, Nausea, Vomiting, Paranoia, Memory Loss, Confusion, Panic Attack, Agitation",Temazepam,,54.5613,-1.3243
W073259,2026-01-26,FY3,Valium,Not Stated,Blue,Tablet,Not Stated,Not Stated,Alprazolam,,53.8119,-3.0226
W073212,2026-01-26,WA4,Diazepam 10mg,Martin dow diazepam,Blue,Tablet,Oral,"Increased Confidence, Nausea",Diazepam,,53.34801875,-2.583875
W073113,2026-01-26,W3,Xanax,Maprazax/ alprazolam,Grey,Tablet,Oral,Not Stated,Alprazolam,,51.51048333333333,-0.2657166666666666
W073202,2026-01-26,B32,Diazepam ,Martin dow Valium,Blue,Tablet,Not Stated,Not Stated,Diazepam,,52.4326,-1.99735
W073026,2026-01-26,CR01,Xanax,Ksalol xanax 1mg,Blue,Tablet,Not Stated,Not Stated,Alprazolam,,51.3703,-0.060975
W073184,2026-01-26,SE14,Diazepam,Diazepam,Blue,Tablet,Not Stated,Not Stated,Diazepam,,51.47646666666666,-0.0322333333333333
W073056,2026-01-26,B14,Clonazepam,ritotril 2mg (radiant pharma),White,Tablet,Not Stated,Not Stated,Clonazepam,,52.4174,-1.8898
W073011,2026-01-26,DE22,10mg Diazepam,Diazepam 10mg kade 10,White,Tablet,Not Stated,Not Stated,Diazepam,,52.9531,-1.521125
W073156,2026-01-26,BH14,Diazepam,Diazepam,Blue,Tablet,Not Stated,Not Stated,Diazepam,,50.7299,-1.9449
W073054,2026-01-26,B14,Clonazepam,Galenika clonazepam 2mg,White,Tablet,Not Stated,Not Stated,Clonazepam,,52.4174,-1.8898
W073075,2026-01-26,EH48,Heroin,Not Stated,Brown,Powder,Snort / Sniff,Overdose,"Noscapine, Paracetamol, Diazepam, Caffeine, Etonitazene, Heroin","6-MAM, Papaverine",55.91305714285714,-3.6746285714285714
000238680,2026-01-26,NP22,diazepam,Diazepam,Blue,Tablet,Oral,"Visual Hallucinations, Breathlesness, Chest Pains, Memory Loss, Loss of consciousness",Diazepam,,51.7725,-3.2468
W073102,2026-01-26,BN25,Valium,Martin dow,Blue,Tablet,Oral,Relaxed,"Metonitazene, Bromazolam",,50.7807,0.095625
W073108,2026-01-26,ML66,10mg valium,valium 10mg martin dow,Blue,Tablet,Not Stated,Not Stated,Diazepam,,55.876992307692305,-3.925407692307692
W073107,2026-01-26,ML66,10mg valium,10mg valium martin dow,Blue,Tablet,Not Stated,Not Stated,Diazepam,,55.876992307692305,-3.925407692307692
W073086,2026-01-26,CH35,Diazepam,Bensedin galenika 10mg,White,Tablet,Oral,Not Stated,Diazepam,,53.154448571428574,-2.80734
W073072,2026-01-26,ML66,Lorazepam 2mg,Lorazepam 2mg Lora-2,White,Tablet,Not Stated,Not Stated,Lorazepam,,55.876992307692305,-3.925407692307692
W073071,2026-01-26,ML66,Lorazepam 2mg,"lorazepam 2mg, lora-2",White,Tablet,Not Stated,Not Stated,Lorazepam,,55.876992307692305,-3.925407692307692
W073065,2026-01-26,ML66,valium martin dow,10mg diazepam valium,Blue,Tablet,Not Stated,Not Stated,Diazepam,,55.876992307692305,-3.925407692307692
W073066,2026-01-26,ML66,Valium martin dow,10mg diazepam,Blue,Tablet,Not Stated,Not Stated,Diazepam,,55.876992307692305,-3.925407692307692
W073064,2026-01-26,ML66,Valium 10mg,valium matrin dow,Blue,Tablet,Oral,Relaxed,Diazepam,,55.876992307692305,-3.925407692307692
W073122,2026-01-26,KA14,Xanax (alprazolam),Xanax (alprazolam),Pink,Tablet,Not Stated,Not Stated,Alprazolam,,55.7393,-4.6776
W073166,2026-01-26,M263,Xanax 1mg,Xanax 1mg,White,Tablet,Not Stated,Not Stated,Ethylbromazolam,,53.55,-2.3333
000236824,2026-01-26,CF63,diazepam,Not Stated,Blue,Tablet,Oral,Chest Pains,Diazepam,,51.4172,-3.2614
W073106,2026-01-26,ML66,10mg valium,10mg valium martin dow,Blue,Tablet,Not Stated,Not Stated,Diazepam,,55.876992307692305,-3.925407692307692
W073165,2026-01-26,M263,Diazepam 10mg,MSJ 10mg Diazepam,Blue,Tablet,Not Stated,Not Stated,Ethylbromazolam,,53.55,-2.3333
W073188,2026-01-28,E2,Diazepam 10mg,accord Diazepam 10mg,Blue,Tablet,Oral,Relaxed,Diazepam,,51.5386,-0.055525
W073121,2026-01-28,EX39,Diazepam 10mg,Diazepam 10mg,Blue,Tablet,Oral,"Increased Energy, Empathy, Relaxed",Diazepam,,50.99405869565218,-4.261958695652174
W073131,2026-01-28,NG10,diazepam,valium,Blue,Tablet,Not Stated,Not Stated,Diazepam,,52.901475,-1.287175
W073249,2026-01-28,PA11,diazepam,5mg diazepam,Yellow,Tablet,Oral,"Increased Energy, Increased Confidence, Enhanced Senses, Increased Strength, Empathy, Irregular Heartbeat, Memory Loss, Confusion, Agitation, Insomnia",Diazepam,,55.85,-4.5833
W073345,2026-01-28,NP20,valium/diazepam,bensedin,White,Tablet,Not Stated,Not Stated,Diazepam,,51.5877,-2.9984
W073333,2026-01-28,CW9,Valium,martin dow ,Blue,Tablet,Not Stated,Not Stated,Diazepam,,53.264406666666666,-2.5003200000000003
W073307,2026-01-28,BN11,Diazepam (valiume),Diazepam (valiume),Blue,Tablet,Oral,Relaxed,Diazepam,,50.81425,-0.38285
W072942,2026-01-28,SE13,Diazepam 10mg,Diazepam 10mg,Blue,Tablet,Not Stated,Not Stated,Diazepam,,51.4643,-0.0119
W073037,2026-01-28,N8,diazepam,Elikem elipam,White,Tablet,Not Stated,Not Stated,Diazepam,,51.58336666666667,-0.1158333333333333
W073292,2026-01-28,WV10,Diazepam,Crescent diazepam 10mg,Blue,Tablet,Not Stated,Not Stated,Diazepam,,52.651114285714286,-2.101428571428571
W073251,2026-01-28,HA3,Alprazolam,Ksalol galenika,White,Tablet,Not Stated,Not Stated,Alprazolam,,51.59936666666667,-0.3307333333333333
W073223,2026-01-28,DD4,Diazepam ,Not Stated,White,Tablet,Oral,"Euphoria, Increased Energy, Increased Confidence, Increased Stamina, Increased Strength, Relaxed, Memory Loss, Confusion, Panic Attack",Bromazolam,,56.490550000000006,-2.9407833333333335
W073201,2026-01-28,CM23,diazepam,martin dow valium,Blue,Tablet,Not Stated,Not Stated,Diazepam,,51.89539,0.15618
W073286,2026-01-28,DG1,Diazepam 5mg,Diazepam 5mg (protarma),White,Tablet,Not Stated,Not Stated,Diazepam,,55.0743962962963,-3.5466296296296296
W073172,2026-01-28,CO11,diazepam 10mg,Bensein tablet 10mg galenika,White,Tablet,Not Stated,Not Stated,Ethylbromazolam,,51.93195,1.0912416666666669
W073197,2026-01-28,E18,Alprazolam,ER Pfizer Xanax Xr-2mg,White,Tablet,Oral,"Euphoria, Relaxed, Memory Loss",Ethylbromazolam,,51.5923,0.0225
W068911,2026-01-28,NE29,alprazolam 1mg,Ksaol alprazolam 1mg galenika pharmacuticals,Blue,Tablet,Not Stated,Not Stated,Alprazolam,,55.0165,-1.4493
W073119,2026-01-28,RG31,Diazepam,Diazepam (accord),Yellow,Tablet,Oral,"Relaxed, No Effect",Diazepam,,51.4513,-1.046266666666667
000234131,2026-01-28,NP20,Unknown,Not Stated,White,Tablet,Not Stated,Not Stated,Diazepam,,51.5877,-2.9984
W073234,2026-01-28,AB25,Diazepam,diazepam,White,Tablet,Not Stated,Not Stated,Diazepam,,57.1437,-2.0981
000234124,2026-01-28,NP20,Diazepam,Not Stated,White,Tablet,Not Stated,Not Stated,Diazepam,,51.5877,-2.9984
W073298,2026-01-28,NW5,Zolpidem,Zoplidem,White,Tablet,Oral,Not Stated,Ethylbromazolam,,51.5517,-0.1413
W073221,2026-01-28,GU16,temazepam,teva temazepam 20mg,White,Tablet,Not Stated,Not Stated,Ethylbromazolam,,51.298275,-0.71955
W073252,2026-01-28,HA3,Alprazolam,Ksalol galenika,White,Tablet,Not Stated,Not Stated,Alprazolam,,51.59936666666667,-0.3307333333333333
000231927,2026-01-28,SY22,Diazepam 10mg,Bensedin,White,Tablet,Oral,"Increased Confidence, Increased Stamina, Increased Libido, Increased Strength, Confusion",Ethylbromazolam,,52.72475,-3.2291958333333337
W073216,2026-01-28,BD4,Diazepam ,valium 10mg,Blue,Tablet,Oral,Not Stated,Diazepam,,53.770725,-1.729375
W073422,2026-02-03,SW1V,Alprazolam,Xanax tablets,White,Tablet,Oral,No Effect,Alprazolam,,51.5085,-0.1257
W073448,2026-02-03,NW10,Diazepam,Not Stated,Blue,Tablet,Not Stated,Not Stated,Diazepam,,51.53758571428572,-0.2431214285714285
W073437,2026-02-03,YO43,Diazepam,Bensedin Galenika,White,Tablet,Oral,No Effect,Ethylbromazolam,,53.825199999999995,-0.64142
000236844,2026-02-03,CF10,Valium,Valium,Blue,Tablet,Oral,Not Stated,Diazepam,,51.48,-3.18
W073446,2026-02-03,NW10,Diazepam,Not Stated,White,Tablet,Not Stated,Not Stated,Diazepam,,51.53758571428572,-0.2431214285714285
W073440,2026-02-03,NW1,Valium,Bensedin Galenika,White,Tablet,Not Stated,Not Stated,Diazepam,,51.52988181818182,-0.1471818181818182
W073394,2026-02-03,N8,Alprazolam,Alprazolam,White,Tablet,Not Stated,Not Stated,Tramadol,,51.58336666666667,-0.1158333333333333
W073317,2026-02-03,CH5,Clonazepam,Clonazepam,White,Tablet,Not Stated,Not Stated,Clonazepam,,53.19930000000001,-3.03614
W073316,2026-02-03,CH5,Diazepam,Diazepam,Blue,Tablet,Not Stated,Not Stated,Ethylbromazolam,,53.19930000000001,-3.03614
W073418,2026-02-03,WA9,Diazepam,Roche Diazepam,Blue,Tablet,Not Stated,Not Stated,Diazepam,,53.426433333333335,-2.7348666666666666
W073442,2026-02-03,NW1,Valium,Martin Roche Valium,Blue,Tablet,Not Stated,Not Stated,Diazepam,,51.52988181818182,-0.1471818181818182
100004531,2026-02-03,WA14,Diazepam,ACCORD diazepam 10mg,Blue,Tablet,Oral,"Tiredness, Relaxed",Ethylbromazolam,,53.38524,-2.36554
W073370,2026-02-03,SS0,Diazepam,Diazepam,Yellow,Tablet,Not Stated,Not Stated,Diazepam,,51.54745,0.6974
W073441,2026-02-03,NW1,Diazepam ,martin roche valium,Blue,Tablet,Not Stated,Not Stated,Diazepam,,51.52988181818182,-0.1471818181818182
W073402,2026-02-03,SA12,Valium,Bensedin,White,Tablet,Not Stated,Not Stated,Diazepam,,51.61181666666667,-3.7703
W073180,2026-02-03,SS0,Xanax,Xanax,Pink,Tablet,Not Stated,Not Stated,Alprazolam,,51.54745,0.6974
000237880,2026-02-03,CF72,Diazepam,Accord Diazepam,Blue,Tablet,Oral,"Relaxed, Agitation",Bromazolam,,51.530146153846154,-3.408415384615384
W073287,2026-02-03,LE15,Clobromazolam Raw Powder,UK Logistics TOR,Yellow,Powder,Not Stated,Not Stated,Clobromazolam,,52.64713725490195,-0.6979862745098039
W073410,2026-02-03,W84B,Lorazepam 2mg,Not Stated,White,Tablet,Not Stated,Not Stated,Lorazepam,,,
W073556,2026-02-03,OL42,Xanax,Alpzar,White,Tablet,Not Stated,Not Stated,Alprazolam,,53.54999999999999,-2.0667
W073445,2026-02-03,NE6,Diazepam,Bensedin,White,Tablet,Not Stated,Not Stated,Diazepam,,54.9775,-1.5656
000236213,2026-02-03,CF83,Xanax,Xanax Alprazolam,Pink,Tablet,Oral,"Euphoria, Relaxed",Alprazolam,,51.59288333333333,-3.2333833333333337
W073485,2026-02-03,GL53,Lorazepam,Lora-2,White,Tablet,Not Stated,Not Stated,Lorazepam,,51.8192,-2.05427
W073346,2026-02-03,CM1,Xanax,Not Stated,White,Tablet,Not Stated,Not Stated,Ethylbromazolam,,51.76435714285714,0.4079
W073486,2026-02-03,PL26,Diazepam,Galenika Bensedin Diazepam,White,Tablet,Not Stated,Not Stated,Diazepam,,50.34738918918919,-4.827086486486486
W073358,2026-02-03,PH1,Valium,Not Stated,Blue,Tablet,Not Stated,Not Stated,Bromazolam,,56.43174736842105,-3.4980552631578945
W073369,2026-02-03,SS0,Diazepam,Diazepam,Yellow,Tablet,Not Stated,Not Stated,Diazepam,,51.54745,0.6974
W073403,2026-02-03,GU16,Temazepam,Teva Temazepam,White,Tablet,Not Stated,Not Stated,Ethylbromazolam,,51.298275,-0.71955
000236845,2026-02-03,CF63,Bensedin,Bensedin,White,Tablet,Oral,Relaxed,Diazepam,,51.4172,-3.2614
000237884,2026-02-03,CF72,Diazepam,Diazepam Elipam,White,Tablet,Oral,"Relaxed, Paranoia, Agitation, Tiredness",Diazepam,,51.530146153846154,-3.408415384615384
W073542,2026-02-03,S70,Diazepam,Diazepam Accord,Blue,Tablet,Oral,"Euphoria, Empathy, Relaxed, Depression",Ethylbromazolam,,53.53123333333334,-1.4773333333333334
W073433,2026-02-03,BN10,Alprazolam,Alprazolam,Blue,Tablet,Not Stated,Not Stated,Alprazolam,,50.7927,-0.0065
W073491,2026-02-03,E97R,Alprazolam,Ksalol Alprazolam,Blue,Tablet,Not Stated,Not Stated,Ethylbromazolam,,,
W073553,2026-02-03,OL42,Xanax,Alpzar,White,Tablet,Not Stated,Not Stated,Alprazolam,,53.54999999999999,-2.0667
W073414,2026-02-03,SA1,Diazepam 10mg,diazepam 10mg,Blue,Tablet,Oral,"Increased Confidence, Relaxed, Chest Pains, Irregular Heartbeat",Diazepam,,51.633979999999994,-3.94848
W073233,2026-02-03,LS6,Alprazolam,Aprax xr2,Yellow,Tablet,Oral,"Increased Confidence, Relaxed",Alprazolam,,53.8201,-1.5704
W073415,2026-02-03,SA1,Lorazepam 2mg,Lorazpem 2mg,Blue,Tablet,Oral,"Empathy, Relaxed, Irregular Heartbeat, Confusion",Lorazepam,,51.633979999999994,-3.94848
W073393,2026-02-03,N8,Diazepam,Diazepam,White,Tablet,Not Stated,Not Stated,Bromazolam,,51.58336666666667,-0.1158333333333333
W072980,2026-02-03,SA1,valium,MSJ,Blue,,Not Stated,Not Stated,Ethylbromazolam,,51.633979999999994,-3.94848
W073374,2026-02-03,HU3,10mg Diazepam,Galenika Bensedin Diazepam,White,Tablet,Not Stated,Not Stated,Diazepam,,53.7446,-0.3353
000239603,2026-02-03,NP23,Valium,Not Stated,White,Tablet,Not Stated,Not Stated,Ethylbromazolam,,51.7771,-3.2079
000238824,2026-02-03,CF83,Suspected valium,Valium diazepam,Blue,,Oral,"No Effect, Relaxed, Breathlesness",Ethylbromazolam,,51.59288333333333,-3.2333833333333337
000238823,2026-02-03,CF83,Suspected valium,valium,Blue,Tablet,Not Stated,"Relaxed, Breathlesness, Chest Pains",Ethylbromazolam,,51.59288333333333,-3.2333833333333337
W073367,2026-02-03,W7,Alprazolam,Alprazolam,"White, Yellow",Tablet,Not Stated,Not Stated,Alprazolam,,51.5118,-0.3358999999999999
W073342,2026-02-03,PR4,Diazepam,Accord Diazepam,Blue,Tablet,Not Stated,Not Stated,Ethylbromazolam,,53.755025714285715,-2.8387542857142853
W073294,2026-02-03,BN3,Diazepam,Diazepam,Blue,Tablet,Oral,"Relaxed, Memory Loss",Diazepam,,50.836725,-0.179625
W073270,2026-02-03,PR4,Diazepam 10mg,Bensedin,"White, Purple",Tablet,Oral,"Euphoria, Relaxed, Breathlesness, Paranoia, Loss of consciousness, Agitation",No Active Component Identified,,53.755025714285715,-2.8387542857142853
W073271,2026-02-03,PR4,Diazepam 10mg,Diazpam 10mg,White,Tablet,Oral,"Euphoria, Relaxed",Ethylbromazolam,,53.755025714285715,-2.8387542857142853
W073274,2026-02-03,SK23,valium,diazepam,White,Tablet,Not Stated,Not Stated,Diazepam,,53.33156666666667,-1.9448333333333336
W073313,2026-02-03,E3,Xanax/ alprazolam,Not Stated,White,Tablet,Not Stated,Not Stated,"Bromazolam, Tramadol",,51.527657142857144,-0.0265714285714285
W073311,2026-02-03,E34,Valium diazpeam,Not Stated,Blue,Tablet,Not Stated,Not Stated,Ethylbromazolam,,,
W073254,2026-02-03,N16,Diazepam,Not Stated,White,Tablet,Not Stated,Not Stated,Diazepam,,51.5625,-0.074
W073350,2026-02-03,DH1,Diazepam,Accord diazepam 5mg,Yellow,Tablet,Not Stated,Not Stated,Diazepam,,54.77482,-1.56714
W073382,2026-02-03,OL42,Xanax 1mg,Alpzar 1mg,White,Tablet,Oral,"Euphoria, Relaxed, Memory Loss","Chlorpheniramine, Diazepam",,53.54999999999999,-2.0667
W073330,2026-02-03,SW17,Diazepam,Bensedin (diazepam),White,Tablet,Not Stated,Not Stated,Diazepam,,51.4307,-0.1647
W073416,2026-02-03,SA1,Alprazolam xanax 1mg,Alprazolam xanax 1mg,Blue,Tablet,Not Stated,"Euphoria, Auditory Hallucinations, Relaxed, Paranoia, Memory Loss",Alprazolam,,51.633979999999994,-3.94848
W073427,2026-02-03,E8,Diazepam,Diazepam,Blue,Tablet,Oral,"Increased Confidence, Enhanced Senses, Relaxed, Memory Loss, Confusion",Diazepam,,51.548,-0.0629
W073281,2026-02-03,BS40,Clonzaepam rivotril 2mg,Clonazepam ritotril 2mg,White,Tablet,Not Stated,Not Stated,Clonazepam,,51.3467,-2.6912
W072425,2026-02-03,IP15,Diazepam,Diazepam (martin dow),Blue,Tablet,Oral,Anxiety,Diazepam,,52.1526,1.6012
W073430,2026-02-03,TS12,Alprazolam 1mg,Alprazolam 1mg,White,Tablet,Oral,"Chest Pains, Irregular Heartbeat, Paranoia, Confusion, Panic Attack",Tramadol,,54.5516,-0.963011111111111
W073434,2026-02-03,CF30,Xanax 1mg,Alprazolam 1mg,White,Tablet,Oral,"Increased Confidence, Relaxed",Tramadol,,51.5196,-3.1196
W073379,2026-02-03,OL42,diazepam 10,diazepam 10,White,Tablet,Oral,"Euphoria, Increased Confidence, Relaxed, Memory Loss",Diazepam,,53.54999999999999,-2.0667
W073439,2026-02-03,NW1,Diazepam,Accord,Yellow,Tablet,Not Stated,Not Stated,Diazepam,,51.52988181818182,-0.1471818181818182
W073084,2026-02-03,CH5,Diazepam,Not Stated,Blue,Tablet,Oral,"Increased Confidence, Relaxed",Ethylbromazolam,,53.19930000000001,-3.03614
W072981,2026-02-03,SA1,Sedil valium,sedil,Yellow,Tablet,Oral,No Effect,Diazepam,,51.633979999999994,-3.94848
W073381,2026-02-03,OL42,Xanax 1mg,Alpzar 1mg,White,Tablet,Oral,"Euphoria, Relaxed, Memory Loss",Tramadol,,53.54999999999999,-2.0667
W073323,2026-02-03,DE22,Diazepam,Kade diazepam 10mg,White,Tablet,Not Stated,Not Stated,Diazepam,,52.9531,-1.521125
W073192,2026-02-03,SE3,Diazepam,Diazepam accord 10mg,Blue,Tablet,Not Stated,Not Stated,Diazepam,,51.46596666666667,0.0175
W073329,2026-02-03,NE6,diazepam,Martin dow valium,Blue,Tablet,Not Stated,Not Stated,Diazepam,,54.9775,-1.5656
W073392,2026-02-03,SA15,Diazepam,Not Stated,Blue,Tablet,Oral,Loss of consciousness,Ethylbromazolam,,51.74003,-4.187250000000001
W073590,2026-02-06,TS01,Diazepam,martin dow,Blue,Tablet,Not Stated,Not Stated,Diazepam,,,
W073540,2026-02-06,LS14,Xanax 2mg,xanax 2mg,White,Tablet,Not Stated,Not Stated,Ethylbromazolam,,53.8486,-1.4444333333333332
W073354,2026-02-06,CM1,Eppam clonazepam 2mg,Not Stated,White,Tablet,Not Stated,Not Stated,Clonazepam,,51.76435714285714,0.4079
W073554,2026-02-06,WF2,Heroin,Not Stated,Brown,Powder,Not Stated,Not Stated,"Heroin, Noscapine, 6-MAM, 6-Acetylcodeine, Diazepam","Papaverine, Paracetamol, Phenacetin, Caffeine",53.66534,-1.51568
W073464,2026-02-06,TR2,Diazepam ,Martin dow Valium,Blue,Tablet,Not Stated,Not Stated,Diazepam,,50.22666071428572,-4.961603571428571
W073551,2026-02-06,OL42,Diazepam 10mg,Diazepam 10mg,White,Tablet,Not Stated,Not Stated,Diazepam,,53.54999999999999,-2.0667
W073501,2026-02-06,TR2,Diazepam,Bensedin 10mg,Blue,Tablet,Not Stated,Not Stated,Alprazolam,,50.22666071428572,-4.961603571428571
W073338,2026-02-06,DN31,Alprazolam,alprazolam,Orange,Tablet,Oral,Relaxed,Alprazolam,,53.5702,-0.088
W073555,2026-02-06,WF2,Xanax,Xanax,Green,Tablet,Not Stated,Not Stated,Bromazolam,,53.66534,-1.51568
W073535,2026-02-06,NP19,Diazepam,Bensedin galenika diazepam,White,Tablet,Not Stated,Not Stated,Diazepam,,51.5888,-2.9638
W073428,2026-02-06,FK3,Diazepam,d/5 JHL,Yellow,Tablet,Oral,Relaxed,Diazepam,,56.0114,-3.7218
W073578,2026-02-06,WA73,Temazepam,Not Stated,Yellow,Capsule,Not Stated,Not Stated,Methylclonazepam,,53.324125,-2.7118
W073649,2026-02-06,LS14,Alprazolam 1mg,Alprazolam 1mg,White,Tablet,Not Stated,"Enhanced Senses, Increased Libido, Nausea, Depression",Ethylbromazolam,,53.8486,-1.4444333333333332
W083630,2026-02-06,G42,diazepam ,accord diazepam 10mg,Blue,Tablet,Oral,Not Stated,Ethylbromazolam,,55.8322,-4.2576
W073458,2026-02-06,PA67,diazepam,Diazepam 5mg,Yellow,Tablet,Oral,"Euphoria, Relaxed",Diazepam,,56.3143,-6.232785714285714
W073070,2026-02-06,CB2,Xanax,Galenika ksalol 1mg,White,Tablet,Oral,Relaxed,Alprazolam,,52.18965000000001,0.1240214285714285
W073273,2026-02-06,EH52,Diazepam 10mg,Valium (diazepam 10mg) ,Blue,Tablet,Oral,"Increased Energy, Increased Confidence, Relaxed, Memory Loss, Confusion, Insomnia",Diazepam,,55.9358,-3.4882625
W073531,2026-02-06,ME12,Lorazepam,Lorazepam HF 2.5mg HF-Hemofarm,Blue,,Oral,Relaxed,Lorazepam,,51.41452857142857,0.8513999999999999
W073142,2026-02-06,CB2,Alprazolam 1mg,Taska life sciences alprx-1,White,Tablet,Not Stated,Not Stated,Alprazolam,,52.18965000000001,0.1240214285714285
W073600,2026-02-06,W37,Zoplidem 10mg,zolpidem 10mg teva,White,Tablet,Oral,"Nausea, No Effect",Ethylbromazolam,,,
W073633,2026-02-06,KT3,Diazepam,Bensedin diazepam 10mg,White,Tablet,Oral,Relaxed,Diazepam,,51.3992,-0.2556
W073668,2026-02-06,NE32,Xanax,Bensedin,White,Tablet,Not Stated,Not Stated,Diazepam,,54.974050000000005,-1.4842499999999998
W073482,2026-02-06,AL4,Diazepam,diazepam,Blue,Tablet,Oral,"Increased Confidence, Relaxed",Diazepam,,51.776783333333334,-0.2842833333333333
W073603,2026-02-06,BT67,Diazepam,Not Stated,Blue,Tablet,Not Stated,Not Stated,Ethylbromazolam,,54.48503333333334,-6.287166666666667
W073530,2026-02-06,ME12,Diazepam,Valium (diazepam)10mg tablets,Blue,Tablet,Oral,"Relaxed, Confusion",Diazepam,,51.41452857142857,0.8513999999999999
W073632,2026-02-06,S70,Diazepam,Diazepam,Blue,Tablet,Oral,"Euphoria, Empathy, Relaxed, Memory Loss, Depression",Ethylbromazolam,,53.53123333333334,-1.4773333333333334
W073643,2026-02-06,SO19,Alprazolam,Xanax / alprazolam 500mg,Pink,Tablet,Not Stated,Not Stated,Alprazolam,,50.8993,-1.3670749999999998
W073519,2026-02-06,ML3,Xanax,xanax,White,Tablet,Not Stated,Not Stated,No Active Component Identified,,55.76254285714286,-4.045457142857143
W073509,2026-02-06,NW10,heroin,Not Stated,Grey,Powder,Snort / Sniff,"Euphoria, Increased Energy, Increased Confidence, Relaxed, Nausea, Vomiting, Confusion, Depression","Heroin, Noscapine, 6-MAM, 6-Acetylcodeine","Papaverine, Diazepam",51.53758571428572,-0.2431214285714285
W073577,2026-02-06,FK3,Lorazpam,Not Stated,White,Tablet,Oral,"Relaxed, Nausea",Nitrazepam,,56.0114,-3.7218
W073421,2026-02-06,SN3,Valium,valium,Blue,Tablet,Oral,Relaxed,Diazepam,,51.5892,-1.7194
W073545,2026-02-06,LS14,Valium 10mg,Valium 10mg,Blue,Tablet,Not Stated,Not Stated,Diazepam,,53.8486,-1.4444333333333332
W073566,2026-02-06,AL5,diazepam,diazepam,White,Tablet,Oral,Relaxed,Diazepam,,51.8168,-0.3571
W073543,2026-02-06,LS14,Xanax bar 1mg,xanax bar 1mg,White,Tablet,Not Stated,Not Stated,Ethylbromazolam,,53.8486,-1.4444333333333332
000023779,2026-02-06,CF63,valium,Not Stated,Blue,Tablet,Not Stated,Not Stated,Ethylbromazolam,,51.4172,-3.2614
W073576,2026-02-06,BN3,Diazepam 10mg,Diazepam 10m,Blue,Tablet,Not Stated,Not Stated,Diazepam,,50.836725,-0.179625
W073580,2026-02-06,FK3,Valium,Diazepam 10mg,Blue,Tablet,Oral,"Relaxed, Memory Loss",Diazepam,,56.0114,-3.7218
W073604,2026-02-06,BT67,Diazepam ,mymedsgb- accord 10mg diazepam,Blue,Tablet,Not Stated,Not Stated,Methamphetamine,Ethylbromazolam,54.48503333333334,-6.287166666666667
W073621,2026-02-10,WN5,Diazepam,Valium (diazepam),Blue,Tablet,Oral,"Headache, Increased Energy, Insomnia",Diazepam,,53.497899999999994,-2.7081
W069518,2026-02-10,AB24,ketamine,Not Stated,White,Powder,Not Stated,Not Stated,Diazepam,,57.1437,-2.0981
W073800,2026-02-10,TR2,Diazepam 10mg,diazepam 10mg martin dow,Blue,Tablet,Not Stated,Not Stated,Diazepam,,50.22666071428572,-4.961603571428571
W073648,2026-02-10,BT20,Diazepam,Bensedin 10mg diazepam,White,Tablet,Not Stated,Not Stated,Diazepam,,54.6534,-5.6689
W073663,2026-02-10,OX41,Diazepam,Kern diazepam,"White, Blue",Tablet,Not Stated,Not Stated,Ethylbromazolam,,51.723725,-1.224375
W073853,2026-02-10,SW11,Bromazolam,bromazolam,White,Blotter paper,Not Stated,Not Stated,Bromazolam,Medetomidine,51.469166666666666,-0.1619333333333333
W073740,2026-02-10,OL42,Xanax,Alpzar,White,Tablet,Oral,"Euphoria, Increased Confidence, Relaxed, Paranoia, Confusion",Alprazolam,,53.54999999999999,-2.0667
W073742,2026-02-10,OL42,Xanax,Aprazolam,White,Tablet,Not Stated,"Euphoria, Enhanced Senses, Relaxed, Memory Loss, Confusion, Agitation",Alprazolam,,53.54999999999999,-2.0667
W073763,2026-02-10,SY21,Xanax 4mg,green hulk,Green,Tablet,Not Stated,Not Stated,No Active Component Identified,,52.670813513513515,-3.1976945945945947
W073770,2026-02-10,CO11,Diazepam 10mg,prodes diazepam 10mg,White,Tablet,Not Stated,Not Stated,Diazepam,,51.93195,1.0912416666666669
W073764,2026-02-10,SY21,Xanax 6mg,red devils,Red,Tablet,Not Stated,Not Stated,Caffeine,Clobromazolam,52.670813513513515,-3.1976945945945947
W073720,2026-02-10,SA12,MSJ,Not Stated,Blue,,Oral,Not Stated,Ethylbromazolam,,51.61181666666667,-3.7703
W073754,2026-02-10,SY21,Ksalol xanax,ksalol,White,Tablet,Not Stated,Not Stated,Alprazolam,,52.670813513513515,-3.1976945945945947
W073710,2026-02-10,WC1,Alprazolam,ksalol,Blue,Tablet,Oral,Relaxed,Alprazolam,,51.525485714285715,-0.1222999999999999
W073657,2026-02-10,GU14,Diazepam,10mg martin dow,Blue,Tablet,Oral,"Euphoria, Increased Confidence, Relaxed",Diazepam,,51.2955,-0.7908
W073568,2026-02-10,BN1,Valium/ diazpeam,Bensedin diazepam 10mg,White,Tablet,Oral,"Breathlesness, Chest Pains, Agitation, Dizziness",Ethylbromazolam,,50.8614,-0.1204166666666666
W073659,2026-02-10,GU14,Alprazolam,Ksala 1mg,Blue,Tablet,Oral,Euphoria,Ethylbromazolam,,51.2955,-0.7908
W073660,2026-02-10,GU14,Lorazepam,Lorazepam,White,Tablet,Oral,"Euphoria, Relaxed",Lorazepam,,51.2955,-0.7908
W073667,2026-02-10,KY1,Diazepam,Not Stated,Blue,Tablet,Not Stated,Not Stated,Diazepam,,56.1345,-3.121411111111111
W073683,2026-02-10,HG1,Diazepam,diazepam,White,Tablet,Oral,Relaxed,Ethylbromazolam,,53.99700000000001,-1.5357666666666667
W073652,2026-02-10,LS14,Diazepam 10mg,Diazepam 10mg,Blue,Tablet,Oral,"Euphoria, Increased Confidence, Relaxed, Headache",Diazepam,,53.8486,-1.4444333333333332
W073687,2026-02-10,BT67,Diazepam,Pharmachoice-almus diazepam 10mg,Blue,Tablet,Not Stated,Not Stated,Diazepam,,54.48503333333334,-6.287166666666667
W073658,2026-02-10,GU14,Diazepam,Galenika 10mg,White,Tablet,Not Stated,Not Stated,Ethylbromazolam,,51.2955,-0.7908
W073653,2026-02-10,M25,Diazepam,Valium,Blue,Tablet,Not Stated,Not Stated,Diazepam,,53.5333,-2.2833
000235515,2026-02-10,NP12,Valium,Valium,Blue,Tablet,Not Stated,Not Stated,Diazepam,,51.6678,-3.2075
W067760,2026-02-10,KY11,Valium,Not Stated,Yellow,Tablet,Oral,"Euphoria, Relaxed",Diazepam,,56.037644444444446,-3.422588888888889
000239610,2026-02-10,NP12,Benzo,Diazepam,Blue,Tablet,Not Stated,Not Stated,Diazepam,,51.6678,-3.2075
000236112,2026-02-10,CF63,Diazepam,Diazepam,Blue,Tablet,Not Stated,Not Stated,Diazepam,,51.4172,-3.2614
W073651,2026-02-10,LS14,Alprazolam 2mg,alprazolam 2mg,White,Tablet,Oral,"Increased Energy, Increased Libido, Increased Strength, Irregular Heartbeat, Memory Loss, Paranoia, Confusion","Ethylbromazolam, Diazepam",,53.8486,-1.4444333333333332
W073788,2026-02-11,W8,Diazepam,Diazepam,White,Tablet,Not Stated,Not Stated,Diazepam,,51.501125,-0.1985
W073860,2026-02-11,BT47,Lorazpam,Lorazpam,Blue,Tablet,Not Stated,"Euphoria, Empathy, Relaxed",Lorazepam,,54.94983333333333,-7.084177777777778
W073858,2026-02-11,BT47,Clonazepam,ritotril clonazepam,White,Tablet,Not Stated,"Euphoria, Increased Confidence, Empathy, Relaxed",Clonazepam,,54.94983333333333,-7.084177777777778
W073741,2026-02-11,OL42,Xanax,Not Stated,White,Tablet,Not Stated,Not Stated,Alprazolam,,53.54999999999999,-2.0667
W073805,2026-02-11,TF11,Diazepam,Valium,Blue,Tablet,Oral,No Effect,Diazepam,,52.64842631578947,-2.346763157894737
W073777,2026-02-11,SY21,Xanax,Alprax xr1,Orange,Tablet,Not Stated,Not Stated,Alprazolam,,52.670813513513515,-3.1976945945945947
W073791,2026-02-11,W8,Diazepam 5mg,Diazepam 5mg,White,Tablet,Not Stated,Not Stated,Diazepam,,51.501125,-0.1985
W073859,2026-02-11,BT47,Alprazolam,Alprazolam alpzar 1mg,White,Tablet,Not Stated,"Euphoria, Empathy, Relaxed",Alprazolam,,54.94983333333333,-7.084177777777778
W073801,2026-02-11,TR2,Alprazolam 1mg,Alprazolam 1mg,White,Tablet,Not Stated,Not Stated,Tramadol,,50.22666071428572,-4.961603571428571
W073789,2026-02-11,W8,Clonazepam 2mg,clonazepam neurazpharm 2mg,White,Tablet,Not Stated,Not Stated,Clonazepam,,51.501125,-0.1985
W073774,2026-02-11,SY21,Loose blues,Diaz,Blue,Tablet,Not Stated,Not Stated,Clobromazolam,,52.670813513513515,-3.1976945945945947
W073724,2026-02-11,SA15,10mg diazepam,10mg diazepam,White,Tablet,Oral,"Euphoria, Relaxed",Diazepam,,51.74003,-4.187250000000001
W073768,2026-02-11,CO11,Diazepam 10mg,pepson diazepam 10mg,Blue,Tablet,Not Stated,Not Stated,Diazepam,,51.93195,1.0912416666666669
W073765,2026-02-11,EN3,Diazepam,Martin dow valium,Blue,Tablet,Not Stated,Not Stated,Diazepam,,51.6445,-0.0465
W073827,2026-02-11,HA63,Diazepam 10mg,Accord Daizepam,Blue,Tablet,Not Stated,Not Stated,Diazepam,,51.6116,-0.4230333333333333
W073775,2026-02-11,SY21,Martin dows,Martin dows diaz,Blue,Tablet,Not Stated,Not Stated,Diazepam,,52.670813513513515,-3.1976945945945947
W073844,2026-02-13,G82,DIAZEPAM,DIAZEPAM,Blue,Tablet,Oral,Not Stated,Diazepam,,55.954800000000006,-4.5815222222222225
W064027,2026-02-13,EH11,APRAZOLAM 1MG,APRAZOLAM 1MG,White,Tablet,Oral,"Relaxed, Vomiting, Agitation",Bromazolam,,55.9326,-3.2531
000237976,2026-02-13,CF44,diazepam,Not Stated,White,Tablet,Oral,Not Stated,"Ethylbromazolam, Caffeine",Amphetamine,51.7327125,-3.48293125
W073856,2026-02-13,SR4,diazepam,accord diazepam 5mg,Yellow,Tablet,Not Stated,Not Stated,Diazepam,,54.9004,-1.4255
000233481,2026-02-13,LL65,XANEX,Not Stated,White,Tablet,Oral,Relaxed,Alprazolam,,53.289686206896555,-4.534455172413793
W073678,2026-02-13,SA1,XANEX,XANEX,White,Tablet,Not Stated,Relaxed,Ethylbromazolam,,51.633979999999994,-3.94848
W073855,2026-02-13,SR4,DIAZEPAM,SEDIL DIAZEPAM 5MG,Orange,Tablet,Not Stated,Not Stated,Diazepam,,54.9004,-1.4255
W073841,2026-02-13,G83,DIAZEPAM,DIAZEPAM ACCORD 5MG,Yellow,Tablet,Not Stated,Not Stated,Diazepam,,56.03989166666666,-4.6006583333333335
W073887,2026-02-13,TA4,NITRAZEPAM 10MG,NITCENT NACENT LIFE SCIENCES ,White,Tablet,Not Stated,Not Stated,Nitrazepam,,51.08138936170213,-3.287942553191489
000237705,2026-02-13,CF44,DIAZEPAM,DIAZEPAM 10MG,Blue,Tablet,Oral,Relaxed,Diazepam,,51.7327125,-3.48293125
W073817,2026-02-13,M28,DIAZEPAM,DIAZEPAM ACCORD 10MG,Blue,Tablet,Not Stated,Not Stated,Ethylbromazolam,,53.50606666666667,-2.3990666666666667
W073734,2026-02-13,DE22,DIAZEPAM,DIAZEPAM,Blue,Tablet,Oral,No Effect,Diazepam,,52.9531,-1.521125
W073638,2026-02-13,BS5,DIAZEPAM,SAME,Blue,Tablet,Oral,Not Stated,Ethylbromazolam,,51.462,-2.5519
W073807,2026-02-13,WF1,Alprazolam 1mg,Xanax 1mg,White,Tablet,Oral,"Relaxed, Memory Loss",Bromazolam,,53.69246666666667,-1.4771
W073812,2026-02-13,BN11,Diazepam ,diazepam ,White,Tablet,Not Stated,Not Stated,Diazepam,,50.81425,-0.38285
W073460,2026-02-13,WF1,Alprazolam ,Xanax 2mg,White,Tablet,Oral,"Euphoria, Relaxed, Memory Loss, Confusion, Suicidal Ideation",Ethylbromazolam,,53.69246666666667,-1.4771
W073534,2026-02-13,DN5,Temazepam 10mg,temazepam 10mg,White,Tablet,Oral,"Euphoria, Relaxed",Etizolam,,53.53578181818182,-1.229072727272727
W073808,2026-02-13,WF12,Diazepam 10mg,Diazepam 10mg,White,Tablet,Oral,Relaxed,Bromazolam,,53.68023333333334,-1.6275333333333333
W073462,2026-02-13,WF1,Diazepam 10mg,diazepam valium,Blue,Tablet,Not Stated,"Euphoria, Relaxed, Memory Loss",Ethylbromazolam,,53.69246666666667,-1.4771
W073781,2026-02-13,M44,Diazepam ,Martin dow,Blue,Tablet,Oral,Not Stated,Ethylbromazolam,,53.4425,-2.4232
W073848,2026-02-13,SY23,Diazepam,Diazepam,Blue,Tablet,Not Stated,Not Stated,Diazepam,,52.34458541666667,-3.9885
W073819,2026-02-13,M28,DIAZEPAM,GALENIKA BENSEDIN 10MG,White,Tablet,Not Stated,Not Stated,Diazepam,,53.50606666666667,-2.3990666666666667
W073751,2026-02-17,NE13,Diazepam,Martin dow diazepam,Blue,Tablet,Oral,"Euphoria, Increased Confidence, Memory Loss",Diazepam,,55.0523,-1.6473666666666666
W073943,2026-02-17,SE18,Valium,Valium Diazepam 10mg,Blue,Tablet,Oral,Relaxed,Diazepam,,51.48716666666667,0.0740666666666666
W073861,2026-02-17,HR3,Xanax Xr1,Not Stated,White,Liquid,Not Stated,Not Stated,No Active Component Identified,,52.08754242424242,-3.049269696969697
W073940,2026-02-17,KA18,Valium,Not Stated,White,Tablet,Oral,"Increased Confidence, Enhanced Senses, Relaxed, Auditory Hallucinations, Visual Hallucinations, Memory Loss, Confusion, Panic Attack, Loss of consciousness, Violence/Aggression, Insomnia, Depression, Suicidal Ideation",Phenazepam,,55.459129999999995,-4.2176599999999995
W073798,2026-02-17,EH7,Diazepam,Diazepam,Yellow,Tablet,Oral,No Effect,Diazepam,,55.9521,-3.1965
W073947,2026-02-17,LE9,Alprazolam ,Alpz-1 ,White,Tablet,Oral,"Increased Confidence, Relaxed, Memory Loss, Confusion",Alprazolam,,52.57717727272728,-1.273977272727273
W073942,2026-02-17,KA18,Valium blues,Not Stated,Blue,,Oral,"Increased Confidence, Enhanced Senses, Increased Libido, Relaxed, Paranoia, Memory Loss, Panic Attack, Violence/Aggression",Bromazolam,,55.459129999999995,-4.2176599999999995
W073886,2026-02-17,YO31,Lorezepam,Not Stated,White,Tablet,Oral,Not Stated,Lorazepam,,53.9576,-1.0827
W074045,2026-02-17,SW49,Valium 10mg,Valium 10mg,Blue,Tablet,Not Stated,Not Stated,Bromazolam,,51.46758,-0.12912
W073952,2026-02-17,NG34,Valium,Valium,Blue,Tablet,Not Stated,Not Stated,Diazepam,,52.960240909090906,-0.3849454545454545
W073932,2026-02-17,WA14,diazepam 10mg,accord diazepam 10mg ,Blue,Tablet,Oral,"No Effect, Relaxed",Ethylbromazolam,,53.38524,-2.36554
000233528,2026-02-17,NP20,HEROIN,Not Stated,Brown,Powder,Not Stated,Not Stated,xylazine,"Phenacetin, Metonitazene, Paracetamol, Caffeine, Protonitazene, nitrazolam, Bromazolam, Noscapine, 6-MAM",51.5877,-2.9984
W073991,2026-02-17,CF24,valium,SEDIL,Yellow,Tablet,Not Stated,Not Stated,Diazepam,,51.48,-3.18
W073889,2026-02-17,EH8,street valium,loose,White,Tablet,Oral,"Euphoria, Increased Confidence, Relaxed",Bromazolam,,55.9489,-3.1632
W073990,2026-02-17,E2,clonazepam,clonazepam neurax pharma 2mg,White,Tablet,Not Stated,Not Stated,Clonazepam,,51.5386,-0.055525
W073918,2026-02-17,ML6,Diazepam 10mg,MArtin dow diazepam,Blue,Tablet,Oral,"Euphoria, Increased Confidence, Empathy, Relaxed, Irregular Heartbeat, Agitation, Depression",Diazepam,,55.876992307692305,-3.925407692307692
W073995,2026-02-17,E2,clonazepam,clonazepam ceux 2mg,White,Tablet,Not Stated,"Empathy, Relaxed",Clonazepam,,51.5386,-0.055525
W073963,2026-02-17,AB25,diazepam,diazepam 10mg bensedin,White,Tablet,Oral,"Increased Energy, Increased Confidence, Relaxed, Violence/Aggression",Diazepam,,57.1437,-2.0981
W073895,2026-02-17,CF72,DIAZEPAM,'3',Blue,Tablet,Oral,Not Stated,Alprazolam,,51.530146153846154,-3.408415384615384
W073994,2026-02-17,E2,xanax,ksaloc alprazolam 1mg ,Blue,Tablet,Oral,"Relaxed, Loss of consciousness",Alprazolam,,51.5386,-0.055525
W074049,2026-02-18,NN56,Diazepam 5mg,Almus Diazepam 5mg,Yellow,Tablet,Oral,"Euphoria, Increased Confidence, Increased Energy, Relaxed",Diazepam,,52.242575,-0.93795
W074113,2026-02-18,SE1,Diazepam,Diazepam Przodes,"White, Blue",Tablet,Oral,Relaxed,Ethylbromazolam,,51.49874615384616,-0.0930384615384615
W074132,2026-02-18,BH89,Valium (diazepam),10mg valium diazepam/ martin dow ltd,Blue,Tablet,Not Stated,Not Stated,Diazepam,,50.7568,-1.8194
000237891,2026-02-18,CF31,Valium 10mg,Not Stated,Yellow,Tablet,Not Stated,Not Stated,Diazepam,,51.507666666666665,-3.577733333333333
W074039,2026-02-18,TS27,Temazepam,Teva Temazepam 20mg,White,Tablet,Oral,"Relaxed, Irregular Heartbeat, Memory Loss",No Active Component Identified,,54.714422222222225,-1.3049
W074029,2026-02-18,CF32,Person,di,,Tablet,Oral,Relaxed,Ethylbromazolam,,51.536704166666674,-3.5931333333333337
W074119,2026-02-18,FK10,Valium,Not Stated,Blue,Tablet,Oral,"Relaxed, Nausea, Paranoia",Bromazolam,,56.10687777777778,-3.7534
W074083,2026-02-18,WF2,heroin,heroin,Brown,Powder,Not Stated,Not Stated,"Heroin, Noscapine, 6-MAM, Diazepam, 6-Acetylcodeine","Papaverine, Caffeine, Paracetamol, Morphine",53.66534,-1.51568
W074195,2026-02-18,PR4,Alprazolam 1mg/ Xanax,Alprazolam 1mg,White,Tablet,Oral,"Euphoria, Relaxed, Nausea, Confusion, Headache",Tramadol,,53.755025714285715,-2.8387542857142853
W074050,2026-02-18,NN56,Diazepam 5mg,Almus Diazepam 5mg,Yellow,Tablet,Oral,"Euphoria, Increased Energy, Increased Confidence, Relaxed",Diazepam,,52.242575,-0.93795
W074074,2026-02-18,PE8,Valium/diazepam,Diazepam 10mg,Blue,Tablet,Not Stated,Not Stated,"Ethylbromazolam, Bromazolam",,52.509825,-0.4508083333333333
W074073,2026-02-18,PE8,Diazepam,Diazepam,White,Tablet,Not Stated,Not Stated,Diazepam,,52.509825,-0.4508083333333333
W074071,2026-02-18,PE8,Valium,Valium,Blue,Tablet,Not Stated,Not Stated,Diazepam,,52.509825,-0.4508083333333333
W074076,2026-02-18,PE8,Lorazepam,Lorazepam,White,Tablet,Not Stated,Not Stated,Lorazepam,,52.509825,-0.4508083333333333
W073987,2026-02-18,NW5,temazepam,temazepam,White,,Oral,Insomnia,Ethylbromazolam,,51.5517,-0.1413
W074025,2026-02-18,KT13,Diazepam,Diazepam,White,Tablet,Oral,Not Stated,Ethylbromazolam,,51.3722,-0.453
W073965,2026-02-18,BS40,Clonazepam 2mg Alissa,Clonzepam 2mg Alissa,White,Tablet,Not Stated,Not Stated,Clonazepam,,51.3467,-2.6912
W073902,2026-02-18,SW5,Xanax 500 microgram,xanax,Orange,Tablet,Not Stated,Not Stated,Alprazolam,,51.487,-0.1909999999999999
W074040,2026-02-18,BS6,Alpprazolam 2mg,Alpraz,Orange,Tablet,Not Stated,Not Stated,Alprazolam,,51.465599999999995,-2.599066666666667
W074222,2026-02-20,CF32,valium,Not Stated,Blue,Tablet,Oral,Relaxed,Clobromazolam,,51.536704166666674,-3.5931333333333337
W074238,2026-02-20,CF32,Xanax,Red devil,Red,Tablet,Oral,Relaxed,Caffeine,Clobromazolam,51.536704166666674,-3.5931333333333337
W074203,2026-02-20,EX5,Zolpidem 10mg,Zolpidem 10mg Belbein,White,Tablet,Oral,No Effect,Bromazolam,,50.77390714285714,-3.44315
W074136,2026-02-20,CF14,Daizepam,Accord 10mg,Blue,Tablet,Oral,No Effect,Ethylbromazolam,,51.5199,-3.204
W074225,2026-02-20,WR9,Clonazepam,Clonazepam,White,Tablet,Oral,"Relaxed, Loss of consciousness, Memory Loss",Clonazepam,,52.26260476190476,-2.1635809523809524
W074185,2026-02-20,G83,Diazepam,valium Martin dow,Blue,Tablet,Not Stated,Not Stated,Diazepam,,56.03989166666666,-4.6006583333333335
W074200,2026-02-20,EX5,Alprazolam 1mg,Alprazolam rlam-1,White,Tablet,Oral,Relaxed,Alprazolam,,50.77390714285714,-3.44315
W074178,2026-02-20,CF14,Diazepam,galenika bensedin 10mg,White,Tablet,Oral,"Euphoria, Increased Confidence, Relaxed, Memory Loss, Confusion",Diazepam,,51.5199,-3.204
W074186,2026-02-20,HA3,Xanax,ksalol galenika,White,Tablet,Not Stated,Not Stated,Alprazolam,,51.59936666666667,-0.3307333333333333
W074145,2026-02-20,NW9,Clonazepam,Klonazepama,White,Tablet,Not Stated,Not Stated,Ethylbromazolam,,51.5894,-0.25692
W074019,2026-02-20,PH37,Temazepam,Not Stated,Yellow,,Oral,"Visual Hallucinations, Paranoia, Memory Loss, Insomnia",Etizolam,,56.83154,-5.51138
W070356,2026-02-20,MK40,Xanax,Alpra X xri Alprazolam Bp1 MG,Pink,Tablet,Oral,"Relaxed, Memory Loss, Confusion, Lethargy",Alprazolam,,52.13655,-0.4866
W074122,2026-02-20,LL29,Diazepam,Diazepam,Blue,Tablet,Oral,Not Stated,Diazepam,,53.283275,-3.6966
W074197,2026-02-20,PR4,Diazepam 10mg,Bensedin 10mg,White,Tablet,Not Stated,"Euphoria, Increased Confidence, Relaxed",Ethylbromazolam,,53.755025714285715,-2.8387542857142853
W073905,2026-02-20,FY7,Diazepam,Not Stated,Blue,Tablet,Oral,Not Stated,Ethylbromazolam,,53.9253,-3.0109
W074117,2026-02-20,TN22,Lorazepam 2mg,Lorazepam 2mg,,Tablet,Not Stated,Not Stated,Lorazepam,,50.97995714285714,0.0973238095238095
W074146,2026-02-20,NW9,Lorazepam,Lorazepam Tablet IP,White,Tablet,Not Stated,Not Stated,Lorazepam,,51.5894,-0.25692
W074148,2026-02-20,NW9,Diazepam,bensedin 10mg Diazepam,White,Tablet,Not Stated,Not Stated,Ethylbromazolam,,51.5894,-0.25692
W074193,2026-02-20,PR4,Diazepam 10mg,bensedin,Purple,Tablet,Oral,"Irregular Heartbeat, Paranoia, Panic Attack, Agitation",Bromazolam,,53.755025714285715,-2.8387542857142853
W074263,2026-02-25,NR16,Diazepam 10mg,diazepam,Blue,Tablet,Oral,Relaxed,Bromazolam,"Flubromazolam, Flubromazepam",52.473336,1.032084
W074181,2026-02-25,CV9,Alprazolam 2mg,Alprazolam 2mg,Yellow,Tablet,Oral,Not Stated,Alprazolam,,52.593988888888894,-1.561288888888889
W074279,2026-02-25,BT67,Diazepam 10mg,Diazepam 10,Blue,Tablet,Not Stated,Not Stated,Diazepam,,54.48503333333334,-6.287166666666667
000239552,2026-02-25,NP22,Diazepam,Valium,Blue,Tablet,Oral,"Euphoria, Relaxed, Breathlesness, Irregular Heartbeat, Paranoia, Confusion, Agitation, Insomnia, Depression, Suicidal Ideation",Diazepam,,51.7725,-3.2468
W074250,2026-02-25,G4,Diazepam,Not Stated,Blue,Tablet,Not Stated,Not Stated,Bromazolam,,55.8651,-4.2576
W074295,2026-02-25,KA3,Diazepam,Diazepam,Blue,Tablet,Oral,Not Stated,Diazepam,,55.64550714285714,-4.502764285714286
W074281,2026-02-25,W7,Alprazolam,Alprazolam,White,Tablet,Not Stated,Not Stated,Alprazolam,,51.5118,-0.3358999999999999
W074268,2026-02-25,NR16,1mg ksalol,Ksalol Alprazolam,White,Tablet,Oral,Not Stated,Alprazolam,,52.473336,1.032084
W074262,2026-02-25,NR16,2mg xanax,2mg xanax,White,,Oral,Relaxed,Bromazolam,,52.473336,1.032084
W074131,2026-02-25,W128,Lorazepam 1mg,lorazepam 1mg,Blue,Tablet,Oral,Not Stated,Lorazepam,,51.505,-0.2211
W074353,2026-02-25,NW5,Nitrazepam,nitrazepam,White,Tablet,Oral,"No Effect, Insomnia",Nitrazepam,,51.5517,-0.1413
W074304,2026-02-25,BS13,Valium,Martin dow,Blue,Tablet,Oral,"Euphoria, Relaxed, Enhanced Senses",Diazepam,,51.4121,-2.612
W074358,2026-02-25,NW5,Diazepam 10mg,Diazepam (galenika bensedin) 10mg,White,Tablet,Not Stated,Not Stated,Diazepam,,51.5517,-0.1413
W074349,2026-02-25,CR01,Xanax,4mg xanax yellow r039,Yellow,Tablet,Oral,Not Stated,Bromazolam,,51.3703,-0.060975
W074192,2026-02-25,ME1,Clonazepam,Galenika rivotril 2mg ,White,Tablet,Oral,Relaxed,Ethylbromazolam,,51.36095,0.482575
W073522,2026-02-25,B179,Diazepam 10mg,Daizepam 10mg accord,Blue,Tablet,Not Stated,Not Stated,Diazepam,,52.4585,-1.9573
W074343,2026-02-25,E9,Alprazolam ,alprazolam Procalm,White,Tablet,Not Stated,Not Stated,Alprazolam,,51.5394,-0.0414
W074379,2026-02-25,GL12,Methallysecaline,Mescaline annalog MAL,Blue,Tablet,Not Stated,Not Stated,Diazepam,,51.62172777777778,-2.3947055555555554
W073570,2026-02-25,B179,Diazepam 10mg,Diazepam 10mg,Blue,Tablet,Not Stated,Not Stated,Diazepam,,52.4585,-1.9573
W074340,2026-02-25,B39,Diazepam 10mg,Diazepam 10mg,Blue,Tablet,Oral,"Increased Energy, Breathlesness, Irregular Heartbeat, Memory Loss, Paranoia, Confusion, Agitation, Insomnia",Ethylbromazolam,,,
W074258,2026-02-25,M33,Diazepam,Accord ,Yellow,Tablet,Not Stated,Not Stated,Diazepam,,53.4252,-2.3244
W074239,2026-02-25,TW7,Lozicum lorazepam 1mg,Lozicum lorazepam 1mg,"White, Blue",Tablet,Not Stated,Not Stated,Lorazepam,,51.4752,-0.3425
W074367,2026-02-25,B44,Diazepam,Valium,Blue,Tablet,Not Stated,Not Stated,Diazepam,,52.5457,-1.8851
W074289,2026-02-25,HX39,Valium 10mg,Martin dow ltd 10mg valium,White,Tablet,Not Stated,Not Stated,Diazepam,,53.72608333333333,-1.8416
W074115,2026-02-25,CH1,Xanax,Alpraz xr2 Alprazolam 2mg,White,Tablet,Not Stated,Not Stated,Alprazolam,,53.2239,-2.9434428571428577
000234468,2026-02-25,,Alprazolam,Alprazolam,Blue,,Oral,Not Stated,Alprazolam,,0.0,0.0
W074215,2026-02-25,ME12,Diazepam 10mg,bensedin 10mg diazepam tablet galenika,White,Tablet,Oral,"No Effect, Empathy, Relaxed",Diazepam,,51.41452857142857,0.8513999999999999
W073917,2026-02-25,BT1,Clonazepam 2mg,Psicofarm clonazepam 2mg,White,Tablet,Not Stated,Not Stated,Clonazepam,,54.5833,-5.9333
W074187,2026-02-25,HA3,Xanax,ksalol galenika,White,Tablet,Not Stated,Not Stated,Alprazolam,,51.59936666666667,-0.3307333333333333
W074210,2026-02-25,EN7,diazepam,Diazepam (valium),Blue,Tablet,Not Stated,Not Stated,Diazepam,,51.7119,-0.0689
W074184,2026-02-25,G83,Diazepam 10mg,Diazepam martin dow 10mg,Blue,Tablet,Not Stated,Not Stated,Diazepam,,56.03989166666666,-4.6006583333333335
W074231,2026-02-25,B10,Diazepam 10mg,"Elipam -10 Elikem, Diazepam 10mg",White,Tablet,Oral,"Increased Confidence, Enhanced Senses, Relaxed",Diazepam,,52.4698,-1.8523
000233429,2026-02-25,LL55,Diazepam 10mg,bensedn (diazepam 10mg),White,Tablet,Oral,Stomach pains,Diazepam,,53.12915357142857,-4.195053571428572
W074309,2026-02-25,CF14,diazepam,Bensedin 10mg,White,Tablet,Oral,"Empathy, Relaxed, Memory Loss",Diazepam,,51.5199,-3.204
W074220,2026-02-25,SW1,Diazepam,Accord diazepam 5mg,Yellow,Tablet,Oral,Not Stated,Diazepam,,51.495583333333336,-0.1417916666666666
W074216,2026-02-25,ME12,Lorazepam 2.5mg,hemofarm lorazepam HF 2.5mg,Blue,Tablet,Oral,"Relaxed, Nausea, Agitation",Lorazepam,,51.41452857142857,0.8513999999999999
W074098,2026-02-25,DD2,Alprazolam,Alprx-1 UKP,White,Tablet,Not Stated,"No Effect, Relaxed",Alprazolam,,56.47777692307693,-3.0589461538461538
W074097,2026-02-25,DD2,Diazepam ,Easium 5mg UkP,White,,Oral,"Increased Confidence, Relaxed",Diazepam,,56.47777692307693,-3.0589461538461538
W074096,2026-02-25,DD2,Diazepam,Valium 10mg Martin dow (UKP),Blue,Tablet,Oral,Relaxed,Diazepam,,56.47777692307693,-3.0589461538461538
W074091,2026-02-25,DD2,Diazepam,Bensedin 10mg (UK Pablo),White,Tablet,Oral,No Effect,Diazepam,,56.47777692307693,-3.0589461538461538
W074094,2026-02-25,DD2,Nitrazepam 5mg,Noctin 5mg (UKP),White,Tablet,Oral,Relaxed,Nitrazepam,,56.47777692307693,-3.0589461538461538
W073849,2026-02-25,SA15,valium,Diazepam,Blue,Tablet,Oral,Relaxed,Diazepam,,51.74003,-4.187250000000001
W074099,2026-02-25,DD2,Bromazepam 6mg,Hemofarm bromazepam HF 6mg (UKP),White,Tablet,Oral,"Relaxed, Euphoria",Bromazolam,,56.47777692307693,-3.0589461538461538
W074283,2026-02-25,LS6,Valium 10mg,Diazepam accord 10mg,Blue,Tablet,Not Stated,Not Stated,Diazepam,,53.8201,-1.5704
W074249,2026-02-26,M16,Diazepam,Martin dows valium,Blue,Tablet,Not Stated,Not Stated,Diazepam,,53.4551,-2.2645
W074248,2026-02-26,M16,Clonazepam,Radiant rivotril clonazepam,White,Tablet,Not Stated,Not Stated,Clonazepam,,53.4551,-2.2645
000236814,2026-02-26,CF64,Diazepam,Diazepam,White,Tablet,Not Stated,Not Stated,No Active Component Identified,,51.42878,-3.21045
000232757,2026-02-27,CF83,"Morphine, lorazepam, zopiclone",Not Stated,White,Tablet,Oral,"Memory Loss, Confusion, Loss of consciousness",Zopiclone,,51.59288333333333,-3.2333833333333337
000232758,2026-02-27,CF83,"Morpine, lorazepam, zopiclone",Not Stated,Blue,Tablet,Oral,"Memory Loss, Confusion, Loss of consciousness",Lorazepam,,51.59288333333333,-3.2333833333333337
W074438,2026-02-27,TS5,Diazepam,Diazepam (accord),Blue,Tablet,Not Stated,Not Stated,Ethylbromazolam,,54.5507,-1.2521
W074444,2026-02-27,WV10,Diazepam,Diazepam Martin dow 10mg,Blue,Tablet,Not Stated,Not Stated,Diazepam,,52.651114285714286,-2.101428571428571
W074175,2026-02-27,ML75,Valium,Not Stated,Blue,Tablet,Oral,"Memory Loss, Confusion, Agitation, Loss of consciousness",Bromazolam,,55.8296,-3.7961818181818185
000043985,2026-02-27,CF64,Diazepam,Diazepam,Blue,Tablet,Not Stated,Not Stated,Diazepam,,51.42878,-3.21045
000236811,2026-02-27,CF64,Diazepam,Diazepam,White,Tablet,Not Stated,Not Stated,No Active Component Identified,,51.42878,-3.21045
000236812,2026-02-27,CF64,Diazepam,Diazepam,Yellow,Tablet,Not Stated,Not Stated,Oxandrolone,,51.42878,-3.21045
W074451,2026-02-27,AB42,Diazepam,Diazepam,White,Tablet,Oral,"Loss of consciousness, Overdose",Bromazolam,,57.48231142857143,-1.924825714285714
000236813,2026-02-27,CF64,Diazepam,Diazepam,White,Tablet,Oral,Relaxed,Diazepam,,51.42878,-3.21045
W074448,2026-02-27,B807,Clonazepam,Clonzepam/ martin dow rivotril,White,Tablet,Not Stated,Not Stated,Clonazepam,,52.27168,-1.88216
000239553,2026-02-27,NP22,Xanax,Not Stated,White,Tablet,Oral,Not Stated,Methylclonazepam,,51.7725,-3.2468
W074435,2026-02-27,BS5,Valium/ diazepam, diazepam/ watson lab,White,Tablet,Oral,"Relaxed, Insomnia",Bromazolam,,51.462,-2.5519
W074439,2026-02-27,TS5,Lorazepam,Lorazepam (almus),White,Tablet,Not Stated,Not Stated,Lorazepam,,54.5507,-1.2521
W074467,2026-02-27,KT7,10mg Diazepam,martin dow,Blue,Tablet,Not Stated,Not Stated,Diazepam,,51.3896,-0.3393
W074440,2026-02-27,TS5,Diazepam,Diazepam (martin dows),Blue,Tablet,Not Stated,Not Stated,Diazepam,,54.5507,-1.2521
W074355,2026-02-27,BD14,Diazepam,Diazepam (gelanika),White,Tablet,Not Stated,Not Stated,Ethylbromazolam,,53.7667,-1.8167
W074447,2026-02-27,TS5,Diazepam,Diazepam (galenika),White,Tablet,Not Stated,Not Stated,Diazepam,,54.5507,-1.2521
W074442,2026-02-27,TS5,Diazepam,Diazepam (galenika),White,Tablet,Not Stated,Not Stated,Diazepam,,54.5507,-1.2521
W073571,2026-02-27,B179,Diazepam 10mg,Diazepam 10mg accord,Blue,Tablet,Not Stated,Not Stated,Diazepam,,52.4585,-1.9573
100004533,2026-02-27,NE10,Diazepam,Diazepam,Blue,Tablet,Not Stated,Not Stated,"Cocaine, Bromazolam",,54.953,-1.5715
W074306,2026-02-27,E3,Diazepam,Galenika bensedin 10mg,White,Tablet,Not Stated,Not Stated,Diazepam,,51.527657142857144,-0.0265714285714285
W074373,2026-02-27,BN23,Diazepam 5mg,Not Stated,,,Oral,Relaxed,Diazepam,,50.7977,0.3125
W073569,2026-02-27,B179,Diazepam 10mg,Diazepam 10mg accord ,Blue,Tablet,Not Stated,Not Stated,Diazepam,,52.4585,-1.9573
W074384,2026-02-27,HR4,Heroin,Not Stated,"White, Brown",Powder,Snort / Sniff,Not Stated,"Heroin, 6-MAM, Phenacetin, 6-Acetylcodeine, Noscapine","Diazepam, Papaverine, Paracetamol, Caffeine",52.10106744186046,-2.8000232558139535
000233432,2026-02-27,LL54,Diazepam 10mg,Bensedin,White,Tablet,Oral,Not Stated,Diazepam,,53.01643928571429,-4.2483
W074330,2026-02-27,CF24,Xanax,Not Stated,White,Tablet,Not Stated,Not Stated,Alprazolam,,51.48,-3.18
W074416,2026-02-27,YO23,Valium Martin dow diazepam 10mg,Martin dow diazepam,Blue,Tablet,Not Stated,Not Stated,Diazepam,,53.914883333333336,-1.1672333333333331
W074433,2026-02-27,G59,Diazepam,Not Stated,White,Tablet,Oral,Relaxed,Bromazolam,,,
W074371,2026-02-27,LE2,Xanax,Xanax,Grey,Tablet,Not Stated,Not Stated,Alprazolam,,52.60181666666667,-1.1167166666666668
W074461,2026-02-27,AB51,Diazepam,Sedil 5mg,Orange,Tablet,Oral,"Anxiety, Euphoria, Paranoia, Memory Loss, Confusion, Agitation",Diazepam,,57.276892045454545,-2.442275
W074357,2026-02-27,L36,Diazepam,Not Stated,Blue,Tablet,Oral,"Euphoria, Increased Confidence, Relaxed",Diazepam,,53.4103,-2.8480499999999997
W073573,2026-02-27,B783,Diazepam,Valium 10mg,Blue,Tablet,Not Stated,Not Stated,Diazepam,,52.60483333333334,-1.6935888888888888
W074374,2026-02-27,E2,Xanax,Alprazolam trman 1mg,Blue,Tablet,Not Stated,Not Stated,Alprazolam,,51.5386,-0.055525
W074310,2026-02-27,B240,Rivotril 2mg,Galenika rivotril,White,Tablet,Not Stated,Not Stated,Clonazepam,,52.526349999999994,-1.809
000239690,2026-03-09,CF10,Unknown,Not Stated,White,Tablet,Not Stated,Not Stated,Diazepam,,51.48,-3.18
W074623,2026-03-09,L19,Not Stated,Diazepam,Blue,Tablet,Oral,No Effect,Bromazolam,,53.3333,-2.9
W074598,2026-03-09,G403,Xanax,Alprazolam 1mg,Orange,Tablet,Not Stated,Not Stated,Alprazolam,,55.8485,-4.2235
000235586,2026-03-09,NP12,Xanax,Xanax,Blue,Tablet,Oral,"Relaxed, Memory Loss, Confusion",Bromazolam,,51.6678,-3.2075
W074589,2026-03-09,YO8,Diazepam,Diazepam,White,Tablet,Not Stated,Not Stated,Diazepam,,53.77469393939394,-1.0269030303030302
W074624,2026-03-09,BT67,Diazepam 10mg,Diazepam 10,Blue,Tablet,Not Stated,Not Stated,Diazepam,,54.48503333333334,-6.287166666666667
W074572,2026-03-09,BN6,Xanax,Kaslol 1mg alprazolam,Blue,Tablet,Not Stated,Not Stated,Alprazolam,,50.92262,-0.14494
W074615,2026-03-09,G7,alprazolam,Ksalol,Blue,Tablet,Not Stated,Not Stated,Alprazolam,,,
W074632,2026-03-09,SW1,Diazepam,Martin dow valium,Purple,Tablet,Not Stated,Not Stated,Diazepam,,51.495583333333336,-0.1417916666666666
W074551,2026-03-09,OX1,Diazepam,Bensedin diazepam 10mg,White,Tablet,Oral,Relaxed,Ethylbromazolam,,51.72478,-1.275
W074594,2026-03-09,CA1,diazepam,Not Stated,White,Tablet,Not Stated,Not Stated,Medetomidine,,54.89065,-2.92565
W074622,2026-03-09,CV6,Diazepam,Not Stated,White,Tablet,Oral,Not Stated,Diazepam,,52.4414,-1.4998714285714283
W074617,2026-03-09,GL51,Diazepam,Digital vision dizpam-10 (diazepam),White,Tablet,Oral,Relaxed,Diazepam,,51.90277692307692,-2.1239538461538463
W074633,2026-03-09,BH8,Alprazolam RLAM 1mg,Alprazolam Rlam 1mg,White,Tablet,Not Stated,Not Stated,Tramadol,,50.7568,-1.8194
W074628,2026-03-09,BS05,Diazepam,Diazepam,White,Tablet,Not Stated,Not Stated,Diazepam,,51.4646,-2.5636
W074413,2026-03-09,SG7,Xanax 0.5mg,Viatris Xanax 500 microgram,Pink,Tablet,Not Stated,Not Stated,Alprazolam,,52.01185555555555,-0.1739111111111111
W074630,2026-03-09,SW1,Lorazepam,genus Lorazepam 1mg,Purple,Tablet,Not Stated,Not Stated,Lorazepam,,51.495583333333336,-0.1417916666666666
000236493,2026-03-09,NP4,Valium,Not Stated,Blue,Tablet,Not Stated,Not Stated,Zopiclone,,51.718515789473685,-3.030521052631579
W074593,2026-03-09,LS16,Diazepam,Diazepam,White,Tablet,Oral,Not Stated,Diazepam,,53.868475,-1.5981
000239671,2026-03-09,NP4,Diazepam,Diazepam,White,Tablet,Not Stated,Not Stated,Diazepam,,51.718515789473685,-3.030521052631579
W074414,2026-03-09,SG7,Diazepam 5mg,Accord 5mg diazepam,Yellow,Tablet,Not Stated,Not Stated,Diazepam,,52.01185555555555,-0.1739111111111111
000238661,2026-03-09,NP22,Diazepam,Diazepam,Pink,Tablet,Oral,"Increased Confidence, Relaxed, Chest Pains, Memory Loss",Diazepam,,51.7725,-3.2468
000235891,2026-03-09,CF10,Valium,Not Stated,Yellow,Tablet,Not Stated,Not Stated,Diazepam,,51.48,-3.18
000239672,2026-03-09,NP4,Diazepam/Valium,diazepam,White,Tablet,Not Stated,Not Stated,Diazepam,,51.718515789473685,-3.030521052631579
000235893,2026-03-09,CF10,MSJ,MSJ,Yellow,Tablet,Not Stated,Not Stated,Methylclonazepam,,51.48,-3.18
000235835,2026-03-09,CF10,MSJ,MSJ,Yellow,Tablet,Not Stated,Not Stated,Methylclonazepam,,51.48,-3.18
000235836,2026-03-09,CF10,MSJ,MSJ,Yellow,Tablet,Not Stated,Not Stated,Methylclonazepam,,51.48,-3.18
W074496,2026-03-09,KT24,Roche/ martin dow 10mg diaz/valium,Not Stated,Blue,Tablet,Not Stated,Not Stated,Diazepam,,51.26846666666667,-0.4284666666666667
W074465,2026-03-09,HA3,Xanax ,Xanax Ksalol Galenika,White,Tablet,Not Stated,Not Stated,Alprazolam,,51.59936666666667,-0.3307333333333333
W074491,2026-03-09,KT24,Roche/martin diaz/valium,10mg,Blue,Tablet,Not Stated,Not Stated,Diazepam,,51.26846666666667,-0.4284666666666667
W074531,2026-03-09,SA15,Tapentadol ,tapentadol 100mg,Orange,Tablet,Oral,"Euphoria, Relaxed, Pain Relief","Tapentadol, Diazepam",,51.74003,-4.187250000000001
000234837,2026-03-09,SA69,Xanax,Alprax xr2 opsonin,Yellow,Tablet,Oral,"Increased Energy, Increased Confidence, Relaxed, Memory Loss, Depression",Alprazolam,,51.7106,-4.7014
000037722,2026-03-09,CF63,Diazepam,Diazepam,Blue,Tablet,Oral,Relaxed,Ethylbromazolam,,51.4172,-3.2614
W074326,2026-03-09,CF10,MSJ,Not Stated,Yellow,Tablet,Not Stated,Not Stated,Methylclonazepam,,51.48,-3.18
W074518,2026-03-09,ML3,Diazepam,sedil 5mg Diazepam,Yellow,Tablet,Oral,"Increased Confidence, Relaxed, Memory Loss",Diazepam,,55.76254285714286,-4.045457142857143
000233253,2026-03-09,CF10,Valium,Not Stated,Yellow,Tablet,Not Stated,Not Stated,"Cocaine, Methylclonazepam",,51.48,-3.18
W074457,2026-03-09,EH54,valium,Not Stated,White,Powder,Oral,"Euphoria, Relaxed, Loss of consciousness",Etizolam,,55.9029,-3.5226
000236992,2026-03-09,CF45,Valium,Not Stated,Blue,,Oral,"Euphoria, Relaxed",Diazepam,,51.66452,-3.3537
W074530,2026-03-09,PA26,diazepam,valium (diazepam),Blue,Tablet,Not Stated,Not Stated,Diazepam,,56.25834285714286,-4.9370714285714286
W074409,2026-03-09,TS01,Alprazolam,Alpzar 1,White,Tablet,Not Stated,Not Stated,"Chlorpheniramine, Paracetamol",,,
W074495,2026-03-09,KT24,Galenika ksalol 1mg alprazolam,Not Stated,"White, Blue",Tablet,Not Stated,Not Stated,Alprazolam,,51.26846666666667,-0.4284666666666667
W074462,2026-03-09,EH10,Alprazolam - alprx1,Alprazolam alprx1,White,Tablet,Oral,No Effect,Alprazolam,,55.91466666666667,-3.2046333333333337
W074492,2026-03-09,KT2,5MG TEVA DIAZEPAM,Not Stated,Yellow,Tablet,Not Stated,Not Stated,Diazepam,,51.4186,-0.2904
000235585,2026-03-10,NP12,clonazepam,clonazepam,White,Tablet,Oral,"Relaxed, Memory Loss, Confusion",Clonazepam,,51.6678,-3.2075
W073391,2026-03-10,BT67,DIAZEPAM 10MG,DIAZEPAM 10MG,Blue,Tablet,Not Stated,Not Stated,Diazepam,,54.48503333333334,-6.287166666666667
W074775,2026-03-10,S40,diazepam,diazepam 5mg (accord),Yellow,Tablet,Not Stated,Not Stated,Diazepam,,53.234,-1.4462
W074609,2026-03-10,TF42,DIAZEPAM 10MG ACCORD,DIAZEPAM TABLETS 10MG ACCORD,Blue,Tablet,Not Stated,Not Stated,Diazepam,,52.66903333333334,-2.4797666666666665
W074686,2026-03-10,YO22,diazepam,Not Stated,Yellow,Tablet,Oral,Relaxed,Diazepam,,54.44505294117647,-0.6422294117647058
W074610,2026-03-10,TF42,DIAZEPAM 10MG,DIAZEPAM 10MG ACCORD ,Blue,Tablet,Oral,No Effect,Diazepam,,52.66903333333334,-2.4797666666666665
W074672,2026-03-10,RG14,XANAX 1MG,TEHRAN DAROU 1MG XANAX,Blue,Tablet,Oral,"Euphoria, Relaxed",Alprazolam,,51.407383333333335,-1.3243833333333337
W074613,2026-03-10,CF23,DIAZEPAM,ACCORD DIAZEPAM TABLETS 10MG,Blue,Tablet,Oral,"No Effect, Relaxed",Ethylbromazolam,,51.5144,-3.1545
W074705,2026-03-10,TR2,alprazolam 1mg,replek alprazolam 1mg,Blue,Tablet,Not Stated,Not Stated,Alprazolam,,50.22666071428572,-4.961603571428571
W074382,2026-03-10,FK10,VALIUM,Not Stated,Blue,Tablet,Oral,"Relaxed, Vomiting",Bromazolam,,56.10687777777778,-3.7534
W074719,2026-03-10,SR4,DIAZEPAM,SEDIL DIAZEPAM 5MG,Orange,Tablet,Not Stated,Not Stated,Diazepam,,54.9004,-1.4255
W074660,2026-03-10,E27N,DIAZEPAM 10MG,DIAZEPAM 10MG,Blue,Tablet,Oral,"Relaxed, Loss of consciousness",Diazepam,,,
W074611,2026-03-10,TF42,DIAZEPAM 5MG,DIAZEPAM 5MG ACCORD ,Yellow,Tablet,Oral,No Effect,Diazepam,,52.66903333333334,-2.4797666666666665
W074718,2026-03-10,SR4,diazepam,accord diazepam 5mg,Yellow,Tablet,Not Stated,Not Stated,Diazepam,,54.9004,-1.4255
W074612,2026-03-10,TF42,diazepam 10mg,valium 10mg NOT BOXED STRIPS FOREIGN WRITING ,Blue,Tablet,Oral,"Relaxed, Memory Loss",Diazepam,,52.66903333333334,-2.4797666666666665
W074777,2026-03-10,S40,diazepam,diazepam 5mg (accord),Yellow,Tablet,Not Stated,Not Stated,Diazepam,,53.234,-1.4462
W074676,2026-03-10,BN1,ALPRAZOLAM,ALPRASFE 1MG,White,Tablet,Oral,"Relaxed, Nausea",Alprazolam,,50.8614,-0.1204166666666666
W074776,2026-03-10,S40,DIAZEPAM ,DIAZEPAM 5MG (ACCORD),Yellow,Tablet,Not Stated,Not Stated,Diazepam,,53.234,-1.4462
W074747,2026-03-10,NE13,MARTIN DOW DIAZEPAM ,MARTIN DOW DIAZEPAM,Blue,Tablet,Oral,"Euphoria, Increased Confidence, Relaxed, Memory Loss",Diazepam,,55.0523,-1.6473666666666666
W074716,2026-03-10,SR3,DIAZEPAM ,ACCORD DIAZEPAM 5MG,Yellow,Tablet,Not Stated,Not Stated,Diazepam,,54.874233333333336,-1.4153666666666669
000233255,2026-03-10,CF10,VALIUM,Not Stated,Yellow,Tablet,Not Stated,Not Stated,Methylclonazepam,,51.48,-3.18
W074680,2026-03-10,FK10,VALIUM,Not Stated,White,Tablet,Not Stated,Not Stated,Tapentadol,,56.10687777777778,-3.7534
W074768,2026-03-10,S427,ALPRAZOLAM 2MG,ALXAN-2 ALPRAZOLAM 2MG,White,Tablet,Not Stated,Not Stated,Zopiclone,,53.21066,-1.4471733333333332
W073828,2026-03-10,EH52,DIAZEPAM (10MG),STRIP OF 10 WITH VALIUM 10MG WRITTEN ON THE STRIP,Blue,Tablet,Oral,"Increased Energy, Increased Confidence, Relaxed, Memory Loss",Diazepam,,55.9358,-3.4882625
W074661,2026-03-10,HP13,DIAZEPAM,DIAZEPAM,Blue,Tablet,Not Stated,Not Stated,Diazepam,,51.6374,-0.7626
W074567,2026-03-10,CF14,ksaloalprazolam 1mg,galenika ksalon 1mg,Blue,Tablet,Oral,"Increased Confidence, Empathy, Relaxed, Memory Loss, Confusion",Alprazolam,,51.5199,-3.204
W074658,2026-03-10,L8,DIAZEPAM,ACCORD DIAZEPAM 5MG,Yellow,Tablet,Not Stated,Not Stated,Diazepam,,53.4106,-2.9779
000235587,2026-03-10,NP12,DIAZEPAM,DIAZEPAM,Yellow,Tablet,Oral,Not Stated,Diazepam,,51.6678,-3.2075
W074678,2026-03-10,NG10,XANAX,XANAX,White,Tablet,Not Stated,Not Stated,Ethylbromazolam,,52.901475,-1.287175
W074651,2026-03-10,SA16DR,DIAZEPAM,YES,Blue,Tablet,Oral,"Relaxed, Irregular Heartbeat, Panic Attack",Ethylbromazolam,,51.633979999999994,-3.94848
000234149,2026-03-10,NP20,Not Stated,DIAZEPAM (M.D.),,,Not Stated,Not Stated,Diazepam,,51.5877,-2.9984
000234140,2026-03-10,NP23,DIAZEPAM,Not Stated,Blue,Tablet,Not Stated,Not Stated,Diazepam,,51.7771,-3.2079
W074662,2026-03-10,HP13,DIAZEPAM,DIAZEPAM,White,Tablet,Not Stated,Not Stated,Diazepam,,51.6374,-0.7626
W074668,2026-03-10,CW9,DIAZEPAM,BENSEDIN,White,Tablet,Not Stated,Not Stated,Diazepam,,53.264406666666666,-2.5003200000000003
W074713,2026-03-10,N1,XANAX,KSALOL 7MG,White,Tablet,Oral,Relaxed,Bromazolam,,51.53669,-0.0944
W074701,2026-03-10,AL71,VALIUM,ZEPAM 10MG,Blue,Tablet,Oral,"Euphoria, Increased Confidence, Relaxed",Diazepam,,51.7969,-0.1871
W074677,2026-03-10,KY12,NITRAZEPAM,NITRAZEPAM,White,Tablet,Oral,Relaxed,Nitrazepam,,56.087095,-3.539235
W074693,2026-03-10,FK2,DIAZEPAM,DIAZEPAM,White,Tablet,Oral,Relaxed,Ethylbromazolam,,56.01717272727273,-3.755472727272727
W074683,2026-03-10,NE31,DIAZEPAM,DIAZEPAM,Blue,Tablet,Oral,Relaxed,Diazepam,,54.973,-1.5155
W074684,2026-03-10,B240,CLONAZEPAM ENURAXPHARM 2MG,CLONAZEPAM NEURAXPHARM 2MG,White,Tablet,Oral,"Relaxed, Nausea, Memory Loss, Suicidal Ideation",Clonazepam,,52.526349999999994,-1.809
W074851,2026-03-13,BN1,CLONAZEPAM,MSJ,White,,Not Stated,Not Stated,Bromazolam,,50.8614,-0.1204166666666666
W074826,2026-03-13,B56,DIAZEPAM 10MG,VALIUM (MARTIN DOW / ROCHE),Blue,Tablet,Not Stated,Not Stated,Diazepam,,,
W074850,2026-03-13,BN1,DIAZEPAM ,"'DIAZEPAM 10MG""",Blue,Tablet,Not Stated,Not Stated,Clobromazolam,,50.8614,-0.1204166666666666
W074821,2026-03-13,B56,DIAZEPAM 10MG,GALENIKA BENSEDIN,White,Tablet,Oral,Relaxed,Ethylbromazolam,,,
W074757,2026-03-13,GL50,diazepam,diazpam 10 oigital vision diazepam,White,Tablet,Oral,"Euphoria, Increased Confidence, Empathy, Relaxed",Diazepam,,51.9,-2.0833
W074697,2026-03-13,G12,DIAZEPAM 10MG,BENSEDIN - 69364,White,Powder,Not Stated,Not Stated,Diazepam,,55.8804,-4.3007
000239670,2026-03-13,NP4GB,VALIUM,VALIUM (DIAZEPAM),Blue,Tablet,Oral,"Increased Confidence, Increased Stamina, Relaxed, Chest Pains, Paranoia, Confusion, Agitation, Violence/Aggression",Diazepam,,51.718515789473685,-3.030521052631579
W074811,2026-03-13,W2,DIAZEPAM,GALENIKA BENSEDIN,White,Tablet,Not Stated,Not Stated,Diazepam,,51.51413636363636,-0.1886454545454545
W074808,2026-03-13,SLO,DIAZEPAM,DIAZEPAM / VALIUM,Blue,Tablet,Not Stated,Not Stated,Diazepam,,,
W074809,2026-03-13,CO15,DIAZEPAM,VALLIUM,Blue,Tablet,Not Stated,Not Stated,Diazepam,,51.8002,1.168175
W074812,2026-03-13,W2,ALPRAZOLAM ,GALENIKA KSALOL,Blue,Tablet,Not Stated,Not Stated,Alprazolam,,51.51413636363636,-0.1886454545454545
000237524,2026-03-13,CF48,VALIUM / DIAZEPAM,VALIUM / DIAZEPAM,Blue,Tablet,Not Stated,Not Stated,Diazepam,,51.73028000000001,-3.37198
W074859,2026-03-13,WF2,DIAZEPAM ,ACCORD DIAZEPAM 10MG,"Blue, Pink",Tablet,Oral,"Relaxed, Nausea, Agitation",Ethylbromazolam,,53.66534,-1.51568
W074849,2026-03-13,BN1,XANAX,"""XANAX 2MG""",White,Tablet,Not Stated,Not Stated,Methylclonazepam,,50.8614,-0.1204166666666666
W074956,2026-03-17,S21,alprax xr2 alprazolam 2mg,alprax xr2 alprazolam BP 2mg ,Yellow,Tablet,Oral,Not Stated,Alprazolam,,53.3123,-1.3394
W074969,2026-03-17,DE1,DIAZEPAM 10MG,DIAZEPAM TERPIA 10MG COMPRIMATE,White,Tablet,Oral,Relaxed,No Active Component Identified,,52.9228,-1.4766
W074922,2026-03-17,GU16,alprazolam,galenika ksaslol 1mg,Blue,Tablet,Not Stated,Not Stated,No Active Component Identified,,51.298275,-0.71955
W072613,2026-03-17,FK4,valium,valium,Blue,Tablet,Oral,Not Stated,"Bromazolam, N-ethylpentedrone",,55.99558,-3.9131
W074957,2026-03-17,LS14,xanax,Not Stated,White,Tablet,Oral,"Increased Confidence, Enhanced Senses, Relaxed, Violence/Aggression",Bromazolam,,53.8486,-1.4444333333333332
W073796,2026-03-17,BS13,valium,martin dow,Blue,Tablet,Oral,"Euphoria, Empathy, Relaxed, Confusion",Diazepam,,51.4121,-2.612
000236542,2026-03-17,CF37,benzodiazepine: clonazepam,clonazepam,Yellow,Tablet,Oral,Not Stated,Clonazepam,,51.613815384615386,-3.3598076923076925
W075010,2026-03-17,OX13,diazepam,valium (diazepam) 10mg martin dow,Blue,Tablet,Not Stated,Not Stated,Diazepam,,51.673544444444445,-1.3561166666666666
W075027,2026-03-17,EH7,xanax,xanax,White,Tablet,Oral,No Effect,Ethylbromazolam,,55.9521,-3.1965
W074857,2026-03-17,DT4,DIAZEPAM,DIAZEPAM,Blue,Tablet,Not Stated,Not Stated,Diazepam,,50.60802,-2.4613799999999997
W074951,2026-03-17,N66D,DIAZEPAM 10MG,NO MARKING ON TABLET,White,Tablet,Oral,"No Effect, Relaxed",Ethylbromazolam,,,
W074871,2026-03-17,BT1,CLONAZEPAM 2MG,PSICOFARMA CLONAZEPAM 2MG,White,Tablet,Not Stated,Not Stated,Clonazepam,,54.5833,-5.9333
W074965,2026-03-17,KA14,NITRAZAPAM,NITRAZAPAM (ACCORD),White,Tablet,Not Stated,Not Stated,Nitrazepam,,55.7393,-4.6776
W074945,2026-03-17,FK7,DIAZEPAM,DIAZEPAM,Yellow,Tablet,Not Stated,Not Stated,Diazepam,,56.0861125,-3.9108875
W074926,2026-03-17,KY12,DIAZEPAM,Not Stated,White,Tablet,Oral,"Increased Confidence, Relaxed, Paranoia, Memory Loss, Confusion",Diazepam,,56.087095,-3.539235
W074931,2026-03-17,BS37 5EV,XANAX + KETAMINE,2 CLEAN ,"White, Grey",Crystalline,Snort / Sniff,"Euphoria, Empathy, Auditory Hallucinations, Visual Hallucinations, Chest Pains, Irregular Heartbeat, Nosebleeds, Nausea, Paranoia, Memory Loss, Confusion, Panic Attack, Agitation, Depression, Insomnia, Suicidal Ideation",Ketamine,,51.53419375,-2.4391125
W074913,2026-03-17,SA1,DIAZEPAM,NO LABEL,Blue,Tablet,Oral,"Relaxed, Memory Loss, Confusion, Loss of consciousness",Ethylbromazolam,,51.633979999999994,-3.94848
W074870,2026-03-17,BT1,CLONAZEPAM 2MG,PSICOFARMA CLONAZEPAM 2MG,White,Tablet,Not Stated,Not Stated,Clonazepam,,54.5833,-5.9333
W074918,2026-03-17,CF48,xanax 2mg,Not Stated,White,Tablet,Not Stated,Not Stated,Methylclonazepam,,51.73028000000001,-3.37198
W074923,2026-03-17,PA67,DIAZEPAM ,DIAZEPAM 5MG,Yellow,Tablet,Not Stated,Relaxed,Diazepam,,56.3143,-6.232785714285714
W074868,2026-03-17,EH15 2RG,LORAZEPAM 2MG,LORAZEPAM 2MG,Pink,Tablet,Oral,Relaxed,Lorazepam,,55.948033333333335,-3.1120666666666668
W074916,2026-03-17,BS2,benzodiazepine,loose,Blue,Tablet,Not Stated,Not Stated,Bromazolam,,51.4552,-2.5966
W074884,2026-03-17,KT12,DIAZEPAM,DIAZPAM-10 (DIGITAL VISION),White,Tablet,Not Stated,Not Stated,Diazepam,,51.3765,-0.4111
W074886,2026-03-17,P197,MARTIN DOW DIAZEPAM 10MG,MARTIN DOW DIAZEPAM 10MG,Blue,,Oral,"Euphoria, Empathy, Relaxed, Memory Loss",Diazepam,,,
W074902,2026-03-17,SK22,DIAZEPAM,BLUE MARTIN DOWE,Blue,,Not Stated,Not Stated,Diazepam,,53.3733,-1.9875
W074968,2026-03-17,DE1,diazepam 10mg,accord diazepam 10mg,Blue,Tablet,Oral,Relaxed,Bromazolam,,52.9228,-1.4766
W074970,2026-03-17,DE1,diazepam 10mg,Not Stated,Blue,Tablet,Oral,Relaxed,Diazepam,,52.9228,-1.4766
W075026,2026-03-18,BS2,DIAZEPAM,BENSIDIN,White,Tablet,Oral,"Increased Confidence, Relaxed",Ethylbromazolam,,51.4552,-2.5966
W075016,2026-03-18,LS6,ALPRAZOLAM,ALPRAZ XR2,Yellow,Tablet,Oral,"Increased Confidence, Relaxed",No Active Component Identified,,53.8201,-1.5704
W075059,2026-03-18,W55J,DIAZEPAM,Not Stated,White,,Not Stated,Not Stated,Paracetamol,,,
W075025,2026-03-18,BS2,DIAZEPAM,BENSIDIN,White,Tablet,Oral,"Increased Confidence, Relaxed",Ethylbromazolam,,51.4552,-2.5966
W075054,2026-03-18,SR20,diazepam,martin dow roche,Blue,Tablet,Not Stated,Not Stated,Diazepam,,54.8792,-1.37365
W075063,2026-03-18,SK13,DIAZEPAM,ACCORD 10MG DIAZEPAM ,Blue,Tablet,Not Stated,Not Stated,Diazepam,,53.4433,-1.949
W075081,2026-03-20,PR76,Diazepam,diazepam,White,Tablet,Not Stated,Not Stated,Diazepam,,53.64461428571428,-2.6670142857142856
W075157,2026-03-20,SA13,diazepam 10mg,diazepam 10mg,Blue,Tablet,Oral,Relaxed,Diazepam,,51.63321111111111,-3.670888888888888
W075076,2026-03-20,SW1,Diazepam,Not Stated,White,Tablet,Not Stated,Not Stated,Zopiclone,,51.495583333333336,-0.1417916666666666
W074788,2026-03-20,TS12,Diazepam,Bensedin diazepam 10mg,White,Tablet,Not Stated,Not Stated,Diazepam,,54.5516,-0.963011111111111
W075052,2026-03-20,LE2,Xanax,Xanax,Yellow,Tablet,Oral,No Effect,Chlorpheniramine,,52.60181666666667,-1.1167166666666668
W075078,2026-03-20,NW10,Diazepam,Diazepam,"White, Blue",Tablet,Oral,No Effect,Ethylbromazolam,,51.53758571428572,-0.2431214285714285
W075062,2026-03-20,SA12,Valium,Not Stated,Blue,Tablet,Oral,Not Stated,Diazepam,,51.61181666666667,-3.7703
W075125,2026-03-20,NN11,Diazepam, Actavis 10mg,Blue,Tablet,Oral,"Relaxed, Memory Loss, Confusion",MDMA,Paracetamol,52.21614,-1.179288
W075105,2026-03-20,LL11,Diazepam,bensedin,White,Tablet,Oral,"Increased Confidence, Relaxed, Chest Pains, Irregular Heartbeat, Paranoia, Agitation",Diazepam,,53.064506666666674,-3.052973333333333
W075120,2026-03-20,BT47,bensedin diazepam,bensedin diazepam,White,Tablet,Oral,"Relaxed, Memory Loss, Confusion, Loss of consciousness",Diazepam,,54.94983333333333,-7.084177777777778
W075064,2026-03-20,KT9,DIAZEPAM,BENSEDIN,White,Tablet,Oral,Relaxed,Diazepam,,51.365199999999994,-0.3054
W074911,2026-03-20,NE63,Diazepam 10mg martin dow,diazepam 10mg martin dow,Blue,Tablet,Oral,Relaxed,Diazepam,,55.16816666666667,-1.5594
W075041,2026-03-20,HD4,daizepam,Diazpam accord 10mg,Blue,Tablet,Not Stated,Not Stated,Diazepam,,53.6239,-1.7485
W075113,2026-03-20,EH10,diazepam - 10mg,diazepam - 10mg,,Tablet,Not Stated,Not Stated,Diazepam,,55.91466666666667,-3.2046333333333337
W075112,2026-03-20,EH10,alprazolam - 1mg,alprazolam - 1mg,Colourless,Tablet,Not Stated,Not Stated,Alprazolam,,55.91466666666667,-3.2046333333333337
000237895,2026-03-20,CF72,diazepam,valium,Blue,Tablet,Oral,"Relaxed, Paranoia, Agitation",Diazepam,,51.530146153846154,-3.408415384615384
W075077,2026-03-20,SW17,valium (diazepam) ,valium (diazepam) martin dow limited,Blue,Tablet,Not Stated,Not Stated,Diazepam,,51.4307,-0.1647
W075142,2026-03-24,HU55,MSJ diazepam,Msj,Blue,Tablet,Oral,Not Stated,Ethylbromazolam,,53.7603,-0.3758
W075233,2026-03-24,KT24,1mg alprazolam,Galenika ksalol,"White, Blue",Tablet,Not Stated,Not Stated,Alprazolam,,51.26846666666667,-0.4284666666666667
W075227,2026-03-24,KT24,1mg alprazolam,Galenika ksalol,"White, Blue",Tablet,Not Stated,Not Stated,Alprazolam,,51.26846666666667,-0.4284666666666667
W075259,2026-03-24,CW9,Valium,Martin dow -b,Blue,,Not Stated,Not Stated,Diazepam,,53.264406666666666,-2.5003200000000003
W075258,2026-03-24,CW9,valium,martin dow -a,Blue,,Not Stated,Not Stated,Diazepam,,53.264406666666666,-2.5003200000000003
W075189,2026-03-24,YO11,Diazepam 5mg,diazepam 5mg,Yellow,Tablet,Oral,Relaxed,Diazepam,,54.23711428571429,-0.3853571428571428
W075033,2026-03-24,F31E,Alprazolam,Not Stated,Blue,,Not Stated,Not Stated,Alprazolam,,,
W075226,2026-03-24,KT24,10mg diazepam,galenika bensedin,White,Tablet,Not Stated,Not Stated,Diazepam,,51.26846666666667,-0.4284666666666667
W075238,2026-03-24,KT24,10mg diazepam,roche/martin dow,Blue,Tablet,Not Stated,Not Stated,Diazepam,,51.26846666666667,-0.4284666666666667
W075235,2026-03-24,CF14,Lorazepam ,nerodelm-z lorazepam,Yellow,Tablet,Not Stated,Not Stated,Lorazepam,,51.5199,-3.204
W075260,2026-03-24,CW9,lorazepam 2.5mg,hemofarm,Blue,,Not Stated,Not Stated,Lorazepam,,53.264406666666666,-2.5003200000000003
W075214,2026-03-24,L8,Diazepam,Diazepam accord 5mg,Yellow,Tablet,Oral,"Relaxed, Dizziness",Diazepam,,53.4106,-2.9779
W075188,2026-03-24,LU6,Xanax 500 Microgram,Xanax Alprazolam viatris 500 microgram,Pink,Tablet,Not Stated,Not Stated,Alprazolam,,51.8686,-0.5463600000000001
W075223,2026-03-24,CB10,Alprazolam 1mg,LCm xanax 1mg,Blue,Tablet,Oral,Relaxed,Alprazolam,,52.03342941176471,0.2682294117647059
W075231,2026-03-24,KT24,10mg diazepam,Galenika bensedin,White,Tablet,Not Stated,Not Stated,Diazepam,,51.26846666666667,-0.4284666666666667
W075109,2026-03-24,N128,Alprazolam,Alprazolam,White,Tablet,Not Stated,"Relaxed, Memory Loss, Agitation",Tramadol,,51.6077,-0.166
W075159,2026-03-24,SA12,Diazepam 10mg MSJ,MSj,Blue,Tablet,Oral,Relaxed,Ethylbromazolam,,51.61181666666667,-3.7703
W075161,2026-03-24,SA12,Daizepam 10mg MSJ,Diazepam 10mg MSJ,Blue,Tablet,Oral,"Relaxed, Nausea, Memory Loss, Confusion",Ethylbromazolam,,51.61181666666667,-3.7703
W075032,2026-03-24,F31E,Diazepam,Not Stated,Blue,Tablet,Not Stated,Not Stated,Diazepam,,,
W075049,2026-03-24,PR76,Diazepam,Diazepam,Blue,Tablet,Not Stated,Not Stated,Ethylbromazolam,,53.64461428571428,-2.6670142857142856
W075150,2026-03-24,BS2,Clonazepam,Clonazepam,Yellow,Tablet,Not Stated,Not Stated,Clonazepam,,51.4552,-2.5966
000236135,2026-03-24,CF62,Daizepam,Diazepam tablets,Blue,Tablet,Oral,Not Stated,Ethylbromazolam,,51.4027,-3.37145
W075175,2026-03-24,SO51,diazepam,Pingu valium,Blue,Tablet,Not Stated,Not Stated,Ethylbromazolam,,51.01539047619048,-1.494095238095238
W075240,2026-03-24,KT24,10mg valium,roche/marin dow,Blue,Tablet,Not Stated,Not Stated,Diazepam,,51.26846666666667,-0.4284666666666667
W075103,2026-03-24,PR3,Klonapin,Rivotril 2mg,White,Tablet,Not Stated,Not Stated,Clonazepam,,53.903882857142854,-2.707102857142857
W075239,2026-03-25,CV2,galenika ksalol 1mg,Not Stated,Blue,Tablet,Oral,"Euphoria, Increased Confidence, Increased Energy",Alprazolam,,52.424525,-1.459175
W075317,2026-03-25,B30,Valium (diazepam),Martin dow,Blue,Tablet,Not Stated,Not Stated,Diazepam,,52.4167,-1.9167
W075247,2026-03-25,CV2,bensedin diazepam 10mg,Not Stated,White,Tablet,Oral,"Euphoria, Increased Confidence, Enhanced Senses, Increased Energy",Diazepam,,52.424525,-1.459175
W075254,2026-03-25,GU14,diazepam,valium 10mg,Blue,Tablet,Not Stated,"Euphoria, Relaxed",Diazepam,,51.2955,-0.7908
W075253,2026-03-25,GU14,alprazolam ,alprazolam 2mg,White,Tablet,Oral,Not Stated,Lorazepam,,51.2955,-0.7908
W075201,2026-03-25,MK18,Diazepam,Diazepam,Yellow,Tablet,Not Stated,Not Stated,Diazepam,,51.968651515151514,-0.965221212121212
W075225,2026-03-25,PA23,valium,Martin dow 10mg,Blue,Tablet,Oral,"Relaxed, Chest Pains",Diazepam,,55.988997142857144,-4.98592
W075129,2026-03-25,LA1,Clonazepam,clonazepam,White,Tablet,Not Stated,Not Stated,Clonazepam,,54.0316,-2.7915
W075230,2026-03-25,CV1,galenika rivotril 2mg,Not Stated,White,Tablet,Oral,"Euphoria, Increased Confidence",Clonazepam,,52.4066,-1.5122
W075229,2026-03-25,CV2,Clonazepam 2mg,Not Stated,White,Tablet,Oral,"Euphoria, Relaxed",Clonazepam,,52.424525,-1.459175
W075316,2026-03-25,B30,Alprazolam,Replek,Blue,Tablet,Not Stated,Not Stated,Alprazolam,,52.4167,-1.9167
W075299,2026-03-25,NW5,temazepam,temazepam,White,Tablet,Oral,Not Stated,Ethylbromazolam,,51.5517,-0.1413
W075228,2026-03-26,CV2,galenika ksalol 1mg,galenika kslol 1mg,Black,Tablet,Not Stated,"Euphoria, Increased Energy, Increased Confidence, Increased Strength, Relaxed",Alprazolam,,52.424525,-1.459175
W075325,2026-03-27,OX49,valium,valium,Blue,Tablet,Not Stated,Not Stated,Ethylbromazolam,,51.6433,-1.0045
W075296,2026-03-27,W36,Xanax (alpazolam),Xanax (aplazolam),Grey,Tablet,Oral,Not Stated,Alprazolam,,,
W075330,2026-03-31,PL15,Alprazolam,Alprazolam,"White, Green",Tablet,Oral,Not Stated,Alprazolam,,50.636073333333336,-4.411035
W075389,2026-03-31,CV32,Diazepam,Diazepam,Yellow,Tablet,Not Stated,Not Stated,Diazepam,,52.303333333333335,-1.5231666666666666
W075376,2026-03-31,SR3,Diazepam,Sedil diazepam 5mg,Orange,Tablet,Not Stated,Not Stated,Diazepam,,54.874233333333336,-1.4153666666666669
000237709,2026-03-31,CF45,Valium,Valium 10mg,Blue,,Oral,Not Stated,Diazepam,,51.66452,-3.3537
W075455,2026-03-31,NP7,Xanax 500 micro,Xanax 500 mico viatris,Purple,Tablet,Not Stated,Not Stated,Alprazolam,,51.851292105263155,-3.0386236842105263
W075355,2026-03-31,KA18,valium,diazepam 10,Blue,Tablet,Oral,"Euphoria, Increased Energy, Increased Confidence, Relaxed, Memory Loss",Diazepam,,55.459129999999995,-4.2176599999999995
W075438,2026-04-01,B26,Xanax,Xanax/2 (chill pharma),White,Tablet,Not Stated,"Increased Confidence, Confusion, Memory Loss",No Active Component Identified,,52.45953333333333,-1.7873333333333334
W074758,2026-04-01,B26,Midazolam,Hypnofast 7.5mg ineepta,White,Tablet,Not Stated,Not Stated,Midazolam,,52.45953333333333,-1.7873333333333334
W075468,2026-04-01,AL74,Valium,Teva 10mg Valium,Blue,Tablet,Oral,"Euphoria, Increased Confidence, Relaxed",Diazepam,,51.7969,-0.1871
W075337,2026-04-01,OL8,Xanax,Xanax 250 micro gram,White,Tablet,Not Stated,Not Stated,Alprazolam,,53.526,-2.1173
000236129,2026-04-01,CF63,Diazepam,Diazepam,Blue,Tablet,Oral,"Increased Confidence, Relaxed, Loss of consciousness",Ethylbromazolam,,51.4172,-3.2614
W074759,2026-04-01,B26,Bromazepam,Bromazepam 6mg Hemofarm Batch 14 SKRA (UKP),White,Tablet,Not Stated,Not Stated,No Active Component Identified,,52.45953333333333,-1.7873333333333334
W075530,2026-04-07,BD39,Xanax/alprazolam,Xanax/Alprazolam,White,Tablet,Oral,"Increased Confidence, Empathy, Relaxed, Memory Loss","Caffeine, Clobromazolam",,53.7939,-1.7521
W075436,2026-04-07,BS6,Xanax,Xanax 1.0,Blue,Tablet,Not Stated,Not Stated,No Active Component Identified,,51.465599999999995,-2.599066666666667
W075378,2026-04-07,AB43,Diazepam 5mg,JHL D5,Yellow,Tablet,Not Stated,Not Stated,Diazepam,,57.65489545454545,-2.046884090909091
W075462,2026-04-07,BT15,Diazepam,Daizepam,Blue,Tablet,Not Stated,Not Stated,Diazepam,,54.5833,-5.9333
W075335,2026-04-07,DL8,Lorazepam,Lorazpam 1mg genesis europe,White,Tablet,Not Stated,Not Stated,Lorazepam,,54.28331891891891,-1.841241891891892
W074760,2026-04-07,B26,Diazepam,MSj,Blue,Tablet,Not Stated,Not Stated,Bromazolam,,52.45953333333333,-1.7873333333333334
W075437,2026-04-07,BS6,Diazepam,Martin dow valium 10 (chillpharma),Blue,Tablet,Oral,"Euphoria, Increased Confidence, Breathlesness",Ethylbromazolam,,51.465599999999995,-2.599066666666667
W075510,2026-04-07,M16,Clonazepam,elikem nozim,Blue,Tablet,Not Stated,Not Stated,Clonazepam,,53.4551,-2.2645
W075511,2026-04-07,M16,Clonazepam,Pase Clonazepam,"Colourless, Yellow",Tablet,Not Stated,Not Stated,Clonazepam,,53.4551,-2.2645
W075385,2026-04-07,BN24,Diazepam,martin dows,Blue,Tablet,Oral,"Relaxed, Irregular Heartbeat, Nausea",Diazepam,,50.81635,0.3384666666666667
W075452,2026-04-07,G65,Diazepam,Nitrazepam,White,Tablet,Not Stated,Not Stated,Nitrazepam,,55.97357000000001,-4.05812
W075440,2026-04-07,OL8,Diazepam,Diazepam 5mg Almus,Yellow,Tablet,Not Stated,Not Stated,Diazepam,,53.526,-2.1173
W075272,2026-04-07,RG31,Alprazolam xanax,Ksasol alprazolam,"White, Blue",Tablet,Oral,Relaxed,Alprazolam,,51.4513,-1.046266666666667
W075467,2026-04-07,L39,Diazepam,Diazepam,Blue,Tablet,Not Stated,Not Stated,Diazepam,,53.555600000000005,-2.9094100000000003
W075209,2026-04-07,E8,Diazepam,Valium,,Tablet,Not Stated,"Relaxed, Chest Pains, Memory Loss",Diazepam,,51.548,-0.0629
W075531,2026-04-07,SS9,Diazepam 10mg,Diazepam 10mg,Blue,Tablet,Not Stated,Not Stated,Diazepam,,51.54885,0.65005
W075459,2026-04-08,DEAT,diazepam 10mg,Elipam diazepam 10mg,White,Tablet,Oral,Relaxed,Diazepam,,,
W075484,2026-04-08,YO8,diazepam,diazepam,White,Tablet,Not Stated,Not Stated,Diazepam,,53.77469393939394,-1.0269030303030302
W075551,2026-04-08,BH25,Xanax 2mg,Xanax 2mg,White,Tablet,Not Stated,Not Stated,Ethylbromazolam,,50.75084,-1.66298
W075575,2026-04-08,PH2,Alprazolam,Alprazolam,Blue,Tablet,Not Stated,Not Stated,Ethylbromazolam,,56.37225438596491,-3.356345614035088
W075548,2026-04-08,DY7,Clonazepam 2mg,Clonazepam rudharjack,Orange,Tablet,Oral,"No Effect, Nausea",Clonazepam,,52.479425,-2.243125
W075571,2026-04-08,S11,Lorazepam,Lorazepam,Orange,Tablet,Not Stated,Not Stated,Lorazepam,,53.3608,-1.5084
W075504,2026-04-08,EH53,valium,Not Stated,Yellow,Tablet,Not Stated,Relaxed,Diazepam,,55.897575,-3.479025
W075550,2026-04-08,BH25,MSJ 10mg Valium,MSj 10mg Valium,Blue,Tablet,Oral,Not Stated,Methylclonazepam,,50.75084,-1.66298
W075464,2026-04-08,HA3,Xanax,Ksalol Galenika,White,Tablet,Not Stated,Not Stated,Alprazolam,,51.59936666666667,-0.3307333333333333
W075587,2026-04-08,TS12,Clonazepam,Rivotril 2mg,White,Tablet,Not Stated,Not Stated,Clonazepam,,54.5516,-0.963011111111111
W075543,2026-04-08,KT2,Lorazepam 2mg,Nerodelm-2,Yellow,Tablet,Not Stated,Not Stated,"Citalopram, Lorazepam, Tapentadol, Amisulpride, Quetiapine","Diazepam, Propranolol, Atenolol, Chlordiazepoxide, Amitriptyline",51.4186,-0.2904
W075273,2026-04-08,RG31,Valium Diazepam,Marin dow valium (diazepam),Blue,Tablet,Oral,Relaxed,Diazepam,,51.4513,-1.046266666666667
000238485,2026-04-08,CF10,Valium,Not Stated,Yellow,Tablet,Not Stated,Not Stated,Diazepam,,51.48,-3.18
W075582,2026-04-08,DG1,alprazolam 1mg,Alprazolam 1mg,Blue,Tablet,Oral,"Relaxed, Panic Attack, Agitation, Insomnia",Alprazolam,,55.0743962962963,-3.5466296296296296
W075508,2026-04-09,CF64,10mg Diazepam,Not Stated,Blue,Tablet,Oral,Relaxed,Diazepam,,51.42878,-3.21045
W075367,2026-04-09,FK3,Clonazepam 2mg,Novumgen,White,Tablet,Oral,"Empathy, Relaxed, Confusion",Clonazepam,,56.0114,-3.7218
W075580,2026-04-09,SS71,Diazepam 40mg,Diazepam 10mg,White,Tablet,Not Stated,Not Stated,Ethylbromazolam,,51.55652,0.58128
W075634,2026-04-09,N36,Diazepam,Diazepam 10mg,Blue,Tablet,Oral,Relaxed,Diazepam,,,
W075684,2026-04-09,ML66,Valium,martin dow 10mg diazepam,Blue,Tablet,Oral,Increased Confidence,Diazepam,,55.876992307692305,-3.925407692307692
W075683,2026-04-09,ML66,10mg diazepam,10mg diazepam martin dow,Blue,Tablet,Not Stated,Not Stated,Diazepam,,55.876992307692305,-3.925407692307692
W075641,2026-04-09,SY4,diazepam,Diazepam - accord 5mg,Yellow,Tablet,Not Stated,Not Stated,Diazepam,,52.7651,-2.7190144927536233
W075640,2026-04-09,SY4,diazepam,Diazepam accord 5mg,Yellow,Tablet,Not Stated,Not Stated,Diazepam,,52.7651,-2.7190144927536233
W075643,2026-04-09,SY4,Diazepam,Daizepam - accord 5mg,Yellow,Tablet,Not Stated,Not Stated,Diazepam,,52.7651,-2.7190144927536233
W075644,2026-04-09,SY4,Diazepam,Diazepam accord 5mg,Yellow,Tablet,Not Stated,Not Stated,Diazepam,,52.7651,-2.7190144927536233
W075540,2026-04-09,SE9,Diazepam,Not Stated,Blue,Powder,Not Stated,Not Stated,Diazepam,,51.44698000000001,0.0542799999999999
W075588,2026-04-09,TS12,Ksalol galenika alprazolam 1mg,Not Stated,Blue,Tablet,Oral,"No Effect, Breathlesness, Chest Pains, Panic Attack",Ethylbromazolam,,54.5516,-0.963011111111111
W075492,2026-04-09,AL1,Alprazolam,Not Stated,White,Tablet,Not Stated,Not Stated,Alprazolam,,51.75,-0.3333
W075487,2026-04-09,AL1,Diazepam,Not Stated,Blue,Tablet,Not Stated,Not Stated,Diazepam,,51.75,-0.3333
W075656,2026-04-09,B33,Diazepam,Martin dow Valium 10mg,Blue,Tablet,Not Stated,Not Stated,Ethylbromazolam,,52.4804,-1.7883
W075203,2026-04-09,EX39,Diazepam,Martin dow 10mg Diazepam,Blue,Tablet,Oral,"Increased Confidence, Relaxed",Diazepam,,50.99405869565218,-4.261958695652174
W075650,2026-04-09,SY4,Diazepam,Diazepam teva 5mg,Yellow,Tablet,Not Stated,Not Stated,Diazepam,,52.7651,-2.7190144927536233
W075639,2026-04-09,SY4,diazepam,Diazepam accord 5mg,Yellow,Tablet,Not Stated,Not Stated,Diazepam,,52.7651,-2.7190144927536233
W075652,2026-04-09,SY4,Diazepam,Diazepam -teva 5mg,Yellow,Tablet,Not Stated,Not Stated,Diazepam,,52.7651,-2.7190144927536233
W075593,2026-04-09,HP4,Diazepam,Diazepam,White,Tablet,Not Stated,Not Stated,Diazepam,,51.774116666666664,-0.56985
W075651,2026-04-13,SY4,diazepam,diazepam teva 5mg,Yellow,Tablet,Not Stated,Not Stated,Diazepam,,52.7651,-2.7190144927536233
W075642,2026-04-13,SY4,Diazepam,Diazepam accord 5mg,Yellow,Tablet,Not Stated,Not Stated,Diazepam,,52.7651,-2.7190144927536233
W075736,2026-04-13,ML11,Lorazepam,Lorazepam,White,Tablet,Oral,Not Stated,Lorazepam,,55.68366041666667,-3.720560416666667
W075645,2026-04-13,SY4,diazepam,Diazepam- accord 5mg,Yellow,Tablet,Not Stated,Not Stated,Diazepam,,52.7651,-2.7190144927536233
W075653,2026-04-13,SY4,Diazepam,Diazepam teva 5mg,Yellow,Tablet,Not Stated,Not Stated,Diazepam,,52.7651,-2.7190144927536233
W075696,2026-04-13,CF43,Diazepam (valium) 10mg,Valium 10mg,Blue,Tablet,Oral,Not Stated,Diazepam,,51.66792,-3.4671
W075632,2026-04-13,BN16,Alprazolam,Rlam-1 alprazolam batch 210523,White,Tablet,Oral,"Irregular Heartbeat, Nausea, Memory Loss, Confusion, Agitation, Insomnia",Tramadol,,50.81518,-0.4855
W075685,2026-04-13,SY23,Xanax bars,White xanax,White,Tablet,Not Stated,Not Stated,Caffeine,Clobromazolam,52.34458541666667,-3.9885
W075648,2026-04-13,SY4,Diazepam,Diazepam teva 5mg,Yellow,Tablet,Not Stated,Not Stated,Diazepam,,52.7651,-2.7190144927536233
000234428,2026-04-13,CF10,diazepam,diazepam,Blue,Tablet,Not Stated,Not Stated,Ethylbromazolam,,51.48,-3.18
W075716,2026-04-13,WA15,Diazepam,Diazepam,White,Tablet,Not Stated,Not Stated,Diazepam,,53.3761,-2.3331
W075666,2026-04-13,G83,street valium,Not Stated,White,Tablet,Oral,"Relaxed, Nausea, Memory Loss",Clonazolam,,56.03989166666666,-4.6006583333333335
W075661,2026-04-13,SA19,Clonazepam 2mg,Clonzepam 2mg,White,Tablet,Oral,Not Stated,Clonazepam,,51.92279722222222,-3.9509833333333337
W075649,2026-04-13,SY4,Diazepam,Diazepam teva 5mg,Yellow,Tablet,Not Stated,Not Stated,Diazepam,,52.7651,-2.7190144927536233
W075638,2026-04-13,SY4,Diazepam,Diazepam accord 5mg,Yellow,Tablet,Not Stated,Not Stated,Diazepam,,52.7651,-2.7190144927536233
W075646,2026-04-13,SY4,Diazepam,Diazepam accord 5mg,Yellow,Tablet,Not Stated,Not Stated,Diazepam,,52.7651,-2.7190144927536233
W075647,2026-04-13,SY4,Diazepam,Diazepam teva 5mg,Yellow,Tablet,Not Stated,Not Stated,Diazepam,,52.7651,-2.7190144927536233
000234838,2026-04-13,SA62,MSJ,Not Stated,Blue,Tablet,Not Stated,Not Stated,Ethylbromazolam,,51.84974583333334,-5.031407291666667
W075745,2026-04-13,SY23,Benzocaine,Benny,White,Powder,Not Stated,Not Stated,Benzocaine,,52.34458541666667,-3.9885
W075779,2026-04-14,G4,diazepam,Diazepam,Yellow,Tablet,Not Stated,Not Stated,Diazepam,,55.8651,-4.2576
W075692,2026-04-14,PR76,diazepam,Diazepam,Blue,Tablet,Not Stated,Not Stated,Diazepam,,53.64461428571428,-2.6670142857142856
W075726,2026-04-14,HP13,Alprazolam,ksalol 1mg alprazolam,Blue,Tablet,Not Stated,Not Stated,Alprazolam,,51.6374,-0.7626
W075701,2026-04-14,N66,Xanax,galenika alprozolam 1mg,White,Tablet,Not Stated,Not Stated,Bromazolam,,,
W075784,2026-04-14,BN17,Alprazolam,r-lam,White,Tablet,Not Stated,Not Stated,Tramadol,,50.81636,-0.5498000000000001
W075657,2026-04-14,W8,Clonazepam rivotril 2mg,Clonazepam Neuraxpharm 2mg,White,Tablet,Not Stated,Not Stated,Clonazepam,,51.501125,-0.1985
W075665,2026-04-14,KY14,10mg diazepam,martin dow valium,Blue,Tablet,Not Stated,Not Stated,Diazepam,,56.3091,-3.2373083333333335
W075742,2026-04-14,PL14,Valium (diazepam),martin dow valium,Blue,Tablet,Not Stated,Not Stated,Diazepam,,50.46451290322581,-4.464809677419355
W075667,2026-04-14,G82,diazepam,Not Stated,White,Tablet,Oral,Not Stated,No Active Component Identified,,55.954800000000006,-4.5815222222222225
W075921,2026-04-14,LS28,Diazepam,martin dow 10mg,Blue,Tablet,Not Stated,Not Stated,Diazepam,,53.81066666666667,-1.6737
W075700,2026-04-14,GU16,Alprazolam 1mg,Ksaslol 1mg,Blue,Tablet,Not Stated,Not Stated,Ethylbromazolam,,51.298275,-0.71955
W075622,2026-04-14,N156,Diazepam,valium Martin dow,Blue,Tablet,Not Stated,Not Stated,Diazepam,,51.584300000000006,-0.073
W075668,2026-04-14,G8,Diazepam,Not Stated,White,Tablet,Oral,Not Stated,Bromazolam,,,
W075687,2026-04-14,SY23,Red devil xanax,red devil,Red,Tablet,Oral,Not Stated,"Caffeine, Diazepam",Clobromazolam,52.34458541666667,-3.9885
W075669,2026-04-14,KY14,accord nitrazepam 5mg,acord nitrazepam tablet 5mg NA1668,White,Tablet,Not Stated,Not Stated,Nitrazepam,,56.3091,-3.2373083333333335
W075735,2026-04-14,G7,valium,Not Stated,White,Tablet,Oral,"Paranoia, Memory Loss, Confusion, Loss of consciousness",Clonazolam,,,
W075818,2026-04-14,WA6,Diazepam,Diazepam 10mg,Blue,Tablet,Oral,Relaxed,Diazepam,,53.26614166666667,-2.732791666666667
W075785,2026-04-14,BN17,Diazepam,Elipam,White,Tablet,Not Stated,Not Stated,Diazepam,,50.81636,-0.5498000000000001
W075795,2026-04-14,PE28,Xanax,Alprazolam,White,Tablet,Not Stated,Not Stated,Alprazolam,,52.3305,-0.1865
W075786,2026-04-14,BN17,Kern alprozolam,kern,White,Tablet,Not Stated,Not Stated,Ethylbromazolam,,50.81636,-0.5498000000000001
W075833,2026-04-14,DH9,Neurapharm clonazepam,Not Stated,White,Tablet,Oral,Relaxed,Clonazepam,,54.867425,-1.7116
W075930,2026-04-14,DE7,Accord Diazepam,Diazepam 10mg,Blue,Tablet,Not Stated,Not Stated,Ethylbromazolam,,52.96913846153846,-1.3667846153846157
W075686,2026-04-14,SY23,Xanax 1mg,Alprazolam,White,Tablet,Oral,Not Stated,Chlorpheniramine,,52.34458541666667,-3.9885
W075828,2026-04-15,DD2,valium,valium,Blue,Tablet,Oral,"Increased Confidence, Increased Strength, Relaxed, Memory Loss",Diazepam,,56.47777692307693,-3.0589461538461538
W075717,2026-04-15,SA67,Diazepam,Not Stated,Blue,Tablet,Oral,Relaxed,Ethylbromazolam,,51.782536842105266,-4.7388315789473685
W075811,2026-04-15,SE26,Diazepam,Diazepam,White,Tablet,Oral,Relaxed,Diazepam,,51.422775,-0.0665
000232424,2026-04-15,SY21,Diazepam,diazepam 10mg,Blue,Tablet,Oral,Not Stated,Ethylbromazolam,,52.670813513513515,-3.1976945945945947
W075920,2026-04-15,LS28,Alprazolam,ksalol,Blue,Tablet,Not Stated,Not Stated,Alprazolam,,53.81066666666667,-1.6737
W075341,2026-04-15,SA15,Diazepam,Valium,Blue,Tablet,Oral,"Relaxed, Memory Loss, Confusion",Diazepam,,51.74003,-4.187250000000001
W075830,2026-04-15,CT68,10mg diazepam,martin dow valium 10mg,Blue,Tablet,Oral,"Empathy, Relaxed, Tiredness",Diazepam,,51.36518888888889,1.1433444444444445
W075919,2026-04-15,AL5,Valium,Martin dow 10mg,Blue,Tablet,Not Stated,Not Stated,Diazepam,,51.8168,-0.3571
W076000,2026-04-16,S11,Lorazepam 2mg,Lorazepam,Orange,Tablet,Not Stated,Not Stated,Lorazepam,,53.3608,-1.5084
W075775,2026-04-16,PH1,Diazepam,Roche 10,White,Tablet,Oral,"Chest Pains, Breathlesness, Nausea, Vomiting, Memory Loss, Confusion, Loss of consciousness",Bromazolam,,56.43174736842105,-3.4980552631578945
W075998,2026-04-16,England,Lorazepam,Not Stated,White,Tablet,Not Stated,Not Stated,Lorazepam,,,
W075970,2026-04-16,SR3,Diazepam,Sedil diazepam 5mg,Yellow,Tablet,Not Stated,Not Stated,Diazepam,,54.874233333333336,-1.4153666666666669
W075967,2026-04-16,SR3,Diazepam,Accord diazepam,Yellow,Tablet,Not Stated,Not Stated,Diazepam,Paracetamol,54.874233333333336,-1.4153666666666669
W075982,2026-04-16,BL00,Diazepam,Diazepam,White,Tablet,Not Stated,Not Stated,Diazepam,,53.654875,-2.312775
W075988,2026-04-17,CF48,Diazepam,Diazepam 10mg,Blue,Tablet,Oral,Relaxed,Diazepam,,51.73028000000001,-3.37198
W075953,2026-04-17,ZE2,Valium,Valium (diazepam) 10mg,Blue,Tablet,Not Stated,Not Stated,Diazepam,,60.381213580246914,-1.2736148148148148
000234156,2026-04-17,NP20,diazepam,accord,Blue,Tablet,Oral,Not Stated,Bromazolam,,51.5877,-2.9984
000234167,2026-04-17,CF10,Diazepam,Not Stated,White,Tablet,Not Stated,Not Stated,Diazepam,,51.48,-3.18
W075999,2026-04-17,HA3,Lorazepam,Not Stated,White,Tablet,Not Stated,Not Stated,Lorazepam,,51.59936666666667,-0.3307333333333333
000234170,2026-04-17,NP20,diazepam,Not Stated,Blue,Tablet,Not Stated,Not Stated,Diazepam,,51.5877,-2.9984
W075922,2026-04-17,SW1,Lorazepam,Lorazepam 2.5mg,Blue,Tablet,Not Stated,Not Stated,Lorazepam,,51.495583333333336,-0.1417916666666666
W076160,2026-04-22,M16,Clonazepam,Novugen,White,Tablet,Not stated,"Not stated,  ",Clonazepam,,53.4551,-2.2645
W076159,2026-04-22,M16,Diazepam,Martin dows,Blue,Tablet,Not stated,"Not stated,  ",Diazepam,,53.4551,-2.2645
W076099,2026-04-22,SW2,Diazepam 5mg,Almus accord strip,Yellow,Tablet,Not Stated,Not Stated,Diazepam,,51.4548,-0.1158
W075723,2026-04-22,BN43,Alprazolam,alprazolam,Blue,Tablet,Not Stated,Not Stated,Ethylbromazolam,,50.8341,-0.2743
W076069,2026-04-22,B772,Diazepam,bensedin 10mg bs,White,Tablet,Not Stated,Not Stated,Diazepam,,52.6158,-1.666383333333333
W076071,2026-04-22,B772,Diazepam,Valium martin dow,Blue,Tablet,Not Stated,Not Stated,Ethylbromazolam,,52.6158,-1.666383333333333
W076050,2026-04-22,Unknown,Diazepam,Not Stated,White,Tablet,Oral,"Increased Confidence, Relaxed, Memory Loss, Confusion",Diazepam,,,
W076091,2026-04-22,TF1,Diazepam,Valium,Blue,Tablet,Oral,Relaxed,Diazepam,,52.7,-2.5
W076060,2026-04-22,SA13,martin dow valium diazepam 10mg,Not Stated,Blue,Tablet,Oral,Relaxed,Diazepam,,51.63321111111111,-3.670888888888888
W076073,2026-04-22,FK10,Valium,Martin dow,Blue,Tablet,Oral,Not Stated,Diazepam,,56.10687777777778,-3.7534
W076080,2026-04-22,W139,Xanax (alprazolam),Alprazolam,Blue,Tablet,Not Stated,Not Stated,Alprazolam,,51.5122,-0.311625
W075929,2026-04-22,NW1,temazepam,temazepam,White,Tablet,Not Stated,Not Stated,Ethylbromazolam,,51.52988181818182,-0.1471818181818182
W076096,2026-04-22,B7,Diazepam,Diazepam,Blue,Tablet,Oral,"Relaxed, Irregular Heartbeat",Diazepam,,52.4941,-1.8726
W076117,2026-04-22,L8,Diazepam,Galenika besedin 10mg diazepam,White,Tablet,Oral,"Not stated,  ",Diazepam,,53.4106,-2.9779
W076042,2026-04-22,BL64,Alprazolam,alprazolam,White,Tablet,Not Stated,Not Stated,Alprazolam,,53.608,-2.5757
W075931,2026-04-22,NW1,Diazepam,bensedin,White,Tablet,Not Stated,Not Stated,Diazepam,,51.52988181818182,-0.1471818181818182
W076076,2026-04-22,AB43,Nitrazepam,Not Stated,White,Tablet,Not Stated,Not Stated,Nitrazepam,,57.65489545454545,-2.046884090909091
W076121,2026-04-22,DA16,Xanax,Xanax,Pink,Tablet,Oral,"Not stated,  ",Alprazolam,,51.4625,0.1075999999999999
000233407,2026-04-22,LL54,Diazepam,Valium diazepam,Blue,Tablet,Oral,Relaxed,Diazepam,,53.01643928571429,-4.2483
W076158,2026-04-22,M16,Clonazepam,Elikem Nozim,Blue,Tablet,Not stated,"Not stated,  ",Clonazepam,,53.4551,-2.2645
W076130,2026-04-22,TA2,Diazepam 10mg,Not Stated,Blue,Tablet,Not Stated,Not Stated,No Active Component Identified,,51.04662,-3.08832
W076119,2026-04-22,LE85,Diazepam,Elikem elipam-10 diazepam,White,Tablet,Not Stated,Not Stated,Diazepam,,52.54881176470588,-1.0493705882352942
W076105,2026-04-22,B77,Diazepam,Diazepam,Blue,Tablet,Oral,"Relaxed, Irregular Heartbeat",Diazepam,,52.6158,-1.666383333333333
W076090,2026-04-22,B26,Bensedin diazepam,Galenika bensedin 10mg diazepam,White,Tablet,Oral,"Euphoria, Increased Confidence, Empathy, Relaxed",Diazepam,,52.45953333333333,-1.7873333333333334
W075679,2026-04-22,B26,Martin dow 10mg,Martin dow valium 10mg,Blue,Tablet,Oral,"Euphoria, Increased Confidence, Relaxed",Ethylbromazolam,,52.45953333333333,-1.7873333333333334
W076128,2026-04-22,TA2,Alprazolam 1mg,Not Stated,White,Tablet,Not Stated,Not Stated,Tramadol,,51.04662,-3.08832
W076129,2026-04-22,TA2,Diazepam 10mg,Not Stated,Blue,Tablet,Not Stated,Not Stated,Ethylbromazolam,,51.04662,-3.08832
W076041,2026-04-22,BL6,Diazepam,Diazepam,Yellow,Tablet,Not Stated,Not Stated,Diazepam,,53.608,-2.5757
W076032,2026-04-22,EH67,Diazepam,Roche 10,White,Tablet,Oral,Not Stated,Bromazolam,,55.9617,-3.1844
000234329,2026-04-22,CF10,Diazepam,Diazepam,Blue,Tablet,Oral,No Effect,Diazepam,,51.48,-3.18
W076059,2026-04-22,SA13,Bensedin Galenika Diazepam 10mg,Not stated,White,Tablet,Oral,Relaxed,Diazepam,,51.63321111111111,-3.670888888888888
W076072,2026-04-22,ML11,Diazepam,Diazepam,White,Tablet,Oral,Relaxed,Bromazolam,,55.68366041666667,-3.720560416666667
W076053,2026-04-22,B19,valium 10mg,Bensedin,Blue,Tablet,Oral,"Increased Confidence, Relaxed, Memory Loss",Clobromazolam,,52.4814,-1.8998
W076054,2026-04-22,RG12,Alprazolam,Xanax 2,White,Tablet,Oral,Not Stated,No Active Component Identified,,51.4007,-0.7635
W076028,2026-04-22,SA10,Diazepam,Not Stated,Blue,Tablet,Oral,Not Stated,Ethylbromazolam,,51.71421818181818,-3.720372727272728
W076172,2026-04-22,M1,Diazepam,Bensedin,White,Tablet,Oral,"Not stated,  ",Ethylbromazolam,,53.4809,-2.2374
W076200,2026-04-24,CF32,Lorazepam,Lorazepam,White,Tablet,Not stated,"Not stated,  ",Lorazepam,,51.536704166666674,-3.5931333333333337
W100155,2026-04-26,SY4,Diazepam,Diazepam roche 10mg,Blue,Tablet,Not stated,"Not stated,  ",Diazepam,,52.7651,-2.7190144927536233
W100055,2026-04-27,CW9,valium,martin dow -b,Blue,Tablet,Not stated,"Not stated,  ",Diazepam,,53.264406666666666,-2.5003200000000003
W075740,2026-04-28,HU3,Diazepam,martin dow valium 10mg,Blue,Tablet,Not stated,"Not stated,  ",Diazepam,,53.7446,-0.3353
W076186,2026-04-28,M11,Diazepam,valium 10mg (diazepam),Blue,Tablet,Oral,"Relaxed, Irregular heartbeat, Insomnia, Depression, Violence, Panic attack",Diazepam,,53.479,-2.1818
W100020,2026-04-28,SR3,Diazepam,Accord Diazepam 5mg,Yellow,Tablet,Not stated,"Not stated,  ",Diazepam,,54.874233333333336,-1.4153666666666669
000233414,2026-04-28,LL54,Valium Diazepam 10mg,Martin dow diazepam,Blue,Tablet,Oral,"Not stated,  ",Diazepam,,53.01643928571429,-4.2483
W076149,2026-04-28,KY8,Diazepam,Not stated,White,Tablet,Not stated,"Not stated,  ",Diazepam,,56.209568181818184,-2.9803318181818184
W076116,2026-04-28,L1,Diazepam,Accord diazepam tablet 10mg,Blue,Tablet,Not stated,"Not stated,  ",Diazepam,,53.4106,-2.9779
W076201,2026-04-28,PL52,Diazepam,Martin dow Valium,Blue,Tablet,Not stated,"Not stated,  ",Diazepam,,50.4143,-4.16135
000232000,2026-04-28,SY16,Nitrazepam,Nitrazepam,White,Tablet,Oral,"Not stated,  ",Nitrazepam,,52.50787647058824,-3.3015823529411765
W076197,2026-04-28,NW10,Diazepam,martin dow 10mg,Blue,Tablet,Not stated,"Not stated,  ",Diazepam,,51.53758571428572,-0.2431214285714285
W076184,2026-04-28,N22,Diazepam,Diazepam,Blue,Tablet,Not stated,"Not stated,  ",Diazepam,,51.6,-0.1167
W100016,2026-04-28,NE35,Valium,Valium,White,Tablet,Not stated,"Not stated,  ",Diazepam,,54.9503,-1.469
W076070,2026-04-28,B77,Diazepam,bensedin 10mg BS,White,Tablet,Not stated,"Not stated,  ",Diazepam,,52.6158,-1.666383333333333
W076179,2026-04-28,NW1,Valium,accord,Yellow,Tablet,Not stated,"Not stated,  ",Diazepam,,51.52988181818182,-0.1471818181818182
W075927,2026-04-28,NW1,Diazepam,bensedin,White,Tablet,Not stated,"Not stated,  ",Diazepam,,51.52988181818182,-0.1471818181818182
W075928,2026-04-28,NW1,Diazepam,Martin roche,Blue,Tablet,Not stated,"Not stated,  ",Diazepam,,51.52988181818182,-0.1471818181818182
W075797,2026-04-28,S6,Alprazolam,alprazolam,White,Tablet,Oral,"Euphoria, Increased confidence, Empathy, Relaxed, Memory loss",Bromazolam,,53.3931,-1.5452
W076152,2026-04-28,KY81,Xanax bar,Not stated,White,Tablet,Not stated,"Increased confidence, Relaxed",Buprenorphine,Naloxone,56.209568181818184,-2.9803318181818184
W076151,2026-04-28,KY81,Valium,Not stated,White,Tablet,Not stated,"Euphoria, Relaxed",No active compound identified,,56.209568181818184,-2.9803318181818184
W076162,2026-04-28,KY81,Diazepam,Not stated,White,Tablet,Not stated,"Not stated,  ",Clonazolam,,56.209568181818184,-2.9803318181818184
W100066,2026-04-28,CF32,alprazolam,alprazolam,White,Tablet,Not stated,"Not stated,  ",Tramadol,,51.536704166666674,-3.5931333333333337
W076178,2026-04-28,NW1,Nitrazepam,Nitrazepam,White,Tablet,Not stated,"Not stated,  ",Diazepam,,51.52988181818182,-0.1471818181818182
W076150,2026-04-28,KY81,Diazepam,Not stated,White,Tablet,Not stated,"Increased confidence, Relaxed",Bromazolam,,56.209568181818184,-2.9803318181818184
W100036,2026-04-28,BR1,Xanax,Ksalol,Blue,Tablet,Oral,Relaxed,Alprazolam,,51.4037,0.0305
W100054,2026-04-28,CW9,valium,marin dow- a,Blue,Tablet,Not stated,"Not stated,  ",Diazepam,,53.264406666666666,-2.5003200000000003
W076183,2026-04-28,EH1,Diazepam,Diazepam,White,Tablet,Not stated,"Not stated,  ",Diazepam,,55.9521,-3.1965
W076195,2026-04-28,GL88,Xanax,Not stated,White,Tablet,Oral,Relaxed,"Caffeine, Clonazolam",,51.6456705882353,-2.1885529411764706
W076141,2026-04-29,BH6,DIAZEPAM,Not stated,Blue,Tablet,Oral,"Increased stamina, Relaxed, Depression",Diazepam,,50.72485,-1.7821
W100102,2026-04-29,PH1,VALIUM,Not stated,White,Tablet,Oral,"Chest pains, Irregular heartbeat, Memory loss, Confusion, Loss of consciousness",No active compound identified,,56.43174736842105,-3.4980552631578945
W100109,2026-04-29,NE21,DIAZAPAM 5MG,DIAZAPAM 5MG,Yellow,Tablet,Not stated,"Not stated,  ",Diazepam,,54.9583,-1.718925
W100100,2026-04-29,PH1,VALIUM,Not stated,White,Tablet,Not stated,"Not stated,  ",Dihydrocodeine,,56.43174736842105,-3.4980552631578945
W100022,2026-04-29,EH1,LORAZEPAM,LORAZEPAM,White,Tablet,Not stated,"Not stated,  ",Diazepam,,55.9521,-3.1965
W073581,2026-04-29,EK8,XANAX,Not stated,Blue,Tablet,Oral,Relaxed,Alprazolam,,,
W075753,2026-04-29,NE29,BENSEDIN 10MG (DIAZEPAM 10MG),GALENIKA PHARMACUTICAL'S BENSEDIN 10MG (DIAZEPAM),White,Tablet,Not stated,"Not stated,  ",Diazepam,,55.0165,-1.4493
W075756,2026-04-29,NE29,NITRAZEPAM 5MG (ACCORD PHARMACUTICAL'S),NITRAZEPAM 5MG ACCORD PHARMACUTICAL'S,White,Tablet,Not stated,"Not stated,  ",Nitrazepam,,55.0165,-1.4493
W100123,2026-04-30,BN6,LORAZAPAM 2.5MG,HEMOFARM LORAZEPAM 2.5MG,Blue,Tablet,Not stated,"Not stated,  ",Lorazepam,,50.92262,-0.14494
W100145,2026-04-30,SY4,LORAZEPAM,Not stated,Blue,Tablet,Not stated,"Not stated,  ",Lorazepam,,52.7651,-2.7190144927536233
W100091,2026-04-30,Not stated,ALPRAZOLAM BP 1MG,Not stated,Colourless,Tablet,Oral,Euphoria,No active compound identified,,,
W100110,2026-04-30,SN25,XANAX,NONE,Pink,Tablet,Oral,Relaxed,Bromazepam,,51.558,-1.7812
W100146,2026-04-30,SY4,LORAZEPAM,Not stated,Blue,Tablet,Not stated,"Not stated,  ","Diazepam, Lorazepam",,52.7651,-2.7190144927536233
W100166,2026-04-30,BD19,ALPRAZOLAM,ALPRAZOLAM,White,Tablet,Not stated,"Not stated,  ",Alprazolam,,53.72745,-1.70145
W100171,2026-04-30,SW9,ALPRAZOLAM,SUBZENTUS LABOTORIES - ALPZAR 1MG ALPRAZOLAM,Colourless,Tablet,Not stated,"Not stated,  ",Chlorpheniramine,,51.474,-0.1168
W100180,2026-04-30,SE1,DIAZEPAM,BENSEDIN BRAND DIAZEPAM,White,Tablet,Oral,"Euphoria, Increased confidence, Relaxed",Ethylbromazolam,,51.49874615384616,-0.0930384615384615
W100199,2026-04-30,ST10,REPLEK XANAX,ALPRAZOLAM,Blue,Tablet,Not stated,"Not stated,  ",Alprazolam,,52.994534615384616,-1.9419576923076924
W100064,2026-04-30,M25,10MG DIAZEPAM TABLETS,10MG DIAZEPAM TABLETS,Blue,Tablet,Oral,"Increased energy, Increased confidence, Increased senses, Empathy",Diazepam,,53.5333,-2.2833
000237208,2026-04-30,CF36,valium,Msj,Blue,Tablet,Not stated,"Not stated,  ",Ethylbromazolam,,51.48453333333333,-3.6951
W100144,2026-04-30,SY4,LORAZEPAM,Not stated,Blue,Tablet,Not stated,"Not stated,  ",Lorazepam,,52.7651,-2.7190144927536233
W100098,2026-04-30,LL49,Diazepam,martin dow,Blue,Tablet,Oral,"Not stated,  ",Diazepam,,52.942910000000005,-4.16
W075755,2026-04-30,NE29,LORAZEPAM 1MG (GENUS),LORAZEPAM 1MG GENUS PHARMACUTICALS,Blue,Tablet,Not stated,"Not stated,  ",Lorazepam,,55.0165,-1.4493
W075754,2026-04-30,NE29,Alprazolam,Alprax-2-xr Alprazolam 2mg Opsogn pharmacuticals,Yellow,Tablet,Not stated,"Not stated,  ",Alprazolam,,55.0165,-1.4493
000236133,2026-04-30,CF63,DIAZEPAM 10MG,DIAZEPAM 10MG,Yellow,Tablet,Not stated,"Not stated,  ",Diazepam,,51.4172,-3.2614
W100026,2026-04-30,PA23,valium 10mg,Diazepam 10mg bensidine,White,Tablet,Oral,"Relaxed, Chest pains",Diazepam,,55.988997142857144,-4.98592
W100156,2026-04-30,SY4,DIAZEPAM,DIAZEPAM - ROCHE 10MG,Blue,Tablet,Not stated,"Not stated,  ",Diazepam,,52.7651,-2.7190144927536233
W100165,2026-04-30,SY4,DIAZEPAM,DIAZEPAM - ROCHE 10MG,Blue,Tablet,Not stated,"Not stated,  ",Diazepam,,52.7651,-2.7190144927536233
W100159,2026-04-30,SY4,DIAZEPAM,DIAZEPAM - ROCHE 10MG,Blue,Tablet,Not stated,"Not stated,  ",Diazepam,,52.7651,-2.7190144927536233
W100142,2026-04-30,SY4,ALPRAZOLAM,Not stated,Blue,Tablet,Not stated,"Not stated,  ",Alprazolam,,52.7651,-2.7190144927536233
W100140,2026-04-30,SY4,ALPRAZOLAM,Not stated,Blue,Tablet,Not stated,"Not stated,  ",Alprazolam,,52.7651,-2.7190144927536233
W100153,2026-04-30,SY4,ALPRAZOLAM,Not stated,Blue,Tablet,Not stated,"Not stated,  ",Alprazolam,,52.7651,-2.7190144927536233
W100095,2026-04-30,SE9,DIAZEPAM 5MG,DIAZEPAM 5MG,Yellow,Tablet,Not stated,"Not stated,  ",Diazepam,,51.44698000000001,0.0542799999999999
W076067,2026-04-30,OX49,VALIUM,VALIUM,Blue,Tablet,Not stated,"Not stated,  ",Diazepam,,51.6433,-1.0045
W100097,2026-04-30,SE9,DIAZEPAM 5MG,DIAZEPAM 5MG,Yellow,Tablet,Not stated,"Not stated,  ",Diazepam,,51.44698000000001,0.0542799999999999
W100197,2026-04-30,ST10,ROCHE VALIUM,DIAZEPAM,Blue,Tablet,Not stated,"Not stated,  ",Diazepam,,52.994534615384616,-1.9419576923076924
W100126,2026-04-30,W68,DIAZEPAM,CRESCENT DIAZEPAM 10MG A/278,Blue,Tablet,Not stated,"Not stated,  ",Diazepam,,,
W100198,2026-04-30,ST10,NOZIM CLONAZEPAM,2MG CLONAZEPAM,Blue,Tablet,Not stated,"Not stated,  ",Clonazepam,,52.994534615384616,-1.9419576923076924
W100201,2026-05-01,LE1,Ksalol xanax fresh stock,ksalol xanax fresh stock,Blue,Tablet,Not stated,"Not stated,  ",Alprazolam,,52.6386,-1.1317
W100161,2026-05-01,SY4,Diazepam,Diazepam roche 10mg,Blue,Tablet,Not stated,"Not stated,  ",Diazepam,,52.7651,-2.7190144927536233
W100204,2026-05-01,CV6,Ksalol xanax 1mg fresh stock,ksalol xanax 1mg fresh stock,Blue,Tablet,Not stated,"Not stated,  ",Alprazolam,,52.4414,-1.4998714285714283
W100163,2026-05-01,SY4,Diazepam,Diazepam roche 10mg,Blue,Tablet,Not stated,"Not stated,  ",Diazepam,,52.7651,-2.7190144927536233
W100215,2026-05-01,TN1,Daizepam,valium diazepam,Blue,Tablet,Not stated,"Not stated,  ",Diazepam,,51.1325,0.2633
W100223,2026-05-01,ML3,Martin dow valium 10mg,martin dow 10mg,Blue,Tablet,Not stated,"Not stated,  ",Diazepam,,55.76254285714286,-4.045457142857143
W100154,2026-05-01,SY4,Lorazepam,Not stated,Blue,Tablet,Not stated,"Not stated,  ",Lorazepam,,52.7651,-2.7190144927536233
W100107,2026-05-01,AB25,Xanax,Ksalol,White,Tablet,Oral,Relaxed,Alprazolam,,57.1437,-2.0981
000234328,2026-05-01,CF11,Lorazepam,Neuroxpharm,White,Tablet,Oral,"Euphoria, Increased confidence, Relaxed, Vomiting, Memory loss, Confusion, Suicidal ideation",Lorazepam,,51.48,-3.18
W100206,2026-05-01,CV7,ksadol xanax 1mg lcm,ksaol xanax 1mg lcm,Blue,Tablet,Not stated,"Not stated,  ",Alprazolam,,52.44593888888889,-1.5487333333333335
W100160,2026-05-01,SY4,Diazepam,Diazepam roche 10mg,Blue,Tablet,Not stated,"Not stated,  ",Diazepam,,52.7651,-2.7190144927536233
W100139,2026-05-01,SY4,Alprazolam,Not stated,Blue,Tablet,Not stated,"Not stated,  ",Alprazolam,,52.7651,-2.7190144927536233
W100242,2026-05-01,BT38,Diazepam,10mg valium martin dow,Blue,Tablet,Oral,"Increased confidence, Relaxed",Diazepam,,54.73284,-5.7809
W076146,2026-05-01,KA14,Xanax,Xanax viatris,Pink,Tablet,Not stated,"Not stated,  ",Alprazolam,,55.7393,-4.6776
W076078,2026-05-01,KY7,Valium,Not stated,White,Tablet,Oral,"Euphoria, Increased energy, Increased confidence, Increased senses, Relaxed, Memory loss",Clonazolam,,56.19679,-3.1358
W100164,2026-05-01,SY4,Diazepam,Diazepam roche 10mg,Blue,Tablet,Not stated,"Not stated,  ",Diazepam,,52.7651,-2.7190144927536233
W100148,2026-05-01,SY4,Lorazepam,Not stated,Blue,Tablet,Not stated,"Not stated,  ",Lorazepam,,52.7651,-2.7190144927536233
W100162,2026-05-01,SY4,Diazepam,Diazepam roche 10mg,Blue,Tablet,Not stated,"Not stated,  ",Diazepam,,52.7651,-2.7190144927536233
W100151,2026-05-01,BS8,Lorazepam,lorazepam,White,Tablet,Oral,"Not stated,  ",Lorazepam,,51.450199999999995,-2.65032
W100138,2026-05-01,SY4,Alprazolam,Not stated,Blue,Tablet,Not stated,"Not stated,  ",Alprazolam,,52.7651,-2.7190144927536233
W100152,2026-05-01,SY4,Alprazolam,Not stated,Blue,Tablet,Not stated,"Not stated,  ",Alprazolam,,52.7651,-2.7190144927536233
W100150,2026-05-01,SY4,Lorazepam,Not stated,Blue,Tablet,Not stated,"Not stated,  ",Lorazepam,,52.7651,-2.7190144927536233
W100137,2026-05-01,SY4,Alprazolam,Not stated,Blue,Tablet,Not stated,"Not stated,  ",Alprazolam,,52.7651,-2.7190144927536233
W100202,2026-05-01,LE2,Kaslol xanax 1mg,ksalol xanax 1mg,Blue,Tablet,Not stated,"Not stated,  ",Alprazolam,,52.60181666666667,-1.1167166666666668
000234327,2026-05-01,CF11,Lorazepam,MA holder genethics europe ltd,White,Tablet,Oral,"Euphoria, Increased confidence, Relaxed, Vomiting, Memory loss, Confusion, Suicidal ideation",Lorazepam,,51.48,-3.18
W100143,2026-05-01,SY4,Lorazepam,Not stated,Blue,Tablet,Not stated,"Not stated,  ",Lorazepam,,52.7651,-2.7190144927536233
W100149,2026-05-01,SY4,Lorazepam,Not stated,Blue,Tablet,Not stated,"Not stated,  ",Lorazepam,,52.7651,-2.7190144927536233
W100255,2026-05-01,TQ46,Diazepam,Elikem elipam-10,White,Tablet,Not stated,"Not stated,  ",Diazepam,,50.424,-3.5713
000232925,2026-05-01,Not stated,Diazepam,Not stated,Blue,Tablet,Oral,Loss of consciousness,Diazepam,,,
000039757,2026-05-01,LL65,diazepam,10,Blue,Tablet,Oral,Relaxed,Diazepam,,53.289686206896555,-4.534455172413793
W100253,2026-05-01,TN1,Diazepam,Diazepam (eatium 5mg),White,Tablet,Not stated,"Not stated,  ",Diazepam,,51.1325,0.2633
W100272,2026-05-01,G6,Bensedins,bensedin 10mg,White,Tablet,Oral,"Euphoria, Increased confidence, Empathy, Memory loss, Agitation, Panic attack",Diazepam,,,
W076147,2026-05-01,KA14,Diazepam,Diazepam accord,Blue,Tablet,Not stated,"Not stated,  ",Diazepam,,55.7393,-4.6776
W076148,2026-05-01,KA14,Diazepam,Diazepam accord,Blue,Tablet,Not stated,"Not stated,  ",Diazepam,,55.7393,-4.6776
W100158,2026-05-01,SY4,Diazepam,Diazepam roche 10mg,Blue,Tablet,Not stated,"Not stated,  ",Diazepam,,52.7651,-2.7190144927536233
W100157,2026-05-01,SY4,Diazepam,Diazepam roche 10mg,Blue,Tablet,Not stated,"Not stated,  ",Diazepam,,52.7651,-2.7190144927536233
W100195,2026-05-01,ST10,Galenika ksalol,Xanax,Blue,Tablet,Not stated,"Not stated,  ",Alprazolam,,52.994534615384616,-1.9419576923076924
W100257,2026-05-01,TN1,Diazepam,Bensedin 10mg,White,Tablet,Not stated,"Not stated,  ",Diazepam,,51.1325,0.2633
W100372,2026-05-06,DN5,Diazepam,Diazepam,White,Tablet,Oral,Relaxed,Ethylbromazolam,,53.53578181818182,-1.229072727272727
W100346,2026-05-06,SO17,Valium,Not stated,Blue,Tablet,Not stated,"Not stated,  ",Clobromazolam,Rilmazafone,50.927,-1.394
000236134,2026-05-06,CF63,Diazepam 10mg,diazepam 10mg,Blue,Tablet,Not stated,"Not stated,  ",Cocaine,"Promethazine, Ethylbromazolam",51.4172,-3.2614
W100366,2026-05-06,G83,Street valium,Not stated,Brown,Capsule,Oral,"Euphoria, Increased confidence, Increased senses, Auditory hallucinations, Visual hallucinations, Relaxed, Memory loss, Confusion, Agitation, Suicidal ideation, Violence",No active compound identified,,56.03989166666666,-4.6006583333333335
W100329,2026-05-06,BB11,Diazepam,Diazepam,Blue,Tablet,Not stated,"Euphoria, No effect",Diazepam,,53.79165,-2.275
W076211,2026-05-06,SP7,Xanax,alprazolam tablet 1mg,White,Tablet,Oral,No effect,Chlorpheniramine,,50.99635,-2.1566636363636364
W100392,2026-05-06,BA6,Xanax,Alprazolam,White,Tablet,Oral,No effect,Tramadol,,51.140458333333335,-2.708916666666666
W100426,2026-05-06,DH99,Clonazepam 2mg neuraxpharm,clonazepam 2mg neuraxpharm,White,Tablet,Not stated,"Not stated,  ",Clonazepam,,54.786,-1.5566
W100311,2026-05-06,Not stated,Diazepam,Not stated,Blue,Tablet,Oral,"Euphoria, Relaxed",Ethylbromazolam,,,
W100430,2026-05-06,DH99,Clonazepam 2mg neuraxphram,clonazepam,White,Tablet,Not stated,"Not stated,  ",Clonazepam,,54.786,-1.5566
W100398,2026-05-06,W7,Diazepam 10mg,Diazepam Ip 10mg,White,Tablet,Oral,No effect,Diazepam,,51.5118,-0.3358999999999999
W100428,2026-05-06,DH99,Clonazepam 2mg neuraxpharm,Not stated,White,Tablet,Not stated,"Not stated,  ",Clonazepam,,54.786,-1.5566
W100264,2026-05-06,Not stated,Diazepam and dihydrocodeine,Not stated,White,Tablet,Not stated,"Not stated,  ",Dihydrocodeine,,,
W100371,2026-05-06,EH22,Diazepam,diazepam,Blue,Tablet,Not stated,"Not stated,  ",Diazepam,,55.90278333333333,-3.078175
W100429,2026-05-06,DH99,Clonazepam 2mg neuraxpharm,Clonazepam neauraxpham,White,Tablet,Not stated,"Not stated,  ",Clonazepam,,54.786,-1.5566
W100332,2026-05-06,LS18,Diazepam 10mg,bensedin 10mg diazepam,White,Tablet,Not stated,"Not stated,  ",Ethylbromazolam,,53.838,-1.6404
W100362,2026-05-06,KY4,Diazepam,Diazepam,White,Tablet,Not stated,"Not stated,  ",Diazepam,,56.10405,-3.363725
W076236,2026-05-07,LL12,diazepam,diazepam,White,Powder,Oral,"Euphoria, Relaxed",Paracetamol,,53.104020000000006,-3.0036
W100408,2026-05-07,S63,Alprazolam,xanax,White,Tablet,Not stated,"Not stated,  ",Ethylbromazolam,,53.50789999999999,-1.34018
W100382,2026-05-07,KY12,Diazepam,Diazepam,Blue,Tablet,Oral,"Relaxed, Confusion",Diazepam,,56.087095,-3.539235
W100359,2026-05-07,G15,diazepam,Not stated,White,Tablet,Not stated,"Not stated,  ",Diazepam,,55.9102,-4.3733
W100499,2026-05-07,BL6,Diazepam,Diazepam,Yellow,Tablet,Not stated,"Not stated,  ",Diazepam,,53.608,-2.5757
W100344,2026-05-07,B22,Galenika ksalol 1mg,Galenika ksalol 1mg,Blue,Tablet,Not stated,"Not stated,  ",Alprazolam,,,
W100409,2026-05-07,S63,Diazepam,Diazepam,Blue,Tablet,Not stated,"Not stated,  ",Diazepam,,53.50789999999999,-1.34018
W100468,2026-05-07,E8,2mg ativan lorazepam,pfizer ativan lorazepam 2mg,Brown,Tablet,Not stated,"Not stated,  ",Lorazepam,,51.548,-0.0629
W100336,2026-05-07,B22,Galenika rivotril 2mg,galenika rivotril 2mg,White,Tablet,Not stated,"Not stated,  ",Clonazepam,,,
W076225,2026-05-07,WR10,Alprazolam,alprazolam,White,Tablet,Not stated,"Not stated,  ",Chlorpheniramine,,52.11444545454546,-2.047613636363636
W100380,2026-05-07,CT1,diazepam,diazepam,Yellow,Tablet,Not stated,"Not stated,  ",Diazepam,,51.27405,1.06835
W076220,2026-05-07,SE25,Diazepam,Bensedin diazepam,White,Tablet,Not stated,"Not stated,  ",Diazepam,,51.398325,-0.06895
W100381,2026-05-07,CT1,diazepam,Diazepam,Yellow,Tablet,Not stated,"Not stated,  ",Diazepam,,51.27405,1.06835
W076241,2026-05-07,BN21,Diazepam,Not stated,White,Tablet,Not stated,"Not stated,  ",Diazepam,,50.7687,0.2845
W100467,2026-05-07,E8,valium,Diazepam 10mg,White,Tablet,Not stated,"Not stated,  ",Diazepam,,51.548,-0.0629
W076223,2026-05-07,HD1,Diazepam 5mg,Diazepam 5mg accord,Yellow,Tablet,Not stated,"Not stated,  ",Diazepam,,53.649,-1.7842
W100445,2026-05-07,PH2,Diazepam,valium martin dow,Blue,Tablet,Not stated,"Not stated,  ",Diazepam,,56.37225438596491,-3.356345614035088
W100328,2026-05-07,NW9,Diazepam,valium/ diazepam,Blue,Tablet,Not stated,"Not stated,  ",Diazepam,,51.5894,-0.25692
W100528,2026-05-11,LU6,Diazepam 5mg,Accord diazepam 5mg,Yellow,Tablet,Not stated,"Not stated,  ",Diazepam,,51.8686,-0.5463600000000001
W100578,2026-05-11,EH32,Etizolam,Not stated,Pink,Powder,Snort / Sniff,"Increased confidence, Increased stamina, Increased libido, Increased strength, Auditory hallucinations, Chest pains, Vomiting, Memory loss","Ketamine, MDMA",Cocaine,55.97811428571429,-2.9193571428571423
W100549,2026-05-11,FK77,Diazepam,Not stated,White,Tablet,Oral,"Chest pains, Memory loss, Loss of consciousness",Medetomidine,,56.0861125,-3.9108875
W100518,2026-05-11,FK10,Valium,Not stated,White,Tablet,Not stated,"Increased senses, Relaxed, Paranoia, Memory loss, Confusion, Agitation, Depression, Loss of consciousness",Medetomidine,,56.10687777777778,-3.7534
W076221,2026-05-11,OX11,xanax 2mg,xanax 2mg,White,Tablet,Oral,"Relaxed, Memory loss",Medetomidine,,51.58721666666667,-1.2355166666666666
W100517,2026-05-11,FK10,valium,Not stated,White,Tablet,Not stated,"Relaxed, Memory loss, Confusion, Agitation, Loss of consciousness",Medetomidine,,56.10687777777778,-3.7534
W100507,2026-05-11,FK7,valium,Not stated,White,Tablet,Oral,"Relaxed, Confusion, Panic attack, Loss of consciousness",Medetomidine,,56.0861125,-3.9108875
W100595,2026-05-11,SA14,Clonazepam 2mg,galenika rivotril clonazepam,White,Tablet,Not stated,"Not stated,  ","Ethylbromazolam, Promethazine",,51.76378235294118,-4.089482352941177
W100493,2026-05-11,BA10,xanax (alprazolam),Alprazolam 1mg Alxan-1 medicross,White,Tablet,Oral,No effect,Tramadol,,51.11111428571429,-2.4373142857142858
W100508,2026-05-11,FK10,Valium,Not stated,White,Tablet,Oral,"Relaxed, Panic attack, Loss of consciousness",Medetomidine,,56.10687777777778,-3.7534
W100590,2026-05-11,TN16,Diazepam,Diazepam accord,Yellow,Tablet,Not stated,"Not stated,  ",Diazepam,,51.2871,0.0597833333333333
W100450,2026-05-11,B24,Clonazepam 2mg,Not stated,White,Tablet,Not stated,"Not stated,  ",Clonazepam,,52.526349999999994,-1.809
W100537,2026-05-11,M14,diazepam,galenika bensedin (diazepam),White,Tablet,Not stated,"Not stated,  ",Diazepam,,53.4482,-2.2257
W100536,2026-05-11,M14,alprazolam,gelenika ksalol alprazolam,White,Tablet,Not stated,"Not stated,  ",Alprazolam,,53.4482,-2.2257
W100571,2026-05-11,Not stated,Valium,Not stated,White,Tablet,Not stated,Relaxed,Diazepam,,,
W100509,2026-05-11,FK9,valium,Not stated,White,Tablet,Oral,"Relaxed, Loss of consciousness",Diazepam,,56.1436875,-3.9315
W100588,2026-05-11,AB1,Clonazepam,Clonazepam,White,Tablet,Oral,"Euphoria, Relaxed",Clonazepam,,,
W100582,2026-05-11,AB1,Diazepam,Diazepam,Blue,Tablet,Oral,"Euphoria, Relaxed",Diazepam,,,
W100587,2026-05-11,AB1,Clonazepam,Clonazepam,White,Tablet,Oral,"Euphoria, Relaxed",Clonazepam,,,
W100538,2026-05-11,M14,Alprazolam,uptohn xanax alprazolam,Pink,Tablet,Not stated,"Not stated,  ",Alprazolam,,53.4482,-2.2257
W100581,2026-05-11,SA73,lorazepam 2mg,lorazepam tablets lora-2,White,Tablet,Not stated,"Not stated,  ",Lorazepam,,51.719835714285715,-4.983364285714286
W100621,2026-05-13,SY23,Diazepam,Diazepam,White,Tablet,Oral,Relaxed,Diazepam,,52.34458541666667,-3.9885
W100579,2026-05-13,CF40,DIAZEPAM,DOW,Blue,Tablet,Not stated,"Not stated,  ",Diazepam,,51.627316666666665,-3.461883333333333
W100557,2026-05-13,WA9,diazepam,Martin dow diazepam,White,Tablet,Not stated,"Not stated,  ",Diazepam,,53.426433333333335,-2.7348666666666666
W100607,2026-05-13,SN2,ALPRAZOLAM,KERN ALPROZOLAM,Colourless,Tablet,Oral,"Relaxed, Nausea, Confusion, Agitation, No effect",Ethylbromazolam,,51.58286666666667,-1.7952333333333332
W100619,2026-05-13,Not stated,Xanax,Not stated,White,Tablet,Not stated,"Memory loss, Confusion",Tramadol,,,
W100606,2026-05-13,SN2,TEMAZEPAM,TEMAZEPAM TEVA,Colourless,Tablet,Not stated,"Not stated,  ",Ethylbromazolam,,51.58286666666667,-1.7952333333333332
W100592,2026-05-13,TD9,Diazepam,Accord diazepam 10mg,Blue,Tablet,Oral,No effect,Ethylbromazolam,,55.39354782608696,-2.707571739130435
W076247,2026-05-13,CR4,Xanax / alprazolam,1mg ksalol xanax alprazolam,Blue,Tablet,Not stated,"Not stated,  ",Alprazolam,,51.3936,-0.163
W100567,2026-05-13,GL12,diazepam,bensedin galenika,White,Tablet,Not stated,"Not stated,  ",Diazepam,,51.62172777777778,-2.3947055555555554
W100564,2026-05-13,CR4,Xanax alprazolam,2mg xanax alprazolam,White,Powder,Snort / Sniff,No effect,Caffeine,Clobromazolam,51.3936,-0.163
W072611,2026-05-14,FK1,DIAZEPAM,Not stated,White,Tablet,Oral,"Auditory hallucinations, Memory loss, Confusion, Loss of consciousness",Medetomidine,,55.96849090909091,-3.796481818181818
W100675,2026-05-14,SW99,ALPRAZOLAM,ALPRAZOLAM,White,Tablet,Not stated,"Not stated,  ",Tramadol,,51.474,-0.1168
W100622,2026-05-14,W6,CLONAZEPAM,RIVOTRIL 2MG,White,Tablet,Oral,"Relaxed, Nausea, Memory loss",Clonazepam,,51.49248333333333,-0.2204
W100688,2026-05-14,G4,VALIUM,Not stated,White,Tablet,Not stated,"Not stated,  ",Bromazolam,,55.8651,-4.2576
W076263,2026-05-14,W6,CLONAZEPAM,CLONOTROL 2MG TABLETS,Red,Tablet,Not stated,"Not stated,  ",Clonazepam,,51.49248333333333,-0.2204
W100686,2026-05-14,WA10,RIVOTRIL 2MG,CLONAZEPAM,White,Tablet,Oral,Loss of consciousness,Clonazepam,,53.45000000000001,-2.7583
W100721,2026-05-14,G82,DIAZEPAM,Not stated,White,Tablet,Not stated,"Not stated,  ",Bromazolam,,55.954800000000006,-4.5815222222222225
W075962,2026-05-14,SK12,MARTIN DOW VALIUM,MARTIN DOW VALIUM,Blue,Tablet,Oral,"Euphoria, Increased confidence, Empathy",Diazepam,,53.351884210526315,-2.0920947368421055
W100745,2026-05-14,LS12,BROMAZOLAM,BROMAZOLAM,Purple,Tablet,Not stated,"Euphoria, Increased confidence, Relaxed, Memory loss",Bromazolam,,53.7913,-1.5972
W100701,2026-05-14,W8,DIAZEPAM,DIAZEPAM,Blue,Tablet,Not stated,"Not stated,  ",Diazepam,,51.501125,-0.1985
W075681,2026-05-14,CT14,XANAX,ALPRAZOLAM,White,Tablet,Not stated,"Not stated,  ",Alprazolam,,51.21555714285714,1.369478571428571
W100679,2026-05-14,SW99,DIAZEPAM,VALIUM DIAZEPAM,Blue,Tablet,Not stated,"Not stated,  ",Diazepam,,51.474,-0.1168
W076269,2026-05-14,HA3,ALPRAZOLAM,KSALOL GALENIKA,White,Tablet,Not stated,"Not stated,  ",Alprazolam,,51.59936666666667,-0.3307333333333333
W100744,2026-05-14,EH1,DIAZEPAM 10MG,VALIUM 10MG,Blue,Tablet,Not stated,"Not stated,  ",Diazepam,,55.9521,-3.1965
W100743,2026-05-14,G82,STREET VALIUM,Not stated,White,Solid,Not stated,"Relaxed, Violence, Agression",Bromazolam,,55.954800000000006,-4.5815222222222225
W100617,2026-05-14,SN1,DIAZEPAM,EUPAM 10,White,Tablet,Not stated,Relaxed,Diazepam,,51.558,-1.7812
W076264,2026-05-14,W6,XANAX,ALPRAZOLAM 1MG,Blue,Tablet,Oral,Relaxed,Alprazolam,,51.49248333333333,-0.2204
W100647,2026-05-14,EH6,DIAZEPAM,DIAZEPAM,Blue,Tablet,Not stated,"Not stated,  ",Diazepam,,55.9617,-3.1844
W100625,2026-05-14,W6,DIAZEPAM,BENSEDIN 10MG,White,Tablet,Not stated,"Relaxed, Memory loss",Diazepam,,51.49248333333333,-0.2204
W100699,2026-05-14,L10,DIAZEPAM,DIAZEPAM,Yellow,Tablet,Not stated,"Not stated,  ",Diazepam,,53.4754,-2.952
W100648,2026-05-14,EH6,DIAZEPAM,DIAZEPAM,Blue,Tablet,Not stated,"Not stated,  ",Diazepam,,55.9617,-3.1844
W100646,2026-05-14,EH6,DIAZEPAM,DIAZEPAM,Blue,Tablet,Not stated,"Not stated,  ",Diazepam,,55.9617,-3.1844
W100645,2026-05-14,EH6,DIAZEPAM,DIAZEPAM,Blue,Tablet,Not stated,"Not stated,  ",Diazepam,,55.9617,-3.1844
W100547,2026-05-14,EH6,DIAZEPAM,DIAZEPAM,Blue,Tablet,Not stated,"Not stated,  ",Diazepam,,55.9617,-3.1844
W100545,2026-05-14,EH6,DIAZEPAM,DIAZEPAM,Yellow,Tablet,Not stated,"Not stated,  ",Diazepam,,55.9617,-3.1844
W100546,2026-05-14,EH6,DIAZEPAM,DIAZEPAM,White,Tablet,Not stated,"Not stated,  ",Diazepam,,55.9617,-3.1844
W076265,2026-05-14,EH6,DIAZEPAM,DIAZEPAM,White,Tablet,Not stated,"Not stated,  ",Diazepam,,55.9617,-3.1844
W100720,2026-05-14,G82,DIAZEPAM,Not stated,White,Tablet,Not stated,"Not stated,  ",Diazepam,,55.954800000000006,-4.5815222222222225
W100717,2026-05-14,G82,DIAZEPAM,Not stated,White,Tablet,Oral,"Not stated,  ",Diazepam,,55.954800000000006,-4.5815222222222225
W100689,2026-05-14,G4,CLONAZEPAM,RIVOTRIL,White,Tablet,Not stated,"Not stated,  ",Clonazepam,,55.8651,-4.2576
W100732,2026-05-14,NN12,VALIUM 10MG,,White,Tablet,Not stated,"Not stated,  ",Diazepam,,52.12114285714286,-1.03124
W100552,2026-05-14,BH22,DIAZEPAM 10MG,BENSEDIN 10MG GALENIKA,White,Tablet,Not stated,"Not stated,  ",Diazepam,,50.798257142857146,-1.8945142857142856
W075963,2026-05-14,SK12,MARTIN DOW VALIUM,MARTIN DOW VALIUM,Blue,Tablet,Oral,"Euphoria, Increased confidence, Empathy",Diazepam,,53.351884210526315,-2.0920947368421055
W100685,2026-05-14,WA10,ALPRAZ XR 2MG,ALPRAZOLAM,Yellow,Tablet,Oral,Loss of consciousness,Alprazolam,,53.45000000000001,-2.7583
W100945,2026-05-19,BT67,Diazepam 10mg,Bensedin 10,White,Tablet,Not stated,"Not stated,  ",Diazepam,,54.48503333333334,-6.287166666666667
W073583,2026-05-19,FK10,Diazepam,Diazepam,White,Tablet,Oral,Relaxed,"Bromazolam, Caffeine",,56.10687777777778,-3.7534
W100865,2026-05-19,LA13,clonazepam,Galenika,White,Tablet,Not stated,"Not stated,  ",Clonazepam,,54.11367142857143,-3.193485714285714
W100874,2026-05-19,LU7,Alprazolam,Rlam-1,White,Tablet,Oral,"Euphoria, Relaxed",Tramadol,,51.89277307692308,-0.6581499999999999
W100909,2026-05-19,G8,Diazepam 5mg,Diazepam accord/almus,Yellow,Tablet,Not stated,"Not stated,  ",Diazepam,,,
000039753,2026-05-19,LL77,DIAZEPAM,Not stated,White,Tablet,Oral,"Not stated,  ",Diazepam,,53.27263333333334,-4.3066
W076273,2026-05-19,BS48,Diazepam 10mg,Bensedin,White,Tablet,Oral,Relaxed,Diazepam,,51.4253,-2.7484
W076272,2026-05-19,BS48,Nitrazepam 10mg,Not stated,White,Tablet,Not stated,"Not stated,  ",Nitrazepam,,51.4253,-2.7484
W100900,2026-05-19,L15,Xanax,Viatris trankimazin Xanax,White,Tablet,Not stated,"Not stated,  ",Alprazolam,,53.3975,-2.9206
W076288,2026-05-19,BS48,Nitrazepam,Not stated,White,Tablet,Not stated,"Not stated,  ",Nitrazepam,,51.4253,-2.7484
W100875,2026-05-19,TS25,temazepam 20mg egg,Not stated,Yellow,Tablet,Oral,"Increased energy, Increased confidence, Relaxed, Confusion, Loss of consciousness",Tadalafil,,54.6515,-1.2128
W100946,2026-05-19,IV36,Xanax (alprazolam),Alprazolam 1mg,White,Tablet,Oral,Relaxed,Chlorpheniramine,,57.61094054054054,-3.6021297297297297
W100737,2026-05-19,BT2,alprazolam 2mg,Not stated,White,Tablet,Oral,"Euphoria, Increased confidence, Increased strength, Relaxed, Memory loss, Confusion",Tramadol,,54.5833,-5.9333
W100964,2026-05-19,FK10,Valium,Not stated,Blue,Tablet,Oral,"Not stated,  ",Bromazolam,,56.10687777777778,-3.7534
000041793,2026-05-19,SA48,alprazolam,Not stated,White,Tablet,Oral,"Not stated,  ",Tramadol,,52.154116,-4.1118
W100803,2026-05-19,GL53,LORAZEPAM,ATIVAN 2MG,Pink,Tablet,Not stated,"Not stated,  ",Lorazepam,,51.8192,-2.05427
W076289,2026-05-19,BS48,temazepam,Not stated,Purple,Tablet,Not stated,"Not stated,  ",Temazepam,,51.4253,-2.7484
W100783,2026-05-19,FK8,VALIUM,Not stated,Blue,Tablet,Oral,"Relaxed, Irregular heartbeat",Paracetamol,,56.12892702702703,-4.228913513513514
W100692,2026-05-19,CO7,Alprazolam,Ksalol,Blue,Tablet,Not stated,"Not stated,  ",Alprazolam,,51.887447826086955,1.0088478260869564
W100693,2026-05-19,CO7,Diazepam,Bensedin,White,Tablet,Not stated,"Not stated,  ",Diazepam,,51.887447826086955,1.0088478260869564
W100817,2026-05-19,CF24,Bensedin/Diazepam,Bensedin,White,Tablet,Oral,"Increased energy, Increased confidence, Relaxed, Insomnia, Depression",Ethylbromazolam,,51.48,-3.18
W100829,2026-05-19,CF24,Clonazepam,Klonopin,White,Tablet,Oral,Euphoria,Clonazepam,,51.48,-3.18
000237981,2026-05-19,CF40,Diazepam,Diazepam,White,Tablet,Oral,"Empathy, Relaxed",Zopiclone,,51.627316666666665,-3.461883333333333
W100736,2026-05-19,BT2,ALPRAZOLAM 1MG,Not stated,White,Tablet,Oral,"Chest pains, Vomiting, No effect, Panic attack",Alprazolam,,54.5833,-5.9333
W076285,2026-05-19,OX49,XANAX,"FELIX PHARMACIA, ALPRAZOLAM",White,Tablet,Not stated,"Not stated,  ",Alprazolam,,51.6433,-1.0045
W100770,2026-05-19,SO40,DIAZEPAM,ACCORD DIAZEPAM 5MG,Yellow,Tablet,Oral,"Not stated,  ",Diazepam,,50.91249375,-1.51341875
000239691,2026-05-19,NP4,SUSPECTED DIAZEPAM,Not stated,White,Tablet,Not stated,"Not stated,  ",Ethylbromazolam,,51.718515789473685,-3.030521052631579
W100784,2026-05-19,BD4,VALIUM 10MG,VALIUM 10MG,Blue,Tablet,Not stated,"Not stated,  ",Diazepam,,53.770725,-1.729375
000235792,2026-05-19,Not stated,Diazepam,Diazepam,Blue,Tablet,Oral,No effect,Ethylbromazolam,,,
W100747,2026-05-19,WV10,GALENIKA BENSEDIN,BENSEDIN,White,Tablet,Oral,"Not stated,  ",Diazepam,,52.651114285714286,-2.101428571428571
W100682,2026-05-19,PR32,BLUES,VALIUM,White,Tablet,Not stated,"Not stated,  ",Diazepam,,53.903882857142854,-2.707102857142857
W100866,2026-05-19,LA13,Clonazepam,Galenika,White,Tablet,Not stated,"Not stated,  ",Clonazepam,,54.11367142857143,-3.193485714285714
W100791,2026-05-19,AB24,Diazepam,Diazepam,Yellow,Tablet,Not stated,No effect,Diazepam,,57.1437,-2.0981
W100864,2026-05-19,LA13,Clonazepam,Galenika,White,Tablet,Not stated,"Not stated,  ",Clonazepam,,54.11367142857143,-3.193485714285714
W100883,2026-05-19,PL22,Diazepam 10mg,diazepam 10mg,White,Tablet,Oral,"Relaxed, Depression",Diazepam,,50.39221111111111,-4.640277777777778
W100835,2026-05-19,SA15,diazepam,Diazepam,White,Tablet,Oral,Relaxed,Diazepam,,51.74003,-4.187250000000001
W100716,2026-05-19,Not stated,Diazepam,Elipam,White,Tablet,Oral,Relaxed,Diazepam,,,
W100735,2026-05-19,BT2,Clonazepam 2mg,Not stated,White,Tablet,Oral,"Euphoria, Increased confidence, Relaxed",Clonazepam,,54.5833,-5.9333
W100867,2026-05-19,LA13,Clonazepam,Galenika,White,Tablet,Not stated,"Not stated,  ",Clonazepam,,54.11367142857143,-3.193485714285714
W100843,2026-05-19,BT36,Valium,Valium martin dow,Blue,Tablet,Oral,"Increased confidence, Empathy, Relaxed, Confusion",Diazepam,,54.675533333333334,-5.9483
W100796,2026-05-19,TN16,diazepam,diazepam accoord 5mg,Yellow,Tablet,Not stated,"Not stated,  ",Diazepam,,51.2871,0.0597833333333333
W100887,2026-05-19,YO32,alprazolam,"medicross, alprazolam 2mg",White,Tablet,Not stated,Anxiety,Tramadol,,54.0114375,-1.0430625
W076283,2026-05-19,PL97,XANAX,ALPRX-1 ALPRAZOLAM,White,Tablet,Not stated,"Not stated,  ",Alprazolam,,50.34709090909091,-4.0945
W100706,2026-05-19,LU7,Alprazolam,rlam-1,White,Tablet,Not stated,"Not stated,  ",Tramadol,,51.89277307692308,-0.6581499999999999
W101019,2026-05-21,E17,Etizolam,Etizolam,Blue,Tablet,Oral,"Relaxed, No effect",Desalkylgidazepam,,51.58758,-0.02048
W100957,2026-05-26,BH22,Diazepam,Not stated,White,Tablet,Not stated,"Not stated,  ",Diazepam,,50.798257142857146,-1.8945142857142856
W100968,2026-05-26,SW1,Xanax 0.5mg,xanax 0.5mg,Pink,Tablet,Not stated,"Not stated,  ",Alprazolam,,51.495583333333336,-0.1417916666666666
W076256,2026-05-26,Not stated,Street valium,Not stated,White,Tablet,Oral,"Increased confidence, Relaxed, Agitation, Depression, Loss of consciousness",Medetomidine,,,
W100907,2026-05-26,GL88,xanax,Xanax,White,Tablet,Not stated,"Not stated,  ",No active compound identified,,51.6456705882353,-2.1885529411764706
W100053,2026-05-26,CF45,Temazepam,Temazepam,White,Tablet,Not stated,"Not stated,  ",Temazepam,,51.66452,-3.3537
000237982,2026-05-26,CF37,Lorazepam,Lorazepam,Blue,Tablet,Oral,"Not stated,  ",Lorazepam,,51.613815384615386,-3.3598076923076925
W100913,2026-05-26,YO31,Valium (diazepam),Valium (diazepam),Blue,Tablet,Not stated,"Not stated,  ",Diazepam,,53.9576,-1.0827
W100868,2026-05-26,SS71,Diazepam 10mg,Valium Diazepam 10mg,Blue,Tablet,Not stated,"Not stated,  ",Diazepam,,51.55652,0.58128
W100969,2026-05-26,SR3,diazepam,sedil diazepam 5mg,Orange,Tablet,Not stated,"Not stated,  ",Diazepam,,54.874233333333336,-1.4153666666666669
W100914,2026-05-26,YO31,Valium (diazepam),Not stated,Blue,Tablet,Not stated,"Not stated,  ",Diazepam,,53.9576,-1.0827
W100962,2026-05-26,M16,Diazepam,Matin dows,Blue,Tablet,Not stated,"Not stated,  ",Diazepam,,53.4551,-2.2645
W100915,2026-05-26,BS3,benzo,Valium,Blue,Tablet,Oral,"Relaxed, Nosebleeds, Nausea, Memory loss, Confusion, Agitation, Suicidal ideation, Violence, Panic attack, Loss of consciousness",Diazepam,,51.4552,-2.5966
000236805,2026-05-29,CF63,DIAZEPAM 5MG,Not stated,Yellow,Tablet,Not stated,"Not stated,  ",Diazepam,,51.4172,-3.2614
000034693,2026-05-29,SA32,DIAZEPAM,DIAZEPAM,White,Tablet,Oral,"Not stated,  ",Diazepam,,51.89156,-4.16407
W100014,2026-05-29,W2,DIAZEPAM,Not stated,Blue,Tablet,Not stated,"Not stated,  ",Ethylbromazolam,,51.51413636363636,-0.1886454545454545
W101097,2026-05-29,N10,XANAX,XANAX,Orange,Tablet,Not stated,"Not stated,  ",Alprazolam,,51.5905,-0.1421
W101087,2026-05-29,TW1,DIAZEPAM,DIAZEPAM,White,Tablet,Not stated,"Not stated,  ",Diazepam,,51.4454,-0.3297
W101088,2026-05-29,TW1,DIAZEPAM,DIAZEPAM,White,Tablet,Not stated,"Not stated,  ",Diazepam,,51.4454,-0.3297
W100898,2026-05-29,L13,DIAZEPAM,GALENIKA BENSEDIN,White,Tablet,Not stated,"Not stated,  ",Diazepam,,53.4179,-2.9206
W100942,2026-05-29,SE3,DIAZEPAM,DIAZEPAM ROCHE 10MG,Blue,Tablet,Not stated,"Not stated,  ",Diazepam,,51.46596666666667,0.0175
W100932,2026-05-29,LS8,DIAZEPAM,BENSEDIN GALENIKA DIAZEPAM,White,Tablet,Oral,"Increased confidence, Relaxed",Diazepam,,53.8245,-1.5099
000236804,2026-05-29,CF63,CLONAZEPAM NOVUMGEN,Not stated,White,Tablet,Oral,"Not stated,  ",Clonazepam,,51.4172,-3.2614
000236512,2026-05-29,CF39,DIAZEPAM,BENSEDIN,White,Tablet,Not stated,"Not stated,  ",Ethylbromazolam,,51.5988125,-3.447975
W101046,2026-05-29,SR6,DIAZEPAM,ROCHE 10MG DIAZEPAM,Blue,Tablet,Oral,"Relaxed, Insomnia, No effect",Diazepam,,54.94488,-1.3725200000000002
