,date_received,postcode,intent,label,colour,form,consumption_method,effects,major,minor,latitude,longitude
W044519,2024-01-04,L3,Diazepam,Not Stated,Blue,Tablet,Oral,"Paranoia, Agitation, Violence/Aggression",Bromazolam,,53.4106,-2.9779
W045000,2024-01-04,LL13,Xanax,Not Stated,Red,Tablet,Oral,"Enhanced Senses, Relaxed, Irregular Heartbeat",Bromazolam,,52.9917619047619,-2.9116809523809524
W044817,2024-01-04,IP2,Diazepam,Martin dow valium,Blue,Tablet,Not Stated,Not Stated,Diazepam,,52.0452,1.1247
W044757,2024-01-04,IV1,Street benzo,Street benzo,White,Tablet,Oral,"Relaxed, Chest Pains, Irregular Heartbeat, Nosebleeds, Paranoia, Panic Attack",No Active Component Identified,,57.4836,-4.2330359375
W044526,2024-01-04,L3,Diazepam,Bensedin (valium?),White,Tablet,Oral,Not Stated,Diazepam,,53.4106,-2.9779
W044732,2024-01-04,TN26,Nitrazepam,Nitrazepam,White,Tablet,Not Stated,Not Stated,Nitrazepam,,51.111894444444445,0.7513000000000001
W044731,2024-01-04,TN26,Lorazepam,Ativan Lor,White,Tablet,Not Stated,Not Stated,Lorazepam,,51.111894444444445,0.7513000000000001
W044805,2024-01-04,BN10,Ksalol alprazolam,Ksalol alprazolam,Blue,Tablet,Not Stated,Not Stated,Alprazolam,,50.7927,-0.0065
W044689,2024-01-04,NG92,Xanax,XAnax,White,Tablet,Oral,"Increased Confidence, Relaxed, Confusion",Bromazolam,"Pregabalin, Heroin, Noscapine",52.919140000000006,-1.24548
W044807,2024-01-04,BN10,Ksalol alprazolam,Ksalol alprazolam,Blue,Tablet,Not Stated,Not Stated,Alprazolam,,50.7927,-0.0065
W045001,2024-01-04,LL13,Xanax,Not Stated,White,Tablet,Not Stated,Not Stated,Bromazolam,,52.9917619047619,-2.9116809523809524
000235375,2024-01-04,NP23,Diazepam,Not Stated,Blue,Tablet,Oral,Relaxed,Clonazolam,,51.7771,-3.2079
W044520,2024-01-04,L3,Diazepam,Dextripam (Diazepam),Blue,Tablet,Oral,"Relaxed, Memory Loss, Confusion",Flualprazolam,,53.4106,-2.9779
W044527,2024-01-04,L2,Diazepam,Martin dow (valium),Blue,Tablet,Oral,"Euphoria, Increased Confidence, Relaxed",Diazepam,,53.4106,-2.9779
W044815,2024-01-04,HA9,Clonazepam,Not Stated,White,Tablet,Oral,Relaxed,Clonazepam,,51.5531,-0.3023
W044992,2024-01-04,CF83,Diazepam,Diazepam,Blue,Tablet,Not Stated,Not Stated,Bromazolam,,51.59288333333333,-3.2333833333333337
W044792,2024-01-04,PR1,Xanax/alprazolam,Xanax (alprazolam),White,Tablet,Oral,"Euphoria, Increased Energy, Increased Confidence, Array, Relaxed, Memory Loss",Bromazolam,,53.758225,-2.7229
W044999,2024-01-04,WA7,Diazepam,Diazepam Bensedin,White,Tablet,Oral,"Increased Confidence, Relaxed, Panic Attack",Diazepam,,53.324125,-2.7118
W044688,2024-01-04,NG92,Diazepam,Not Stated,White,Tablet,Oral,"Euphoria, Relaxed","Metonitazene, Bromazolam, Heroin, Noscapine","Paracetamol, Caffeine",52.919140000000006,-1.24548
W044814,2024-01-04,FK8,Xanax,Not Stated,Blue,Tablet,Oral,"Increased Confidence, Relaxed",Bromazolam,,56.12892702702703,-4.228913513513514
W044525,2024-01-04,BA14,Xanax,Xanax,White,Tablet,Not Stated,Not Stated,Bromazolam,,51.32102,-2.1876733333333336
W044628,2024-01-04,G53,Street benzo,Street benzo,White,Tablet,Oral,"Increased Confidence, Increased Strength, Relaxed, Breathlesness, Memory Loss, Confusion, Violence/Aggression",Bromazolam,,55.8141,-4.3606
W044759,2024-01-04,TW2,Diazepam,Bensedin (galenika),White,Tablet,Not Stated,Not Stated,Diazepam,,51.4454,-0.3297
000231469,2024-01-04,NP20,Xanax,Xanax,White,Tablet,Not Stated,Not Stated,Paracetamol,,51.5877,-2.9984
W044773,2024-01-04,TD9,Xanax,Not Stated,Blue,Tablet,Oral,"Auditory Hallucinations, Visual Hallucinations, Relaxed, Breathlesness, Irregular Heartbeat, Paranoia, Memory Loss, Confusion, Loss of consciousness, Depression, Overdose",Alprazolam,,55.39354782608696,-2.707571739130435
W044982,2024-01-04,E17,Diazepam,Bensedin Diazepam,White,Tablet,Not Stated,Not Stated,Diazepam,,51.58758,-0.02048
000235342,2024-01-04,NP22,Diazepam,Bensedin Galenika,White,Tablet,Oral,"Empathy, Relaxed, Depression",Diazepam,,51.7725,-3.2468
W044532,2024-01-04,BA14,Klonazepam,Klonazepam,,Tablet,Not Stated,Not Stated,Clonazepam,,51.32102,-2.1876733333333336
W044983,2024-01-04,SK13,Diazepam,Pharmakern portugal diazepam,"White, Blue",Tablet,Not Stated,Not Stated,Diazepam,,53.4433,-1.949
W044994,2024-01-04,LL13,Clonazepam,Not Stated,White,Tablet,Oral,"Relaxed, Irregular Heartbeat, Paranoia",Clonazepam,,52.9917619047619,-2.9116809523809524
W044766,2024-01-04,DE45,alprazolam,Xanax,White,Tablet,Not Stated,Not Stated,"Bromazolam, Paracetamol",,53.21575555555555,-1.679
W045036,2024-01-04,NW5,Diazepam-Bensedin Galenika,Not Stated,White,Tablet,Oral,"Increased Energy, Relaxed, Breathlesness, Chest Pains, Irregular Heartbeat, Nausea, Vomiting, Memory Loss, Confusion, Panic Attack, Agitation, Insomnia",Bupropion,,51.5517,-0.1413
W045040,2024-01-04,FK7,Street valium,Not Stated,White,Tablet,Oral,"Euphoria, Relaxed, Confusion",Bromazolam,,56.0861125,-3.9108875
W045021,2024-01-04,LS12,Kern diazepam,Kern diazepam,"White, Blue",Tablet,Not Stated,Not Stated,"Bromazolam, Flubromazepam",,53.7913,-1.5972
W044813,2024-01-10,CT5,Diazepam,Diazepam (Accord),Blue,Tablet,Not Stated,Agitation,Bromazolam,,51.3565,1.0400142857142858
W045078,2024-01-10,GL7,Martin Dow Diazepam,Martin Dow Valium,Blue,Solid,Not Stated,Not Stated,"Bromazolam, Paracetamol",,51.716703389830506,-1.8806542372881356
W045015,2024-01-10,G4,Martin Dow Valium,Martin Dow,Blue,Tablet,Not Stated,Not Stated,Diazepam,,55.8651,-4.2576
W044471,2024-01-10,WF15,Diazepam,Diazepam,White,Tablet,Not Stated,Not Stated,Diazepam,,53.70185,-1.69825
W045086,2024-01-10,BS5,Diazepam,Bensedin,White,Tablet,Oral,"Agitation, Insomnia",Diazepam,,51.462,-2.5519
W045055,2024-01-10,BL9,Ciprozolam,Not Stated,White,Tablet,Not Stated,Not Stated,Bromazolam,,53.60243333333333,-2.298083333333333
W044426,2024-01-10,WF15,Diazepam,Diazepam,White,Tablet,Oral,"Euphoria, Increased Confidence, Empathy, Relaxed",Diazepam,,53.70185,-1.69825
W045059,2024-01-10,FY1,Bensedin Diazepam,Benzos 4 less Diaz,White,Tablet,Not Stated,Not Stated,Diazepam,,53.8167,-3.05
W045058,2024-01-10,FY1,Xanax Rlam,Benzos 4 less,White,Tablet,Not Stated,Not Stated,Alprazolam,,53.8167,-3.05
000041173,2024-01-10,NP12,Diazepam,Bensedin,White,Tablet,Oral,"Increased Confidence, Relaxed, Paranoia, Memory Loss, Insomnia, Depression, Suicidal Ideation, Seizure","Metonitazene, Bromazolam",,51.6678,-3.2075
W044474,2024-01-10,WF15,Diazepam,Diazepam,White,Tablet,Not Stated,Not Stated,Diazepam,,53.70185,-1.69825
W044470,2024-01-10,WF15,Diazepam,Diazepam,White,Tablet,Not Stated,Not Stated,Diazepam,,53.70185,-1.69825
W045112,2024-01-10,PH1,Street valium,Not Stated,Blue,Tablet,Oral,"Increased Confidence, Relaxed, Memory Loss, Confusion",Bromazolam,,56.43174736842105,-3.4980552631578945
W045095,2024-01-10,ML3,Diazepam,Galenika bensedin,White,Tablet,Not Stated,Not Stated,Diazepam,,55.76254285714286,-4.045457142857143
W045056,2024-01-10,YO43,Bromazolam,lam ,White,Powder,Not Stated,Not Stated,Bromazolam,,53.825199999999995,-0.64142
W045117,2024-01-10,SW33,Diaezpam,Diazepam valium,Blue,Tablet,Oral,"Euphoria, Empathy, Relaxed",Diazepam,,51.487975000000006,-0.165875
W045044,2024-01-10,BN3,Xanax,Rlam Alprazolam,White,Tablet,Not Stated,Not Stated,Alprazolam,,50.836725,-0.179625
W045113,2024-01-10,N1,Diazepam (Valium),Valium,"White, Blue",Tablet,Not Stated,Not Stated,Bromazolam,,51.53669,-0.0944
W045107,2024-01-10,CF14,Alprazolam,Ksalol alprazolam,White,Tablet,Not Stated,Not Stated,Alprazolam,,51.5199,-3.204
W047406,2024-01-10,SW22,Diazepam tablets,Diazepam Teva,Yellow,Tablet,Not Stated,Not Stated,Diazepam,,51.4548,-0.1158
W046706,2024-01-10,S75,Diazepam,Diazepam,"Blue, Blue",Tablet,Oral,"Increased Confidence, Relaxed, Memory Loss","Metonitazene, Bromazolam",,53.56098461538461,-1.5391307692307694
W045061,2024-01-10,OX1,Diazepam,Galenika Bensedin,"White, Blue",Tablet,Not Stated,Not Stated,"Metonitazene, Bromazolam",,51.72478,-1.275
W045062,2024-01-10,CF42,Diazepam,Diazepam (Accord),Blue,Tablet,Oral,Relaxed,Bromazolam,,51.66798333333333,-3.5247833333333336
W045106,2024-01-10,CF14,Diazepam,Bensedin Diazepam,White,Tablet,Oral,"Euphoria, Increased Confidence, Relaxed, Nausea",Diazepam,,51.5199,-3.204
W045075,2024-01-10,TW3,Alprazolam,Xanax,Red,Tablet,Not Stated,Not Stated,"Bromazolam, Caffeine",,51.4714,-0.3682
W045091,2024-01-10,E14,Xanax,Not Stated,White,Tablet,Oral,"Euphoria, Increased Confidence, Relaxed, Memory Loss, Confusion",No Active Component Identified,,51.50563529411765,-0.0187647058823529
W047405,2024-01-10,LL59,Martin Dow valium,Martin Dow Roche,Blue,Tablet,Oral,"Euphoria, Increased Energy, Increased Confidence, Enhanced Senses, Relaxed",Diazepam,,53.23563333333333,-4.159966666666667
W045074,2024-01-10,TW3,Alprazolam/Diazepam mix,xanax,Blue,Tablet,Not Stated,Not Stated,"Bromazolam, Caffeine",,51.4714,-0.3682
W045079,2024-01-10,TW3,Diazepam,Diazepam,Blue,Tablet,Not Stated,Not Stated,Bromazolam,,51.4714,-0.3682
W045076,2024-01-10,TW3,Etizolam,Etizolam,Red,Tablet,Oral,"Euphoria, Increased Confidence, Relaxed",Bromazolam,,51.4714,-0.3682
W045125,2024-01-11,DL12,Diazepam,Diazepam,Blue,Tablet,Not Stated,Not Stated,"Metonitazene, Bromazolam",,54.560157142857136,-1.9837321428571428
W047435,2024-01-11,HA63,Diazepam,Accord Diazepam,Yellow,Tablet,Not Stated,Not Stated,Diazepam,,51.6116,-0.4230333333333333
W047429,2024-01-11,BN3,Diazepam,Diazepam Alicon,White,Tablet,Not Stated,Not Stated,Diazepam,,50.836725,-0.179625
000039714,2024-01-11,LL57,Diazepam,Diazepam,Blue,Tablet,Not Stated,"Chest Pains, Nausea, Vomiting, Confusion",Bromazolam,,53.203925000000005,-4.106675
W045122,2024-01-11,DN17,Diazepam,Martin Dow Valium,Blue,Tablet,Not Stated,Not Stated,Bromazolam,,53.60302,-0.7389733333333334
W047412,2024-01-11,IV24,Diazepam,Bensedin,White,Tablet,Not Stated,Not Stated,Diazepam,,57.885268,-4.364736
000231365,2024-01-11,CF48,Valium,Polish,White,Tablet,Oral,Relaxed,Diazepam,,51.73028000000001,-3.37198
000232706,2024-01-11,NP19,Valium,Not Stated,Blue,Tablet,Not Stated,Not Stated,Diazepam,,51.5888,-2.9638
W045127,2024-01-11,HA9,Midazolam,Anquilis,White,Tablet,Not Stated,Not Stated,Midazolam,,51.5531,-0.3023
W047398,2024-01-11,S75,Temazepam,Temazepam,White,Tablet,Not Stated,Not Stated,Bromazolam,,53.56098461538461,-1.5391307692307694
W047457,2024-01-11,SW12,Bensedin/Diazepam tablets,Bensedin Galenika,White,Tablet,Not Stated,Not Stated,No Active Component Identified,,51.4469,-0.1384
W047545,2024-01-15,AB24,Diazepam,Diazepam,Yellow,Tablet,Not Stated,Not Stated,Diazepam,,57.1437,-2.0981
W047546,2024-01-15,AB43,Diazepam,Diazepam,Yellow,Tablet,Not Stated,Not Stated,Diazepam,,57.65489545454545,-2.046884090909091
W047538,2024-01-15,BL9,Alprazolam,Alprazolam,White,Tablet,Not Stated,Not Stated,Bromazolam,,53.60243333333333,-2.298083333333333
W047544,2024-01-15,NW10,Diazepam,Bensedin Diazepam,White,Tablet,Oral,No Effect,Diazepam,,51.53758571428572,-0.2431214285714285
W047529,2024-01-15,HR27,Diazepam,Accord,Blue,Tablet,Oral,"Chest Pains, Irregular Heartbeat, Paranoia, Memory Loss, Confusion, Panic Attack, Agitation, Insomnia, Depression, Suicidal Ideation",Bromazolam,,51.98334078947369,-2.796544736842105
000235347,2024-01-15,NP22,Accord Diazepam,Not Stated,Blue,Tablet,Oral,No Effect,"Diazepam, Bromazolam",,51.7725,-3.2468
W047558,2024-01-15,SW18,Diazepam,Diazepam Galenika,White,Granules,Not Stated,Not Stated,Diazepam,,51.4489,-0.1971
W044616,2024-01-15,BN3,Diazepam,Martin Dow,Blue,Tablet,Not Stated,Not Stated,Bromazolam,,50.836725,-0.179625
W047520,2024-01-15,SW11,Diazepam,Galenika Bensedin Diazepam,"White, Blue",Tablet,Not Stated,Not Stated,"Metonitazene, Bromazolam",,51.469166666666666,-0.1619333333333333
W047547,2024-01-15,AB43,Diazepam,Diazepam,Yellow,Tablet,Not Stated,Not Stated,Diazepam,,57.65489545454545,-2.046884090909091
000235235,2024-01-15,CF47,Diazepam,Bensedin,White,Tablet,Oral,"Relaxed, Confusion, Loss of consciousness",Diazepam,,51.7479,-3.3778
W047551,2024-01-15,S417,Valium,Not Stated,White,Tablet,Not Stated,Not Stated,Diazepam,,53.25833333333333,-1.425
W047524,2024-01-15,L8,Diazepam,Bensedin Galenika (Diazepam),White,Tablet,Oral,"Euphoria, Increased Confidence, Enhanced Senses, Relaxed, Breathlesness, Confusion, Depression",Bromazolam,,53.4106,-2.9779
W047513,2024-01-15,HA63,Diazepam,Martin Dow Valium,Blue,Tablet,Not Stated,Not Stated,Bromazolam,,51.6116,-0.4230333333333333
W047530,2024-01-15,HA63,Clonazepam,Galenika Rivotril,White,Tablet,Not Stated,Not Stated,Clonazepam,,51.6116,-0.4230333333333333
W047514,2024-01-15,S80,Flualprazolam,Not Stated,White,Powder,Not Stated,Not Stated,Diazepam,,53.28049,-1.17163
W047517,2024-01-15,S40,Xanax,Not Stated,White,Tablet,Not Stated,Not Stated,Diazepam,,53.234,-1.4462
W047428,2024-01-15,S105,Valium,Diazepam,White,Tablet,Oral,"Euphoria, Empathy, Relaxed, Nausea, Paranoia, Agitation",Diazepam,,53.35,-1.55
W047533,2024-01-15,HA63,Diazepam,Accord Diazepam,Yellow,Tablet,Not Stated,Not Stated,Diazepam,,51.6116,-0.4230333333333333
W047510,2024-01-15,NE35,Diazepam,Bensedin,White,Tablet,Not Stated,Not Stated,Diazepam,,54.9503,-1.469
W047532,2024-01-15,G82,Diazepam,Not Stated,Yellow,Tablet,Oral,"Agitation, Violence/Aggression",Bromazolam,,55.954800000000006,-4.5815222222222225
W047491,2024-01-15,CF24,Diazepam,Diazepam,Blue,Tablet,Oral,"Increased Confidence, Relaxed","Metonitazene, Bromazolam",,51.48,-3.18
W047516,2024-01-15,LL11,Xanax,Xanax,White,Tablet,Oral,"Euphoria, Relaxed",Bromazolam,,53.064506666666674,-3.052973333333333
W047511,2024-01-15,CF37,Valium,Not Stated,Blue,Tablet,Not Stated,Not Stated,Bromazolam,,51.613815384615386,-3.3598076923076925
W047556,2024-01-16,NE32,Phenazepam,Not Stated,White,Powder,Not Stated,Not Stated,Diazepam,,54.974050000000005,-1.4842499999999998
W047589,2024-01-16,GU27,Diazepam,Bensedin,White,Tablet,Not Stated,Not Stated,Diazepam,,51.07171,-0.72636
W047594,2024-01-18,CT5,Diazepam,Diazepam,Blue,Tablet,Oral,"Relaxed, Agitation, Depression",Bromazolam,,51.3565,1.0400142857142858
W047620,2024-01-18,DA1,Diazepam,Diazepam,White,Tablet,Oral,Relaxed,Diazepam,,51.4477,0.1994
W047660,2024-01-18,SY1,Diazepam (valium),Diazepam,Blue,Tablet,Not Stated,Not Stated,Bromazolam,,52.71675,-2.7468
W047586,2024-01-18,CM23,Diazepam,Martin dow valium,Blue,Tablet,Not Stated,Not Stated,Diazepam,,51.89539,0.15618
W047631,2024-01-18,EX10,Martin Dow Diazepam,Not Stated,Blue,Tablet,Not Stated,Not Stated,Diazepam,,50.70001666666667,-3.258891666666667
000040372,2024-01-18,NP20,Valium,Not Stated,White,Tablet,Oral,"Relaxed, Irregular Heartbeat, Insomnia",Diazepam,,51.5877,-2.9984
W047618,2024-01-18,SY20,Diazepam,Diazepam,White,Tablet,Oral,Relaxed,Diazepam,,52.59227105263158,-3.816673684210526
W047630,2024-01-18,EX10,Accord Diazepam,Not Stated,Blue,Tablet,Not Stated,Not Stated,Diazepam,,50.70001666666667,-3.258891666666667
W047521,2024-01-18,LL13,Diazepam,Not Stated,Blue,Tablet,Oral,Relaxed,Diazepam,,52.9917619047619,-2.9116809523809524
W047587,2024-01-18,SA7,Xanax Alprazolam,Not Stated,White,Tablet,Not Stated,Not Stated,Bromazolam,,51.6703,-3.8862
W047609,2024-01-18,CF10,Diazepam,Accord,Blue,Tablet,Not Stated,Not Stated,Bromazolam,,51.48,-3.18
W047693,2024-01-19,BN1,Diazepam,Not Stated,White,Tablet,Oral,Overdose,Diazepam,,50.8614,-0.1204166666666666
W047701,2024-01-19,L3,Clonazepam,Galenika Rivotril,White,Tablet,Oral,"Increased Confidence, Relaxed",Clonazepam,,53.4106,-2.9779
W047627,2024-01-19,B13,Diazepam,Bensedin Diazepam,White,Tablet,Not Stated,Not Stated,Diazepam,,52.442,-1.88385
W047653,2024-01-19,ML3,Diazepam,Bensedin Diazepam,White,Tablet,Not Stated,Not Stated,Diazepam,,55.76254285714286,-4.045457142857143
W047565,2024-01-23,CW11,Diazepam,Galenika Beograd,White,Tablet,Not Stated,Not Stated,Diazepam,,53.13976153846154,-2.3823153846153846
W047742,2024-01-23,BT36,Diazepam,Diazepam,Blue,Tablet,Not Stated,Not Stated,Diazepam,,54.675533333333334,-5.9483
W047743,2024-01-23,BT36,Diazepam,Diazepam,Blue,Tablet,Not Stated,Not Stated,Diazepam,,54.675533333333334,-5.9483
W047597,2024-01-23,BT36,Diazepam,Diazepam,Blue,Tablet,Not Stated,Not Stated,Diazepam,,54.675533333333334,-5.9483
W047598,2024-01-23,BT36,Diazepam,Diazepam,Blue,Tablet,Not Stated,Not Stated,Diazepam,,54.675533333333334,-5.9483
W047702,2024-01-23,CW11,Diazepam,Prodes Diazepam,White,Tablet,Not Stated,Not Stated,Diazepam,,53.13976153846154,-2.3823153846153846
W047698,2024-01-23,CW11,Diazepam,Valium,Blue,Tablet,Not Stated,Not Stated,Diazepam,,53.13976153846154,-2.3823153846153846
W047697,2024-01-23,CW11,Diazepam,Galenika Bensedin,White,Tablet,Not Stated,Not Stated,No Active Component Identified,,53.13976153846154,-2.3823153846153846
W047563,2024-01-23,CW11,Diazepam,Valium Martin Dow,Blue,Tablet,Not Stated,Not Stated,Diazepam,,53.13976153846154,-2.3823153846153846
W047564,2024-01-23,CW11,Diazepam,Bensedin Galenika,White,Tablet,Not Stated,Not Stated,Diazepam,,53.13976153846154,-2.3823153846153846
W047629,2024-01-23,PA23,Diazepam,Bensedin,White,Tablet,Oral,"Relaxed, Memory Loss",Diazepam,,55.988997142857144,-4.98592
W047561,2024-01-23,CW11,Diazepam,Diazepam Actavis,Blue,Tablet,Not Stated,Not Stated,Bromazolam,,53.13976153846154,-2.3823153846153846
W047560,2024-01-23,CW11,Diazepam,Accord Diazepam,Blue,Tablet,Not Stated,Not Stated,Diazepam,,53.13976153846154,-2.3823153846153846
W047723,2024-01-23,AB43,Diazepam,Not Stated,White,Tablet,Not Stated,Not Stated,Diazepam,,57.65489545454545,-2.046884090909091
W047719,2024-01-23,AB45,Diazepam,Not Stated,White,Tablet,Not Stated,Not Stated,Bromazolam,,57.60101162790698,-2.526406976744186
W047720,2024-01-23,AB43,Diazepam,Not Stated,White,Tablet,Not Stated,Not Stated,Diazepam,,57.65489545454545,-2.046884090909091
W047722,2024-01-23,AB43,Diazepam,Roche,White,Tablet,Not Stated,Not Stated,Etizolam,,57.65489545454545,-2.046884090909091
W047721,2024-01-23,AB43,Diazepam,Roche,White,Tablet,Not Stated,Not Stated,Etizolam,,57.65489545454545,-2.046884090909091
W047744,2024-01-23,PL1,Xanax,Xanax,White,Tablet,Not Stated,Not Stated,Bromazolam,,50.37435000000001,-4.1642
W047739,2024-01-23,BH20,Alprazolam,Rlam,White,Tablet,Oral,Not Stated,Alprazolam,,50.67082068965517,-2.154941379310345
W047737,2024-01-23,BH20,Diazepam,Galenika Diazepam,White,Tablet,Oral,No Effect,Diazepam,,50.67082068965517,-2.154941379310345
W047691,2024-01-23,SL1,Valium,Not Stated,White,Tablet,Not Stated,Not Stated,Diazepam,,51.52121999999999,-0.63036
W047562,2024-01-23,CW11,Diazepam,Accord Diazepam,Blue,Tablet,Not Stated,Not Stated,Bromazolam,,53.13976153846154,-2.3823153846153846
W047786,2024-01-24,SR69,Xanax,Diazepam,White,Tablet,Not Stated,Not Stated,Diazepam,,54.94488,-1.3725200000000002
W047765,2024-01-24,YO23,Valium (Diazepam),Martin Dow Valium,Blue,Tablet,Not Stated,Not Stated,Diazepam,,53.914883333333336,-1.1672333333333331
W047695,2024-01-24,SA59,Diazepam,Diazepam Accord,Blue,Tablet,Not Stated,Not Stated,Bromazolam,,51.64667142857143,-3.9853857142857145
W047756,2024-01-24,B44,Klonazepam,Rivotril,White,Tablet,Oral,"Empathy, Relaxed, Memory Loss",Clonazepam,,52.5457,-1.8851
000232434,2024-01-24,SY16,Valium,MSJs,Blue,Tablet,Oral,"Euphoria, Increased Confidence, Relaxed, Nausea, Array, Memory Loss, Confusion, Loss of consciousness, Agitation",Bromazolam,,52.50787647058824,-3.3015823529411765
W047764,2024-01-24,GU9,Diazepam,accord diazepam,Blue,Tablet,Not Stated,Not Stated,Diazepam,,51.2098875,-0.7973125
W047769,2024-01-24,EH15,Alprazolam,Alprazolam ratiopharm,Pink,Tablet,Oral,"Relaxed, Chest Pains, Headache, Depression, Suicidal Ideation",Alprazolam,,55.948033333333335,-3.1120666666666668
W047449,2024-01-24,TW14,Valium Martin Dow,Valium,Blue,Tablet,Oral,"Euphoria, Increased Confidence, Relaxed, Memory Loss",Bromazolam,,51.4528,-0.4215
W047762,2024-01-24,NN7,Diazepam,Not Stated,White,Tablet,Not Stated,Not Stated,Etizolam,,52.20861351351351,-0.9148324324324324
W047768,2024-01-24,EH15,Diazepam,Diazepam ratiopharm,White,Tablet,Oral,"Relaxed, Headache, Agitation, Depression",Diazepam,,55.948033333333335,-3.1120666666666668
W047887,2024-01-25,HU75,Blues,Diazepam,White,Tablet,Oral,"Euphoria, Increased Energy, Increased Confidence, Empathy, Relaxed, Paranoia, Memory Loss, Depression",Diazepam,,53.7985,-0.3267
W047696,2024-01-25,YO8,Xanax/alprazolam,Alprazolam,White,Tablet,Oral,"Euphoria, Increased Energy, Increased Confidence, Increased Stamina, Increased Strength, Relaxed, Memory Loss, Confusion",Bromazolam,,53.77469393939394,-1.0269030303030302
W047780,2024-01-25,SR67,Valium,Not Stated,White,Tablet,Not Stated,Not Stated,Diazepam,,54.94488,-1.3725200000000002
W047850,2024-01-25,W7,Valium/Diazepam,Bensedin Galenika,White,Tablet,Not Stated,Not Stated,Diazepam,,51.5118,-0.3358999999999999
W047813,2024-01-25,YO11,Bensedin,Not Stated,White,Tablet,Not Stated,Not Stated,Diazepam,,54.23711428571429,-0.3853571428571428
W047822,2024-01-25,PA23,Diazepam,Roche,Blue,Tablet,Oral,Relaxed,Diazepam,,55.988997142857144,-4.98592
W047856,2024-01-25,YO10,"Valium, Diazepam",Martin Dow Valium,Blue,Tablet,Oral,"Euphoria, Increased Confidence, Relaxed, Memory Loss",Diazepam,,53.9576,-1.0827
W047800,2024-01-25,PL1,Valium,Roche,Blue,Tablet,Not Stated,Not Stated,Bromazolam,,50.37435000000001,-4.1642
W047852,2024-01-25,YO10,Clonazepam,Rivotril Klonazepam,White,Tablet,Oral,"Relaxed, Memory Loss, Agitation",Clonazepam,,53.9576,-1.0827
W047893,2024-01-25,YO10,Diazepam,Hemofarm Diazepam,White,Tablet,Not Stated,Not Stated,Diazepam,,53.9576,-1.0827
W047733,2024-01-25,CF83,Valium,Valium,Blue,Tablet,Not Stated,Not Stated,"Metonitazene, Bromazolam, Diazepam",,51.59288333333333,-3.2333833333333337
W047919,2024-01-25,OX4,Alprazolam,Alprazolam,Yellow,Powder,Not Stated,Not Stated,Clobromazolam,,51.723725,-1.224375
000235087,2024-01-26,CF10,Diazepam,Not Stated,Blue,Tablet,Oral,Not Stated,"Bromazolam, Nicotine",,51.48,-3.18
W047763,2024-01-26,SO45,Valium,Valium,Blue,Tablet,Not Stated,Not Stated,Diazepam,,50.82128181818182,-1.377381818181818
W047954,2024-01-26,KT3,Bensedin Galenika Diazepam,Not Stated,White,Tablet,Oral,Relaxed,Diazepam,,51.3992,-0.2556
W047953,2024-01-26,SW22,Diazepam tablets,Diazepam Ratiopharm,White,Tablet,Not Stated,Not Stated,Diazepam,,51.4548,-0.1158
000232703,2024-01-26,SA11,Valium,MSJ,Blue,Tablet,Not Stated,Not Stated,No Active Component Identified,,51.70800714285714,-3.6944071428571426
W047948,2024-01-26,FY1,Etizolam blotters,benzos 4 less etizolam,White,Blotter paper,Not Stated,Not Stated,Etizolam,,53.8167,-3.05
W047949,2024-01-26,FY2,Nitrazepam,benzos 4 less nitrazepam,White,Tablet,Not Stated,Not Stated,Nitrazepam,,53.8525,-3.0363
W047921,2024-01-26,EX23,Valium (10mg) ,Galenika (bensedin) strip 15,White,Tablet,Oral,"Euphoria, Increased Confidence, Empathy, Relaxed, Memory Loss",Diazepam,,50.81068285714286,-4.493794285714286
000041172,2024-01-26,NP12,Diazepam,accord diazepam,Blue,Tablet,Oral,"Relaxed, Paranoia, Memory Loss, Depression",Bromazolam,,51.6678,-3.2075
W047913,2024-01-26,CF10,Temazepam,Not Stated,White,Tablet,Not Stated,Not Stated,Diazepam,,51.48,-3.18
W047964,2024-01-26,NG17,Dizepam,Bensedin Galenika ,White,Tablet,Not Stated,Not Stated,Diazepam,,53.128366666666665,-1.2676833333333335
W047796,2024-01-26,KA36,Diazepam 10mg,Martin dow linited valium 10mg,Blue,Tablet,Not Stated,Not Stated,Bromazolam,,55.64550714285714,-4.502764285714286
000235149,2024-01-26,CF24,Diazepam,Not Stated,Yellow,Tablet,Oral,"Increased Confidence, Relaxed",Diazepam,,51.48,-3.18
000044399,2024-01-30,SA1,Valium,Bensedin,White,Tablet,Oral,Tiredness,No Active Component Identified,,51.633979999999994,-3.94848
W047758,2024-01-30,CR2,Xanax,Not Stated,White,Solid,Not Stated,Not Stated,Bromazolam,Ketamine,51.3359,-0.0778
W047983,2024-01-30,BS37,Diazepam,Bensedin,White,Tablet,Not Stated,Not Stated,Diazepam,,51.53419375,-2.4391125
W047989,2024-01-30,KT2,Diazepam,Bensedin,White,Tablet,Not Stated,Not Stated,Diazepam,,51.4186,-0.2904
W047958,2024-01-30,CF44,Diazepam,Not Stated,Blue,Tablet,Not Stated,Not Stated,Bromazolam,Metonitazene,51.7327125,-3.48293125
W047952,2024-01-30,HP10,Diazepam,Not Stated,Blue,Tablet,Oral,"Increased Confidence, Relaxed",Bromazolam,,51.595928571428566,-0.6874142857142856
W047956,2024-01-30,GL54,Diazepam,Bensedin,White,Tablet,Not Stated,Not Stated,Diazepam,,51.88724642857143,-1.8609214285714288
W048008,2024-01-30,CF10,Benzodiazepine,Bensedin (diazepam),White,Tablet,Not Stated,Not Stated,Diazepam,,51.48,-3.18
W047996,2024-01-30,NW98,Diazepam,Galenika Bensedin Diazepam,White,Tablet,Not Stated,Not Stated,Diazepam,,51.5894,-0.25692
W047970,2024-01-30,NW65,Diazepam,Galenika Bensedin,White,Tablet,Not Stated,Not Stated,Diazepam,,51.54194444444445,-0.1931888888888888
W047883,2024-01-30,PL7,Xanax,Xanax,White,Tablet,Not Stated,Not Stated,Alprazolam,,50.417024999999995,-4.0512875
000235171,2024-01-30,CF83,Valium,Diazepam,Blue,Tablet,Not Stated,Not Stated,Bromazolam,,51.59288333333333,-3.2333833333333337
W047975,2024-01-30,EX11,Alprazolam,Ksalol Galenika Alprazolam,White,Tablet,Not Stated,Not Stated,Alprazolam,,50.7433,-3.2891166666666667
W047976,2024-01-30,EX5,Diazepam,Accord Diazepam,White,Tablet,Not Stated,Not Stated,Diazepam,,50.77390714285714,-3.44315
W047804,2024-01-30,OX5,Alprazolam,Alprazolam,White,Tablet,Oral,Relaxed,Alprazolam,,51.844725,-1.2513
W047803,2024-01-30,OX5,Clonazepam,Clonazepam/Rivotril,White,Tablet,Oral,No Effect,Clonazepam,,51.844725,-1.2513
W047802,2024-01-30,OX5,Diazepam,Valium,Blue,Tablet,Oral,"Relaxed, Breathlesness, Chest Pains",Diazepam,,51.844725,-1.2513
W047884,2024-01-30,PL7,Diazepam,Bensedin,White,Tablet,Not Stated,Not Stated,Diazepam,,50.417024999999995,-4.0512875
W048016,2024-01-30,CH6,Diazepam,MSJ,Blue,Tablet,Not Stated,Not Stated,"Metonitazene, Bromazolam",,53.255125,-3.1489
W048017,2024-01-30,CH6,Nitrazepam,Arnite Nitrazepam,White,Tablet,Not Stated,Not Stated,Nitrazepam,,53.255125,-3.1489
W048069,2024-01-30,SW19,Diazepam,Not Stated,Blue,Tablet,Oral,Relaxed,Bromazolam,,51.42343333333333,-0.1973333333333333
W048037,2024-01-30,PL2,Xanax,Xanax Ksalol Alprazolam,Blue,Tablet,Not Stated,Not Stated,Alprazolam,,50.3715,-4.143
W048065,2024-01-30,OX27,Diazepam,Diazepam Ratiopharm,White,Tablet,Not Stated,Not Stated,Diazepam,,51.9,-1.1536
W048043,2024-01-30,SE3,Diazepam,Diazepam,White,Tablet,Not Stated,Not Stated,Diazepam,,51.46596666666667,0.0175
W047523,2024-01-30,LE15,Xanax,Not Stated,White,Tablet,Oral,"Relaxed, Euphoria, Memory Loss",Bromazolam,,52.64713725490195,-0.6979862745098039
W047982,2024-01-31,SL0,Diazepam,Valium ,Blue,Tablet,Not Stated,Not Stated,Diazepam,,51.5217,-0.512525
000232920,2024-01-31,CF37,Diazepam,MSJ,Blue,Tablet,Not Stated,Not Stated,Bromazolam,,51.613815384615386,-3.3598076923076925
000232931,2024-01-31,CF47,Diazepam,Not Stated,Blue,Tablet,Oral,"Relaxed, Confusion, Loss of consciousness",Bromazolam,,51.7479,-3.3778
W048022,2024-01-31,NR1,Diazepam,Accord Diazepam tablets,Blue,Tablet,Oral,Relaxed,Bromazolam,,52.6271,1.3072
W048023,2024-01-31,NR1,Diazepam,Galenika Bensedin,White,Tablet,Oral,Relaxed,Diazepam,,52.6271,1.3072
W047991,2024-01-31,PH36,Valium,Bensedin Galenika,White,Tablet,Not Stated,"Relaxed, Nausea, Vomiting, Memory Loss, Confusion, Loss of consciousness",Diazepam,,56.696460465116274,-5.808758139534884
W048084,2024-01-31,AB42,Diazepam,Diazepam,Blue,Tablet,Oral,"Relaxed, Paranoia, Memory Loss, Loss of consciousness, Depression",Bromazolam,,57.48231142857143,-1.924825714285714
W048038,2024-01-31,CV34,Diazepam Martin Dow Valium,Not Stated,Blue,Tablet,Oral,"Euphoria, Relaxed, Memory Loss, Confusion",Bromazolam,,52.28345,-1.58235
W048114,2024-02-02,EH26,Diazepam,Not Stated,Blue,Tablet,Oral,No Effect,Bromazolam,,55.82387142857142,-3.241371428571429
W048123,2024-02-05,SK11,Diazepam,Accord,Blue,Tablet,Not Stated,Not Stated,Bromazolam,,53.229638461538464,-2.14891923076923
W048132,2024-02-05,SE15,Valium,Diazepam,White,Tablet,Oral,"Paranoia, Agitation",Bromazolam,,51.470175,-0.060325
000039719,2024-02-05,LL55,Diazepam,Diazepam,Blue,Tablet,Oral,Relaxed,Diazepam,,53.12915357142857,-4.195053571428572
W048140,2024-02-05,HS1,Alprazolam,Not Stated,White,Tablet,Not Stated,Not Stated,Bromazolam,,58.211675,-6.382675
W048133,2024-02-05,PR25,Diazepam,martin dow,Blue,Tablet,Not Stated,Not Stated,Diazepam,,53.6979,-2.6876
W048130,2024-02-05,NK8,Xanax,Not Stated,White,Tablet,Not Stated,Not Stated,Bromazolam,,,
W048094,2024-02-05,CF35,Diazepam,Diazepam,White,Tablet,Oral,"Relaxed, Nausea, Paranoia",Diazepam,,51.518684615384615,-3.5275461538461537
W048124,2024-02-05,AL1,Xanax,Red Devil Xanax,Red,Tablet,Not Stated,Not Stated,Bromazolam,Caffeine,51.75,-0.3333
W048152,2024-02-05,BH9,Diazepam,Bensedin Galenika Diazepam,White,Tablet,Not Stated,Not Stated,Diazepam,,50.7497,-1.8734
W048170,2024-02-05,FY1,Martin Dow Diazepam,Martin Dow,Blue,Tablet,Not Stated,Not Stated,Diazepam,,53.8167,-3.05
W048165,2024-02-05,BB2,"Xanax, Alprazolam",Ksalol,White,Tablet,Oral,Relaxed,No Active Component Identified,,53.754714285714286,-2.529357142857143
W048164,2024-02-05,BB2,Diazepam,Diazepam Bensedin,White,Tablet,Oral,Relaxed,No Active Component Identified,,53.754714285714286,-2.529357142857143
W048113,2024-02-05,CF37,Bensedin/Diazepam,Bensedin,White,Tablet,Oral,Relaxed,Diazepam,,51.613815384615386,-3.3598076923076925
W048121,2024-02-05,NG18,Diazepam,Roche,White,Tablet,Not Stated,Not Stated,Etizolam,,53.1333,-1.2
W048148,2024-02-05,BT34,Diazepam,Martin Dow,Blue,Tablet,Not Stated,Not Stated,Diazepam,,54.146416666666674,-6.121124999999999
W048089,2024-02-05,G74,Diazepam,Galenika Bensedin,White,Tablet,Not Stated,Not Stated,Diazepam,,55.76583333333334,-4.1700333333333335
W048237,2024-02-06,CF63,Diazepam,Diazepam,Blue,Tablet,Oral,No Effect,Phenacetin,,51.4172,-3.2614
W048238,2024-02-06,CF63,Diazepam,Bensedin,White,Tablet,Oral,No Effect,Pregabalin,Bromazolam,51.4172,-3.2614
W047715,2024-02-06,W2,Alprazolam,Alprazolam,White,Powder,Not Stated,Not Stated,Clobromazolam,,51.51413636363636,-0.1886454545454545
W048243,2024-02-06,DL1,Ksalol alprazolam,Ksalol,Blue,Tablet,Oral,Relaxed,Alprazolam,,54.55433333333334,-1.5298166666666664
W048239,2024-02-06,CF63,Diazepam,Galenika Bensedin,White,Tablet,Not Stated,Not Stated,Pregabalin,Bromazolam,51.4172,-3.2614
W048236,2024-02-06,CF63,Diazepam,Diazepam (Accord),Blue,Tablet,Oral,Relaxed,"Metonitazene, Bromazolam",,51.4172,-3.2614
W048106,2024-02-06,BT1,Diazepam,Diazepam,Blue,Tablet,Not Stated,Not Stated,Diazepam,,54.5833,-5.9333
W048235,2024-02-06,CF62,Diazepam,Diazepam (Roche),Blue,Tablet,Not Stated,Not Stated,Bromazolam,,51.4027,-3.37145
W048216,2024-02-06,CM2,Temazepam,Teva,White,Tablet,Not Stated,Not Stated,Bromazolam,,51.707462500000005,0.4896375
W048215,2024-02-06,CM2,Diazepam,Galenika,White,Tablet,Not Stated,Not Stated,Diazepam,,51.707462500000005,0.4896375
W048210,2024-02-06,AL4,Alprazolam,Alprazolam,White,Tablet,Oral,"Increased Confidence, Relaxed",Alprazolam,,51.776783333333334,-0.2842833333333333
W048289,2024-02-09,HA9,Diazepam,Martin Dow valium,Blue,Tablet,Not Stated,Not Stated,Diazepam,,51.5531,-0.3023
W048122,2024-02-09,CF40,Diazepam,Diazepam,Blue,Tablet,Oral,Not Stated,No Active Component Identified,,51.627316666666665,-3.461883333333333
W048244,2024-02-09,PO4,Diazepam,Kern,Blue,Tablet,Oral,No Effect,Bromazolam,,50.78925,-1.06255
W048245,2024-02-09,PO4,Lorazepam,Not Stated,Green,Tablet,Oral,"Relaxed, Memory Loss",Lorazepam,,50.78925,-1.06255
W048153,2024-02-09,RG14,Alprazolam,Alprazolam,Orange,Tablet,Not Stated,Not Stated,Alprazolam,,51.407383333333335,-1.3243833333333337
W048260,2024-02-09,LA7,Diazepam,Diazepam,White,Tablet,Oral,"Relaxed, Nausea, Memory Loss, Confusion, Depression, Tiredness",Diazepam,,54.2291875,-2.7612125
W048288,2024-02-09,FK8,Street valium,Roche,Blue,Tablet,Oral,"Increased Confidence, Relaxed, Memory Loss, Loss of consciousness",Etizolam,,56.12892702702703,-4.228913513513514
W048308,2024-02-09,SW22,Diazepam tablets,Ratiopharm Diazepam,White,Tablet,Not Stated,Not Stated,Diazepam,,51.4548,-0.1158
W048247,2024-02-09,PO4,Alprazolam,Rlam,White,Tablet,Not Stated,No Effect,Alprazolam,,50.78925,-1.06255
W048291,2024-02-09,FK8,Bensedin,Bensedin,White,Tablet,Oral,"Increased Confidence, Relaxed, Nausea, Confusion, Panic Attack, Loss of consciousness",Diazepam,,56.12892702702703,-4.228913513513514
W048263,2024-02-09,SG13,Accord Diazepam,Not Stated,Blue,Tablet,Oral,No Effect,Metonitazene,,51.766,-0.07885
W048274,2024-02-09,SG13,Diazepam,Galenika Bensedin,White,Tablet,Oral,"Euphoria, Empathy, Relaxed, Tiredness",Diazepam,,51.766,-0.07885
W048217,2024-02-09,KY83,Diazepam,Not Stated,White,Tablet,Oral,"Increased Confidence, Relaxed, Vomiting, Memory Loss, Confusion, Loss of consciousness, Agitation",Clonazolam,Bromazolam,56.209568181818184,-2.9803318181818184
W048264,2024-02-09,SG13,Diazepam,Diazepam prodes,Blue,Tablet,Oral,No Effect,Bromazolam,,51.766,-0.07885
W048312,2024-02-09,TD1,Diazepam,Not Stated,Yellow,Tablet,Not Stated,Not Stated,Diazepam,,55.66659333333334,-2.8606933333333333
W048267,2024-02-09,G33,Diazepam,Bensedin,White,Tablet,Not Stated,Not Stated,Diazepam,,55.889,-4.1521
W048191,2024-02-09,DN59,Diazepam,Bensedin Diazepam,White,Tablet,Oral,"Relaxed, Memory Loss",Diazepam,,53.53578181818182,-1.229072727272727
W048296,2024-02-09,EH41,Diazepam,Orange star,Orange,Tablet,Oral,Relaxed,Diazepam,Paracetamol,55.92442,-2.74208
W048259,2024-02-09,CF24,Diazepam,Not Stated,Blue,Tablet,Not Stated,Not Stated,Bromazolam,,51.48,-3.18
W048322,2024-02-09,SK23,Alprazolam,Xanax,White,Tablet,Not Stated,Not Stated,"Bromazolam, Caffeine",,53.33156666666667,-1.9448333333333336
W048323,2024-02-09,SK23,Alprazolam,Xanax,White,Tablet,Not Stated,Not Stated,Bromazolam,,53.33156666666667,-1.9448333333333336
W048298,2024-02-09,DH6,Xanax,Xanax,White,Tablet,Not Stated,Not Stated,No Active Component Identified,,54.75197222222222,-1.4842055555555556
W048241,2024-02-13,W41P,Alprazolam,Alprazolam/Ksalol,Blue,Array,Not Stated,Not Stated,Bromazolam,,,
W048227,2024-02-13,N419,Xanax,Xanax,White,Tablet,Not Stated,Not Stated,Bromazolam,,,
W048229,2024-02-13,W41P,Xanax,Xanax,White,Solid,Not Stated,Not Stated,Bromazolam,,,
W048225,2024-02-13,England,Xanax,Xanax,White,Tablet,Not Stated,Not Stated,Bromazolam,,,
W048228,2024-02-13,W4IP,Xanax,Xanax,,Array,Not Stated,Not Stated,Bromazolam,,,
W048361,2024-02-13,CF63,Diazepam,Bensedin 10mg,White,Tablet,Oral,"Empathy, Relaxed",Diazepam,,51.4172,-3.2614
W048330,2024-02-13,BT36,Diazepam,Diazepam,Blue,Tablet,Not Stated,Not Stated,Diazepam,,54.675533333333334,-5.9483
W047694,2024-02-13,DT12,Alprazolam,Alprazolam:rlam-1,White,Tablet,Oral,"Euphoria, Increased Confidence, Relaxed, Breathlesness, Irregular Heartbeat, Memory Loss, Loss of consciousness",Alprazolam,,50.7167,-2.4333
W048331,2024-02-13,BT36,Diazepam,Diazepam,Blue,Tablet,Not Stated,Not Stated,Diazepam,,54.675533333333334,-5.9483
W048376,2024-02-13,BT35,Diazepam,Bensedin Galenika Diazepam,White,Tablet,Not Stated,Relaxed,Diazepam,,54.17227142857143,-6.455271428571429
000232584,2024-02-13,SA1,Valium,Not Stated,Blue,Tablet,Not Stated,Not Stated,Bromazolam,,51.633979999999994,-3.94848
W048416,2024-02-13,KT1,Diazepam,Galenika Bensedin Diazepam,White,Tablet,Oral,Relaxed,Diazepam,,51.4126,-0.2974
W048360,2024-02-13,CF63,Clonazepam,Rivotrol 2mg,White,Tablet,Oral,"Empathy, Relaxed",Clonazepam,,51.4172,-3.2614
W048356,2024-02-13,GL5,Valium,Valium,Blue,Tablet,Oral,"Relaxed, Memory Loss",Diazepam,,51.7366,-2.21976
W048226,2024-02-13,W4,xanax,Xanax,White,Tablet,Not Stated,Not Stated,Bromazolam,,51.4927,-0.258
W048315,2024-02-13,TR85,Diazepam,Not Stated,Blue,Tablet,Not Stated,Not Stated,Flubromazolam,,50.384992,-5.042204000000001
W048355,2024-02-13,G72,Street valium,Not Stated,White,Tablet,Not Stated,Not Stated,Etizolam,,55.80098,-4.12986
W048314,2024-02-13,TR8,Alprazolam,Not Stated,White,Tablet,Not Stated,Not Stated,Alprazolam,,50.384992,-5.042204000000001
W048200,2024-02-13,E14,Diazepam,Bensedin ,White,Tablet,Not Stated,Not Stated,Diazepam,,51.50563529411765,-0.0187647058823529
000232585,2024-02-13,SA1,Valium,Not Stated,Blue,Tablet,Not Stated,Not Stated,Bromazolam,,51.633979999999994,-3.94848
W048316,2024-02-13,TR85,Diazepam,Diazepam Martin Dow,Blue,Tablet,Not Stated,Not Stated,Diazepam,,50.384992,-5.042204000000001
000232588,2024-02-13,SA1,Benzo,Not Stated,Blue,Array,Not Stated,Not Stated,Cocaine,,51.633979999999994,-3.94848
000232564,2024-02-13,G69,Diazepam,bensedin,White,Tablet,Not Stated,Not Stated,Diazepam,,55.90105,-4.0946
W048333,2024-02-13,DN12,Diazepam,bensedin,White,Tablet,Oral,"Increased Confidence, Relaxed",Diazepam,,53.4851,-1.2453
W048350,2024-02-13,E14,Diazepam,Bensedin,White,Tablet,Not Stated,Not Stated,Diazepam,,51.50563529411765,-0.0187647058823529
W048295,2024-02-13,EH41,Diazepam,Not Stated,Blue,Tablet,Oral,"Increased Confidence, Relaxed","Bromazolam, Deschloroetizolam",,55.92442,-2.74208
W048297,2024-02-13,EH41,Diazepam,Martin Dow,Blue,Tablet,Subcutaneous,"Euphoria, Increased Confidence, Relaxed",Diazepam,,55.92442,-2.74208
W048219,2024-02-13,N1,Valium (Diazepam),Bensedin Galenika,White,Tablet,Not Stated,Not Stated,Bromazolam,,51.53669,-0.0944
W048407,2024-02-13,ML3,Temazepam,Temazepam,"Green, Purple",Capsule,Not Stated,Not Stated,Temazepam,,55.76254285714286,-4.045457142857143
W048257,2024-02-13,LL11,Diazepam,Diazepam,Blue,Tablet,Not Stated,Not Stated,No Active Component Identified,,53.064506666666674,-3.052973333333333
W048319,2024-02-13,SA1,Diazepam,Diazepam,White,Tablet,Not Stated,Not Stated,Bromazolam,,51.633979999999994,-3.94848
W048353,2024-02-13,W4,Diazepam,Diazepam (bensedin),White,Tablet,Oral,"Euphoria, Relaxed",Diazepam,,51.4927,-0.258
W048201,2024-02-13,E14,Diazepam,Accord,Blue,Tablet,Not Stated,Not Stated,Diazepam,,51.50563529411765,-0.0187647058823529
W048417,2024-02-14,TW14,Diazepam,Porky pharma diazepam,Blue,Tablet,Not Stated,"Euphoria, Empathy, Memory Loss",Diazepam,,51.4528,-0.4215
W048483,2024-02-15,NE29,Diazepam,Martin Dow Diazepam,Blue,Tablet,Not Stated,"Relaxed, Memory Loss, Loss of consciousness",Diazepam,,55.0165,-1.4493
W048442,2024-02-15,CF40,Diazepam,Diazepam,Blue,Tablet,Oral,"Relaxed, Breathlesness, Memory Loss",Bromazolam,,51.627316666666665,-3.461883333333333
W048488,2024-02-15,W13,Clonazepam,Rivotril Galenika Clonazepam,White,Tablet,Oral,Relaxed,Clonazepam,,51.5122,-0.311625
W048549,2024-02-15,EX23,Galenika Bensedin Diazepam,Galenika Bensedin Diazepam,White,Tablet,Oral,"Euphoria, Increased Confidence, Enhanced Senses, Relaxed",No Active Component Identified,,50.81068285714286,-4.493794285714286
W048469,2024-02-15,CO10,Diazepam,Martin Dow Valium,Blue,Tablet,Not Stated,Not Stated,Diazepam,,52.06249574468085,0.6800297872340426
W048525,2024-02-15,FY07,Roche Valium,Roche 10,Blue,Tablet,Oral,"Relaxed, Loss of consciousness",Diclazepam,,53.75,-3.0167
W048494,2024-02-15,DE23,Diazepam,Diazepam,Blue,Tablet,Not Stated,Not Stated,Diazepam,,52.8945,-1.49505
W048468,2024-02-15,CO10,Alprazolam,RLAM-1 Alprazolam,White,Tablet,Not Stated,Not Stated,Alprazolam,,52.06249574468085,0.6800297872340426
W048552,2024-02-15,CF11,MSJ Diazepam,Not Stated,"Green, Blue",Tablet,Oral,"Breathlesness, Chest Pains, Irregular Heartbeat, Loss of consciousness","Bromazolam, Metonitazene",,51.48,-3.18
W048479,2024-02-15,YO10,Diazepam,Galenika Bensedin,White,Tablet,Not Stated,Not Stated,Diazepam,,53.9576,-1.0827
W048433,2024-02-15,GL54,Diazepam,Zepam,Black,Tablet,Oral,Relaxed,Chlorpheniramine,,51.88724642857143,-1.8609214285714288
000235031,2024-02-15,CF10,Loghman Diazepam 10mg,Loghman Diazepam 10mg,Blue,Tablet,Oral,"Euphoria, Increased Confidence, Increased Energy, Empathy",Diazepam,,51.48,-3.18
000041178,2024-02-15,NP12,MSJ,Not Stated,Blue,Tablet,Not Stated,Not Stated,No Active Component Identified,,51.6678,-3.2075
W048370,2024-02-15,EX23,Martin dow 10mg Valium,Marin dow 10mg,Blue,Tablet,Oral,"Euphoria, Increased Confidence, Empathy, Relaxed",Diazepam,,50.81068285714286,-4.493794285714286
W048455,2024-02-19,SA1,Valium,Benzo,Blue,Tablet,Not Stated,Not Stated,Bromazolam,,51.633979999999994,-3.94848
W048462,2024-02-19,SA1,Valium,Not Stated,Blue,Tablet,Oral,"Relaxed, Breathlesness, Chest Pains, Violence/Aggression, Depression, Suicidal Ideation",Bromazolam,,51.633979999999994,-3.94848
W048459,2024-02-19,SA1,Valium,Not Stated,Blue,Tablet,Oral,"Relaxed, Breathlesness, Irregular Heartbeat, Loss of consciousness, Violence/Aggression, Depression, Suicidal Ideation",Bromazolam,,51.633979999999994,-3.94848
W048605,2024-02-19,BH17,Xanax,Ksalol,Blue,Tablet,Not Stated,Not Stated,Alprazolam,,50.747,-1.9801
W048539,2024-02-19,DN40,Diazepam,Not Stated,White,Tablet,Not Stated,Not Stated,Diazepam,,53.627716666666664,-0.2571833333333333
W048501,2024-02-19,LS16,Nitrazepam,Accord Nitrazepam,White,Tablet,Oral,Relaxed,Nitrazepam,,53.868475,-1.5981
W048504,2024-02-19,LS16,Diazepam,Martin Dow Diazepam,Blue,Tablet,Oral,Relaxed,Diazepam,,53.868475,-1.5981
W048503,2024-02-19,LS16,Diazepam,Bensedin,White,Tablet,Oral,Relaxed,Diazepam,,53.868475,-1.5981
W048464,2024-02-19,SA1,Valium,Not Stated,Blue,Tablet,Oral,"Nausea, Loss of consciousness",Bromazolam,,51.633979999999994,-3.94848
W048581,2024-02-19,N11,Clonazepam,Elikem,Blue,Tablet,Not Stated,Not Stated,"Clonazepam, Amisulpride",,51.6165,-0.1441
W048563,2024-02-19,RH20,Xanax,Alprazolam,,Tablet,Not Stated,Not Stated,Bromazolam,,50.937535714285715,-0.4877357142857143
W048566,2024-02-19,RH20,Valium,Diazepam,White,Tablet,Oral,"Enhanced Senses, Empathy, Relaxed",Diazepam,,50.937535714285715,-0.4877357142857143
W048502,2024-02-19,LS16,Diazepamn,Accord Diazepam,Yellow,Tablet,Oral,Relaxed,Diazepam,,53.868475,-1.5981
W048463,2024-02-19,SA1,Valium,Not Stated,Blue,Tablet,Oral,"Nausea, Vomiting, Agitation",Bromazolam,,51.633979999999994,-3.94848
W048572,2024-02-19,AB39,Clonazepam,Clonazepam,Blue,Tablet,Oral,"Enhanced Senses, Nosebleeds, Memory Loss, Confusion, Agitation",Clonazepam,,56.9773,-2.2184
W048524,2024-02-19,FY1,Diazepam,Valium Martin Dow,Blue,Tablet,Not Stated,Not Stated,Diazepam,,53.8167,-3.05
W048526,2024-02-19,FY1,Midazolam,Midazolam,White,Tablet,Not Stated,Not Stated,Midazolam,,53.8167,-3.05
100003002,2024-02-19,NP46,Diazepam,Diazepam,Blue,Tablet,Oral,Not Stated,Bromazolam,,51.718515789473685,-3.030521052631579
W048302,2024-02-19,SA1,Valium MSJ,MSJ,Blue,Tablet,Not Stated,Not Stated,Bromazolam,,51.633979999999994,-3.94848
W048577,2024-02-19,CF11,Diazepam,Not Stated,"Green, Blue",Tablet,Oral,Relaxed,Bromazolam,,51.48,-3.18
W048465,2024-02-19,PL3,Diazepam,Diazepam,Blue,Tablet,Not Stated,Not Stated,"Bromazolam, Metonitazene",,50.3879,-4.1271
W048565,2024-02-19,CF31,Valium,Not Stated,Blue,Tablet,Not Stated,Overdose,Bromazolam,,51.507666666666665,-3.577733333333333
W048550,2024-02-19,G42,Xanax,Galenika,White,Tablet,Not Stated,Not Stated,Alprazolam,,55.8322,-4.2576
000232909,2024-02-19,CF33,Nitrazepam,Nitrazepam,White,Tablet,Not Stated,Not Stated,Nitrazepam,,51.52158333333333,-3.6971833333333337
W048568,2024-02-19,CF62,Diazepam,Diazepam,Blue,Tablet,Oral,Relaxed,No Active Component Identified,,51.4027,-3.37145
W048538,2024-02-19,L36,Diazepam,Diazepam,Blue,Tablet,Oral,"Relaxed, Panic Attack",Diazepam,,53.4103,-2.8480499999999997
000232907,2024-02-19,CF33,Clonazepam,Clonazepam,Blue,Tablet,Not Stated,Not Stated,Clonazepam,,51.52158333333333,-3.6971833333333337
000232910,2024-02-19,CF33,Diazepam,Roche 10,Blue,Tablet,Not Stated,Not Stated,Bromazolam,,51.52158333333333,-3.6971833333333337
W048574,2024-02-19,LA13,Clonazepam,Nozim Elikem,Blue,Tablet,Not Stated,Not Stated,Clonazepam,,54.11367142857143,-3.193485714285714
W048672,2024-02-20,TQ12,Diazepam,Martin Dow Valium (Diazepam),Blue,Tablet,Not Stated,Not Stated,Diazepam,,50.526051851851854,-3.6118259259259258
W048485,2024-02-20,EA11,Valium,Not Stated,Blue,Tablet,Not Stated,Not Stated,Diazepam,,,
W048111,2024-02-20,SA1,MSJ,Not Stated,Blue,Tablet,Not Stated,Not Stated,No Active Component Identified,,51.633979999999994,-3.94848
W048663,2024-02-20,EX23,Lorazepam,Indian Lorazepam,White,Tablet,Oral,"Euphoria, Increased Confidence, Enhanced Senses, Relaxed",Lorazepam,,50.81068285714286,-4.493794285714286
W048303,2024-02-20,SA1,Valium MSJ,Not Stated,Blue,Tablet,Not Stated,Not Stated,Bromazolam,,51.633979999999994,-3.94848
W048632,2024-02-20,WN8,Diazepam/Valium,Diazepam,White,Tablet,Not Stated,Not Stated,Diazepam,,53.5623,-2.7659875
W048611,2024-02-20,E2,Valium,Valium/Diazepam,Blue,Tablet,Oral,"Relaxed, Loss of consciousness, Tiredness",Diazepam,,51.5386,-0.055525
W048456,2024-02-20,AB4,Diazepam,MSJ,Green,Tablet,Oral,"Euphoria, Increased Energy, Increased Confidence, Enhanced Senses, Increased Stamina, Increased Libido, Increased Strength, Empathy, Visual Hallucinations, Relaxed, Memory Loss, Paranoia, Confusion, Panic Attack, Violence/Aggression, Depression",Diazepam,,,
000232590,2024-02-20,SA1,Diazepam,Diazepam,Blue,Tablet,Not Stated,Not Stated,Bromazolam,,51.633979999999994,-3.94848
W048674,2024-02-20,TW1,Diazepam,Diazepam,White,Tablet,Not Stated,Not Stated,Diazepam,,51.4454,-0.3297
000235165,2024-02-27,CF83,Diazepam,Not Stated,Blue,Tablet,Not Stated,Not Stated,Bromazolam,Ketamine,51.59288333333333,-3.2333833333333337
W048670,2024-02-27,CW12,Diazepam,Valium,Blue,Tablet,Not Stated,Not Stated,Diazepam,,53.17224166666667,-2.217375
000235166,2024-02-27,CF83,Diazepam,Not Stated,White,Tablet,Not Stated,Not Stated,"Metonitazene, Bromazolam",,51.59288333333333,-3.2333833333333337
000035823,2024-02-27,NP44,Diazepam,Diazepam,Blue,Tablet,Oral,"Euphoria, Increased Energy, Increased Confidence, Enhanced Senses, Increased Stamina, Increased Strength, Relaxed, Memory Loss, Agitation, Confusion",Bromazolam,,51.65070000000001,-3.0178
000232867,2024-02-27,NP20,Diazepam,Bensedin,White,Tablet,Not Stated,Not Stated,Diazepam,,51.5877,-2.9984
W048722,2024-02-27,CF38,Diazepam,Diazepam,Blue,Tablet,Oral,Relaxed,Bromazolam,,51.5543,-3.34528
W048749,2024-02-27,BS3,Lorazepam,Lorazepam,White,Tablet,Not Stated,Not Stated,Lorazepam,,51.4552,-2.5966
W048764,2024-02-27,WR13,clonazepam,Rivotril,White,Tablet,Not Stated,Not Stated,Clonazepam,,52.09508421052632,-2.3295421052631577
W048610,2024-02-27,WF12,Diazepam,Diazepam,Blue,Tablet,Oral,"Memory Loss, Agitation, Depression",Diazepam,,53.68023333333334,-1.6275333333333333
W048745,2024-02-27,CF83,Valium MSJ,Not Stated,Blue,Tablet,Not Stated,Not Stated,Bromazolam,,51.59288333333333,-3.2333833333333337
W048638,2024-02-27,SA3,Diazepam,Bensedin Diazepam,White,Tablet,Not Stated,Not Stated,Diazepam,,51.59142222222222,-4.136385185185185
000041177,2024-02-27,NP11,Diazepam,Not Stated,Blue,Tablet,Not Stated,Not Stated,Bromazolam,,51.6439,-3.1317
W048695,2024-02-27,SW7,Diazepam,Elikem,White,Tablet,Not Stated,Not Stated,Diazepam,,51.49598333333333,-0.1762833333333333
W048806,2024-02-27,HA63,Diazepam,Ratiopharm Diazepam,White,Tablet,Not Stated,Not Stated,Diazepam,,51.6116,-0.4230333333333333
W048684,2024-02-27,RG21,Alprazolam,Alprazolam,White,Tablet,Not Stated,Not Stated,"Deschloroetizolam, Caffeine",Bromazolam,51.2625,-1.0871
W048690,2024-02-27,M25,Alprazolam,ALprazolam,White,Tablet,Oral,"Euphoria, Empathy, Relaxed, Nosebleeds, Memory Loss, Confusion, Loss of consciousness, Agitation",Alprazolam,,53.5333,-2.2833
W048718,2024-02-27,CF24,Valium,MSJ,Blue,Tablet,Oral,"Relaxed, Paranoia, Memory Loss, Agitation, Violence/Aggression, Insomnia, Depression, Suicidal Ideation, Seizure","Bromazolam, Diazepam",,51.48,-3.18
W048725,2024-02-27,N2,Diazepam,Bensedin Galenika Diazepam,White,Tablet,Oral,"Euphoria, Empathy, Relaxed",No Active Component Identified,,51.59,-0.1531
000231117,2024-02-27,LL77,Diazepam,Not Stated,Blue,Tablet,Not Stated,Relaxed,"Bromazolam, Deschloroetizolam",,53.27263333333334,-4.3066
W048637,2024-02-27,SA3,Alprazolam,Ksalol alprazolam,"White, Blue",Tablet,Not Stated,Not Stated,Alprazolam,,51.59142222222222,-4.136385185185185
000040333,2024-02-27,NP22,Diazepam,Not Stated,Blue,Tablet,Oral,"Increased Confidence, Relaxed",Bromazolam,,51.7725,-3.2468
W048836,2024-02-27,SL7,Alprazolam,Alprazolam,"White, Blue",Tablet,Not Stated,Not Stated,Alprazolam,,51.5658,-0.78258
W048646,2024-02-27,BS3,Bromazolam,Bromazolam,Blue,Tablet,Not Stated,Not Stated,Bromazolam,Ketamine,51.4552,-2.5966
W048834,2024-02-27,KT3,Diazepam,Bensedin,White,Tablet,Oral,"Empathy, Relaxed",Diazepam,,51.3992,-0.2556
W048841,2024-02-27,SL7,Lorazepam,Lorazepam,White,Tablet,Not Stated,Not Stated,Lorazepam,,51.5658,-0.78258
W048838,2024-02-27,SL7,Alprazolam,Alprazolam,"White, Blue",Tablet,Oral,"Relaxed, Memory Loss",Alprazolam,,51.5658,-0.78258
W048844,2024-02-27,BH14,Diazepam,Bensedin Galenika,White,Tablet,Not Stated,Not Stated,Diazepam,,50.7299,-1.9449
W048853,2024-02-27,CH4,Xanax,Xanax,White,Tablet,Oral,"Nausea, Vomiting",Bromazolam,,53.15806666666666,-2.9534749999999996
W048647,2024-02-27,BS3,Bromazolam,Bromazolam,Blue,Tablet,Not Stated,Not Stated,Bromazolam,Ketamine,51.4552,-2.5966
W048839,2024-02-27,SL7,Clonazepam,Clonazepam,White,Tablet,Not Stated,Not Stated,Clonazepam,,51.5658,-0.78258
W048837,2024-02-27,SL7,Alprazolam,Alprazolam,"White, Blue",Tablet,Oral,"Relaxed, Memory Loss",Alprazolam,,51.5658,-0.78258
W048696,2024-02-27,TW14,Diazepam,Galeniak bensedin Diazepam,White,Tablet,Oral,"Increased Confidence, Empathy, Relaxed, Memory Loss",No Active Component Identified,,51.4528,-0.4215
W048877,2024-02-27,SW22,Diazepam tablets,Diazepam Pharma Kern,Grey,Tablet,Not Stated,Not Stated,Diazepam,,51.4548,-0.1158
W048840,2024-02-27,SL7,Lorazepam,Lorazepam,White,Tablet,Oral,"Relaxed, Memory Loss",Lorazepam,,51.5658,-0.78258
W048881,2024-02-27,M21,Diazepam,Diazepam,White,Tablet,Not Stated,Not Stated,Bromazolam,,53.4351,-2.2631
W048789,2024-02-27,PH2,Street benzos,Not Stated,White,Tablet,Oral,"Relaxed, Memory Loss, Loss of consciousness",Etizolam,,56.37225438596491,-3.356345614035088
W048821,2024-02-27,MK11,Diazepam,"Diazepam, Bensedin",White,Tablet,Oral,"Euphoria, Increased Energy, Increased Confidence, Enhanced Senses, Empathy, Relaxed, Memory Loss",Diazepam,,52.0568,-0.8528
W048820,2024-02-27,MK11,Xanax,Xanax Ksalol,Blue,Tablet,Oral,"Euphoria, Increased Energy, Increased Confidence, Enhanced Senses, Increased Stamina, Empathy, Relaxed, Memory Loss",Alprazolam,,52.0568,-0.8528
W048822,2024-02-27,MK11,Etizolam,Etizolam,Red,Tablet,Not Stated,Not Stated,Bromazolam,,52.0568,-0.8528
W048592,2024-02-27,CF40,Diazepam,Roche,White,Tablet,Oral,No Effect,Cocaine,"Procaine, Etizolam",51.627316666666665,-3.461883333333333
W048765,2024-02-27,SK11,Diazepam,Diazepam,White,Tablet,Not Stated,Not Stated,Diazepam,,53.229638461538464,-2.14891923076923
W048726,2024-02-27,FK10,Diazepam,Roche,White,Tablet,Oral,"Increased Confidence, Increased Strength, Empathy, Relaxed, Memory Loss, Confusion",Etizolam,,56.10687777777778,-3.7534
W048645,2024-02-27,BS3,Bromazolam,Bromazolam,Blue,Tablet,Not Stated,Not Stated,Bromazolam,Ketamine,51.4552,-2.5966
W048644,2024-02-27,BS3,Bromazolam,Bromazolam,Blue,Tablet,Not Stated,Not Stated,Bromazolam,Ketamine,51.4552,-2.5966
W048876,2024-02-27,FY1,Etizolam,Etizolam,Pink,Tablet,Not Stated,Not Stated,Etizolam,,53.8167,-3.05
W048894,2024-02-29,L20,Bensedin Diazepam,Bensedin Diazepam,White,Tablet,Not Stated,Not Stated,Diazepam,,53.4667,-3.0167
W048893,2024-02-29,L20,Bensedin Diazepam,Bensedin Diazepam,White,Tablet,Not Stated,Not Stated,Diazepam,,53.4667,-3.0167
W048892,2024-02-29,L20,bensedin Diazepam,Bensedin Diazepam,White,Tablet,Not Stated,Not Stated,Diazepam,,53.4667,-3.0167
000231467,2024-02-29,NP20,DIazepam,Not Stated,Blue,Tablet,Not Stated,Relaxed,Diazepam,,51.5877,-2.9984
W048848,2024-02-29,PH2,Mirtazapine,Mirtaz,White,Tablet,Oral,"Relaxed, Loss of consciousness, Increased appetite",Mirtazapine,,56.37225438596491,-3.356345614035088
W048809,2024-02-29,E14,Xanax,Ksalol Galenika,White,Tablet,Oral,"Euphoria, Increased Confidence, Relaxed",Alprazolam,,51.50563529411765,-0.0187647058823529
000041176,2024-02-29,NP11,Valium,Not Stated,Blue,Tablet,Oral,"Enhanced Senses, Relaxed, Memory Loss, Confusion",No Active Component Identified,,51.6439,-3.1317
W048871,2024-02-29,CR7,Alprazolam,Alprazolam,White,Powder,Not Stated,Not Stated,Bromazolam,,51.3833,-0.1
W048808,2024-02-29,E14,Valium,Diazepam Galenika,White,Tablet,Oral,"Euphoria, Increased Energy, Increased Confidence, Increased Stamina, Empathy, Relaxed, Memory Loss",Diazepam,,51.50563529411765,-0.0187647058823529
W048896,2024-02-29,KY8,Xanax,Not Stated,"Green, Yellow",Tablet,Not Stated,Not Stated,Bromazolam,,56.209568181818184,-2.9803318181818184
W048863,2024-02-29,NR37,Valium,Diazepam,Yellow,Tablet,Oral,"Euphoria, Increased Confidence, Relaxed",No Active Component Identified,,52.6278,1.2983
W048996,2024-02-29,HR3,Diazepam,Martin Dow,Blue,Tablet,Not Stated,Not Stated,Diazepam,,52.08754242424242,-3.049269696969697
W048969,2024-02-29,SA7,Loghmans Diazepam,Not Stated,Blue,Tablet,Oral,Relaxed,Diazepam,,51.6703,-3.8862
W048945,2024-02-29,NE34,Temazepam,Temazepam,White,Tablet,Oral,"Memory Loss, Relaxed",Bromazolam,,54.9667,-1.4
W048919,2024-02-29,EX2,Street benzo,Diazepam,Blue,Tablet,Oral,"Breathlesness, Paranoia, Array, Confusion, Loss of consciousness, Agitation, Violence/Aggression, Suicidal Ideation",Phenazepam,,50.70541666666667,-3.529533333333333
W048903,2024-02-29,NG2,Diazepam,Diazepam,Blue,Tablet,Oral,No Effect,Bromazolam,,52.92915,-1.11485
W048904,2024-02-29,NG2,Diazepam,Diazepam,Blue,Tablet,Oral,No Effect,Bromazolam,Metonitazene,52.92915,-1.11485
W048928,2024-02-29,CW14,Clonazepam,Clonazepam,White,Tablet,Not Stated,Not Stated,Clonazepam,,53.09252,-2.389
W048942,2024-02-29,BT28,Xanax,Not Stated,Blue,Tablet,Not Stated,Not Stated,Alprazolam,,54.5421,-6.1562
W048958,2024-02-29,CF64,Diazepam,Galenika bensedin Diazepam,White,Tablet,Not Stated,Not Stated,Diazepam,,51.42878,-3.21045
W048888,2024-02-29,BT43,Diazepam,Accord Diazepam,Blue,Tablet,Oral,"Increased Confidence, Enhanced Senses, Relaxed, Confusion",Diazepam,,54.93786666666667,-6.2199
W048975,2024-02-29,LA13,Alprazolam,Rlam,White,Tablet,Not Stated,Not Stated,Alprazolam,,54.11367142857143,-3.193485714285714
W048859,2024-02-29,EX23,Diazepam,Diazepam,Blue,Tablet,Oral,"Euphoria, Increased Confidence, Relaxed, Memory Loss, Confusion",No Active Component Identified,,50.81068285714286,-4.493794285714286
W048780,2024-02-29,PL10,Diazepam,Diazepam (Bensedin),White,Tablet,Oral,"Increased Confidence, Empathy, Relaxed, Paranoia, Agitation",No Active Component Identified,,50.34091428571429,-4.2004
W049061,2024-03-04,M23,Xanax,Not Stated,White,Tablet,Not Stated,Not Stated,Bromazolam,,53.3947,-2.279
W048077,2024-03-04,NN1,Rivotril Clonazepam,Not Stated,White,Tablet,Not Stated,Not Stated,Clonazepam,,52.25,-0.8833
W048910,2024-03-04,G72,Valium,Not Stated,White,Tablet,Oral,"Increased Confidence, Memory Loss, Loss of consciousness, Agitation",Bromazolam,,55.80098,-4.12986
W048704,2024-03-04,SA31,Diazepam,Not Stated,,Tablet,Oral,"Auditory Hallucinations, Visual Hallucinations, Breathlesness, Memory Loss, Paranoia, Confusion, Suicidal Ideation","Bromazolam, Metonitazene",,51.85391,-4.30209
W048906,2024-03-04,LA18,Valium (diazepam),Valium Diazepam 10mg tablet,Blue,Tablet,Not Stated,Not Stated,Diazepam,,54.2129,-3.304775
000235245,2024-03-04,CF47,Valium,Valium,Blue,Tablet,Oral,Not Stated,Diazepam,,51.7479,-3.3778
W048944,2024-03-04,EH1,Diazepam,Diazepam,White,Tablet,Not Stated,Not Stated,Etizolam,,55.9521,-3.1965
W049031,2024-03-04,LS11,Klonazepam,Klonazepam,White,Tablet,Not Stated,Not Stated,Clonazepam,,53.7667,-1.5667
W048974,2024-03-04,DE11,Alprazolam,Alko,White,Tablet,Not Stated,Not Stated,Bromazolam,,52.7698,-1.5538777777777777
W049029,2024-03-04,LS11,Diazepam,Diazepam,White,Tablet,Not Stated,Not Stated,Diazepam,,53.7667,-1.5667
W048743,2024-03-04,BS91,Diazepam,Bensedin diazepam,White,Tablet,Oral,Relaxed,Diazepam,,51.4874,-2.6266
W048970,2024-03-04,CF37,Diazepam,Diazepam Ritiopharm,White,Tablet,Oral,"Enhanced Senses, Empathy, Relaxed",Diazepam,,51.613815384615386,-3.3598076923076925
W048968,2024-03-04,CF37,Xanax,Alprazolam,Purple,Tablet,Not Stated,Not Stated,Alprazolam,,51.613815384615386,-3.3598076923076925
W049030,2024-03-04,LS11,Alpazolam,Alpazolam,White,Tablet,Not Stated,Not Stated,Alprazolam,,53.7667,-1.5667
W048972,2024-03-04,DE11,Diazepam,Diazepam,Blue,Tablet,Not Stated,Not Stated,Bromazolam,,52.7698,-1.5538777777777777
W049010,2024-03-04,BS1,Clonazepam,Klonazepam (rivotril),White,Tablet,Oral,"Relaxed, Memory Loss, Confusion",Clonazepam,,51.4552,-2.5966
W049042,2024-03-04,ML66,Xanax. alprazolam,Ksalol,Blue,Tablet,Oral,Relaxed,Alprazolam,,55.876992307692305,-3.925407692307692
W049045,2024-03-04,SO17,Diazepam,Diazepam,White,Tablet,Oral,Relaxed,Diazepam,,50.927,-1.394
000232921,2024-03-04,CF24,Xanax,Xanax XR,White,Tablet,Not Stated,Not Stated,Bromazolam,,51.48,-3.18
W048973,2024-03-04,DE11,Temazepam,Temazepam,White,Tablet,Not Stated,Not Stated,Bromazolam,Metonitazene,52.7698,-1.5538777777777777
W049076,2024-03-04,AB25,Diazepam,Not Stated,Blue,Tablet,Oral,"Increased Energy, Increased Confidence, Enhanced Senses, Increased Stamina, Increased Libido, Increased Strength, Relaxed, Paranoia, Memory Loss, Confusion, Panic Attack, Agitation, Suicidal Ideation",Bromazolam,,57.1437,-2.0981
W049050,2024-03-04,SA14,MSJ,Not Stated,Blue,Tablet,Oral,"Euphoria, Increased Confidence, Empathy, Relaxed, Memory Loss, Confusion, Panic Attack, Anxiety",Bromazolam,,51.76378235294118,-4.089482352941177
000035827,2024-03-04,NP23,Diazepam,Xanax,White,Array,Oral,Relaxed,Bromazolam,,51.7771,-3.2079
000232565,2024-03-04,G42,Benzodiazepines,Not Stated,"White, Black",Blotter paper,Not Stated,Not Stated,Bromazolam,,55.8322,-4.2576
W049038,2024-03-04,N17,Alprazolam,Alprazolam powder,Brown,Powder,Not Stated,Not Stated,Bromazolam,,51.59922,-0.07094
000231464,2024-03-04,NP20,Mogadon (Nitrazepam),Not Stated,White,Tablet,Not Stated,Not Stated,Nitrazepam,,51.5877,-2.9984
000231465,2024-03-04,NP20,Diazepam,Not Stated,White,Tablet,Not Stated,Not Stated,Diazepam,,51.5877,-2.9984
W049058,2024-03-04,FK10,Valium,Not Stated,Blue,Tablet,Oral,"Memory Loss, Confusion",Diazepam,,56.10687777777778,-3.7534
W048701,2024-03-04,NG10,Alprazolam,Ksalol,"Blue, Grey",Tablet,Not Stated,Not Stated,Bromazolam,,52.901475,-1.287175
W048702,2024-03-04,NG10,ALprazolam,Ksalol,"Blue, Grey",Tablet,Not Stated,Not Stated,Bromazolam,,52.901475,-1.287175
W049044,2024-03-04,ML66,"Valium, DIazepam",Bensedin,White,Tablet,Not Stated,Not Stated,Diazepam,,55.876992307692305,-3.925407692307692
W048979,2024-03-04,BN3,Diazepam,Diazepam,Blue,Tablet,Not Stated,Not Stated,Bromazolam,,50.836725,-0.179625
W049037,2024-03-04,CF62,Diazepam,Bensedin Galenika,White,Tablet,Oral,"Euphoria, Relaxed, Dizziness",Diazepam,,51.4027,-3.37145
W048951,2024-03-04,LL11,Diazepam,Diazepam,White,Tablet,Not Stated,Not Stated,"Metonitazene, Bromazolam",,53.064506666666674,-3.052973333333333
W053202,2024-03-07,TD9,Diazepam,Loghman,Blue,Tablet,Oral,"Euphoria, Relaxed, Loss of consciousness",Diazepam,,55.39354782608696,-2.707571739130435
W053624,2024-03-07,M5,Xanax,Not Stated,White,Tablet,Not Stated,Not Stated,Bromazolam,,53.4792,-2.2859
W052353,2024-03-07,M24,Diazepam,Diazepam,White,Tablet,Not Stated,Not Stated,Diazepam,,53.5587,-2.2128
W053566,2024-03-07,LA13,Klonazepam,Galenika Rivotril,White,Tablet,Not Stated,Not Stated,Clonazepam,,54.11367142857143,-3.193485714285714
W052904,2024-03-07,SO19,Diazepam,Not Stated,White,Tablet,Oral,Relaxed,Diazepam,,50.8993,-1.3670749999999998
W053625,2024-03-07,M5,Xanax,Not Stated,White,Tablet,Not Stated,Not Stated,Bromazolam,,53.4792,-2.2859
W052903,2024-03-07,SO19,Diazepam,Not Stated,White,Tablet,Oral,Relaxed,Diazepam,,50.8993,-1.3670749999999998
W053490,2024-03-07,DE4,Alprazolam,Alprazolam,White,Tablet,Not Stated,Not Stated,Alprazolam,,53.14371818181818,-1.5856424242424243
W053491,2024-03-07,NW10,Xanax,Ksakik Galenika,Blue,Tablet,Oral,No Effect,Bromazolam,,51.53758571428572,-0.2431214285714285
W052907,2024-03-07,SO19,Diazepam,Diazepam,White,Tablet,Oral,Relaxed,Diazepam,,50.8993,-1.3670749999999998
W053454,2024-03-07,BN1,Midazolam,Midazolam,White,Tablet,Not Stated,Not Stated,Midazolam,,50.8614,-0.1204166666666666
W052905,2024-03-07,SO19,Diazepam,Diazepam,White,Tablet,Oral,Relaxed,Diazepam,,50.8993,-1.3670749999999998
W053637,2024-03-07,E6,Klonazepam,Galenika Rivotril,White,Solid,Oral,Increased Confidence,Clonazepam,,51.526475,0.049325
W053483,2024-03-07,BD7,Valium,Bensedin Galenika,White,Tablet,Not Stated,Not Stated,Diazepam,,53.7835,-1.7851
W053484,2024-03-07,BD7,Xanax,Viatris Xanax,Pink,Tablet,Not Stated,Not Stated,Alprazolam,,53.7835,-1.7851
W053466,2024-03-07,PA3,R-lam Xanax,Not Stated,White,Tablet,Not Stated,Not Stated,Alprazolam,,55.8516,-4.446
W053489,2024-03-07,NW10,Clonazepam,Rivotril Galenika,White,Tablet,Oral,No Effect,Clonazepam,,51.53758571428572,-0.2431214285714285
W053455,2024-03-07,BN1,Nitrazepam,Noctim,White,Tablet,Not Stated,Not Stated,Nitrazepam,,50.8614,-0.1204166666666666
W053456,2024-03-07,BN1,Diazepam,MSJ,Yellow,Tablet,Not Stated,Not Stated,Diazepam,,50.8614,-0.1204166666666666
W053431,2024-03-07,NG16,Diazepam,Bensedin Galenika,White,Tablet,Oral,"Euphoria, Relaxed",Diazepam,,53.02096153846154,-1.2902076923076924
W053430,2024-03-07,NG16,Temazepam,Temazep-CT,White,Tablet,Oral,"Relaxed, Loss of consciousness",Temazepam,,53.02096153846154,-1.2902076923076924
W053515,2024-03-07,LE2,Diazepam,Galenika Bensedin,White,Tablet,Oral,Relaxed,Diazepam,,52.60181666666667,-1.1167166666666668
W053567,2024-03-07,LA13,Alprazolam,Neurovision,White,Tablet,Not Stated,Not Stated,Alprazolam,,54.11367142857143,-3.193485714285714
000231853,2024-03-07,LL57,Benzodiazepine,Not Stated,"White, Yellow",Tablet,Oral,"Relaxed, Panic Attack, Loss of consciousness, Overdose",Quetiapine,,53.203925000000005,-4.106675
W049109,2024-03-07,SN11,Diazepam,bensedin,White,Tablet,Not Stated,Not Stated,"Metonitazene, Bromazolam",,51.44735555555556,-1.9766
W049177,2024-03-07,TW10,Diazepam,Bensedin Galenika,White,Tablet,Oral,"Increased Confidence, Relaxed",Diazepam,,51.442359999999994,-0.30408
W049105,2024-03-07,DD2,Diazepam,Diazepam,,Tablet,Oral,Relaxed,Diazepam,,56.47777692307693,-3.0589461538461538
W049146,2024-03-07,M25,Xanax,Ksalol 1mg,Blue,Tablet,Oral,Not Stated,Alprazolam,,53.5333,-2.2833
W049164,2024-03-07,E11,Xanax,Xanax,Blue,Tablet,Not Stated,Not Stated,Alprazolam,,51.57656666666667,0.0171666666666666
000232595,2024-03-07,SA1,MSJ,Not Stated,Blue,Tablet,Not Stated,Not Stated,Bromazolam,,51.633979999999994,-3.94848
W049154,2024-03-07,EX23,Diazepam,"Bensedin Diazepam,",White,Tablet,Oral,"Euphoria, Increased Energy, Increased Confidence, Enhanced Senses, Empathy, Relaxed",Bromazolam,,50.81068285714286,-4.493794285714286
000232710,2024-03-07,SA11,Valium,Diazepam,Blue,Tablet,Not Stated,Not Stated,"Metonitazene, Bromazolam",,51.70800714285714,-3.6944071428571426
W049094,2024-03-07,PL10,Diazepam,Diazepam (Prodes),Blue,Tablet,Not Stated,Not Stated,Bromazolam,,50.34091428571429,-4.2004
W049196,2024-03-07,KT9,Diazepam,Bensedin Galenika,White,Tablet,Oral,Relaxed,Diazepam,,51.365199999999994,-0.3054
W049189,2024-03-07,SA31,Diazepam,Valium,Blue,Tablet,Not Stated,Not Stated,Diazepam,,51.85391,-4.30209
W049184,2024-03-07,RG17,Diazepam,Diazepam,White,Tablet,Not Stated,Not Stated,Diazepam,,51.425623529411766,-1.488705882352941
W049131,2024-03-07,HA9,Lorazepam,Not Stated,Blue,Tablet,Not Stated,Not Stated,Lorazepam,,51.5531,-0.3023
W049083,2024-03-07,PH2,Diazepam,Valium/Diazepam,Blue,Tablet,Not Stated,Not Stated,Diazepam,,56.37225438596491,-3.356345614035088
W049111,2024-03-07,SN11,Diazepam,Bensedin,White,Tablet,Not Stated,Not Stated,"Metonitazene, Bromazolam",,51.44735555555556,-1.9766
W049079,2024-03-07,AB42,Diazepam,Not Stated,White,Tablet,Oral,"Increased Confidence, Relaxed",Clonazolam,,57.48231142857143,-1.924825714285714
W049132,2024-03-07,HA9,Clonazepam,Not Stated,White,Tablet,Not Stated,Not Stated,Clonazepam,,51.5531,-0.3023
W049056,2024-03-07,SA15,Diazepam,Alicon Diazepam,White,Tablet,Oral,"Euphoria, Increased Confidence, Relaxed, Memory Loss, Confusion",Diazepam,,51.74003,-4.187250000000001
W049126,2024-03-07,BN3,Xanax,Xanax,White,Tablet,Oral,"Relaxed, Memory Loss, Confusion",Bromazolam,,50.836725,-0.179625
W049150,2024-03-07,TA4,Diazepam,Bensedin Diazepam,White,Tablet,Oral,"Relaxed, Agitation",Bromazolam,,51.08138936170213,-3.287942553191489
W049193,2024-03-07,G15,Valium,Not Stated,White,Tablet,Oral,"Increased Confidence, Relaxed, Paranoia, Memory Loss, Confusion, Agitation, Insomnia",Bromazolam,,55.9102,-4.3733
W049195,2024-03-07,G15,Diazepam,Roche,White,Tablet,Oral,"Increased Confidence, Relaxed, Paranoia, Memory Loss, Confusion, Agitation, Insomnia",Etizolam,,55.9102,-4.3733
W049047,2024-03-07,SW22,Diazepam tablets,Pharma kern Diazepam Comprimodos,Grey,Tablet,Not Stated,Not Stated,Diazepam,,51.4548,-0.1158
W049075,2024-03-07,CF61,Diazepam,Bensedin,White,Tablet,Not Stated,Not Stated,Diazepam,,51.41158,-3.4909999999999997
W049113,2024-03-07,SN11,Lorazepam,Not Stated,Yellow,Tablet,Not Stated,Not Stated,Lorazepam,,51.44735555555556,-1.9766
W049127,2024-03-07,SN11,Diazepam,martin Dow,Blue,Tablet,Not Stated,Not Stated,Diazepam,,51.44735555555556,-1.9766
000232437,2024-03-07,SY16,Benzodiazepine,Bensedin,Grey,Tablet,Not Stated,Not Stated,No Active Component Identified,,52.50787647058824,-3.3015823529411765
W049119,2024-03-07,CF36,Alprazolam,Ksalol alprazolam,Blue,Tablet,Not Stated,"Anxiety, Panic Attack",Alprazolam,,51.48453333333333,-3.6951
W049096,2024-03-07,FY12,Alprazolam,Tehran Darou Alprazolam,Blue,Tablet,Oral,"Increased Libido, Relaxed, Loss of consciousness",Alprazolam,,53.8167,-3.05
W049120,2024-03-07,E5,Diazepam,Accord Diazepam,Blue,Tablet,Not Stated,Not Stated,"Metonitazene, Diazepam",,51.55991666666667,-0.0545166666666666
000039572,2024-03-12,LL29,Klonazepam,Rivotril,White,Tablet,Not Stated,Not Stated,Clonazepam,,53.283275,-3.6966
W049310,2024-03-12,ML54,Street diazepam,Roche,White,Tablet,Oral,"Memory Loss, Loss of consciousness, Insomnia",Etizolam,,55.8782,-4.035433333333334
W049305,2024-03-12,SE13,Diazepam,Galenika Bensedin,White,Tablet,Not Stated,Not Stated,Diazepam,,51.4643,-0.0119
W049337,2024-03-12,BN13,Xanax XR,Not Stated,White,Tablet,Not Stated,Not Stated,No Active Component Identified,,50.8387,-0.42806
W049222,2024-03-12,G12,Diazepam,Bensedin,White,Tablet,Oral,"Relaxed, Tiredness, Headache",Diazepam,,55.8804,-4.3007
W049187,2024-03-12,SO18,Diazepam,Valium Martin Dow,Blue,Tablet,Oral,Relaxed,Diazepam,,50.925650000000005,-1.3684
W044986,2024-03-12,BD99,Xanax,Xanax (SASS),White,Tablet,Not Stated,Not Stated,Alprazolam,,53.7939,-1.7521
W049215,2024-03-12,UB6,Xanax (Alprazolam),Xanax,Blue,Tablet,Oral,"Increased Confidence, Relaxed, Memory Loss, Agitation",Alprazolam,,51.534099999999995,-0.33285
W049055,2024-03-12,SA15,Diazepam,Galenika,White,Tablet,Not Stated,"Euphoria, Increased Confidence, Relaxed, Memory Loss, Confusion","Metonitazene, Bromazolam",,51.74003,-4.187250000000001
W049203,2024-03-12,CF72,Diazepam,MSJ,Blue,Tablet,Oral,No Effect,Bromazolam,,51.530146153846154,-3.408415384615384
W049216,2024-03-12,SO18,Alprazolam,Galenika Ksalol,Blue,Tablet,Oral,"Increased Confidence, Empathy, Relaxed, Memory Loss",Alprazolam,,50.925650000000005,-1.3684
W049054,2024-03-12,SA15,MSJ,Sri Lanka Pharm,"Blue, Black",Tablet,Oral,No Effect,Bromazolam,,51.74003,-4.187250000000001
W049053,2024-03-12,SA15,Diazepam,Martin Dow,White,Tablet,Oral,"Euphoria, Increased Confidence, Relaxed, Memory Loss, Confusion",Diazepam,,51.74003,-4.187250000000001
W049052,2024-03-12,SA15,Diazepam,Kern Diazepam ,"White, Blue",Tablet,Oral,"Euphoria, Increased Confidence, Relaxed, Memory Loss, Confusion",Bromazolam,,51.74003,-4.187250000000001
W049212,2024-03-12,BN1,Alprazolam,Ksalol Alprazolam,Blue,Tablet,Not Stated,Not Stated,Bromazolam,,50.8614,-0.1204166666666666
W049322,2024-03-12,CF23,Diazepam,Diazepam,Blue,Tablet,Oral,"Relaxed, Memory Loss",Bromazolam,,51.5144,-3.1545
W049201,2024-03-12,CF72,Diazepam,Roche Diazepam,Blue,Tablet,Oral,"Empathy, Memory Loss, Loss of consciousness",Paracetamol,,51.530146153846154,-3.408415384615384
W049210,2024-03-12,CF37,MSJ,Not Stated,Blue,Tablet,Oral,"Auditory Hallucinations, Visual Hallucinations",Bromazolam,,51.613815384615386,-3.3598076923076925
W049153,2024-03-12,CF44,Diazepam,Diazepam,Blue,Tablet,Not Stated,Not Stated,Bromazolam,,51.7327125,-3.48293125
W049291,2024-03-12,CB8,Diazepam,MSJ Diazepam,Blue,Tablet,Not Stated,"Array, Increased Confidence, Euphoria, Relaxed, Insomnia",Bromazolam,Desalkyligidazepam,52.20595,0.4459611111111111
W049048,2024-03-12,SA15,DIazepam,Actavis Diazepam,"Colourless, Blue",Tablet,Oral,"Euphoria, Increased Confidence, Relaxed, Memory Loss, Confusion, Depression",Bromazolam,Etizolam,51.74003,-4.187250000000001
000232591,2024-03-12,CF10,Valium,Not Stated,Blue,Tablet,Not Stated,Not Stated,"Metonitazene, Bromazolam, Pregabalin",,51.48,-3.18
000232592,2024-03-12,SA1,Valium,Not Stated,Blue,Tablet,Not Stated,Not Stated,Etizolam,,51.633979999999994,-3.94848
W049293,2024-03-12,CO10,Ksalol Alprazolam,Not Stated,Blue,Tablet,Not Stated,Not Stated,Alprazolam,,52.06249574468085,0.6800297872340426
W049209,2024-03-12,CF72,MSJ,Not Stated,"Blue, Blue",Tablet,Oral,"Relaxed, Loss of consciousness",Promethazine,,51.530146153846154,-3.408415384615384
W049151,2024-03-12,CF10,Diazepam,Not Stated,Blue,Tablet,Not Stated,Not Stated,Bromazolam,,51.48,-3.18
W049143,2024-03-12,BT9,Diazepam,Galenika Bensedin,White,Tablet,Not Stated,Not Stated,Diazepam,,54.575,-5.925
W049292,2024-03-12,CO10,Martin Dow (valium),Not Stated,Blue,Tablet,Not Stated,Not Stated,Diazepam,,52.06249574468085,0.6800297872340426
W049228,2024-03-12,BH10,Diazepam/Valium,Martind Dow Roche,Blue,Tablet,Not Stated,Not Stated,Diazepam,,50.7595,-1.8931
W049229,2024-03-12,BH10,Alprazolam/Xanax,Rlam,White,Tablet,Not Stated,Not Stated,Alprazolam,,50.7595,-1.8931
000232593,2024-03-12,SA1,Diazepam,Not Stated,Yellow,Tablet,Not Stated,Not Stated,Diazepam,,51.633979999999994,-3.94848
W049313,2024-03-12,NW5,Nitrazepam,Nitrazepam,White,Tablet,Not Stated,Not Stated,Nitrazepam,,51.5517,-0.1413
000235057,2024-03-12,CF10,Diazepam,accord,Blue,Tablet,Not Stated,Not Stated,Bromazolam,,51.48,-3.18
000232594,2024-03-12,SA1,MSJ,Not Stated,Yellow,Tablet,Not Stated,Not Stated,Diazepam,,51.633979999999994,-3.94848
W049413,2024-03-15,CF14,Diazepam,Diazepam,Blue,Tablet,Not Stated,Not Stated,No Active Component Identified,,51.5199,-3.204
W049295,2024-03-15,NW10,Clonazepam,Rivotril,White,Tablet,Not Stated,Not Stated,Clonazepam,,51.53758571428572,-0.2431214285714285
W049455,2024-03-15,LE2,Diazepam,Galenika Bensedin,White,Tablet,Oral,Relaxed,Diazepam,,52.60181666666667,-1.1167166666666668
W049450,2024-03-15,LE2,Alprazolam,galenika ksalol,White,Tablet,Oral,Relaxed,Alprazolam,,52.60181666666667,-1.1167166666666668
W049160,2024-03-15,S63,Diazepam,Diazepam,Blue,Tablet,Not Stated,Not Stated,Bromazolam,,53.50789999999999,-1.34018
W049182,2024-03-15,SE14,Diazepam,Bensedin Diazepam,White,Tablet,Not Stated,Not Stated,Diazepam,,51.47646666666666,-0.0322333333333333
W049199,2024-03-15,TR26,Diazepam,Bensedin Diazepam,White,Tablet,Oral,Relaxed,Diazepam,,50.19705,-5.502516666666666
W049449,2024-03-15,SA13,Valium,MSJ,Blue,Tablet,Not Stated,Not Stated,Bromazolam,,51.63321111111111,-3.670888888888888
W049374,2024-03-15,CF37,Valium/MSJ,Not Stated,Blue,Tablet,Not Stated,Not Stated,Bromazolam,,51.613815384615386,-3.3598076923076925
W049390,2024-03-15,CF24,Diazepam,Diazepam,Blue,Tablet,Oral,Relaxed,Bromazolam,,51.48,-3.18
W049448,2024-03-15,SA13,Valium,MSJ,Blue,Tablet,Not Stated,Not Stated,No Active Component Identified,,51.63321111111111,-3.670888888888888
000232717,2024-03-15,SA11,Valium,Not Stated,Blue,Tablet,Not Stated,Not Stated,Bromazolam,,51.70800714285714,-3.6944071428571426
W049452,2024-03-15,SY23,Mogadon or Moggie Nitrazepam,Not Stated,White,Tablet,Not Stated,"Depression, Suicidal Ideation, Tiredness",Nitrazepam,,52.34458541666667,-3.9885
W048280,2024-03-15,EH11,Diazepam,Diazepam,Blue,Tablet,Oral,No Effect,Bromazolam,,55.9326,-3.2531
W049288,2024-03-15,BT34,Valium,Martin Dow valium,Blue,Tablet,Not Stated,Not Stated,Bromazolam,,54.146416666666674,-6.121124999999999
W049440,2024-03-15,KY26,Diazepam,Diazepam,Blue,Tablet,Not Stated,Not Stated,Bromazolam,,56.116666666666674,-3.2097
W049443,2024-03-15,KY26,Diazepam,Diazepam,White,Tablet,Not Stated,Not Stated,Etizolam,,56.116666666666674,-3.2097
W049480,2024-03-15,CW12,Diazepam,Valium,Blue,Tablet,Not Stated,Not Stated,Diazepam,,53.17224166666667,-2.217375
000235164,2024-03-15,CF83,Valium,Diazepam,Blue,Tablet,Oral,Not Stated,No Active Component Identified,,51.59288333333333,-3.2333833333333337
W049308,2024-03-15,E6,Etizolam,Etizolam,Red,Tablet,Not Stated,Not Stated,Bromazolam,,51.526475,0.049325
W049444,2024-03-15,EX23,Bensedin Diazepam,Galenika Bensedin,White,Tablet,Oral,"Increased Energy, Increased Confidence, Relaxed",No Active Component Identified,,50.81068285714286,-4.493794285714286
W049446,2024-03-15,M20,Diazepam,Accord Diazepam,Blue,Tablet,Oral,"Enhanced Senses, Relaxed, Nausea, Memory Loss, Loss of consciousness, Tiredness","Metonitazene, Bromazolam",,53.4258,-2.23295
W049474,2024-03-18,TW1,Alprazolam,Alprazolam,"White, Blue",Tablet,Not Stated,Not Stated,Alprazolam,,51.4454,-0.3297
W049496,2024-03-18,SK11,Diazepam,Valium Martin Dow,Blue,Tablet,Not Stated,Not Stated,Diazepam,,53.229638461538464,-2.14891923076923
W049559,2024-03-18,NG24,Valium/Diazepam,Not Stated,Blue,Tablet,Oral,Relaxed,Diazepam,,53.069,-0.7852571428571429
W049558,2024-03-18,NG24,Xanax,Not Stated,White,Tablet,Not Stated,Not Stated,Bromazolam,,53.069,-0.7852571428571429
W049535,2024-03-18,BS5,Xanax,Not Stated,Blue,Tablet,Not Stated,Not Stated,Alprazolam,,51.462,-2.5519
W049497,2024-03-18,SK11,Diazepam,Bensedin Diazepam,White,Tablet,Not Stated,Not Stated,Diazepam,,53.229638461538464,-2.14891923076923
000231111,2024-03-18,LL18,Diazepam,Bensedin,White,Tablet,Oral,"Increased Confidence, Relaxed, Paranoia, Agitation, Insomnia, Suicidal Ideation",Diazepam,,53.291819999999994,-3.45482
000035836,2024-03-18,NP23,MSJ,Not Stated,Blue,Tablet,Oral,Relaxed,"Metonitazene, Bromazolam",,51.7771,-3.2079
W049476,2024-03-18,TW1,Diazepam,Diazepam,Blue,Tablet,Not Stated,Not Stated,Diazepam,,51.4454,-0.3297
W049555,2024-03-18,BT34,Bromazolam,Not Stated,White,Powder,Not Stated,Not Stated,Bromazolam,Desalkyligidazepam,54.146416666666674,-6.121124999999999
W049503,2024-03-18,NE20,Ksalol alprazolam,Ksalol,Blue,Tablet,Oral,No Effect,No Active Component Identified,,55.06831764705882,-1.8525176470588232
W049475,2024-03-18,TW1,Diazepam,Diazepam,White,Tablet,Not Stated,Not Stated,No Active Component Identified,,51.4454,-0.3297
W049502,2024-03-18,NE20,Bensedin Diazepam,Bensedin Diazepam,"White, Black",Tablet,Not Stated,Not Stated,"Metonitazene, Bromazolam",,55.06831764705882,-1.8525176470588232
W047682,2024-03-18,FK10,Valium,Diazepam,Yellow,Tablet,Oral,"Relaxed, Confusion",Unable to identify,,56.10687777777778,-3.7534
W049473,2024-03-18,ST4,Diazepam,Bensedin,White,Tablet,Not Stated,Not Stated,Diazepam,,52.99088571428571,-2.1802
W049508,2024-03-18,M15,Rivotril Clonazepam,Rivotril,White,Tablet,Not Stated,Not Stated,Clonazepam,,53.4809,-2.2374
W049506,2024-03-18,M15,Ksalol alprazolam,Ksalol,Blue,Tablet,Not Stated,Not Stated,Alprazolam,,53.4809,-2.2374
W049507,2024-03-18,M15,Bensedin Diazepam,Bensedin,White,Tablet,Not Stated,Not Stated,Diazepam,,53.4809,-2.2374
W049523,2024-03-18,SA15,MSJ,Not Stated,Blue,Tablet,Oral,"Relaxed, Breathlesness, Chest Pains, Agitation, Violence/Aggression","Metonitazene, Bromazolam",,51.74003,-4.187250000000001
W049526,2024-03-18,HA9,Diazepam,Martin Dow Valium,Blue,Tablet,Not Stated,Not Stated,Diazepam,,51.5531,-0.3023
W049610,2024-03-20,GL50,Alprazolam,Alprazolam,White,Tablet,Not Stated,Not Stated,Bromazolam,,51.9,-2.0833
W049438,2024-03-20,EH11,Diazepam,Diazepam,White,Tablet,Not Stated,Not Stated,"Cocaine, Ketamine",Phenacetin,55.9326,-3.2531
W049606,2024-03-20,TD1,Diazepam,Not Stated,White,Tablet,Not Stated,Not Stated,Alprazolam,,55.66659333333334,-2.8606933333333333
W049531,2024-03-20,ML3,Diazepam,Martind Dow Diazepam,Blue,Tablet,Not Stated,Not Stated,"Metonitazene, Bromazolam",,55.76254285714286,-4.045457142857143
W049626,2024-03-20,KT6,Diazepam,Bensedin Galenika Diazepam,White,Tablet,Oral,Relaxed,Diazepam,,51.38595,-0.2898
W049620,2024-03-20,CB2,Diazepam,Diazepam,White,Tablet,Not Stated,Not Stated,Diazepam,,52.18965000000001,0.1240214285714285
W049577,2024-03-20,BT71,Diazepam,Bensedin,White,Tablet,Not Stated,Not Stated,Diazepam,,54.524655555555555,-6.673188888888889
W049530,2024-03-20,TD7,Xanax,Xanax,White,Tablet,Oral,Not Stated,Bromazolam,,55.531996551724134,-2.8854172413793107
W049549,2024-03-20,E8,Diazepam,Diazepam,White,Tablet,Oral,Not Stated,Diazepam,,51.548,-0.0629
W049605,2024-03-20,AB42,Diazepam,Diazepam,White,Tablet,Not Stated,Not Stated,Diazepam,,57.48231142857143,-1.924825714285714
000232950,2024-03-20,CF39,Valium,Not Stated,Blue,Tablet,Oral,"Increased Confidence, Relaxed",Bromazolam,,51.5988125,-3.447975
000232951,2024-03-20,CF39,Xanax,Not Stated,White,Tablet,Oral,"Increased Confidence, Relaxed",Bromazolam,,51.5988125,-3.447975
000034003,2024-03-20,CF14,Diazepam,Bensedin,White,Tablet,Oral,"Euphoria, Increased Energy, Relaxed, Vomiting","Metonitazene, Bromazolam",,51.5199,-3.204
000232952,2024-03-20,CF39,Valium,Not Stated,Blue,Tablet,Oral,"Increased Confidence, Relaxed",Paracetamol,,51.5988125,-3.447975
W049705,2024-03-25,EX39,Diazepam,Diazepam (Accord),Blue,Tablet,Not Stated,Not Stated,Diazepam,,50.99405869565218,-4.261958695652174
W049625,2024-03-25,AB42,Klonazepam,Rivotril,White,Tablet,Oral,"Relaxed, Memory Loss",Clonazepam,,57.48231142857143,-1.924825714285714
W049516,2024-03-25,CF36,Lorazepam,Elikem Lorazepam,White,Tablet,Oral,Relaxed,Lorazepam,,51.48453333333333,-3.6951
W049672,2024-03-25,CF45,Diaezpam,Valium,Blue,Tablet,Not Stated,Not Stated,Diazepam,,51.66452,-3.3537
W049720,2024-03-25,CF24,Diazepam,Diazepam,Blue,Tablet,Not Stated,Not Stated,Bromazolam,,51.48,-3.18
W049703,2024-03-25,EX39,Diazepam,Not Stated,Blue,Tablet,Oral,Relaxed,Diazepam,,50.99405869565218,-4.261958695652174
W049564,2024-03-25,SK23,Diazepam,Galenika Bensedin,White,Tablet,Not Stated,Not Stated,Diazepam,,53.33156666666667,-1.9448333333333336
W049634,2024-03-25,EX1,Diazepam,Not Stated,Blue,Tablet,Not Stated,Not Stated,Phenazepam,,50.7401,-3.467
W049596,2024-03-25,CF38,Diazepam,Diazepam,Blue,Tablet,Oral,"Array, Empathy, Relaxed",Bromazolam,,51.5543,-3.34528
W049615,2024-03-25,SL6,Alprazolam,Galenika Ksalol Alprazolam,Blue,Tablet,Oral,"Increased Confidence, Relaxed",Alprazolam,,51.524325,-0.729595
W049776,2024-03-25,CB22,Diazepam,Galenika Bensedin,White,Tablet,Not Stated,Not Stated,Diazepam,,52.13283157894737,0.1341894736842105
W049746,2024-03-25,NW10,Diazepam,Diazepam,White,Tablet,Oral,Relaxed,Diazepam,,51.53758571428572,-0.2431214285714285
W049651,2024-03-25,CF39,Valium,Diazepam,Blue,Tablet,Not Stated,Not Stated,Bromazolam,,51.5988125,-3.447975
W049597,2024-03-25,CF72,Diazepam,Diazepam,White,Tablet,Oral,Relaxed,Diazepam,,51.530146153846154,-3.408415384615384
W049542,2024-03-26,SK12,Bensedin Diazepam,Bensedin Diazepam,White,Tablet,Oral,"Increased Confidence, Empathy, Relaxed",Diazepam,,53.351884210526315,-2.0920947368421055
W049663,2024-03-26,NR31,Diazepam,Diazepam MSJ,Blue,Tablet,Oral,"Increased Confidence, Relaxed, Memory Loss",No Active Component Identified,,52.572785714285715,1.7042857142857142
W049539,2024-03-26,CF36,Diazepam,Bensedin Diazepam,White,Tablet,Oral,No Effect,Diazepam,,51.48453333333333,-3.6951
W049543,2024-03-26,SK12,Bensedin Diazepam,Not Stated,White,Tablet,Oral,"Euphoria, Increased Confidence, Empathy, Relaxed",Diazepam,,53.351884210526315,-2.0920947368421055
W049676,2024-03-26,BS1,Diazepam,Valium (Diazepam),Blue,Tablet,Not Stated,Not Stated,Bromazolam,,51.4552,-2.5966
W049537,2024-03-26,PH1,Street benzo,Not Stated,White,Tablet,Oral,Relaxed,Etizolam,,56.43174736842105,-3.4980552631578945
W049525,2024-03-26,KT2,Diazepam,Diazepam,Blue,Tablet,Not Stated,Not Stated,Bromazolam,,51.4186,-0.2904
W049630,2024-03-26,CN72,Diazepam,Valium,Blue,Tablet,Not Stated,Not Stated,Diazepam,,,
W049650,2024-03-26,TW14,Diazepam,Accord Diazepam,Blue,Tablet,Oral,"Euphoria, Empathy, Relaxed, Memory Loss",Bromazolam,,51.4528,-0.4215
W047718,2024-03-26,SE13,Diazepam,Not Stated,White,Tablet,Not Stated,Not Stated,Diazepam,,51.4643,-0.0119
W049677,2024-03-26,HA9,Lorazepam,Lorazepam,,Tablet,Not Stated,Not Stated,Lorazepam,,51.5531,-0.3023
W049821,2024-03-26,NN1,Alprazolam/Ksalol,Alprazolam/Ksalol,Blue,Tablet,Not Stated,Not Stated,Alprazolam,,52.25,-0.8833
W049667,2024-03-26,NG5,Diazepam,Roche,Blue,Tablet,Not Stated,Not Stated,Diclazepam,,53.0006,-1.1315
W049562,2024-03-26,SK23,Alprazolam,Pfizer Xanax,White,Tablet,Not Stated,Not Stated,"Bromazolam, Caffeine",,53.33156666666667,-1.9448333333333336
000039718,2024-03-26,LL49,Diazepam,Diazpeam,Blue,Tablet,Oral,"Relaxed, Memory Loss, Depression",Bromazolam,,52.942910000000005,-4.16
000042775,2024-03-26,CF10,Diazepam,Not Stated,White,Tablet,Oral,"Memory Loss, Confusion, Agitation, Depression, Suicidal Ideation","Metonitazene, Bromazolam",,51.48,-3.18
W049719,2024-03-26,CF24,Diazepam,Not Stated,Blue,Tablet,Not Stated,Not Stated,Bromazolam,,51.48,-3.18
W049563,2024-03-26,SK23,Diazepam,Galenika Bensedin,White,Tablet,Not Stated,Not Stated,Diazepam,,53.33156666666667,-1.9448333333333336
000232933,2024-03-26,CF47,Valium,Not Stated,Blue,Tablet,Not Stated,Not Stated,Bromazolam,,51.7479,-3.3778
W049666,2024-03-26,NG5,Diazepam,Valium,Blue,Tablet,Oral,Relaxed,Diazepam,,53.0006,-1.1315
W049756,2024-03-26,MK11,Etizolam,Etikem,Pink,Tablet,Not Stated,Not Stated,Etizolam,,52.0568,-0.8528
W049760,2024-03-28,NE32,Alprazolam,Ksalol,Blue,Tablet,Oral,"Increased Confidence, Relaxed, Loss of consciousness",Bromazolam,Flubromazepam,54.974050000000005,-1.4842499999999998
W049552,2024-03-28,ME12,Diazepam,Accord,Blue,Tablet,Oral,"Euphoria, Increased Energy, Increased Confidence, Empathy, Auditory Hallucinations, Visual Hallucinations, Relaxed, Chest Pains, Irregular Heartbeat, Paranoia, Memory Loss, Confusion, Panic Attack, Agitation, Violence/Aggression, Insomnia, Depression, Suicidal Ideation",Bromazolam,,51.41452857142857,0.8513999999999999
W049875,2024-03-28,CF64,Alprazolam,Alprazolam,White,Tablet,Not Stated,Not Stated,Alprazolam,,51.42878,-3.21045
W049876,2024-03-28,CF64,Clonazepam,Clonazepam,Blue,Tablet,Not Stated,Not Stated,Clonazepam,,51.42878,-3.21045
W049877,2024-03-28,CF64,Lorazepam,Lorazepam,White,Tablet,Not Stated,Not Stated,Lorazepam,,51.42878,-3.21045
W049917,2024-03-28,SW11,Diazepam,Not Stated,Yellow,Tablet,Oral,Increased Energy,Diazepam,,51.469166666666666,-0.1619333333333333
W049914,2024-03-28,SW11,Alprazolam,Not Stated,White,Tablet,Oral,"Irregular Heartbeat, Nausea, Memory Loss, Confusion",Bromazolam,,51.469166666666666,-0.1619333333333333
W049913,2024-03-28,SW11,Ksalol,Galenika,Blue,Tablet,Oral,"Increased Confidence, Relaxed",Alprazolam,,51.469166666666666,-0.1619333333333333
W049916,2024-03-28,SW11,Xanax,Not Stated,White,Tablet,Oral,Relaxed,"Etizolam, Ketamine",,51.469166666666666,-0.1619333333333333
W049554,2024-03-28,MKE12,Lorazepam,Mersi Merlopam,Orange,Tablet,Oral,"Increased Energy, Empathy, Visual Hallucinations, Relaxed, Chest Pains, Irregular Heartbeat, Confusion, Agitation, Depression",Lorazepam,,,
000232946,2024-03-28,CF47,Diazepam,Not Stated,Blue,Tablet,Not Stated,Not Stated,No Active Component Identified,,51.7479,-3.3778
W049551,2024-03-28,ME12,Diazepam,Diazepam PPM Laboratories,Blue,Tablet,Oral,"Euphoria, Increased Energy, Increased Confidence, Empathy, Relaxed, Chest Pains, Irregular Heartbeat, Paranoia, Memory Loss, Confusion, Loss of consciousness, Agitation, Insomnia",Diazepam,,51.41452857142857,0.8513999999999999
W049819,2024-03-28,SG19,Xanax,Not Stated,White,Tablet,Not Stated,Not Stated,Bromazolam,Tramadol,52.137609999999995,-0.188005
W049809,2024-03-28,S41,Diazepam,Diazepam,"White, Blue",Tablet,Not Stated,Not Stated,Diazepam,,53.25833333333333,-1.425
W049797,2024-03-28,EH14,Clonazepam,Rivotril ,White,Tablet,Not Stated,Not Stated,Clonazepam,,55.894733333333335,-3.3110166666666667
W049665,2024-03-28,LL19,Diazepam,Not Stated,Blue,Tablet,Not Stated,Not Stated,Etizolam,Flubromazolam,53.3274,-3.4080333333333335
W049828,2024-03-28,CM16,Diazepam,Bensedin,White,Tablet,Not Stated,Not Stated,Diazepam,,51.70625555555556,0.1061333333333333
W049759,2024-03-28,BN37,Diazepam,bensedin,White,Tablet,Oral,"Breathlesness, Chest Pains, Memory Loss, Confusion, Agitation, Violence/Aggression, Insomnia",Bromazolam,"Metonitazene, nitrazolam",50.836725,-0.179625
W049785,2024-03-28,GL3,Diazepam,Accord diazepam,Blue,Tablet,Not Stated,Not Stated,Bromazolam,"Metonitazene, Ketamine",51.852,-2.1625750000000004
W049792,2024-03-28,SW20,Ksalol alprazolam,Ksalol alprazolam,"White, Blue",Tablet,Not Stated,Not Stated,Alprazolam,,51.4095,-0.22818
W049849,2024-03-28,NG12,Diazepam tablets,Bensedin Diazepam,White,Tablet,Oral,"Euphoria, Increased Confidence, Relaxed, Breathlesness, Memory Loss, Confusion, Violence/Aggression, Depression",Diazepam,,52.90357894736842,-1.0442736842105262
W049716,2024-03-28,SA14,Diazepam,Diazepam,Blue,Tablet,Not Stated,Not Stated,Diazepam,,51.76378235294118,-4.089482352941177
W049393,2024-03-28,SA6,Diazepam,MSJ,Blue,Tablet,Oral,"Memory Loss, Confusion",Bromazolam,,51.6766,-3.9147
W049874,2024-03-28,CF64,Diazepam,Diazepam,White,Tablet,Not Stated,Not Stated,Diazepam,,51.42878,-3.21045
W049125,2024-03-28,CF83,Diazepam,Diazepam,Blue,Tablet,Oral,No Effect,Phenacetin,,51.59288333333333,-3.2333833333333337
000232721,2024-04-02,SA5,Diazepam,Diazepam,Blue,Tablet,Not Stated,Not Stated,Bromazolam,,51.64667142857143,-3.9853857142857145
000037557,2024-04-02,CF23,DIAZEPAM,ACCORD,Blue,Tablet,Oral,Relaxed,"Metonitazene, Bromazolam, MDMA","Cocaine, Ketamine",51.5144,-3.1545
W049972,2024-04-02,OX1,Clonazepam,Rivotril Galenika,White,Tablet,Not Stated,Not Stated,Clonazepam,,51.72478,-1.275
W049852,2024-04-02,N2,Diazepam,Not Stated,Yellow,Tablet,Oral,"Euphoria, Relaxed",Diazepam,,51.59,-0.1531
W049971,2024-04-02,OX1,Diazepam,Bensedin Galenika,White,Tablet,Not Stated,Not Stated,Diazepam,,51.72478,-1.275
000043013,2024-04-02,LL55,Benzo (DIAZEPAM),Not Stated,White,Tablet,Not Stated,Not Stated,"Bromazolam, Metonitazene",,53.12915357142857,-4.195053571428572
W049853,2024-04-02,N2,DIAZEPAM,Not Stated,Blue,Tablet,Oral,"Euphoria, Empathy, Relaxed",Diazepam,,51.59,-0.1531
W049932,2024-04-02,DG16,Valium,Rivotril,White,Tablet,Oral,No Effect,Clonazepam,,54.996075,-3.080075
W049867,2024-04-02,SM65,Diazepam,Neurovision,White,Tablet,Not Stated,Not Stated,Diazepam,,51.367,-0.1538333333333333
W049906,2024-04-02,TS18,Diazepam,Diazepam MSJ,Blue,Tablet,Oral,No Effect,"Metonitazene, Bromazolam",,54.5613,-1.3243
W049838,2024-04-02,BH11,Diazepam,Diazepam Roche,Blue,Tablet,Oral,Relaxed,Etizolam,,50.7655,-1.9096
W050039,2024-04-03,SE15,Diazepam,Valium (Roche),Blue,Tablet,Not Stated,Not Stated,Diazepam,,51.470175,-0.060325
W050045,2024-04-03,LA14,Clonazepam,Not Stated,White,Tablet,Not Stated,Not Stated,Clonazepam,,54.11596666666667,-3.23425
W050043,2024-04-03,LA13,Diazepam,Not Stated,White,Tablet,Not Stated,Not Stated,Diazepam,,54.11367142857143,-3.193485714285714
W049699,2024-04-03,WA9,Diazepam,Bensedin,White,Tablet,Not Stated,Not Stated,Diazepam,,53.426433333333335,-2.7348666666666666
W049698,2024-04-03,WA9,Diazepam,Bensedin,White,Tablet,Not Stated,Not Stated,Diazepam,,53.426433333333335,-2.7348666666666666
W049981,2024-04-03,DE11,Diazepam,Accord Diazepam,Blue,Tablet,Oral,No Effect,"Metonitazene, Bromazolam",,52.7698,-1.5538777777777777
W050058,2024-04-03,TA6,Diazepam,Galenika Bensedin,White,Tablet,Not Stated,Not Stated,Diazepam,,51.139228571428575,-3.006471428571429
W050056,2024-04-03,TA6,Diazepam,Galenika Bensedin,White,Tablet,Not Stated,Not Stated,Diazepam,,51.139228571428575,-3.006471428571429
W049907,2024-04-03,CF10,Diazepam,Diazepam,Blue,Tablet,Oral,Relaxed,Bromazolam,,51.48,-3.18
W050026,2024-04-03,GU11,Bensedin,Galenika Bensedin,White,Tablet,Oral,"Relaxed, Breathlesness, Chest Pains, Irregular Heartbeat, Nausea, Vomiting, Memory Loss, Confusion, Panic Attack",Diazepam,,51.2484,-0.763
000231335,2024-04-03,CF10,Diazepam,Diazepam,White,Tablet,Oral,"Breathlesness, Irregular Heartbeat, Nausea, Vomiting, Agitation, Insomnia, Depression",Mephedrone,,51.48,-3.18
W049927,2024-04-03,CF14,Valium,Diazepam,Yellow,Tablet,Oral,Relaxed,Diazepam,,51.5199,-3.204
W049966,2024-04-03,ZE10,Klonazepam,Not Stated,Blue,Tablet,Oral,"Relaxed, Memory Loss","Amisulpride, Clonazepam",,60.14640000000001,-1.2131857142857143
W050064,2024-04-05,G42,Lorazepam,Lorazepam Hemofarm,Blue,Tablet,Not Stated,Not Stated,Lorazepam,,55.8322,-4.2576
000235128,2024-04-05,CF83,Diazepam,Diazepama,White,Tablet,Oral,Relaxed,Diazepam,,51.59288333333333,-3.2333833333333337
W050078,2024-04-05,SA15,Valium,MSJ,Blue,Tablet,Not Stated,Not Stated,"Metonitazene, Bromazolam",,51.74003,-4.187250000000001
W049952,2024-04-05,KY7,Valium,Not Stated,Yellow,Tablet,Oral,"Increased Energy, Increased Confidence, Empathy, Relaxed, Confusion, Memory Loss, Loss of consciousness",Bromazolam,,56.19679,-3.1358
W050074,2024-04-05,SG2,Diazepam ,Diazepam Accord,Blue,Tablet,Oral,"Relaxed, Memory Loss, Confusion",Bromazolam,,51.899049999999995,-0.14905
W049950,2024-04-05,NE66,Diazepam,Neurovision Dizpam,Brown,Tablet,Not Stated,Not Stated,Diazepam,,55.419943396226415,-1.7907415094339625
W050046,2024-04-05,CW11,ALPRAZOLAM,RLAM APRAZOLAM,White,Tablet,Oral,"Relaxed, Breathlesness",Alprazolam,,53.13976153846154,-2.3823153846153846
W050101,2024-04-05,CF15,Diazepam,Diazepam,Blue,Tablet,Oral,Increased Confidence,Bromazolam,Flualprazolam,51.5337,-3.2721
W049980,2024-04-05,SE5,Diazepam,Bensedin oralna ,White,Tablet,Not Stated,"Relaxed, Memory Loss, Agitation, Insomnia",Diazepam,,51.474575,-0.090125
W050097,2024-04-05,G20,Diazepam,Valium Diazepam,Blue,Tablet,Not Stated,Not Stated,Diazepam,,55.8906,-4.2904
W050077,2024-04-05,YO10,Nitrazepam,Arnite Nitrazepam,White,Tablet,Not Stated,Not Stated,Nitrazepam,,53.9576,-1.0827
W053377,2024-04-07,BL49,Diazepam,Not Stated,Blue,Tablet,Not Stated,Not Stated,Diazepam,,53.54165,-2.3916500000000003
W053402,2024-04-07,CT9,Diazepam,Bensedin,,Tablet,Not Stated,Not Stated,Diazepam,,51.385000000000005,1.3956
W053416,2024-04-07,LS8,Klonazepam Klonopin,Klonazepam Remedica,"White, Pink",Tablet,Oral,"Euphoria, Increased Confidence, Relaxed, Paranoia, Memory Loss, Confusion, Agitation",Clonazepam,,53.8245,-1.5099
W053586,2024-04-07,SW22,Diazepam,Accord Diazepam,Yellow,Tablet,Not Stated,Not Stated,Diazepam,,51.4548,-0.1158
W053583,2024-04-07,SW22,Diazepam,Accord Diazepam,Blue,Tablet,Not Stated,Not Stated,Diazepam,,51.4548,-0.1158
W053581,2024-04-07,SW22,Diazepam,Accord Diazepam,Blue,Tablet,Not Stated,Not Stated,Diazepam,,51.4548,-0.1158
W053580,2024-04-07,SW22,Diazepam,Accord Diazepam,Blue,Tablet,Not Stated,Not Stated,Diazepam,,51.4548,-0.1158
W053540,2024-04-07,BN24,Diazepam,Bensedin Diazepam,White,Tablet,Oral,"Relaxed, Memory Loss",Diazepam,,50.81635,0.3384666666666667
W053565,2024-04-07,LA13,Klonazepam,Galenika Rivotril,White,Tablet,Not Stated,Not Stated,Clonazepam,,54.11367142857143,-3.193485714285714
W053561,2024-04-07,SW12,Valium (Diazepam),Not Stated,Blue,Tablet,Not Stated,Not Stated,Diazepam,,51.4469,-0.1384
W053535,2024-04-07,BN29,Diazepam,Martin Dow,Blue,Tablet,Not Stated,Not Stated,Diazepam,,50.823825,-0.082825
W053415,2024-04-07,LS8,Valium Diazepam,Diazepam Bensedin Galenika,White,Tablet,Oral,"Relaxed, Paranoia, Memory Loss, Confusion",Diazepam,,53.8245,-1.5099
W053277,2024-04-07,CF10,Valium,Diazepam,Blue,Tablet,Not Stated,Not Stated,Lorazepam,,51.48,-3.18
W053722,2024-04-07,PL52,Diazepam,Neurovision Dizpam,White,Tablet,Not Stated,Not Stated,Diazepam,,50.4143,-4.16135
W020091,2024-04-09,CF10,Alprazolam Ksalol 1mg,Ksalol 1mg Alprazolam,Blue,Tablet,Oral,"Euphoria, Increased Energy, Increased Confidence, Empathy",Alprazolam,,51.48,-3.18
W050192,2024-04-09,CF10,Lorazepam 2.5mg,Hemofarm Lorazepam 2.5,Blue,Tablet,Oral,"Euphoria, Increased Confidence, Increased Energy, Empathy",Lorazepam,,51.48,-3.18
W050188,2024-04-09,OL1,Diazepam,Bensedin Diazepam,White,Tablet,Oral,"Relaxed, Memory Loss, Confusion",No Active Component Identified,,53.5405,-2.1183
W050138,2024-04-09,WR3,Klonazepam,Galenika Rivotril 51062,White,Tablet,Not Stated,Not Stated,Clonazepam,,52.2304,-2.1928
W050170,2024-04-09,B772,Diazepam,Accord Diazepam,Blue,Tablet,Not Stated,Not Stated,"Bromazolam, Metonitazene",,52.6158,-1.666383333333333
W050186,2024-04-09,BS01,Alprazolam/Xanax,Not Stated,White,Tablet,Oral,"Euphoria, Increased Confidence, Relaxed",Alprazolam,,51.4646,-2.5636
W050193,2024-04-09,CF10,Diazepam Martin Dow 10mg,Martin Dow Valium 10mg,Blue,Tablet,Oral,"Euphoria, Increased Confidence, Array, Increased Energy, Empathy",Diazepam,,51.48,-3.18
W050142,2024-04-09,CF63,Diazepam,Diazepam,Blue,Tablet,Oral,Not Stated,Bromazolam,,51.4172,-3.2614
W050088,2024-04-09,EX4,Valium,c/Dc,Blue,Tablet,Not Stated,Not Stated,Phenazepam,,50.73776,-3.5296999999999996
W050162,2024-04-09,B42,Xanax,Not Stated,White,Tablet,Oral,"Relaxed, Memory Loss",Bromazolam,,52.5158,-1.9017
W050128,2024-04-09,SA16,Valium,Not Stated,Blue,Tablet,Oral,Relaxed,Diazepam,,51.68593333333333,-4.261566666666667
W049632,2024-04-09,SA15,Diazepam,Not Stated,Blue,Tablet,Oral,"Relaxed, Memory Loss",Bromazolam,,51.74003,-4.187250000000001
W050189,2024-04-10,BS10,Diazepam,NeuroVision Diazepam,White,Tablet,Oral,No Effect,Diazepam,,51.509866666666674,-2.635366666666666
W050218,2024-04-10,CF10,Clonazepam,Tehran Darou Clonazepam,White,Tablet,Oral,"Euphoria, Increased Energy, Increased Confidence, Empathy",Clonazepam,,51.48,-3.18
W050165,2024-04-10,NW10,Diazepam,Not Stated,Blue,Tablet,Not Stated,"No Effect, Paranoia, Panic Attack, Insomnia",Diazepam,,51.53758571428572,-0.2431214285714285
W050223,2024-04-10,M147,Diazepam,Bensedin,White,Tablet,Not Stated,Not Stated,Diazepam,,53.4482,-2.2257
W050233,2024-04-12,E15,Diazepam,Kern Diazepam,Blue,Tablet,Oral,"Euphoria, Increased Confidence, Relaxed",Bromazolam,,51.5333,0.0
W050271,2024-04-12,BS16,Valium/Diazepam,Valium/Diazepam,Blue,Tablet,Not Stated,Not Stated,Bromazolam,,51.49088571428571,-2.5036
W050251,2024-04-12,SA1,Diazepam,Not Stated,Blue,Tablet,Not Stated,Not Stated,Bromazolam,,51.633979999999994,-3.94848
W050246,2024-04-12,CF37,Xanax,Xanax,White,Tablet,Not Stated,Not Stated,Bromazolam,,51.613815384615386,-3.3598076923076925
W050253,2024-04-12,DE21,Diazepam,DIazepam,White,Tablet,Oral,"Increased Confidence, Relaxed, Nausea, Memory Loss",Diazepam,,52.959979999999995,-1.43668
W050239,2024-04-12,SY20,Diazepam,Diazepam,White,Tablet,Oral,Relaxed,Diazepam,,52.59227105263158,-3.816673684210526
W050177,2024-04-12,SN11,Alprazolam,Alprazolam,White,Tablet,Not Stated,Not Stated,Alprazolam,,51.44735555555556,-1.9766
W050219,2024-04-12,CF14,Diazepam,Not Stated,Blue,Tablet,Not Stated,Not Stated,Bromazolam,,51.5199,-3.204
W050175,2024-04-12,SN11,Alprazolam,Alprazolam,White,Tablet,Not Stated,Not Stated,Alprazolam,,51.44735555555556,-1.9766
000235055,2024-04-12,CF10,Diazepam,Bensiden,White,Tablet,Not Stated,Not Stated,Diazepam,,51.48,-3.18
W050335,2024-04-12,PA20,Alprazolam,Ksalol Alprazolam,White,Tablet,Oral,No Effect,Bromazolam,,55.82871538461538,-5.053757692307692
W050248,2024-04-12,SN11,Alprazolam,Not Stated,White,Tablet,Not Stated,Not Stated,Alprazolam,,51.44735555555556,-1.9766
W050438,2024-04-15,GL5,Diazepam,Valium,Blue,Tablet,Not Stated,Not Stated,Diazepam,,51.7366,-2.21976
000232962,2024-04-15,SA1,Lorazepam,Lorazepam,Blue,Tablet,Oral,"Increased Confidence, Relaxed, Memory Loss, Confusion",Lorazepam,,51.633979999999994,-3.94848
W050400,2024-04-15,G74,Diazepam,Galenika Bensedin,White,Tablet,Not Stated,Not Stated,Diazepam,,55.76583333333334,-4.1700333333333335
000232718,2024-04-15,SA11,MSJ,Not Stated,Blue,Powder,Oral,No Effect,No Active Component Identified,,51.70800714285714,-3.6944071428571426
W050250,2024-04-15,TR10,Klonazepam,Galeniak Rivotril Klonazepam,White,Tablet,Not Stated,Not Stated,Clonazepam,,50.16754,-5.11564
W050416,2024-04-15,UB6,Alprazolam,Xanax,White,Tablet,Not Stated,Not Stated,"Bromazolam, Caffeine",,51.534099999999995,-0.33285
W050256,2024-04-15,B26,Diazepam,Accord Diazepam,Blue,Tablet,Not Stated,Not Stated,Diazepam,,52.45953333333333,-1.7873333333333334
W050357,2024-04-15,WA11,Martin Dow Diazepam,Not Stated,Blue,Tablet,Not Stated,Not Stated,Diazepam,,53.487,-2.73925
W050395,2024-04-15,EH41,Diazepam,Not Stated,Blue,Powder,Not Stated,Not Stated,"Bromazolam, Phenacetin",,55.92442,-2.74208
W050414,2024-04-15,CW12,Diazepam,Diazepam,Blue,Tablet,Not Stated,Not Stated,Diazepam,,53.17224166666667,-2.217375
W050405,2024-04-15,NG18,Diazepam,Accord,Blue,Tablet,Not Stated,Not Stated,"Metonitazene, Bromazolam",,53.1333,-1.2
W050206,2024-04-15,SE16,Diazepam,Martin Dow Valium,Blue,Tablet,Not Stated,Not Stated,Diazepam,,51.49742,-0.0528
W050249,2024-04-15,TR10,Diazepam,Galenika Bensedin Diazepam,White,Tablet,Not Stated,Not Stated,Diazepam,,50.16754,-5.11564
W050413,2024-04-15,HA9,Diazepam,Martin Dow Valium,Blue,Tablet,Not Stated,Not Stated,Diazepam,,51.5531,-0.3023
W050447,2024-04-15,E14,Valium,Bensedin Diazepam,White,Tablet,Not Stated,Not Stated,Diazepam,,51.50563529411765,-0.0187647058823529
W050389,2024-04-15,EH41,Diazepam,Diazepam,White,Tablet,Oral,No Effect,Etizolam,,55.92442,-2.74208
W050388,2024-04-15,EH41,Diazepam,MSJ,Blue,Tablet,Oral,"Empathy, Relaxed, Loss of consciousness",Bromazolam,,55.92442,-2.74208
W050631,2024-04-18,GU25,Diazepam,Not Stated,Brown,Tablet,Not Stated,Not Stated,Nicotinamide,,51.4034,-0.5665
W050513,2024-04-18,SA12,Diazepam,Bensedin,White,Tablet,Not Stated,No Effect,No Active Component Identified,,51.61181666666667,-3.7703
W050571,2024-04-18,TN22,Diazepam,Diazepam,"Orange, Yellow",Tablet,Oral,"Relaxed, Memory Loss, Confusion, Agitation, Violence/Aggression, Depression",Diazepam,,50.97995714285714,0.0973238095238095
W050600,2024-04-18,M21,Diazepam,Bensedin Diazepam,White,Tablet,Not Stated,Not Stated,No Active Component Identified,,53.4351,-2.2631
W050586,2024-04-18,SA15,Diazepam,Bensedin,,Array,Oral,"Increased Confidence, Relaxed, Memory Loss",Diazepam,,51.74003,-4.187250000000001
W050573,2024-04-18,TR10,Diazepam,Galenika Bensedin,"White, Pink",Tablet,Not Stated,Not Stated,"Bromazolam, Metonitazene",,50.16754,-5.11564
W050572,2024-04-18,TR10,Alprazolam,Galenika Ksalol,White,Tablet,Not Stated,Not Stated,Bromazolam,,50.16754,-5.11564
W050601,2024-04-18,M21,Diazepam,Bensedin Diazepam,White,Tablet,Oral,"Relaxed, Irregular Heartbeat, Panic Attack",Diazepam,,53.4351,-2.2631
W050602,2024-04-18,M21,Diazepam,Bensedin Diazepam,White,Tablet,Oral,Relaxed,Diazepam,,53.4351,-2.2631
W050302,2024-04-18,BL22,Diazepam,Not Stated,White,Tablet,Not Stated,Not Stated,Diazepam,,53.59166666666667,-2.391666666666667
W050630,2024-04-18,GU25,Diazepam,Not Stated,Orange,Tablet,Not Stated,Not Stated,Nicotinamide,,51.4034,-0.5665
W050301,2024-04-18,BL22,Diazepam,Diazepam,White,Tablet,Oral,No Effect,No Active Component Identified,,53.59166666666667,-2.391666666666667
W050459,2024-04-18,L20,Diazepam,Roche Valium,Blue,Tablet,Not Stated,Not Stated,Diazepam,,53.4667,-3.0167
W050404,2024-04-18,CM21,Diazepam,Accord Diazepam,Blue,Tablet,Oral,"Relaxed, Nausea, Memory Loss, Confusion",Diazepam,,51.81646666666666,0.1396
W050458,2024-04-18,L20,Bensedin Diazepam,Galenika Bensedin Diazepam,White,Tablet,Not Stated,Not Stated,Diazepam,,53.4667,-3.0167
W050473,2024-04-18,SR4,Bensedin Diazepam,Not Stated,White,Tablet,Not Stated,Not Stated,Diazepam,,54.9004,-1.4255
W049873,2024-04-18,BS14,Alprazolam,Alprazolam,White,Tablet,Not Stated,Not Stated,Alprazolam,,51.4061,-2.5627
W049869,2024-04-22,EH47,Diazepam,Diazepam,,Tablet,Oral,"Relaxed, Breathlesness, Memory Loss, Confusion, Panic Attack, Overdose",Bromazolam,,55.85647142857143,-3.669085714285714
W050500,2024-04-22,M14,Etizolam tablets,Etikem,Pink,Tablet,Not Stated,Not Stated,Etizolam,,53.4482,-2.2257
W050651,2024-04-22,SG17,Benzodiazepine (Xanax),Not Stated,Blue,Tablet,Oral,Relaxed,Bromazolam,,52.03746,-0.3404399999999999
W050649,2024-04-22,SG17,benzodiazepine (Xanax/alprazolam),Alprazolam tablets Rlam,White,Tablet,Oral,Relaxed,Alprazolam,,52.03746,-0.3404399999999999
W050632,2024-04-22,PO36,Accord Diazepam,Not Stated,Blue,Tablet,Oral,"Euphoria, Relaxed",Diazepam,,50.66632857142857,-1.1746714285714286
W050709,2024-04-22,HA2,Alprazolam,Alprazolam,Yellow,Tablet,Oral,"Relaxed, Memory Loss, Confusion",Flualprazolam,,51.59148,-0.35392
W050693,2024-04-22,WS15,Rivotril Clonazepam,Galenika,White,Tablet,Not Stated,Not Stated,Clonazepam,,52.7576625,-1.90304375
W050691,2024-04-22,WS15,Nitrazepam,Arnite,White,Tablet,Not Stated,Not Stated,Nitrazepam,,52.7576625,-1.90304375
W050636,2024-04-22,GL54,Diazepam,Not Stated,Blue,Tablet,Not Stated,Not Stated,Chlorpheniramine,,51.88724642857143,-1.8609214285714288
W050704,2024-04-22,HP4,Lorazepam,Elikem Lorazepam,White,Tablet,Not Stated,Not Stated,"Lorazepam, Quetiapine, Tramadol, Tapentadol",,51.774116666666664,-0.56985
W050532,2024-04-22,TW1,Diazepam,Martin Dow Valium,Blue,Tablet,Not Stated,Not Stated,Diazepam,,51.4454,-0.3297
W051083,2024-04-22,G81,Diazepam,Accord Diazepam,Blue,Tablet,Not Stated,Not Stated,Diazepam,,55.915679999999995,-4.409180000000001
W049039,2024-04-22,LS16,Diazepam,Diazepam,Blue,Tablet,Oral,No Effect,"Bromazolam, Flubromazolam",,53.868475,-1.5981
W050540,2024-04-22,TW1,Valium,Martin Dow Valium,Blue,Tablet,Not Stated,Not Stated,Diazepam,,51.4454,-0.3297
W050701,2024-04-22,SE4,Diazepam,Galenika bensedin,"Purple, Blue",Tablet,Not Stated,Not Stated,"Bromazolam, Metonitazene",,51.46099999999999,-0.0352
W050702,2024-04-22,SE4,Diazepam,Galenika Bensedin,White,Tablet,Not Stated,Not Stated,No Active Component Identified,,51.46099999999999,-0.0352
W051072,2024-04-22,ST7,Xanax/alprazolam,Xanax,White,Tablet,Not Stated,Not Stated,Bromazolam,,53.08970625,-2.2678125
W050703,2024-04-22,SE4,Diazepam,Valium Martin Dow,Blue,Tablet,Not Stated,Not Stated,Diazepam,,51.46099999999999,-0.0352
W050536,2024-04-22,TW1,Diazepam,Bensedin Galenika Diazepam,White,Tablet,Not Stated,Not Stated,Diazepam,,51.4454,-0.3297
W050675,2024-04-22,TS11,Ksalol xanax,Not Stated,"White, Blue",Tablet,Not Stated,Not Stated,Bromazolam,,54.57873333333333,-1.028166666666667
W050678,2024-04-22,TS11,Etizolam,Not Stated,Pink,Tablet,Not Stated,Not Stated,Etizolam,,54.57873333333333,-1.028166666666667
W050676,2024-04-22,TS11,Lorazepam,Lorazepam,White,Tablet,Not Stated,Not Stated,Lorazepam,,54.57873333333333,-1.028166666666667
W051070,2024-04-22,E2,Xanax,Alprazolam,Blue,Tablet,Oral,"Relaxed, Loss of consciousness",Alprazolam,,51.5386,-0.055525
W050623,2024-04-22,G74,Diazepam,Galenika bensedin,White,Tablet,Not Stated,Not Stated,Diazepam,,55.76583333333334,-4.1700333333333335
W050605,2024-04-22,AB11,Diazepam,Valium,Blue,Tablet,Oral,"Increased Confidence, Relaxed, Nausea, Sweating","Bromazolam, Metonitazene",,57.1437,-2.0981
W050644,2024-04-22,SW11,Lorazepam,Elikem Lorazepam,White,Tablet,Not Stated,Not Stated,Lorazepam,,51.469166666666666,-0.1619333333333333
W050695,2024-04-22,CF10,Valium,Not Stated,,Tablet,Oral,Relaxed,Alprazolam,,51.48,-3.18
W050578,2024-04-22,SA15,Diazepam,Bensedin,White,Tablet,Oral,"Increased Confidence, Relaxed, Memory Loss",Ketamine,,51.74003,-4.187250000000001
W050237,2024-04-22,YO12,Valium ,Not Stated,Blue,Array,Oral,"Increased Energy, Euphoria, Relaxed, Memory Loss, Confusion, Depression",Bromazolam,,54.231975,-0.4602125
000231866,2024-04-22,LL57,Benzos,Diazepam,White,Tablet,Oral,"Increased Confidence, Relaxed, Memory Loss, Loss of consciousness",Diazepam,,53.203925000000005,-4.106675
W050547,2024-04-22,LS16,Diazepam,Ranbaxy,White,Tablet,Oral,No Effect,Etizolam,,53.868475,-1.5981
W050566,2024-04-22,G74,alprazolam,Galenika Ksalol,Blue,Tablet,Not Stated,Not Stated,Alprazolam,,55.76583333333334,-4.1700333333333335
W050641,2024-04-22,SW11,Diazepam,Bensedin Diazepam 10mg,White,Tablet,Oral,"Increased Confidence, Enhanced Senses, Empathy, Relaxed, Memory Loss",Diazepam,,51.469166666666666,-0.1619333333333333
W050501,2024-04-22,SA12,Diazepam,Bensedin 10mg,Grey,Tablet,Oral,"No Effect, Relaxed","Bromazolam, Metonitazene",,51.61181666666667,-3.7703
W050565,2024-04-22,CH42,Ksalol Alprazolam,Ksalol Alprazolam,Blue,Tablet,Oral,"Array, No Effect, Relaxed",Bromazolam,,53.378899999999994,-3.0139666666666667
W050619,2024-04-22,N17,Etizolam,Etikem-1,Pink,Tablet,Not Stated,Not Stated,Etizolam,,51.59922,-0.07094
W050664,2024-04-22,CF10,Valium,Not Stated,Blue,Granules,Not Stated,Not Stated,Bromazolam,,51.48,-3.18
W050622,2024-04-22,N17,Diazepam,Elipam-5,White,Tablet,Not Stated,Not Stated,Diazepam,,51.59922,-0.07094
W050585,2024-04-22,SA15,Diazepam,Bensedin,White,Tablet,Oral,"Increased Confidence, Relaxed, Memory Loss",Diazepam,,51.74003,-4.187250000000001
W050647,2024-04-22,SW11,Diazepam,Martin Dow 10mg Dizepam,Blue,Array,Not Stated,Not Stated,Bromazolam,,51.469166666666666,-0.1619333333333333
000232954,2024-04-22,CF41,Diazepam 10mg,Diazepam 10mg,Black,Tablet,Not Stated,Not Stated,"Bromazolam, Metonitazene",,51.6543,-3.4913
W050579,2024-04-22,SA15,Diazepam,Accord,Blue,Tablet,Oral,"Increased Confidence, Relaxed, Chest Pains, Memory Loss, Agitation, Depression, Suicidal Ideation","Bromazolam, Flualprazolam",,51.74003,-4.187250000000001
W050640,2024-04-22,SW11,Clonazepam,Rivotril Clonazepam,White,Tablet,Oral,"Increased Confidence, Empathy, Relaxed, Confusion",Clonazepam,,51.469166666666666,-0.1619333333333333
W050642,2024-04-22,SW11,Alprazolam,R-lam 1mg Alprazolam,White,Array,Oral,"Increased Confidence, Empathy, Relaxed, Memory Loss",Alprazolam,,51.469166666666666,-0.1619333333333333
W050529,2024-04-22,PA23,Diazepam,Diazepam (bensedin) 10mg,"White, Purple",Tablet,Oral,"No Effect, Relaxed, Memory Loss","Bromazolam, Metonitazene",,55.988997142857144,-4.98592
W050423,2024-04-22,CF43,Diazepam,Not Stated,Blue,Tablet,Not Stated,Not Stated,Paracetamol,,51.66792,-3.4671
W050548,2024-04-22,LS16,Xanax,Alprazolam,White,Tablet,Oral,"Empathy, Relaxed",Bromazolam,,53.868475,-1.5981
W051089,2024-04-23,SN11,Diazepam,Not Stated,Blue,Tablet,Not Stated,Not Stated,Diazepam,,51.44735555555556,-1.9766
W051099,2024-04-23,BN3,Xanax,Alprazolam,White,Tablet,Not Stated,Not Stated,Alprazolam,,50.836725,-0.179625
W051088,2024-04-23,SN11,Diazepam,Crescent,Blue,Tablet,Not Stated,Not Stated,Diazepam,,51.44735555555556,-1.9766
W051085,2024-04-23,OX4,Diazepam,Martin Dow,Blue,Tablet,Not Stated,Not Stated,Diazepam,,51.723725,-1.224375
W051084,2024-04-23,OX4,Diazepam,Martin Dow,Blue,Tablet,Not Stated,Not Stated,Diazepam,,51.723725,-1.224375
W051087,2024-04-23,SN11,Diazepam,Galenika Bensedin,White,Tablet,Not Stated,Not Stated,Diazepam,,51.44735555555556,-1.9766
000235325,2024-04-23,NP23,Diazepam,Diazepam,Blue,Tablet,Oral,"Visual Hallucinations, Relaxed, Irregular Heartbeat, Vomiting, Confusion",Bromazolam,,51.7771,-3.2079
W050698,2024-04-23,EH41,Diazepam,Diazepam,Blue,Tablet,Not Stated,"Empathy, Relaxed, Memory Loss, Loss of consciousness",Bromazolam,,55.92442,-2.74208
W050699,2024-04-23,EH41,Diazepam,Diazepam,Blue,Tablet,Oral,"Empathy, Memory Loss, Agitation",Bromazolam,Metonitazene,55.92442,-2.74208
W051106,2024-04-23,BT34,Alprazolam,Not Stated,"Brown, Brown",Powder,Not Stated,Not Stated,Bromazolam,,54.146416666666674,-6.121124999999999
W051124,2024-04-23,FY1,Klonazepam Remedica,Klonazepam Remedica,White,Tablet,Not Stated,Not Stated,Clonazepam,,53.8167,-3.05
W051166,2024-04-25,ML36,Diazepam,Martin Dows,Blue,Tablet,Oral,No Effect,Diazepam,,55.76254285714286,-4.045457142857143
W051164,2024-04-25,ML36,Diazepam,Neurovision Diazepam,White,Tablet,Oral,No Effect,Diazepam,,55.76254285714286,-4.045457142857143
W051172,2024-04-25,ML36,Prescribed Diazepam,Diazepam tablets Accord,White,Tablet,Not Stated,Not Stated,Diazepam,,55.76254285714286,-4.045457142857143
W051170,2024-04-25,ML36,Clonazepam,nozim,Blue,Tablet,Oral,"Euphoria, Increased Energy, Increased Confidence, Relaxed, Memory Loss",Clonazepam,,55.76254285714286,-4.045457142857143
W051167,2024-04-25,ML36,Diazepam,Roche,Blue,Tablet,Oral,No Effect,Bromazolam,,55.76254285714286,-4.045457142857143
W051177,2024-04-25,ML36,Midazolam,Midolam,White,Tablet,Oral,"Relaxed, Breathlesness, Tiredness",Midazolam,,55.76254285714286,-4.045457142857143
W051216,2024-04-25,WR3,Xanax ,Rlam,White,Tablet,Not Stated,Not Stated,Alprazolam,,52.2304,-2.1928
W050603,2024-04-25,SO40,Clonazepam,Galenika Rivotril Klonazepam,White,Tablet,Oral,"Increased Confidence, Empathy, Relaxed",Clonazepam,,50.91249375,-1.51341875
W051214,2024-04-25,WR3,Diazepam,Neurovision Dizpam,"White, Brown",Powder,Not Stated,Not Stated,Diazepam,,52.2304,-2.1928
W051215,2024-04-25,WR3,Lorazepam,Lor3,White,Powder,Not Stated,Not Stated,Lorazepam,,52.2304,-2.1928
W050461,2024-04-25,NW10,Diazepam,Diazepam,White,Tablet,Not Stated,Not Stated,Diazepam,,51.53758571428572,-0.2431214285714285
W051180,2024-04-25,NG5,Alprazolam,Ksalol alprazolam,"White, Blue",Tablet,Oral,"Empathy, Relaxed, Breathlesness, Nosebleeds, Memory Loss",Alprazolam,,53.0006,-1.1315
W051079,2024-04-25,SR11,Valium,Valium,White,Tablet,Not Stated,Not Stated,Diazepam,,54.9046,-1.3822
W051248,2024-04-25,WF4,Diazepam,Galenika Bensedin/Diazepam,"White, Blue",Tablet,Oral,"Relaxed, Confusion","Bromazolam, Metonitazene",,53.638326666666664,-1.5293733333333333
W050628,2024-04-25,SO40,Alprazolam,Galenika KSalol Alprazolam,Blue,Tablet,Oral,"Euphoria, Empathy, Relaxed, Memory Loss",Alprazolam,,50.91249375,-1.51341875
000232965,2024-04-25,CF31,Valium,Not Stated,Yellow,Tablet,Oral,"Increased Energy, Auditory Hallucinations, Visual Hallucinations, Paranoia, Memory Loss, Confusion, Agitation",Bromazolam,,51.507666666666665,-3.577733333333333
W051109,2024-04-25,RH10,Blues,Lorazepam,,Tablet,Oral,"Euphoria, Enhanced Senses, Memory Loss, Confusion","Lorazepam, Citalopram, Amisulpride",,51.120133333333335,-0.1191333333333333
W051155,2024-04-25,NE8,Diazepam,Bensedin Galenika,White,Tablet,Oral,"Euphoria, Relaxed",Diazepam,,54.9621,-1.6017
W051074,2024-04-25,SR7,Diazepam,Diazepam/Valium,White,Tablet,Not Stated,Not Stated,Nitrazepam,,54.8214,-1.3706333333333334
W051156,2024-04-25,NE8,Diazepam,Martin Dow Valium,Blue,Tablet,Oral,"Euphoria, Relaxed",Diazepam,,54.9621,-1.6017
000041169,2024-04-25,NP12,Street diazepam,Accord Diazepam,Blue,Tablet,Oral,Relaxed,"Bromazolam, Metonitazene",,51.6678,-3.2075
W050696,2024-04-25,CF42,Diazepam,Diazepam Accord,Blue,Tablet,Not Stated,Not Stated,Bromazolam,,51.66798333333333,-3.5247833333333336
W050667,2024-04-25,TN2,Diazepam,Bensedin Diazepam,White,Tablet,Not Stated,Not Stated,Diazepam,,51.143,0.3219
W051158,2024-04-25,PR98,Alprazolam,Alprazolam,Blue,Tablet,Oral,"Euphoria, Relaxed, Memory Loss",Bromazolam,,53.67138,-2.94928
000232184,2024-04-30,NP7,Diazepam,Not Stated,Blue,Tablet,Not Stated,Nausea,No Active Component Identified,,51.851292105263155,-3.0386236842105263
W051192,2024-04-30,NN1,Mirtazapine,Not Stated,,Array,Not Stated,Not Stated,Mirtazapine,,52.25,-0.8833
W051233,2024-04-30,OX4,Diazepam,martin Dow,Blue,Tablet,Not Stated,Not Stated,Diazepam,,51.723725,-1.224375
W051293,2024-04-30,BN1,Diazepam,accord,White,Tablet,Not Stated,Not Stated,Diazepam,,50.8614,-0.1204166666666666
W051341,2024-04-30,CF37,Valium,Not Stated,Blue,Tablet,Not Stated,Not Stated,No Active Component Identified,,51.613815384615386,-3.3598076923076925
W051361,2024-04-30,CB7,Clonazepam,Clonazepam (Rivotril),White,Tablet,Oral,"Relaxed, Memory Loss, Loss of consciousness, Ataxia",Clonazepam,,52.3571125,0.337
W051331,2024-04-30,G67,Valium,Not Stated,White,Tablet,Oral,Memory Loss,Bromazolam,,55.9468,-3.9905
W051356,2024-04-30,SA15,Diazepam,Diazepam,Blue,Tablet,Not Stated,Not Stated,Etizolam,,51.74003,-4.187250000000001
W051276,2024-04-30,WR3,Alprazolam,Rlam,White,Tablet,Not Stated,Not Stated,Alprazolam,,52.2304,-2.1928
000231574,2024-04-30,NP20,Alprazolam,Not Stated,Blue,Tablet,Not Stated,Not Stated,Alprazolam,,51.5877,-2.9984
000231573,2024-04-30,NP20,Lorazepam,Lorazepam,White,Tablet,Not Stated,Not Stated,"Quetiapine, Tramadol, Tapentadol, Lorazepam",,51.5877,-2.9984
W051275,2024-04-30,WR3,Diazepam,Roche,Blue,Tablet,Not Stated,Not Stated,Diazepam,,52.2304,-2.1928
W051348,2024-04-30,CF63,Diazepam,Accord,Blue,Tablet,Oral,No Effect,No Active Component Identified,,51.4172,-3.2614
W051277,2024-04-30,WR3,Etizolam,Etikem,White,Tablet,Not Stated,Not Stated,Etizolam,,52.2304,-2.1928
W051207,2024-04-30,LA13,Klonazepam,Galneika Rivotril,White,Tablet,Not Stated,Not Stated,Clonazepam,,54.11367142857143,-3.193485714285714
W051203,2024-04-30,LA13,Klonazepam,Galenika Rivotril,White,Tablet,Not Stated,Not Stated,Clonazepam,,54.11367142857143,-3.193485714285714
W051204,2024-04-30,LA13,Diazepam,Accord,Blue,Tablet,Not Stated,Not Stated,"Bromazolam, Metonitazene",,54.11367142857143,-3.193485714285714
W051201,2024-04-30,LA13,Diazepam,Galenika Bensedin,White,Tablet,Not Stated,Not Stated,No Active Component Identified,,54.11367142857143,-3.193485714285714
W051202,2024-04-30,LA13,Alprazolam (Xanax),Galenika Ksalol,"White, Blue",Tablet,Not Stated,Not Stated,Bromazolam,,54.11367142857143,-3.193485714285714
W051187,2024-04-30,CF39,Diazepam/Valium,Bensedin,White,Tablet,Oral,Loss of consciousness,No Active Component Identified,,51.5988125,-3.447975
W051188,2024-04-30,CF43,Diazepam,Not Stated,Blue,Tablet,Oral,Relaxed,Promethazine,,51.66792,-3.4671
W051240,2024-04-30,G12,Valium,Jas Valium,Blue,Tablet,Not Stated,Not Stated,Diazepam,,55.8804,-4.3007
W051289,2024-04-30,NP10,Valium,Not Stated,Blue,Tablet,Not Stated,Not Stated,Bromazolam,,51.5877,-2.9984
W051283,2024-04-30,BS16,Lorazepam,Lorazepam,White,Tablet,Not Stated,Not Stated,"Quetiapine, Tramadol, Tapentadol, Lorazepam",,51.49088571428571,-2.5036
W051290,2024-04-30,NP10,Xanax,Not Stated,White,Tablet,Not Stated,Not Stated,Alprazolam,,51.5877,-2.9984
W051387,2024-04-30,SW22,Accord Diaezepam tablets,Not Stated,Blue,Tablet,Not Stated,Not Stated,Diazepam,,51.4548,-0.1158
W051377,2024-04-30,SA10,Diazepam,Bensedin,White,Tablet,Intravenous,"Euphoria, Increased Stamina, Relaxed, Breathlesness, Irregular Heartbeat, Nausea, Memory Loss, Confusion, Loss of consciousness, Depression",Diazepam,,51.71421818181818,-3.720372727272728
W051308,2024-04-30,CF14,Bromazepam,S903,Green,Tablet,Not Stated,Not Stated,Bromazolam,,51.5199,-3.204
W051389,2024-04-30,S8,Diazepam,Bensedin (Diazepam),"White, Purple",Tablet,Not Stated,Not Stated,"Bromazolam, Metonitazene",,53.3439,-1.47815
W051416,2024-04-30,LE2,Diazepam,Accord Diazepam,Blue,Tablet,Not Stated,Not Stated,Bromazolam,,52.60181666666667,-1.1167166666666668
W051454,2024-04-30,TA6,Bensedin Diazepam,galenika Bensedin Diazepam,White,Tablet,Not Stated,Not Stated,Diazepam,,51.139228571428575,-3.006471428571429
W051232,2024-04-30,OX4,Diazepam,Martin Dow,Blue,Tablet,Not Stated,Not Stated,Diazepam,,51.723725,-1.224375
W051230,2024-04-30,OX4,Diazepam,Martin Dow,Blue,Tablet,Not Stated,Not Stated,Diazepam,,51.723725,-1.224375
000235326,2024-04-30,NP22,Valium,Valium,Blue,Tablet,Oral,"Empathy, Relaxed, Paranoia, Memory Loss, Agitation",Bromazolam,,51.7725,-3.2468
W051209,2024-04-30,LA13,Klonazepam,Galenika Rivotril,White,Tablet,Not Stated,Not Stated,Clonazepam,,54.11367142857143,-3.193485714285714
W051592,2024-05-07,TN23,Diazepam,Diazepam,White,Tablet,Not Stated,Not Stated,Diazepam,,51.1301,0.8432
W051621,2024-05-07,LS26,Valium/Diazepam,Not Stated,Blue,Tablet,Not Stated,Not Stated,Bromazolam,,53.7504,-1.4537
W050007,2024-05-07,AB16,Diazepam,Diazepam,Blue,Tablet,Oral,"Increased Confidence, Relaxed, Memory Loss, Confusion",Diazepam,,57.16,-2.1567
W051462,2024-05-07,LS2,Diazepam,Diazepam,White,Tablet,Not Stated,Not Stated,Diazepam,,53.7965,-1.5478
000039651,2024-05-07,NP12,Valium,MSJ,Blue,Tablet,Not Stated,"Enhanced Senses, Relaxed",No Active Component Identified,,51.6678,-3.2075
W051601,2024-05-07,FK10,Street valium,Roche,White,Tablet,Not Stated,Not Stated,Etizolam,,56.10687777777778,-3.7534
W051537,2024-05-07,BN1,Diazepam,Not Stated,White,Tablet,Oral,"Relaxed, Memory Loss",Diazepam,,50.8614,-0.1204166666666666
W051602,2024-05-07,FK10,Street valium,Roche 10,Blue,Tablet,Not Stated,Not Stated,Etizolam,,56.10687777777778,-3.7534
W051388,2024-05-10,CW12,Diazepam,Diazepam,Blue,Tablet,Not Stated,Not Stated,Diazepam,,53.17224166666667,-2.217375
W051492,2024-05-10,DG2,Midazolam,Midazolam,White,Tablet,Not Stated,Not Stated,Midazolam,,55.0759,-3.6539760869565217
W051409,2024-05-10,EH14,Clorazepam,Rivotril Galenika 2mg (klonazepam),White,Tablet,Not Stated,Not Stated,Clonazepam,,55.894733333333335,-3.3110166666666667
W051405,2024-05-10,EF11,Bensidin- Diazepam,Bensidin,White,Tablet,Oral,"Euphoria, Increased Confidence, Empathy, Relaxed, Memory Loss",Diazepam,,,
W051256,2024-05-10,TD9,Xanax,Not Stated,White,Tablet,Not Stated,Not Stated,Alprazolam,,55.39354782608696,-2.707571739130435
W051458,2024-05-10,G12,Alprazolam,Ksalol,Blue,Tablet,Oral,Not Stated,Alprazolam,,55.8804,-4.3007
W051427,2024-05-10,WF4,Galenika Ksalol -alprazolam,Gelenika Ksalol,White,Tablet,Oral,Not Stated,Bromazolam,,53.638326666666664,-1.5293733333333333
W051557,2024-05-10,E15,Diazepam,Martin Dow,Blue,Tablet,Oral,"Euphoria, Increased Confidence, Relaxed",Diazepam,,51.5333,0.0
000231457,2024-05-10,NP22,Valium,Tapentadol,Orange,Tablet,Oral,"Empathy, Relaxed, Memory Loss, Confusion, Loss of consciousness",Tapentadol,,51.7725,-3.2468
W051756,2024-05-10,SN11,Accord diazepam ,Accord,Blue,Tablet,Not Stated,Not Stated,Diazepam,,51.44735555555556,-1.9766
000037357,2024-05-10,NP22,Xanax,Not Stated,White,Tablet,Oral,Not Stated,Bromazolam,,51.7725,-3.2468
W051622,2024-05-10,GL50,Alprazolam,Alprazolam,Blue,Tablet,Not Stated,Not Stated,Alprazolam,,51.9,-2.0833
000231458,2024-05-10,NP22,Midazolam,Not Stated,White,Tablet,Oral,"Empathy, Relaxed",Midazolam,,51.7725,-3.2468
W051617,2024-05-10,BN1,Alprazolam,Ksalol Wispa,"White, Blue",Tablet,Oral,No Effect,Alprazolam,,50.8614,-0.1204166666666666
W051509,2024-05-10,PO12,Alprazolam,Not Stated,Blue,Tablet,Not Stated,Not Stated,Alprazolam,,50.79176666666667,-1.1393666666666666
000233795,2024-05-10,CF10,Ksalol,Not Stated,"White, Blue",Tablet,Not Stated,"Auditory Hallucinations, Visual Hallucinations, Paranoia, Violence/Aggression",Alprazolam,,51.48,-3.18
W051497,2024-05-10,WA7,Diazepam,Dizpam,White,Tablet,Not Stated,Not Stated,Diazepam,,53.324125,-2.7118
W051613,2024-05-10,CT6,Alprazolam,Not Stated,White,Tablet,Not Stated,Not Stated,Bromazolam,,51.36518888888889,1.1433444444444445
W051494,2024-05-10,HP1,Xanax,Xanax,"White, Grey",Tablet,Oral,"Relaxed, Memory Loss, Loss of consciousness, Dizziness",Bromazolam,,51.76236,-0.49158
W051636,2024-05-10,BS35,Diazepam,Not Stated,Blue,Tablet,Oral,No Effect,No Active Component Identified,,51.5975,-2.5485
W051455,2024-05-10,KY12,Mirtazapine,Not Stated,Pink,Tablet,Oral,Relaxed,Mirtazapine,,56.087095,-3.539235
W051730,2024-05-10,NR15,Diazepam,Diazepam,Blue,Tablet,Not Stated,Not Stated,Diazepam,,52.501371428571424,1.2747428571428572
W051595,2024-05-10,NW10,Alprazolam,Not Stated,White,Tablet,Oral,Relaxed,Alprazolam,,51.53758571428572,-0.2431214285714285
W051496,2024-05-10,NW24,Clonazepam,Rivotril Klonazama,White,Tablet,Not Stated,Not Stated,Clonazepam,,51.5608,-0.223325
W051534,2024-05-10,LS10,Diazepam,Not Stated,White,Tablet,Not Stated,Not Stated,Diazepam,,53.7496,-1.5494
W051536,2024-05-10,RG18,Valium,Accord Diazepam,Blue,Tablet,Oral,"Relaxed, Agitation",Diazepam,,51.4469,-1.244711111111111
W051528,2024-05-10,SW20,Diazepam,Roche,Blue,Tablet,Not Stated,Not Stated,Diclazepam,,51.4095,-0.22818
W051525,2024-05-10,CF37,MSJ,MSJ,Blue,Tablet,Not Stated,Not Stated,No Active Component Identified,,51.613815384615386,-3.3598076923076925
W051516,2024-05-10,SA1,Diazepam,Diazepam,Blue,Tablet,Not Stated,Not Stated,Bromazolam,,51.633979999999994,-3.94848
W051426,2024-05-10,PE1,Diazepam,Diazepam Bensedin Galenika,White,Tablet,Not Stated,Not Stated,Diazepam,,52.58253333333334,-0.2419333333333333
W051489,2024-05-10,AB42,Diazepam,MSJ,Blue,Tablet,Oral,No Effect,Bromazolam,,57.48231142857143,-1.924825714285714
W051695,2024-05-10,FY41,Valium (Diazepam),Valium (martin Dow),Blue,Tablet,Oral,"Euphoria, Empathy, Relaxed, Loss of consciousness",Diazepam,,53.7911,-3.0291
W051535,2024-05-10,LS10,Alprazolam,Alprazolam,Blue,Tablet,Not Stated,Not Stated,Alprazolam,,53.7496,-1.5494
000231867,2024-05-10,LL65,Diazepam,Not Stated,Blue,Tablet,Oral,Relaxed,No Active Component Identified,,53.289686206896555,-4.534455172413793
W051517,2024-05-10,ST16,Diazepam,Galenika Bensedin,"White, White",Tablet,Not Stated,Not Stated,Diazepam,,52.8052,-2.1164
W051655,2024-05-10,EH65,Diazepam,Diazepam Accord,Blue,Tablet,Not Stated,Not Stated,Diazepam,,55.9617,-3.1844
W051309,2024-05-10,CF11,C/DC Diazepam,C/DC Loose,Blue,Array,Not Stated,Not Stated,Bromazolam,,51.48,-3.18
W051682,2024-05-10,BN2,Xanax,Ksalol,"White, Grey",Tablet,Not Stated,Not Stated,Bromazolam,,50.823825,-0.082825
W051686,2024-05-10,BN2,Valium,Martin Dow,"Blue, Grey",Tablet,Oral,"Euphoria, Relaxed",Diazepam,,50.823825,-0.082825
W051448,2024-05-10,BN3,Alprazalam,Rlam-1,White,Tablet,Not Stated,Not Stated,Alprazolam,,50.836725,-0.179625
W051685,2024-05-10,BN2,Valium,Martain dow,"White, Blue",Tablet,Not Stated,Not Stated,Bromazolam,,50.823825,-0.082825
W051624,2024-05-10,LE11,Martin Dow Valium,Not Stated,Blue,Solid,Not Stated,Not Stated,Bromazolam,,52.76669999999999,-1.2
W051645,2024-05-10,PR8,MSJ Diazepam,Not Stated,Blue,Tablet,Oral,"Relaxed, Memory Loss, Loss of consciousness","Metonitazene, Bromazolam",,53.62538333333333,-3.0201
W051681,2024-05-10,AB10,Diazepam,Actavis Diazepam Tablets,Blue,Tablet,Not Stated,Not Stated,"Metonitazene, Bromazolam",,57.1437,-2.0981
W051654,2024-05-10,EH65,Diazepam,Diazepam Loghman,Blue,Tablet,Not Stated,Not Stated,Diazepam,,55.9617,-3.1844
W051672,2024-05-10,SA73,Lorazepam,Not Stated,White,Tablet,Not Stated,Not Stated,Lorazepam,,51.719835714285715,-4.983364285714286
W051679,2024-05-10,FY41,Galenika Ksalol (Alprazolam),Not Stated,"White, Blue",Tablet,Oral,No Effect,Bromazolam,,53.7911,-3.0291
W051472,2024-05-10,SE12,Diazepam,Diazepam Neurovision,"White, Brown",Tablet,Not Stated,Not Stated,Diazepam,,51.44480000000001,0.0209
W051680,2024-05-10,AB10,Diazepam,Galenika Bensedin tabs,White,Tablet,Not Stated,Not Stated,No Active Component Identified,,57.1437,-2.0981
W051603,2024-05-10,CF10,Diazepam,Not Stated,Blue,Array,Oral,"Euphoria, Increased Confidence, Relaxed, Memory Loss, Confusion",Bromazolam,,51.48,-3.18
W051716,2024-05-10,N7,Aprazolam/ Xanax,Not Stated,"White, Blue",Tablet,Not Stated,Not Stated,Alprazolam,,51.5491,-0.1205142857142857
W051587,2024-05-13,DN11,Diazepam,Galenika Bensedin,White,Tablet,Not Stated,Not Stated,Diazepam,,53.443675,-1.0947875
000232724,2024-05-13,SA15,Alprazolam,Not Stated,White,Tablet,Not Stated,Not Stated,Alprazolam,,51.74003,-4.187250000000001
W051548,2024-05-13,CF14,Diazepam,APi-dopin diazepam 10mg,"White, Yellow",Tablet,Not Stated,Not Stated,Unable to identify,,51.5199,-3.204
W051793,2024-05-13,FY07,10mg Valium,Not Stated,Blue,Tablet,Oral,"Euphoria, Relaxed, Memory Loss, Loss of consciousness",No Active Component Identified,,53.75,-3.0167
W051832,2024-05-13,B31,Diazepam,Diazepam,Yellow,Tablet,Not Stated,Not Stated,Diazepam,,52.40835,-1.975
000231461,2024-05-13,CF10,Temazepam,Nitrazepam,Orange,Tablet,Oral,"Loss of consciousness, Breathlesness",Nitrazepam,,51.48,-3.18
W051804,2024-05-13,SW22,Diazepam 10mg Tablet,Accord Diazepam tablet 10mg,Blue,Tablet,Not Stated,Not Stated,Diazepam,,51.4548,-0.1158
W051746,2024-05-13,SN11,Diazepam 10mg,Accord,Blue,Tablet,Not Stated,Not Stated,Diazepam,,51.44735555555556,-1.9766
W051745,2024-05-13,SN11,Diazepam,Loghman,Blue,Tablet,Not Stated,Not Stated,Diazepam,,51.44735555555556,-1.9766
000232723,2024-05-13,SA15,Xanax ,Not Stated,Blue,Tablet,Not Stated,Not Stated,Lorazepam,,51.74003,-4.187250000000001
W051774,2024-05-13,CA14,Diazepam,Not Stated,Blue,Tablet,Oral,Relaxed,Bromazolam,,54.630025,-3.50065
W051819,2024-05-13,SR49,Diazepam,Bensedin Diazepam,White,Tablet,Not Stated,Not Stated,Diazepam,,54.9004,-1.4255
W051794,2024-05-13,NN1,Mirtazapine 45mg tablet ,Mirtazapine 45mg tablet ,,Array,Not Stated,Not Stated,No Active Component Identified,,52.25,-0.8833
W051782,2024-05-13,NN1,Mirtazapine 45mg,Not Stated,,Array,Not Stated,Not Stated,Mirtazapine,,52.25,-0.8833
W051581,2024-05-13,SA15,Valium,Valium,Blue,Tablet,Oral,"No Effect, Relaxed",Bromazolam,,51.74003,-4.187250000000001
W051785,2024-05-14,E8,Diazepam,Bensedin Galenika,White,Tablet,Not Stated,Not Stated,Diazepam,,51.548,-0.0629
W051871,2024-05-14,SW22,Diazepam tablets,Diazepam Accord tablets,Blue,Tablet,Not Stated,Not Stated,Diazepam,,51.4548,-0.1158
W051872,2024-05-14,SW22,Diazepam tabelts,Diazepam Accord tablets,Blue,Tablet,Not Stated,Not Stated,Diazepam,,51.4548,-0.1158
W051826,2024-05-14,SW20,Diazepam,Not Stated,White,Array,Not Stated,Not Stated,Diazepam,,51.4095,-0.22818
W051834,2024-05-14,ST7,Diazepam,Teva,Blue,Tablet,Not Stated,Not Stated,Diazepam,,53.08970625,-2.2678125
W051873,2024-05-14,SW22,Diazepam tablets,Diazepam Accord tablets,Blue,Tablet,Not Stated,Not Stated,Diazepam,,51.4548,-0.1158
W051843,2024-05-14,CF11,Diazepam,Diazepam,Blue,Tablet,Oral,"Tiredness, Relaxed",Diazepam,,51.48,-3.18
W051817,2024-05-14,CH5,Xanax,Not Stated,Pink,Tablet,Not Stated,Not Stated,Alprazolam,,53.19930000000001,-3.03614
W051874,2024-05-14,SW22,Diazepam,Diazepam tablets Accord,Blue,Tablet,Not Stated,Not Stated,Diazepam,,51.4548,-0.1158
000232798,2024-05-16,CF72,Diazepam,Not Stated,Blue,Tablet,Oral,Relaxed,Bromazolam,,51.530146153846154,-3.408415384615384
W051784,2024-05-16,CR0,Clonazepam,Wispa Nozim,Blue,Tablet,Not Stated,Not Stated,"Clonazepam, Diazepam",,51.3703,-0.060975
W051708,2024-05-16,N10,Xanax,Ksalol Alprazolam,"White, Blue",Tablet,Not Stated,Not Stated,Alprazolam,,51.5905,-0.1421
W051892,2024-05-16,PA6,Diazepam,Accord Diazepam,Blue,Tablet,Not Stated,Not Stated,Bromazolam,,55.8673,-4.532866666666666
W051894,2024-05-16,PA6,Diazepam,Zopiclone,Blue,Tablet,Not Stated,Not Stated,Zopiclone,,55.8673,-4.532866666666666
W051751,2024-05-16,EH47,Diazepam,Not Stated,Blue,Tablet,Oral,"Increased Energy, Increased Confidence, Relaxed",Bromazolam,,55.85647142857143,-3.669085714285714
W051889,2024-05-16,BS34,Lorazepam,Lorazepam,White,Tablet,Not Stated,Not Stated,Lorazepam,,51.5241,-2.5661
W051893,2024-05-16,PA6,Diazepam,Galenika Bensedin,White,Tablet,Not Stated,Not Stated,Diazepam,,55.8673,-4.532866666666666
W051932,2024-05-16,DN15,Diazepam,kern Diazepam,Blue,Tablet,Not Stated,Not Stated,"Bromazolam, Flubromazolam",,53.63215789473684,-0.6457368421052632
W051930,2024-05-16,DN15,Diazepam,Dizpam,White,Tablet,Not Stated,Not Stated,Diazepam,,53.63215789473684,-0.6457368421052632
W051921,2024-05-16,OX1,Xanax,Not Stated,White,Tablet,Oral,"Increased Confidence, Enhanced Senses, Empathy, Relaxed, Memory Loss",Alprazolam,,51.72478,-1.275
W051670,2024-05-16,EH47,Diazepam,Not Stated,White,Tablet,Oral,"Increased Confidence, Increased Strength, Relaxed",Bromazolam,,55.85647142857143,-3.669085714285714
W051933,2024-05-16,DN15,Diazepam,Kern Diazepam Prodes,Blue,Tablet,Not Stated,Not Stated,Bromazolam,,53.63215789473684,-0.6457368421052632
W051754,2024-05-16,EH47,Diazepam,Accord Diazepam,Yellow,Tablet,Oral,"Increased Confidence, Increased Strength, Relaxed",Diazepam,,55.85647142857143,-3.669085714285714
W047831,2024-05-16,KY8,Valium,Not Stated,White,Tablet,Not Stated,Increased Confidence,Bromazolam,,56.209568181818184,-2.9803318181818184
000043982,2024-05-16,CF61,Diazepam,Not Stated,White,Tablet,Oral,Not Stated,Diazepam,,51.41158,-3.4909999999999997
W051918,2024-05-16,OX1,Lorazepam,Elikem,White,Tablet,Not Stated,Not Stated,Lorazepam,,51.72478,-1.275
W051127,2024-05-16,MK11,Diazepam,Accord,Blue,Tablet,Not Stated,Not Stated,Bromazolam,,52.0568,-0.8528
W051130,2024-05-16,MK11,Alprazolam,Ksalol,Blue,Tablet,Oral,"Relaxed, Nausea, Memory Loss, Confusion, Agitation, Depression",No Active Component Identified,,52.0568,-0.8528
100003596,2024-05-16,BT4,Diazepam,Diazepam,Blue,Tablet,Not Stated,Not Stated,Chlorpheniramine,,54.595659999999995,-5.88056
W051752,2024-05-16,EH47,Diazepam,Diazepam,White,Tablet,Oral,"Increased Energy, Increased Confidence, Increased Strength, Relaxed",Diazepam,,55.85647142857143,-3.669085714285714
W051978,2024-05-17,CF37,Valium,MSJ,Blue,Tablet,Not Stated,Not Stated,Bromazolam,,51.613815384615386,-3.3598076923076925
W051991,2024-05-17,TR25,Alprazolam,Not Stated,Red,Tablet,Not Stated,Not Stated,Alprazolam,,49.9642,-6.2933
W051964,2024-05-17,RG12,Diazepam,Not Stated,White,Tablet,Not Stated,Not Stated,Diazepam,,51.4007,-0.7635
W051878,2024-05-17,PH1,Valium,Not Stated,Yellow,Tablet,Oral,"Memory Loss, Loss of consciousness",Amitriptyline,,56.43174736842105,-3.4980552631578945
W052001,2024-05-17,GU85,Diazepam,Not Stated,Blue,Tablet,Not Stated,Not Stated,Diazepam,,51.165735,-0.6563749999999999
W052002,2024-05-17,PO12,Diazepam,Bensedin,White,Tablet,Oral,"Relaxed, Tiredness",Diazepam,,50.79176666666667,-1.1393666666666666
W051954,2024-05-17,TN22,Diazepam,Martin Dow Diazepam,Blue,Tablet,Not Stated,Not Stated,Diazepam,,50.97995714285714,0.0973238095238095
W051515,2024-05-17,BN3,Diazepam,Diazepam,Blue,Tablet,Not Stated,Not Stated,Diazepam,,50.836725,-0.179625
W051867,2024-05-17,CH6,Diazepam,Diazepam Accord,Yellow,Tablet,Oral,"Relaxed, Breathlesness, Nausea, Confusion, Panic Attack, Insomnia",Diazepam,,53.255125,-3.1489
W051905,2024-05-21,YO11,Yellow bus Xanax,R039,Yellow,Tablet,Oral,No Effect,Bromazolam,,54.23711428571429,-0.3853571428571428
000232948,2024-05-21,CF48,Diazepam,Not Stated,Blue,Tablet,Oral,Relaxed,Diazepam,,51.73028000000001,-3.37198
W051909,2024-05-21,YO11,Extended release Xanax,Alprax xr xanax,Orange,Tablet,Oral,No Effect,Alprazolam,,54.23711428571429,-0.3853571428571428
W051547,2024-05-21,PH2,Valium,Roche,Blue,Tablet,Not Stated,Not Stated,Etizolam,,56.37225438596491,-3.356345614035088
W052057,2024-05-21,BN1,Alprazolam (Xanax),Alprazolam,Blue,Tablet,Oral,"Relaxed, Memory Loss",Alprazolam,,50.8614,-0.1204166666666666
000232767,2024-05-21,LD3,Nitrazepam,Not Stated,White,Tablet,Oral,"Relaxed, Memory Loss, Confusion",Nitrazepam,,51.99435362318841,-3.411075362318841
W052032,2024-05-21,TR27,Diazepam,Diazepam Neurovision,White,Tablet,Not Stated,Not Stated,Diazepam,,50.18621538461538,-5.3943076923076925
W051936,2024-05-21,NG32,Alprazolam (Xanax),Rlam Aran Pharma,White,Tablet,Oral,"Relaxed, Memory Loss, Confusion",Alprazolam,,52.945411111111106,-0.6390138888888889
W052030,2024-05-21,TR27,Alprazolam,Ksalol Galenika,"White, Blue",Tablet,Not Stated,Not Stated,Alprazolam,,50.18621538461538,-5.3943076923076925
W052074,2024-05-21,BS5,Diazepam,Neurovision Dizpam,White,Tablet,Oral,"Relaxed, Memory Loss, Loss of consciousness",Diazepam,,51.462,-2.5519
W052048,2024-05-21,N22,Diazepam,Not Stated,White,Tablet,Not Stated,Not Stated,Bromazolam,,51.6,-0.1167
W052052,2024-05-21,G20,Alprazolam,Ksalol,"White, Blue",Tablet,Not Stated,Not Stated,Alprazolam,,55.8906,-4.2904
W051951,2024-05-21,LE11,Bensedin Diazepam,Not Stated,White,Tablet,Not Stated,Not Stated,Bromazolam,,52.76669999999999,-1.2
W051820,2024-05-21,EH41,Diazepam,Roche Valium Diazepam,Blue,Tablet,Oral,Relaxed,Diazepam,,55.92442,-2.74208
W051948,2024-05-21,NW10,xanax,Not Stated,White,Tablet,Oral,No Effect,No Active Component Identified,,51.53758571428572,-0.2431214285714285
W051946,2024-05-21,NW10,Alprazolam,Ksalol Galenika,Blue,Tablet,Oral,"Euphoria, Relaxed",Alprazolam,,51.53758571428572,-0.2431214285714285
W052062,2024-05-21,HU4,Diazepam,Bensedin Galenika Diazepam,White,Tablet,Not Stated,Not Stated,Bromazolam,,53.7446,-0.3353
W052134,2024-05-21,CF11,Xanax,Galenika Alprazolam,Blue,Tablet,Oral,Relaxed,Alprazolam,,51.48,-3.18
W052105,2024-05-21,LA13,Clonazepam,Galenika Rivotrli,White,Tablet,Not Stated,Not Stated,Clonazepam,,54.11367142857143,-3.193485714285714
W052102,2024-05-21,DN12,Diazepam,Bensedin,White,Tablet,Oral,"Relaxed, Memory Loss, Loss of consciousness",Diazepam,,53.4851,-1.2453
W052106,2024-05-21,LA13,Diazepam,Galenika Bensedin,White,Tablet,Not Stated,Not Stated,No Active Component Identified,,54.11367142857143,-3.193485714285714
W052108,2024-05-21,LA13,Alprazolam Xanax,Galeniak Ksalol,Blue,Tablet,Not Stated,Not Stated,Bromazolam,,54.11367142857143,-3.193485714285714
W052114,2024-05-21,FK10,Valium,Roche,Blue,Tablet,Oral,"Increased Confidence, Memory Loss",Etizolam,,56.10687777777778,-3.7534
W051906,2024-05-21,YO11,Alprazolam,Xanax,White,Tablet,Oral,"Empathy, Relaxed, Irregular Heartbeat, Memory Loss, Loss of consciousness",No Active Component Identified,,54.23711428571429,-0.3853571428571428
W051907,2024-05-21,YO11,Diazepam,Actavis Diazepam,Blue,Tablet,Oral,"Euphoria, Empathy, Relaxed, Memory Loss, Confusion",Bromazolam,,54.23711428571429,-0.3853571428571428
W051911,2024-05-21,YO11,Diazepam,Watson Pharma Diazepam,Blue,Tablet,Oral,"Euphoria, Increased Confidence, Relaxed, Breathlesness, Confusion, Loss of consciousness",Bromazolam,,54.23711428571429,-0.3853571428571428
W052066,2024-05-21,G7,Valium (Diazepam),Valium,Blue,Tablet,Oral,Relaxed,Diazepam,,,
W052067,2024-05-21,G7,Diazepam,Diazepam (Galenika Bensedin),"White, Blue",Tablet,Oral,Relaxed,"Metonitazene, Bromazolam",,,
W051992,2024-05-21,GL53,Diazepam,Bensedin Galenika Diazepam,White,Tablet,Not Stated,Not Stated,Bromazolam,,51.8192,-2.05427
W051912,2024-05-21,YO11,Xanax,Not Stated,White,Tablet,Oral,No Effect,Alprazolam,,54.23711428571429,-0.3853571428571428
W052187,2024-05-24,CF72,Diazepam,MSJ,,Tablet,Oral,"Euphoria, Increased Libido, Auditory Hallucinations, Confusion",Bromazolam,,51.530146153846154,-3.408415384615384
W052167,2024-05-24,MK11,Etizolam,Etiz,Blue,Tablet,Not Stated,Not Stated,Bromazolam,,52.0568,-0.8528
W052164,2024-05-24,MK11,Etizolam,Eti,Blue,Tablet,Not Stated,Not Stated,Bromazolam,,52.0568,-0.8528
W052165,2024-05-24,MK11,Etizolam,Eti,Blue,Tablet,Not Stated,Not Stated,Bromazolam,Desalkyligidazepam,52.0568,-0.8528
W052166,2024-05-24,MK11,Etizolam,Eti,Blue,Tablet,Not Stated,Not Stated,Bromazolam,Desalkyligidazepam,52.0568,-0.8528
W052139,2024-05-24,SE16,Valium,Diazepam,Blue,Tablet,Not Stated,Not Stated,"Etizolam, Diazepam",,51.49742,-0.0528
W052123,2024-05-24,SW22,Diazepam tablets,Diazepam tablets Accord,Yellow,Tablet,Not Stated,Not Stated,Diazepam,,51.4548,-0.1158
W052182,2024-05-24,PL28,Bromazolam,Bromazolam,White,Tablet,Oral,No Effect,Bromazolam,,50.5278,-4.9516875
W051563,2024-05-24,SA1,MSJ + crack,Not Stated,"White, Blue",Tablet,Not Stated,Not Stated,Paracetamol,,51.633979999999994,-3.94848
W052069,2024-05-24,RG24,Temazepam,Temazepam,White,Tablet,Not Stated,Not Stated,No Active Component Identified,,51.28745,-1.08155
W049263,2024-05-24,KY8,Diazepam,Not Stated,Yellow,Tablet,Not Stated,Not Stated,Clonazolam,,56.209568181818184,-2.9803318181818184
000041110,2024-05-24,CF10,Valium,Not Stated,Blue,Tablet,Oral,Relaxed,Bromazolam,,51.48,-3.18
W052184,2024-05-24,CF24,Diazepam,Actavis,Blue,Tablet,Oral,Not Stated,No Active Component Identified,,51.48,-3.18
W052028,2024-05-24,G72,Valium,Not Stated,White,Tablet,Oral,"Auditory Hallucinations, Relaxed, Nausea, Loss of consciousness",Bromazolam,,55.80098,-4.12986
000231346,2024-05-28,CF10,Xanax,Not Stated,White,Tablet,Not Stated,Not Stated,Bromazolam,,51.48,-3.18
000043252,2024-05-28,CF63,Diazepam,Valium,Blue,Tablet,Oral,Relaxed,Diazepam,,51.4172,-3.2614
W052153,2024-05-28,PR9,Diazepam,Not Stated,Blue,Tablet,Not Stated,"Relaxed, Memory Loss, Confusion, Depression",Diazepam,,53.67138,-2.94928
W052203,2024-05-28,NW2,Valium,Not Stated,Blue,Tablet,Not Stated,Not Stated,Diazepam,,51.5608,-0.223325
W052208,2024-05-28,LL11,Temazepam,Not Stated,White,Tablet,Oral,"Relaxed, Memory Loss, Loss of consciousness",Temazepam,,53.064506666666674,-3.052973333333333
W052219,2024-05-28,IV38,Galenika Bensedin Diazepam,Not Stated,White,Tablet,Oral,"Increased Energy, Increased Confidence, Relaxed",Bromazolam,,57.472566666666665,-4.254588888888889
W052173,2024-05-28,TS11,Dizpam Diazepam,Not Stated,White,Tablet,Not Stated,Not Stated,Diazepam,,54.57873333333333,-1.028166666666667
W052279,2024-05-28,BN3,Alprazolam,Galenika,Blue,Tablet,Not Stated,Not Stated,Bromazolam,,50.836725,-0.179625
W051939,2024-05-28,BT4,Manodiazo Diazepam,Manodiazo10,Blue,Tablet,Not Stated,Not Stated,Chlorpheniramine,,54.595659999999995,-5.88056
W052172,2024-05-28,TS11,Nozim Clonazepam,Not Stated,Blue,Tablet,Not Stated,Not Stated,Clonazepam,,54.57873333333333,-1.028166666666667
W052211,2024-05-28,NR31,Clonazepam,Galenika Rivotril,White,Tablet,Oral,"Euphoria, Increased Confidence, Relaxed",Clonazepam,,52.572785714285715,1.7042857142857142
W052290,2024-05-28,BN3,Xanax,Not Stated,White,Tablet,Not Stated,Not Stated,"Caffeine, Bromazolam",,50.836725,-0.179625
W052288,2024-05-28,BN3,Etizolam,Not Stated,Blue,Tablet,Not Stated,Not Stated,Bromazolam,Desalkyligidazepam,50.836725,-0.179625
W052282,2024-05-28,DA27,Diazepam,Diazepam,White,Tablet,Oral,No Effect,No Active Component Identified,,51.42953333333333,0.2391
W052292,2024-05-28,CO7,Clonazepam,Rivotril Clonazepam,White,Tablet,Oral,Relaxed,Clonazepam,,51.887447826086955,1.0088478260869564
W052245,2024-05-28,E14,Diazepam,Elipam Diazepam,White,Tablet,Not Stated,Not Stated,Diazepam,,51.50563529411765,-0.0187647058823529
W052161,2024-05-28,EH26,Etizolam,Not Stated,White,Tablet,Oral,"Euphoria, Relaxed, Breathlesness, Loss of consciousness","Etizolam, Paracetamol",,55.82387142857142,-3.241371428571429
W052328,2024-05-30,SW22,Diazepam tablets,Accord Diazepam tablets,Blue,Tablet,Not Stated,Not Stated,Diazepam,,51.4548,-0.1158
W052327,2024-05-30,SW22,Diazepam tablets,Accord Diazepam tablets,Blue,Tablet,Not Stated,Not Stated,Diazepam,,51.4548,-0.1158
000044480,2024-05-30,CF64,Diazepam,Not Stated,Blue,Tablet,Not Stated,Not Stated,Bromazolam,,51.42878,-3.21045
W052326,2024-05-30,SW22,Diazepam tablets,Accord Diazepam tablets,Blue,Tablet,Not Stated,Not Stated,Diazepam,,51.4548,-0.1158
W052329,2024-05-30,SW22,Diazepam tablets,Accord Diazepam tablets,Blue,Tablet,Not Stated,Not Stated,Diazepam,,51.4548,-0.1158
W052235,2024-05-30,BS10,Clonazepam,Nozim clonazepam,Blue,Tablet,Not Stated,Not Stated,Clonazepam,,51.509866666666674,-2.635366666666666
W052293,2024-05-30,ME8,Diazepam,Not Stated,White,Tablet,Oral,"Auditory Hallucinations, Visual Hallucinations, Relaxed, Paranoia, Memory Loss, Confusion, Agitation, Violence/Aggression, Depression, Psychosis",Zopiclone,,51.36225,0.6025
W052319,2024-05-30,TR72,Diazepam (Bensedin),EP,White,Tablet,Not Stated,Not Stated,Diazepam,,50.41865,-5.060475
W052318,2024-05-30,TR72,Diazepam (Bensedin),SP,White,Tablet,Not Stated,Not Stated,Diazepam,,50.41865,-5.060475
W052283,2024-05-30,CF44,Valium,Valium tablets,Blue,Tablet,Not Stated,Not Stated,Diazepam,,51.7327125,-3.48293125
W052406,2024-06-03,CF14,Diazepam,Martin Dow Diazepam,Blue,Tablet,Not Stated,Not Stated,Diazepam,,51.5199,-3.204
W052097,2024-06-03,N19,Diazepam,bensedin Galenika Diazepam,"White, Pink",Tablet,Not Stated,Not Stated,"Metonitazene, Bromazolam",,51.5649,-0.1351
W052408,2024-06-03,CF14,Lorazepam,Hemofarm Lorazepam,Blue,Tablet,Not Stated,Not Stated,Lorazepam,,51.5199,-3.204
W052407,2024-06-03,CF14,Diazepam,Galenika Bensedin,White,Tablet,Oral,"Euphoria, Relaxed, Nausea, Headache",Diazepam,,51.5199,-3.204
W052352,2024-06-03,EH16,Diazepam,Valium,White,Tablet,Not Stated,Not Stated,Clonazolam,,55.92249999999999,-3.1511333333333336
W052419,2024-06-03,SY20,Diazepam,Not Stated,White,Tablet,Oral,Relaxed,Diazepam,,52.59227105263158,-3.816673684210526
W052195,2024-06-04,EH14,Clonazepam,Rivotril galenika,White,Tablet,Not Stated,Not Stated,Clonazepam,,55.894733333333335,-3.3110166666666667
W052299,2024-06-04,BN3,Xanax,Ksalol,Blue,Tablet,Not Stated,Not Stated,Bromazolam,,50.836725,-0.179625
W052425,2024-06-04,HU4,Diazepam,Bensedin Diazepam,White,Tablet,Not Stated,Not Stated,Bromazolam,,53.7446,-0.3353
W052274,2024-06-04,PH1,Valium,Not Stated,Blue,Tablet,Not Stated,Not Stated,Etizolam,,56.43174736842105,-3.4980552631578945
000232768,2024-06-04,LD3,Diazepam,Not Stated,Green,Tablet,Not Stated,Not Stated,Diazepam,,51.99435362318841,-3.411075362318841
W052370,2024-06-04,SA15,Diazepam,Not Stated,Yellow,Tablet,Not Stated,Not Stated,Diazepam,,51.74003,-4.187250000000001
W052400,2024-06-04,NP12,MSJ,Not Stated,White,Tablet,Not Stated,"Euphoria, Increased Energy, Enhanced Senses, Empathy, Relaxed, Irregular Heartbeat, Nausea, Array, Memory Loss, Confusion, Loss of consciousness",Bromazolam,,51.6678,-3.2075
000232709,2024-06-04,CF10,MSJ,Not Stated,Blue,Tablet,Oral,No Effect,Bromazolam,,51.48,-3.18
W052368,2024-06-04,DT3,Diazepam,Galenika Diazepam,White,Tablet,Oral,No Effect,Diazepam,,50.64597333333334,-2.4782066666666664
W052367,2024-06-04,DT3,Diazepam,Galakeko Diazepam,White,Tablet,Oral,No Effect,Bromazolam,,50.64597333333334,-2.4782066666666664
W052369,2024-06-04,DT3,Diazepam,DIazepam Elikem,White,Tablet,Oral,No Effect,Diazepam,,50.64597333333334,-2.4782066666666664
000233023,2024-06-04,PH2,Valium,Roche,Blue,Tablet,Oral,"Euphoria, Increased Confidence, Relaxed, Memory Loss, Confusion, Violence/Aggression","Etizolam, Paracetamol",,56.37225438596491,-3.356345614035088
000233026,2024-06-04,PH2,Valium,Roche,Blue,Tablet,Oral,"Increased Confidence, Relaxed, Memory Loss, Confusion","Etizolam, Paracetamol",,56.37225438596491,-3.356345614035088
W052193,2024-06-04,EH14,Alprazolam,Alprazolam tablets R-lam,White,Tablet,Not Stated,Not Stated,Alprazolam,,55.894733333333335,-3.3110166666666667
000235292,2024-06-04,CF37,Valium,Not Stated,Yellow,Tablet,Not Stated,Not Stated,Diazepam,,51.613815384615386,-3.3598076923076925
W052335,2024-06-04,PH2,Alprazolam,Rlam,White,Tablet,Not Stated,Not Stated,Alprazolam,,56.37225438596491,-3.356345614035088
W052559,2024-06-04,G12,Lorazepam,Elikem,White,Tablet,Oral,"Increased Confidence, Relaxed, Confusion",Lorazepam,,55.8804,-4.3007
W052323,2024-06-04,M30,Xanax,Not Stated,Yellow,Tablet,Not Stated,Not Stated,Protonitazene,,53.4833,-2.3333
W052427,2024-06-04,NG11,Diazepam,Galenika Bensedin,White,Tablet,Oral,"Euphoria, Increased Energy, Empathy, Auditory Hallucinations, Relaxed, Irregular Heartbeat, Paranoia, Memory Loss, Confusion, Insomnia",Diazepam,,52.87862,-1.19524
000233502,2024-06-04,NP20,Valium,Not Stated,Yellow,Tablet,Oral,Not Stated,No Active Component Identified,,51.5877,-2.9984
W052402,2024-06-04,RH1,Diazepam (Sedil),Sedil Diazepam,"Orange, Yellow",Tablet,Oral,"Increased Confidence, Empathy, Relaxed, Memory Loss, Confusion",Diazepam,,51.2289125,-0.1439625
W052471,2024-06-04,AB11,Valium,Bensedin,White,Tablet,Not Stated,Not Stated,No Active Component Identified,,57.1437,-2.0981
W052218,2024-06-04,LS26,valium/Diazepam,Not Stated,White,Tablet,Not Stated,Not Stated,Diazepam,,53.7504,-1.4537
W051999,2024-06-04,ML1,Diazepam,Not Stated,Blue,Tablet,Oral,"Increased Confidence, Empathy, Relaxed, Chest Pains, Nausea, Confusion, Insomnia",Diazepam,,55.80563333333333,-3.95475
W052435,2024-06-04,L20,Diazepam,Galenika Bensedin,White,Tablet,Not Stated,Not Stated,Diazepam,,53.4667,-3.0167
W052468,2024-06-04,LS12,Alprazolam/Xanax,Ksalol Galenika,"White, Blue",Tablet,Not Stated,Not Stated,Alprazolam,,53.7913,-1.5972
W052470,2024-06-04,LS12,Diazepam,Bensedin,White,Tablet,Not Stated,Not Stated,Diazepam,,53.7913,-1.5972
W052531,2024-06-04,PR3,Etizolam tablets,Etikem,Pink,Tablet,Not Stated,Not Stated,Etizolam,,53.903882857142854,-2.707102857142857
W049242,2024-06-04,KY8,Valium,Not Stated,Yellow,Tablet,Not Stated,Not Stated,Clonazolam,,56.209568181818184,-2.9803318181818184
W052540,2024-06-04,SW22,Diazepam tablets,Accord Diazepam tablets,Yellow,Tablet,Not Stated,Not Stated,Diazepam,,51.4548,-0.1158
W052541,2024-06-04,SW22,Diazepam tablets,Accord Diazepam tablets,Yellow,Tablet,Not Stated,Not Stated,Diazepam,,51.4548,-0.1158
W052417,2024-06-04,ST7,Alprazolam,Galeniak Ksalol,"White, Blue",Tablet,Not Stated,Not Stated,Alprazolam,,53.08970625,-2.2678125
W052396,2024-06-04,BH10,Xanax/Alprazolam,Red Devil,Red,Tablet,Not Stated,Not Stated,"Bromazolam, Caffeine",,50.7595,-1.8931
W052415,2024-06-04,LL29,Diazepam,Not Stated,Blue,Tablet,Oral,Not Stated,Diazepam,,53.283275,-3.6966
000230425,2024-06-04,NP11,Diazepam,Not Stated,Blue,Tablet,Oral,Not Stated,Bromazolam,,51.6439,-3.1317
W052613,2024-06-07,E4,Lorazepam,Not Stated,White,Tablet,Oral,No Effect,"Quetiapine, Lorazepam",,51.6303,0.0005
000231109,2024-06-07,LL77,Benzodiazepine,Diazepam,Blue,Tablet,Not Stated,Not Stated,Alprazolam,,53.27263333333334,-4.3066
W052393,2024-06-07,BT8,Diazepam,Not Stated,White,Tablet,Oral,Relaxed,Bromazolam,,54.55041666666667,-5.9068
W052717,2024-06-07,YO11,Diazepam,Not Stated,White,Tablet,Oral,"Relaxed, Memory Loss, Panic Attack",Alprazolam,,54.23711428571429,-0.3853571428571428
W052655,2024-06-07,IV2,Diazepam,Diazepam Bensedin,White,Tablet,Oral,"Euphoria, Increased Confidence, Relaxed, Memory Loss, Numbness, Pain Relief",Bromazolam,,57.4791,-4.224
W052756,2024-06-07,BN21,Diazepam,Not Stated,Blue,Tablet,Not Stated,Not Stated,"Bromazolam, Metonitazene",,50.7687,0.2845
W052731,2024-06-07,BB1,Diazepam,Not Stated,White,Tablet,Not Stated,Not Stated,No Active Component Identified,,53.77336666666667,-2.463333333333334
W052691,2024-06-07,BN1,Diazepam,Diazepam,White,Tablet,Not Stated,Not Stated,Diazepam,,50.8614,-0.1204166666666666
W052627,2024-06-10,CR0,Martin Dow Diazepam,Not Stated,Blue,Tablet,Not Stated,Not Stated,Diazepam,,51.3703,-0.060975
W052629,2024-06-10,M24,Xanax Ksalol,galenika Ksalol,Blue,Tablet,Oral,"Euphoria, Increased Confidence, Relaxed, Irregular Heartbeat, Nausea",Bromazolam,,53.5587,-2.2128
W052630,2024-06-10,M24,Xanax,Galenika Ksalol,Blue,Tablet,Oral,"Euphoria, Relaxed, Irregular Heartbeat, Nausea, Paranoia, Depression",Bromazolam,,53.5587,-2.2128
W052550,2024-06-10,DN40,Diazepam,Not Stated,Blue,Tablet,Not Stated,Not Stated,Diclazepam,,53.627716666666664,-0.2571833333333333
W052568,2024-06-10,SE17,Diazepam,Diazepam (Accord),Blue,Tablet,Oral,Relaxed,Diazepam,,51.48563333333333,-0.1028333333333333
W052436,2024-06-10,DN40,Diazepam,Not Stated,White,Tablet,Not Stated,Not Stated,Diazepam,,53.627716666666664,-0.2571833333333333
W052569,2024-06-10,SE17,Alprazolam,Not Stated,Pink,Tablet,Oral,No Effect,Alprazolam,,51.48563333333333,-0.1028333333333333
W052678,2024-06-10,CW11,Diazepam,Not Stated,Blue,Tablet,Oral,Relaxed,Diazepam,,53.13976153846154,-2.3823153846153846
W052635,2024-06-10,CF36,Kern Alprazolam,Not Stated,White,Tablet,Oral,Relaxed,Alprazolam,,51.48453333333333,-3.6951
W052618,2024-06-10,CR0,Martin Dow Diazepam,Not Stated,Blue,Tablet,Not Stated,Not Stated,Diazepam,,51.3703,-0.060975
W052572,2024-06-10,TA1,Valium,Not Stated,White,Tablet,Oral,Relaxed,No Active Component Identified,,51.009225,-3.1091
W052332,2024-06-10,CF34,Xanax Alprazolam,Not Stated,White,Tablet,Not Stated,Not Stated,Bromazolam,Desalkyligidazepam,51.6030625,-3.6485
W052469,2024-06-10,OX2,Clonazepam (Rivotril),Not Stated,White,Tablet,Not Stated,Not Stated,Clonazepam,,51.76277,-1.28794
W052609,2024-06-10,E4,Alprazolam,Not Stated,Blue,Tablet,Oral,No Effect,Bromazolam,,51.6303,0.0005
W052628,2024-06-10,M24,Clonazepam,Nozim,Blue,Tablet,Oral,"Relaxed, Nausea, Paranoia, Agitation, Depression","Clonazepam, Amisulpride",,53.5587,-2.2128
W052537,2024-06-10,LL11,Alprazolam,Not Stated,Blue,Tablet,Oral,"Chest Pains, Irregular Heartbeat, Vomiting, Panic Attack, Agitation, Insomnia",Alprazolam,,53.064506666666674,-3.052973333333333
W052608,2024-06-10,E4,Lorazepam,Not Stated,Blue,Tablet,Oral,"Relaxed, Memory Loss, Confusion",Lorazepam,,51.6303,0.0005
W052560,2024-06-10,NG18,Diazepam,Bensedin Galenika,White,Tablet,Not Stated,Not Stated,Diazepam,,53.1333,-1.2
W052830,2024-06-10,MK40,Valium (Diazepam) tablets,Not Stated,Blue,Tablet,Oral,No Effect,Diazepam,,52.13655,-0.4866
W052884,2024-06-10,E17,Diazepam,Not Stated,White,Tablet,Not Stated,Not Stated,"Bromazolam, Metonitazene",,51.58758,-0.02048
000232599,2024-06-10,SA1,Valium,Not Stated,Blue,Tablet,Not Stated,Not Stated,"Bromazolam, Metonitazene",,51.633979999999994,-3.94848
000231896,2024-06-10,LL55,Valium,Not Stated,White,Tablet,Not Stated,Not Stated,Diazepam,,53.12915357142857,-4.195053571428572
W052858,2024-06-10,LA14,Diazepam,Diazepam,Yellow,Tablet,Oral,"Increased Confidence, Breathlesness, Chest Pains, Paranoia, Insomnia",Diazepam,,54.11596666666667,-3.23425
000043015,2024-06-10,LL55,Diazepam,Not Stated,White,Tablet,Oral,Relaxed,Diazepam,,53.12915357142857,-4.195053571428572
000232600,2024-06-10,CF10,Valium,Not Stated,Blue,Tablet,Not Stated,Not Stated,Etizolam,Phenacetin,51.48,-3.18
W052693,2024-06-10,CF42,Valium,Not Stated,White,Tablet,Oral,No Effect,"Bromazolam, Metonitazene",,51.66798333333333,-3.5247833333333336
W052694,2024-06-10,CF42,Diazepam,Diazepam/MSJ,Blue,Tablet,Not Stated,Not Stated,Bromazolam,,51.66798333333333,-3.5247833333333336
W052631,2024-06-10,CB23,Alprazolam,Alprazolam,Blue,Tablet,Not Stated,Not Stated,Bromazolam,,52.21715,-0.0101058823529411
W052658,2024-06-10,AB42,Diazepam,Martin Dow Valium,Blue,Tablet,Not Stated,Not Stated,Diazepam,,57.48231142857143,-1.924825714285714
W052606,2024-06-10,E4,Diazepam,Not Stated,White,Tablet,Oral,No Effect,Diazepam,,51.6303,0.0005
W052750,2024-06-10,PA3,Xanax,Not Stated,White,Tablet,Not Stated,Not Stated,Bromazolam,,55.8516,-4.446
W052753,2024-06-10,PA3,Valium,Martin Dow,Blue,Tablet,Not Stated,Not Stated,Diazepam,,55.8516,-4.446
W052839,2024-06-10,SP1,Diazepam,Bensedin Diazepam,White,Tablet,Not Stated,Not Stated,Diazepam,,51.0693,-1.7957
000040416,2024-06-11,CF10,Diazepam,MSJ,Blue,Tablet,Not Stated,"Increased Confidence, Chest Pains, Irregular Heartbeat, Nausea, Confusion, Agitation",Bromazolam,,51.48,-3.18
W052836,2024-06-11,BT71,Diazepam,Galenika Bensedin,White,Tablet,Not Stated,Not Stated,Diazepam,,54.524655555555555,-6.673188888888889
W052961,2024-06-11,CH1,Diazepam,Neurovision Dizpam,White,Tablet,Not Stated,Not Stated,Diazepam,,53.2239,-2.9434428571428577
W052941,2024-06-11,SR3,Diazepam,Diazepam Bensedin,White,Tablet,Oral,Not Stated,Bromazolam,,54.874233333333336,-1.4153666666666669
W052828,2024-06-11,BT71,Diazepam,Martin Dow,Blue,Tablet,Not Stated,Not Stated,Diazepam,,54.524655555555555,-6.673188888888889
W052882,2024-06-11,CV32,Diazepam,Not Stated,Blue,Tablet,Not Stated,Not Stated,No Active Component Identified,,52.303333333333335,-1.5231666666666666
W052881,2024-06-11,CV32,Diazepam,Not Stated,Blue,Tablet,Not Stated,Not Stated,No Active Component Identified,,52.303333333333335,-1.5231666666666666
W052880,2024-06-11,CV32,Diazepam,Not Stated,Blue,Tablet,Not Stated,Not Stated,Phenacetin,,52.303333333333335,-1.5231666666666666
W052879,2024-06-11,CV32,Diazepam,Not Stated,Blue,Tablet,Not Stated,Not Stated,Phenacetin,,52.303333333333335,-1.5231666666666666
W052938,2024-06-11,SA1,Clonazepam,Bensedin,White,Tablet,Oral,"Euphoria, Increased Energy, Increased Confidence, Enhanced Senses, Increased Stamina, Increased Libido, Increased Strength, Relaxed, Chest Pains, Paranoia, Memory Loss, Confusion, Panic Attack, Agitation, Violence/Aggression, Insomnia, Depression, Suicidal Ideation",Clonazepam,Ketamine,51.633979999999994,-3.94848
W052871,2024-06-11,GU7,Diazepam,Dizpam Diazepam,"White, Brown",Tablet,Not Stated,Not Stated,Diazepam,,51.1846,-0.6173
W052835,2024-06-18,CN8,Diazepam,Not Stated,Blue,Tablet,Oral,No Effect,"Bromazolam, Metonitazene",,,
W052977,2024-06-18,SL7,Diazepam,Dizpam,"White, Blue",Tablet,Not Stated,Not Stated,Diazepam,,51.5658,-0.78258
W052945,2024-06-18,SW17,Diazepam,Galenika Bensedin,White,Solid,Not Stated,Not Stated,No Active Component Identified,,51.4307,-0.1647
W052899,2024-06-18,M44,Diazepam,Dizpam,White,Tablet,Not Stated,Not Stated,Diazepam,,53.4425,-2.4232
W052928,2024-06-18,WV6,Diazepam,Not Stated,Blue,Tablet,Not Stated,Not Stated,Diazepam,,52.59424545454545,-2.2206454545454544
W052967,2024-06-18,CV32,Diazepam,Not Stated,Blue,Tablet,Not Stated,Not Stated,No Active Component Identified,,52.303333333333335,-1.5231666666666666
W052968,2024-06-18,CV32,Diazepam,Not Stated,Blue,Tablet,Not Stated,Not Stated,No Active Component Identified,,52.303333333333335,-1.5231666666666666
W052926,2024-06-18,TR26,Diazepam,Not Stated,Blue,Tablet,Oral,Headache,"Bromazolam, Metonitazene",,50.19705,-5.502516666666666
W053003,2024-06-18,BS2,Green Xanax,Not Stated,Green,Tablet,Not Stated,Not Stated,Bromazolam,Desalkyligidazepam,51.4552,-2.5966
W052999,2024-06-18,BT66,Diazepam,MSJ,Blue,Tablet,Not Stated,"Relaxed, Irregular Heartbeat, Memory Loss",Bromazolam,,54.453314285714285,-6.348928571428572
W052982,2024-06-18,SA1,MSJ,Not Stated,Yellow,Tablet,Not Stated,Not Stated,Diazepam,,51.633979999999994,-3.94848
W052983,2024-06-18,SA1,Diazepam,Not Stated,Yellow,Tablet,Not Stated,Not Stated,Diazepam,,51.633979999999994,-3.94848
W053165,2024-06-18,SE15,Diazepam,Diazepam Accord,Blue,Tablet,Not Stated,Not Stated,Bromazolam,,51.470175,-0.060325
W053005,2024-06-18,NN5,Diazepam,Bensedin,White,Tablet,Not Stated,Not Stated,Diazepam,,52.242575,-0.93795
W053006,2024-06-18,NN5,Diazepam,Bensedin,White,Tablet,Not Stated,Not Stated,Diazepam,,52.242575,-0.93795
W053164,2024-06-18,G6,Xanax,Not Stated,Green,Tablet,Oral,"Relaxed, Memory Loss, Confusion","Bromazolam, Desalkyligidazepam",,,
W053297,2024-06-18,CH1,Diazepam,Neurovision Dizpam,White,Tablet,Not Stated,Not Stated,Diazepam,,53.2239,-2.9434428571428577
W053244,2024-06-18,M14,Valium Diazepam,Not Stated,Blue,Tablet,Not Stated,Not Stated,Diazepam,,53.4482,-2.2257
W053242,2024-06-18,M14,Clonazepam,Elikem Nozim,Blue,Tablet,Not Stated,Not Stated,Clonazepam,,53.4482,-2.2257
W053292,2024-06-18,BD1,Diazepam,Not Stated,White,Tablet,Not Stated,Not Stated,Bromazolam,,53.7939,-1.7521
W052946,2024-06-18,CF23,Diazepam,Not Stated,Blue,Tablet,Oral,"Relaxed, Breathlesness, Paranoia, Memory Loss, Confusion, Loss of consciousness, Insomnia, Suicidal Ideation, Depression",Bromazolam,,51.5144,-3.1545
W052984,2024-06-18,SA1,MSJ,Not Stated,Green,Tablet,Not Stated,Not Stated,Diazepam,,51.633979999999994,-3.94848
W052978,2024-06-18,SL7,Alprazolam,Rlam,White,Tablet,Not Stated,Not Stated,Alprazolam,,51.5658,-0.78258
000232109,2024-06-18,NP22,Diazepam,Not Stated,Blue,Tablet,Oral,"Empathy, Relaxed, Panic Attack, Agitation",Bromazolam,,51.7725,-3.2468
W053220,2024-06-18,CV28,Diazepam,Bensedin,White,Tablet,Oral,No Effect,No Active Component Identified,,52.424525,-1.459175
000231460,2024-06-18,NP23,Valium,MSJ,Blue,Tablet,Not Stated,Not Stated,Diazepam,,51.7771,-3.2079
000231578,2024-06-18,NP23,Valium,Xanax,White,Tablet,Not Stated,Not Stated,Bromazolam,,51.7771,-3.2079
000231579,2024-06-18,NP23,Diazepam,Midolam,White,Tablet,Not Stated,Not Stated,Midazolam,,51.7771,-3.2079
W053207,2024-06-18,HU5,Diazepam,Accord Diazepam,White,Tablet,Not Stated,Not Stated,Diazepam,,53.7603,-0.3758
W053016,2024-06-18,BS23,Accord Diazepam,Not Stated,Blue,Tablet,Not Stated,Not Stated,Bromazolam,,51.33485,-2.9787
W053268,2024-06-18,CH1,Alprazolam,rlam,White,Tablet,Not Stated,Not Stated,Alprazolam,,53.2239,-2.9434428571428577
W053212,2024-06-18,BD10,Xanax,Neuxam,White,Tablet,Not Stated,Not Stated,Alprazolam,,53.8328,-1.7255
W053198,2024-06-18,TR1,Ksalol alprazolam,Not Stated,Blue,Tablet,Oral,Not Stated,Alprazolam,,50.2637,-5.06268
W053199,2024-06-18,TR1,Bensedin Diazepam (Valium),Not Stated,White,Tablet,Oral,Not Stated,Diazepam,,50.2637,-5.06268
W052980,2024-06-18,G33,Diazepam,Bensedin Diazepam,White,Tablet,Not Stated,Not Stated,No Active Component Identified,,55.889,-4.1521
W048986,2024-06-18,BT43,Xanax,Alprazolam,White,Tablet,Not Stated,Not Stated,Alprazolam,,54.93786666666667,-6.2199
W053217,2024-06-18,G12,Alprazolam,Rlam,White,Tablet,Oral,"Euphoria, Relaxed",Alprazolam,,55.8804,-4.3007
W053011,2024-06-18,EH4,Valium,BLue valium,Blue,Tablet,Oral,"Euphoria, Increased Confidence, Relaxed",Bromazolam,,55.965133333333334,-3.2708999999999997
000232117,2024-06-18,NP4,Diazepam,Bensedin,White,Tablet,Oral,"Loss of consciousness, Depression",Diazepam,,51.718515789473685,-3.030521052631579
W053193,2024-06-18,CH5,Diazepam,Not Stated,Blue,Tablet,Oral,No Effect,"Bromazolam, Metonitazene",,53.19930000000001,-3.03614
W053175,2024-06-18,G11,Clonazepam,Rivotril Clonazepam,White,Tablet,Not Stated,Not Stated,Clonazepam,,55.8708,-4.3057
W052651,2024-06-18,EH20,Diazepam,Not Stated,White,Tablet,Not Stated,Not Stated,Bromazolam,,55.879000000000005,-3.1578999999999997
W053316,2024-06-18,SK11,Alprazolam,Galenika Ksalol,White,Tablet,Not Stated,Not Stated,Alprazolam,,53.229638461538464,-2.14891923076923
W052650,2024-06-18,EH22,Diazepam,Not Stated,,Tablet,Not Stated,"Relaxed, Memory Loss, Confusion, Loss of consciousness",Diazepam,,55.90278333333333,-3.078175
W053187,2024-06-18,DT3,Diazepam,Martin Dow Diazepam,Blue,Tablet,Not Stated,Not Stated,Bromazolam,,50.64597333333334,-2.4782066666666664
W053188,2024-06-18,IP8,Diazepam,Diazepam (Galenika Bensedin),White,Tablet,Not Stated,Not Stated,Diazepam,,52.072692307692314,1.0596
W053303,2024-06-18,BN21,Diazepam,Not Stated,White,Tablet,Not Stated,Not Stated,No Active Component Identified,,50.7687,0.2845
W053235,2024-06-18,RM10,Alprazolam,Not Stated,White,Tablet,Not Stated,Not Stated,Alprazolam,,51.55,0.1667
W053210,2024-06-18,AB43,Diazepam,DIazepam Hemofarm,White,Tablet,Oral,"Increased Confidence, Increased Libido",Diazepam,,57.65489545454545,-2.046884090909091
000232989,2024-07-02,CF72,Diazepam,Not Stated,Purple,Tablet,Oral,"Paranoia, Confusion, Agitation","Bromazolam, Metonitazene",,51.530146153846154,-3.408415384615384
W053559,2024-07-02,LE2,Diazepam,Diazepam Galenika Bensedin,White,Tablet,Not Stated,Not Stated,Diazepam,,52.60181666666667,-1.1167166666666668
W053375,2024-07-02,SE1,Diazepam,Diazepam,Blue,Tablet,Not Stated,Not Stated,Diazepam,,51.49874615384616,-0.0930384615384615
W053468,2024-07-02,BH19,Diazepam,Bensedin,White,Tablet,Oral,"Breathlesness, Breathlesness, Irregular Heartbeat, Paranoia, Confusion, Panic Attack, Depression",Diazepam,,50.61731428571428,-1.9847857142857144
W053441,2024-07-02,ML3,Valium,Not Stated,White,Tablet,Not Stated,Not Stated,Desalkyligidazepam,,55.76254285714286,-4.045457142857143
W053371,2024-07-02,ML6,Diazepam,Diazepam,White,Tablet,Oral,"Relaxed, Irregular Heartbeat",Bromazolam,,55.876992307692305,-3.925407692307692
000043094,2024-07-02,LL49,Diazepam,Diazepam,Blue,Tablet,Not Stated,"Relaxed, Confusion",Bromazolam,,52.942910000000005,-4.16
000043012,2024-07-02,LL49,Diazepam,Diazepam,Blue,Tablet,Oral,"Relaxed, Confusion",Bromazolam,,52.942910000000005,-4.16
W053588,2024-07-02,PO12,Diazepam,Not Stated,White,Tablet,Not Stated,"Increased Confidence, Empathy, Relaxed, Nausea, Memory Loss",Diazepam,,50.79176666666667,-1.1393666666666666
W053578,2024-07-02,FK10,Valium,Roche,White,Tablet,Oral,"Increased Confidence, Empathy, Memory Loss, Violence/Aggression",Etizolam,,56.10687777777778,-3.7534
100003598,2024-07-02,LI14,Diazepam,Not Stated,White,Tablet,Oral,"Euphoria, Relaxed","Bromazolam, Metonitazene",,,
W053495,2024-07-02,EH16,Diazepam,Diazepam,White,Tablet,Oral,"Array, Visual Hallucinations, Relaxed, Nausea, Loss of consciousness, Agitation, Violence/Aggression",Diazepam,,55.92249999999999,-3.1511333333333336
W053529,2024-07-02,BT47,MSJ,MSJ,White,Solid,Not Stated,Not Stated,Bromazolam,,54.94983333333333,-7.084177777777778
W053695,2024-07-02,LL31,Diazepam,Diazepam,White,Tablet,Not Stated,Relaxed,Diazepam,,53.29415,-3.81595
W053628,2024-07-02,SA55,Diazepam,Diazepam,Blue,Tablet,Not Stated,Not Stated,Diazepam,,51.64667142857143,-3.9853857142857145
W053616,2024-07-02,CF72,Xanax,Not Stated,Blue,Tablet,Not Stated,Not Stated,Bromazolam,,51.530146153846154,-3.408415384615384
W053690,2024-07-02,B31,Diazepam,Diazepam Bensedin,White,Tablet,Not Stated,Not Stated,Bromazolam,,52.40835,-1.975
000233584,2024-07-02,NP20,Valium,Not Stated,White,Tablet,Oral,Not Stated,Diazepam,,51.5877,-2.9984
W053738,2024-07-02,SW10,Alprazolam,Galenika Ksalol,"White, Blue",Tablet,Not Stated,Not Stated,Alprazolam,,51.4876,-0.1694
W053688,2024-07-02,W7,Diazepam,Not Stated,Blue,Tablet,Oral,Relaxed,Diclazepam,,51.5118,-0.3358999999999999
W053737,2024-07-02,SW10,Clonazepam,Galenika Rivotril,White,Tablet,Not Stated,Not Stated,Clonazepam,,51.4876,-0.1694
W053736,2024-07-02,SSW10,Alprazolam,Galenika Ksalol,White,Tablet,Oral,Relaxed,Bromazolam,,,
W053689,2024-07-02,W7,Clonazepam,Not Stated,White,Tablet,Oral,Relaxed,Clonazepam,,51.5118,-0.3358999999999999
W052476,2024-07-02,CF39,Diazepam,Diazepam,White,Tablet,Not Stated,Not Stated,Zopiclone,,51.5988125,-3.447975
W053615,2024-07-02,CF72,Diazepam,Not Stated,White,Tablet,Not Stated,Not Stated,Bromazolam,,51.530146153846154,-3.408415384615384
W053610,2024-07-02,BN3,Xanax,Xanax,,Array,Not Stated,Not Stated,Alprazolam,,50.836725,-0.179625
W053614,2024-07-02,CF72,Diazepam,Not Stated,Yellow,Tablet,Not Stated,Not Stated,Bromazolam,,51.530146153846154,-3.408415384615384
W053627,2024-07-02,CV1,Diazapine,Tephine,White,,Not Stated,No Effect,Buprenorphine,,52.4066,-1.5122
W053685,2024-07-02,BS23,Bensedin Valium,Bensedin Valium,White,Tablet,Not Stated,Not Stated,Diazepam,,51.33485,-2.9787
W053686,2024-07-02,BS23,Ksalol Xanax,Ksalol Xanax,White,Tablet,Not Stated,Not Stated,Alprazolam,,51.33485,-2.9787
W053671,2024-07-02,RG96,Lorazepam,Lorazepam,White,Tablet,Oral,"Relaxed, Relaxed, Memory Loss, Loss of consciousness, Array",Lorazepam,,51.560402857142854,-0.9210371428571428
W053609,2024-07-02,BN3,Xanax,Xanax,White,Array,Not Stated,Not Stated,Bromazolam,,50.836725,-0.179625
W053569,2024-07-03,LA13,Alprazolam,Neurovision,White,Tablet,Not Stated,Not Stated,Alprazolam,,54.11367142857143,-3.193485714285714
W053568,2024-07-03,LA13,Alprazolam,Neurovision,White,Tablet,Not Stated,Not Stated,Alprazolam,,54.11367142857143,-3.193485714285714
W052878,2024-07-03,TD9,Xanax,Not Stated,White,Tablet,Oral,"Euphoria, Relaxed, Breathlesness, Confusion, Loss of consciousness",Bromazolam,Paracetamol,55.39354782608696,-2.707571739130435
W053410,2024-07-03,CH6,Diazepam,Not Stated,Blue,Tablet,Oral,Relaxed,Cocaine,"Procaine, Bromazolam, Benzoylecgonine",53.255125,-3.1489
W053634,2024-07-03,BS30,Xanax,Alprazolam,White,Tablet,Not Stated,Not Stated,Alprazolam,,51.44770909090909,-2.4621636363636363
W053636,2024-07-03,E6,Alprazolam,Alprax-XR,Yellow,Tablet,Oral,"Increased Energy, Increased Strength","Alprazolam, Quetiapine",,51.526475,0.049325
000040341,2024-07-03,NP20,Diazepam,Diazepam,Blue,Tablet,Oral,Relaxed,No Active Component Identified,,51.5877,-2.9984
000235300,2024-07-03,CF34,Diazepam,Diazepam,Blue,Tablet,Oral,"Increased Confidence, Relaxed",Bromazolam,,51.6030625,-3.6485
W053451,2024-07-03,BN1,Xanax,Alpax,Yellow,Tablet,Oral,"Relaxed, Confusion",Alprazolam,,50.8614,-0.1204166666666666
W053639,2024-07-03,E6,Lorazepam,Lor Elikem,White,Tablet,Oral,No Effect,"Quetiapine, Lorazepam",,51.526475,0.049325
W053488,2024-07-03,NW10,Clonazepam,Rivotril Galenika,White,Tablet,Oral,"Relaxed, Depression",Clonazepam,,51.53758571428572,-0.2431214285714285
W053536,2024-07-04,BN29,Alprazolam,Xanax,White,Tablet,Not Stated,Not Stated,"Caffeine, Bromazolam",,50.823825,-0.082825
W049270,2024-07-04,KY8,Diazepam,Not Stated,Blue,Tablet,Oral,"Memory Loss, Confusion",Etizolam,,56.209568181818184,-2.9803318181818184
W053385,2024-07-04,BS3,Diazepam,Valium,Blue,Tablet,Oral,"Irregular Heartbeat, Memory Loss, Confusion","Bromazolam, Ketamine",,51.4552,-2.5966
W053545,2024-07-04,SL4,Diazepam,Diazepam,White,Tablet,Not Stated,Not Stated,Bromazolam,,51.47827692307692,-0.6311692307692307
000043253,2024-07-04,CF63,Diazepam,Not Stated,Blue,Tablet,Oral,Not Stated,No Active Component Identified,,51.4172,-3.2614
W053299,2024-07-04,BN3,Xanax,Ksalol Galenika,"White, Blue",Tablet,Not Stated,Not Stated,Bromazolam,,50.836725,-0.179625
W053585,2024-07-04,SW22,Diazepam,Accord Diazepam,Yellow,Tablet,Not Stated,Not Stated,Diazepam,,51.4548,-0.1158
W053591,2024-07-04,PR7,Lorazepam,Aries Arivan,Yellow,Tablet,Not Stated,Not Stated,Lorazepam,,53.64461428571428,-2.6670142857142856
000037780,2024-07-04,CF46,Diazepam,Not Stated,Yellow,Tablet,Oral,"Euphoria, Relaxed",Diazepam,,51.674075,-3.3016
W053743,2024-07-04,LN24,Diazepam,Diazepam,Blue,Tablet,Not Stated,Not Stated,Bromazolam,,53.26475789473684,-0.4992684210526316
W053584,2024-07-04,SW22,Diazepam,Accord Diazepam,Blue,Tablet,Not Stated,Not Stated,Diazepam,,51.4548,-0.1158
000235278,2024-07-04,CF37,Valium,Not Stated,Blue,Tablet,Not Stated,Not Stated,No Active Component Identified,,51.613815384615386,-3.3598076923076925
W053537,2024-07-04,BS5,Diazepam,Neurovivsion,"Orange, Brown",Tablet,Not Stated,Not Stated,Diazepam,,51.462,-2.5519
000235299,2024-07-08,CF32,Diazepam,Diazepam,Blue,Tablet,Oral,Relaxed,Bromazolam,,51.536704166666674,-3.5931333333333337
000231606,2024-07-08,NP20,Xanax,Alprazolam,White,Tablet,Not Stated,Not Stated,Alprazolam,,51.5877,-2.9984
W053338,2024-07-09,TR27,Diazepam,Zepam,Blue,Tablet,Not Stated,Not Stated,Diazepam,,50.18621538461538,-5.3943076923076925
000233758,2024-07-09,CF10,Valium,Bensedin,White,Tablet,Not Stated,Not Stated,Diazepam,,51.48,-3.18
000233762,2024-07-09,CF10,Diazepam,Not Stated,White,Tablet,Not Stated,Not Stated,Diazepam,,51.48,-3.18
W053849,2024-07-09,SL7,Alprazolam,Not Stated,White,Tablet,Oral,Relaxed,Alprazolam,,51.5658,-0.78258
W053023,2024-07-09,TR10,Lorazepam,Elikem Lor,White,Tablet,Not Stated,Not Stated,"Quetiapine, Lorazepam",,50.16754,-5.11564
W053836,2024-07-09,CF39,Diazepam,Bensedin Diazepam,White,Tablet,Not Stated,Not Stated,Bromazolam,,51.5988125,-3.447975
W053856,2024-07-09,YO8,Valium,Diazepam,Blue,Tablet,Oral,Relaxed,Bromazolam,,53.77469393939394,-1.0269030303030302
W053795,2024-07-09,RM26,Diazepam,Zepose Diazepam,White,Tablet,Not Stated,Not Stated,Diazepam,,51.5864,0.2027
W053829,2024-07-09,MK11,Alprazolam,Rlam,White,Tablet,Not Stated,Not Stated,Alprazolam,,52.0568,-0.8528
000235114,2024-07-09,CF83,Valium,Not Stated,Blue,Tablet,Oral,"Increased Confidence, Relaxed, Memory Loss",Bromazolam,,51.59288333333333,-3.2333833333333337
W053421,2024-07-09,M14,Diazepam,Diazepam Neurovision,White,Tablet,Not Stated,Not Stated,Diazepam,,53.4482,-2.2257
W053874,2024-07-09,N22,Clonazepam,Clonazepam Galenika,White,Tablet,Oral,"Euphoria, Relaxed, Panic Attack, Insomnia",Clonazepam,,51.6,-0.1167
W053382,2024-07-09,SN11,Diazepam,Diazepam,Blue,Tablet,Not Stated,Not Stated,Diazepam,,51.44735555555556,-1.9766
100003599,2024-07-09,N16,Xanax,Ksalol,"Blue, Grey",Tablet,Oral,"Relaxed, Loss of consciousness",Alprazolam,,51.5625,-0.074
W053378,2024-07-09,SN11,Diazepam,Accord,Blue,Tablet,Not Stated,Not Stated,Diazepam,,51.44735555555556,-1.9766
W053379,2024-07-09,SN11,Diazepam,Accord,Blue,Tablet,Not Stated,Not Stated,Diazepam,,51.44735555555556,-1.9766
W053388,2024-07-09,TQ1,Diazepam,Soubea Darou,Blue,Tablet,Oral,"Nausea, Confusion, Panic Attack, Diarrhoea",Diazepam,,50.4782,-3.5176
W053336,2024-07-09,TR27,Diazepam,Bensedin Galenika,White,Tablet,Not Stated,Not Stated,Diazepam,,50.18621538461538,-5.3943076923076925
W053354,2024-07-09,G20,Lorazepam,Lor,White,Tablet,Not Stated,Not Stated,"Quetiapine, Lorazepam",,55.8906,-4.2904
W053806,2024-07-09,BN1,Lorazepam,Medsporter Lorazepam,White,Tablet,Not Stated,Not Stated,Lorazepam,,50.8614,-0.1204166666666666
W053816,2024-07-09,BN12,Diazepam,Galenika Bensedin,White,Tablet,Not Stated,Not Stated,No Active Component Identified,,50.80785,-0.43005
000233780,2024-07-09,CF10,Valium,MSJ,Yellow,Tablet,Not Stated,Not Stated,Bromazolam,,51.48,-3.18
W053828,2024-07-09,MK11,Alprazolam,Rlam,White,Tablet,Not Stated,Not Stated,Alprazolam,,52.0568,-0.8528
W053861,2024-07-09,EH21,Diazepam,Not Stated,Blue,Tablet,Not Stated,Not Stated,Diazepam,,55.94169999999999,-3.0499
W053337,2024-07-09,TR27,Diazepam,Martin Dow,Blue,Tablet,Not Stated,Not Stated,Diazepam,,50.18621538461538,-5.3943076923076925
W053796,2024-07-09,RM26,Diazepam,Diazepam Kern,Blue,Tablet,Not Stated,Not Stated,Diazepam,,51.5864,0.2027
W053958,2024-07-09,TN13,Diazepam,Diazepam (Bensedin),White,Tablet,Oral,Relaxed,Bromazolam,,51.28125,0.178125
W053904,2024-07-09,LA13,Clonazepam,Rnaze,White,Tablet,Not Stated,Not Stated,Clonazepam,,54.11367142857143,-3.193485714285714
W053723,2024-07-09,PL52,Diazepam,Neurovision Dizpam,White,Tablet,Not Stated,Not Stated,Diazepam,,50.4143,-4.16135
W053805,2024-07-09,BT5,Xanax,Not Stated,White,Tablet,Not Stated,Not Stated,Bromazolam,,54.58087142857143,-5.875314285714286
W053030,2024-07-09,S41,Diazepam,Accord Diazepam,Yellow,Tablet,Oral,Relaxed,Diazepam,,53.25833333333333,-1.425
W053031,2024-07-09,S41,Xanax bar,Xanax,White,Tablet,Oral,Relaxed,"Caffeine, Bromazolam",,53.25833333333333,-1.425
W053032,2024-07-09,S41,Xanax with Diazepam,Not Stated,Blue,Tablet,Oral,Relaxed,"Caffeine, Bromazolam",,53.25833333333333,-1.425
000231604,2024-07-09,NP19,Diazepam,Clonazepam,Blue,Tablet,Oral,"Relaxed, Paranoia, Memory Loss, Confusion",Clonazepam,,51.5888,-2.9638
W053761,2024-07-09,E6,Lorazepam,Green box,White,Solid,Oral,"Increased Energy, Increased Strength","Quetiapine, Lorazepam",,51.526475,0.049325
W052906,2024-07-09,SO19,Diazepam,Not Stated,White,Tablet,Oral,Relaxed,Diazepam,,50.8993,-1.3670749999999998
W053771,2024-07-09,SE11,Xanax,Upjohn Uk Xanax,"White, Pink",Tablet,Oral,"Euphoria, Increased Confidence, Increased Strength, Relaxed, Memory Loss",Alprazolam,,51.4881,-0.113125
W053304,2024-07-09,N17,Diazepam,Diazepam (PVL),Yellow,Tablet,Not Stated,Not Stated,Diazepam,,51.59922,-0.07094
W053955,2024-07-09,BN6,Diazepam,Bensedin Galenika,Pink,Tablet,Not Stated,Not Stated,"Bromazolam, Metonitazene",,50.92262,-0.14494
W053908,2024-07-09,LA13,Etizolam,Etikem,"White, Pink",Tablet,Not Stated,Not Stated,Etizolam,,54.11367142857143,-3.193485714285714
W053845,2024-07-09,SL6,Alprazolam,Not Stated,White,Tablet,Oral,"Increased Energy, Increased Confidence, Relaxed, Memory Loss",Alprazolam,,51.524325,-0.729595
W053390,2024-07-09,EH8,Diazepam,Roche,Blue,Tablet,Oral,"Empathy, Relaxed",Bromazolam,,55.9489,-3.1632
W053906,2024-07-09,LA13,Clonazepam,Rnaze,White,Tablet,Not Stated,Not Stated,Clonazepam,,54.11367142857143,-3.193485714285714
W053901,2024-07-09,LA13,Diazepam,Neurovision Dizpam,White,Tablet,Not Stated,Not Stated,Diazepam,,54.11367142857143,-3.193485714285714
W053884,2024-07-09,N22,Xanax,Xanax (Pfizer),White,Tablet,Oral,"Increased Confidence, Relaxed, Irregular Heartbeat, Confusion",No Active Component Identified,,51.6,-0.1167
W053902,2024-07-09,LA13,Diazepam,Dizpam,White,Tablet,Not Stated,Not Stated,Diazepam,,54.11367142857143,-3.193485714285714
W053942,2024-07-09,CM14,Diazepam,Galenika Bensedin,White,Tablet,Not Stated,Not Stated,Bromazolam,,51.6213,0.3056
W053860,2024-07-09,BS30,Diazepam,Not Stated,Yellow,Tablet,Oral,Relaxed,Cocaine,Procaine,51.44770909090909,-2.4621636363636363
W053798,2024-07-09,RM26,Diazepam,Bensedin/Best man,White,Tablet,Not Stated,Not Stated,Diazepam,,51.5864,0.2027
W053851,2024-07-09,SL7,Clonazepam,Clonazepam,Blue,Tablet,Oral,Relaxed,"Clonazepam, Amisulpride",,51.5658,-0.78258
W053848,2024-07-09,SL7,Alprazolam,Not Stated,White,Tablet,Oral,Relaxed,Alprazolam,,51.5658,-0.78258
W053880,2024-07-09,N22,Valium,Martin Dow,Blue,Tablet,Oral,"Increased Energy, Increased Confidence, Relaxed, Irregular Heartbeat",Bromazolam,,51.6,-0.1167
W053852,2024-07-09,SL7,Nitrazepam,Not Stated,White,Tablet,Oral,Relaxed,Nitrazepam,,51.5658,-0.78258
W053907,2024-07-09,LA13,Etizolam,Etikem,"White, Pink",Tablet,Not Stated,Not Stated,Etizolam,,54.11367142857143,-3.193485714285714
W053794,2024-07-10,RM26,Clonazepam,Pase Clonazepam,Yellow,Tablet,Not Stated,Not Stated,Clonazepam,,51.5864,0.2027
W053857,2024-07-10,YO8,Valium,Diazepam,Blue,Tablet,Oral,Relaxed,Bromazolam,,53.77469393939394,-1.0269030303030302
W054041,2024-07-11,MK3,Valium,Bensedin,White,Tablet,Not Stated,Not Stated,Diazepam,,51.9933,-0.7347
W054042,2024-07-11,MK3,Xanax,Ksalol,"White, Blue",Tablet,Not Stated,Not Stated,Alprazolam,,51.9933,-0.7347
W053941,2024-07-11,G74,Lorazepam,Lorazepam,Blue,Tablet,Not Stated,Not Stated,Lorazepam,,55.76583333333334,-4.1700333333333335
W053939,2024-07-11,DN12,Diazepam,Bensedin,White,Tablet,Oral,Relaxed,Bromazolam,,53.4851,-1.2453
W053944,2024-07-11,EX24,Diazepam,Bensedin Galenika,White,Tablet,Oral,Dizziness,Diazepam,,50.7404,-3.0892
W053981,2024-07-11,LE11,Martin Dow Valium Diazepam,Not Stated,Blue,Tablet,Not Stated,Not Stated,Diazepam,,52.76669999999999,-1.2
W053770,2024-07-11,CH5,Diazepam,Not Stated,Blue,Tablet,Oral,"Euphoria, Increased Energy, Increased Confidence, Relaxed",Bromazolam,,53.19930000000001,-3.03614
W053703,2024-07-11,TN15,Valium,Diazepam,White,Tablet,Oral,Relaxed,Diazepam,,51.3068409090909,0.2847045454545454
W053978,2024-07-11,TQ4,Diazepam,Prodes Diazepam,White,Tablet,Not Stated,Not Stated,Bromazolam,,50.424,-3.5713
W053959,2024-07-11,CF10,Diazepam,Not Stated,White,Tablet,Not Stated,Not Stated,Alprazolam,,51.48,-3.18
W053999,2024-07-11,SA12,Diazepam,Galenika Bensedin Diazepam,White,Tablet,Not Stated,Not Stated,Bromazolam,,51.61181666666667,-3.7703
W053926,2024-07-11,SW1,Nitrazepam,Nitzascan,White,Tablet,Not Stated,Not Stated,Nitrazepam,,51.495583333333336,-0.1417916666666666
W053976,2024-07-11,TQ4,Diazepam,Bensedin,White,Tablet,Not Stated,Not Stated,Diazepam,,50.424,-3.5713
W053932,2024-07-11,TA1,Diazepam,Galenika Bensedin,White,Tablet,Oral,No Effect,No Active Component Identified,,51.009225,-3.1091
W053899,2024-07-11,G14,Diazepam,Accord Diazepam,Blue,Tablet,Not Stated,Not Stated,"Bromazolam, Metonitazene",,55.8805,-4.3509
W053966,2024-07-11,WA7,Diazepam,Bensedin,White,Tablet,Oral,"Increased Confidence, Relaxed",Diazepam,,53.324125,-2.7118
000232928,2024-07-11,CF47,Valium,Diazepam,Blue,Tablet,Oral,"Increased Energy, Relaxed, Confusion",Diazepam,,51.7479,-3.3778
W053757,2024-07-11,HU4,Diazepam,Valium-Diazepam,Blue,Tablet,Not Stated,Not Stated,Diazepam,,53.7446,-0.3353
W053912,2024-07-11,BL49,Xanax,Not Stated,White,Tablet,Not Stated,Not Stated,Bromazolam,,53.54165,-2.3916500000000003
W053914,2024-07-11,BS16,Bensedin Diazepam,SP,White,Tablet,Oral,"Relaxed, Confusion",Diazepam,,51.49088571428571,-2.5036
W053885,2024-07-11,N22,Valium,Diazepam Bensedin,White,Tablet,Not Stated,Not Stated,Diazepam,,51.6,-0.1167
W053900,2024-07-11,G14,Diazepam,Galenika Bensedin,White,Tablet,Not Stated,Not Stated,Diazepam,,55.8805,-4.3509
W053927,2024-07-11,SW1,Lorazepam,Nerodelm,White,Tablet,Not Stated,Not Stated,Lorazepam,,51.495583333333336,-0.1417916666666666
W053948,2024-07-11,BS23,Xanax bar,Not Stated,White,Tablet,Oral,No Effect,No Active Component Identified,,51.33485,-2.9787
W053957,2024-07-11,CH1,Bromazolam powder,Bromazolam,Pink,Powder,Not Stated,Not Stated,Bromazolam,,53.2239,-2.9434428571428577
W054090,2024-07-16,BN21,Diazepam,Bensedin,White,Tablet,Not Stated,Not Stated,No Active Component Identified,,50.7687,0.2845
000039708,2024-07-16,LL49,Diazepam,Diazepam,Blue,Tablet,Oral,"Euphoria, Visual Hallucinations, Chest Pains, Irregular Heartbeat, Nausea, Paranoia",Bromazolam,,52.942910000000005,-4.16
W054158,2024-07-16,MK41,Diazepam/Valium,Galenika Bensedin,White,Tablet,Not Stated,Not Stated,"Bromazolam, Metonitazene",,52.15575,-0.450575
W054001,2024-07-16,CF44,Diazepam,Not Stated,Blue,Tablet,Oral,Relaxed,Diazepam,,51.7327125,-3.48293125
W053917,2024-07-16,E6,Clonazepam,Not Stated,White,Solid,Oral,"Increased Energy, Increased Strength",Clonazepam,,51.526475,0.049325
W054032,2024-07-16,SR3,Diazepam,Not Stated,White,Tablet,Not Stated,Not Stated,Diazepam,,54.874233333333336,-1.4153666666666669
W054030,2024-07-16,S1,Loghman Diazepam,Not Stated,Blue,Tablet,Not Stated,Not Stated,Diazepam,,53.383,-1.4659
W054004,2024-07-16,EH14,Diazepam,Not Stated,White,Tablet,Not Stated,Not Stated,Etizolam,,55.894733333333335,-3.3110166666666667
W054079,2024-07-16,EH8,Diazepam,Not Stated,White,Tablet,Oral,"Relaxed, Memory Loss, Loss of consciousness",Etizolam,,55.9489,-3.1632
W054135,2024-07-16,BS23,Xanax bar,Not Stated,White,Tablet,Not Stated,Not Stated,Bromazolam,,51.33485,-2.9787
W054081,2024-07-16,S56T,Diazepam,Diazepam,"Purple, Blue",Tablet,Not Stated,Not Stated,"Bromazolam, Metonitazene",,,
W054024,2024-07-16,EH3,Diazepam,Roche,White,Tablet,Not Stated,Not Stated,Etizolam,,55.9521,-3.1965
W053938,2024-07-22,DN12,Diazepam,Bensedin,White,Tablet,Not Stated,Not Stated,Bromazolam,,53.4851,-1.2453
W054123,2024-07-22,CF62,Valium,Not Stated,Blue,Tablet,Oral,"Relaxed, Memory Loss","Bromazolam, Metonitazene",,51.4027,-3.37145
W054306,2024-07-22,BN29,Diazepam,Hemofarm Diazepam,White,Tablet,Not Stated,Not Stated,Diazepam,,50.823825,-0.082825
W054061,2024-07-22,CH1,Xanax,Xanax Viatris,Pink,Tablet,Not Stated,Not Stated,Alprazolam,,53.2239,-2.9434428571428577
000235197,2024-07-22,CF10,Valium,Not Stated,White,Tablet,Oral,No Effect,No Active Component Identified,,51.48,-3.18
W054191,2024-07-22,SL4,Valium,Not Stated,Blue,Tablet,Oral,"Euphoria, Increased Confidence, Empathy, Relaxed",Bromazolam,Diazepam,51.47827692307692,-0.6311692307692307
W054132,2024-07-22,AB25,Diazepam,Not Stated,White,Tablet,Not Stated,Not Stated,"Etizolam, Cocaine",,57.1437,-2.0981
W054119,2024-07-22,CF40,Diazepam MSJ,MSJ,Blue,Tablet,Not Stated,Not Stated,"Bromazolam, Cocaine",,51.627316666666665,-3.461883333333333
W054205,2024-07-22,N17,Diazepam,Not Stated,Yellow,Tablet,Not Stated,Not Stated,Diazepam,,51.59922,-0.07094
W054206,2024-07-22,N17,Diazepam,Not Stated,Yellow,Tablet,Not Stated,Not Stated,Diazepam,,51.59922,-0.07094
W054140,2024-07-22,CF72,Diazepam,Diazepam (martin Dow),Blue,Powder,Not Stated,Not Stated,Diazepam,,51.530146153846154,-3.408415384615384
000044248,2024-07-22,CF72,Diazepam,Not Stated,White,Tablet,Oral,"Increased Strength, Relaxed",Diazepam,,51.530146153846154,-3.408415384615384
W054258,2024-07-22,SE18,Valium/Diazepam,Bensedin Diazepam Galenika tableta,White,Tablet,Oral,"Increased Confidence, Empathy, Relaxed, Memory Loss, Tiredness",Diazepam,,51.48716666666667,0.0740666666666666
W054099,2024-07-22,KY12,Valium,Not Stated,Blue,Tablet,Not Stated,Not Stated,Bromazolam,,56.087095,-3.539235
W054257,2024-07-22,SE18,Xanax/Alprazolam,Ksalol Galenika Alprazolam,Blue,Tablet,Oral,"Relaxed, Memory Loss, Confusion",Alprazolam,,51.48716666666667,0.0740666666666666
W054255,2024-07-22,TN4,Lorazepam,Lorazepam,White,Tablet,Not Stated,Not Stated,Lorazepam,,51.1568,0.244275
W054304,2024-07-22,BN29,Diazepam,Sobhan Darou Diazepam,Blue,Tablet,Not Stated,Not Stated,Diazepam,,50.823825,-0.082825
W054145,2024-07-22,NE35,Valium,Bensedin,White,Tablet,Not Stated,Not Stated,Diazepam,,54.9503,-1.469
W054130,2024-07-22,TN6,Diazepam,MSJ,Blue,Tablet,Oral,Relaxed,Bromazolam,,51.05577777777778,0.2130888888888889
W054227,2024-07-22,YO11,Diazepam,Not Stated,White,Tablet,Oral,"Increased Energy, Increased Confidence, Enhanced Senses, Relaxed",Clonazepam,,54.23711428571429,-0.3853571428571428
W054171,2024-07-22,KT6,Diazepam,Galenika Bensedin Diazepam,White,Tablet,Oral,Relaxed,Diazepam,,51.38595,-0.2898
000040368,2024-07-22,NP20,Valium,Diazepam,Blue,Tablet,Oral,"Euphoria, Auditory Hallucinations, Visual Hallucinations, Relaxed, Irregular Heartbeat, Paranoia, Confusion, Agitation, Suicidal Ideation",Bromazolam,,51.5877,-2.9984
000230447,2024-07-22,NP20,Benzodiazepine,Bensedin,White,Tablet,Oral,"Euphoria, Relaxed",Diazepam,,51.5877,-2.9984
W054235,2024-07-22,CF14,Lorazepam,Lor-3 Lorazepam,White,Tablet,Not Stated,Not Stated,Lorazepam,,51.5199,-3.204
000042762,2024-07-22,CF23,Diazepam,Not Stated,White,Tablet,Oral,"Increased Confidence, Relaxed",Bromazolam,,51.5144,-3.1545
W054237,2024-07-22,CF14,Diazepam,Not Stated,White,Tablet,Not Stated,Not Stated,Diazepam,,51.5199,-3.204
W054202,2024-07-22,EH16,Alprazolam-Xanax,Ksalol Galenika,Blue,Tablet,Oral,"Increased Confidence, Enhanced Senses, Empathy, Memory Loss, Confusion, Agitation, Violence/Aggression",Bromazolam,,55.92249999999999,-3.1511333333333336
000232990,2024-07-22,CF34,Valium,MSJ,Blue,Tablet,"Oral, Smoked","Relaxed, Tiredness",Bromazolam,,51.6030625,-3.6485
W054259,2024-07-22,SE18,Xanax,Ksalol Galenika Alprazolam,Blue,Tablet,Oral,"Relaxed, Memory Loss, Tiredness",Alprazolam,,51.48716666666667,0.0740666666666666
W054260,2024-07-22,SE18,Valium/Diazepam,Bensedin Diazepam Galenika,White,Tablet,Oral,"Empathy, Relaxed, Memory Loss, Tiredness",Diazepam,,51.48716666666667,0.0740666666666666
W052815,2024-07-22,AB11,Clonazepam,Not Stated,White,Tablet,Not Stated,Not Stated,Clonazepam,,57.1437,-2.0981
W054234,2024-07-22,CF14,Diazepam,Accord Diazepam,Blue,Tablet,Not Stated,Not Stated,Bromazolam,,51.5199,-3.204
W054395,2024-07-23,CF63,Accord Diazepam,Not Stated,Yellow,Tablet,Not Stated,Not Stated,Diazepam,,51.4172,-3.2614
W054396,2024-07-23,CF63,Bensedin Diazepam,Not Stated,White,Tablet,Not Stated,Not Stated,No Active Component Identified,,51.4172,-3.2614
W054405,2024-07-23,TA6,Bensedin Diazepam,Galenika Bensedin,White,Tablet,Not Stated,Not Stated,Diazepam,,51.139228571428575,-3.006471428571429
W054345,2024-07-23,GL50,Rivotril,Not Stated,White,Tablet,Not Stated,Not Stated,Clonazepam,,51.9,-2.0833
W054346,2024-07-23,GL50,Clonazepam,Rivotril,White,Tablet,Not Stated,Not Stated,Clonazepam,,51.9,-2.0833
W054344,2024-07-23,YO10,Diazepam,Galenika Bensedin Diazepam,White,Tablet,Not Stated,Not Stated,Diazepam,,53.9576,-1.0827
W054352,2024-07-23,AL10,Diazepam,Not Stated,Yellow,Tablet,Not Stated,Not Stated,Diazepam,,51.7634,-0.2242
W054353,2024-07-23,AL10,Diazepam,Not Stated,Yellow,Tablet,Not Stated,Not Stated,Diazepam,,51.7634,-0.2242
W054359,2024-07-23,AL10,Diazepam,Not Stated,Yellow,Tablet,Not Stated,Not Stated,Diazepam,,51.7634,-0.2242
W054368,2024-07-23,SE17,Alprazolam,Not Stated,Blue,Tablet,Not Stated,Not Stated,Alprazolam,,51.48563333333333,-0.1028333333333333
000233781,2024-07-23,CF10,Xanax,Not Stated,White,Tablet,Not Stated,"Relaxed, Paranoia, Memory Loss, Loss of consciousness",No Active Component Identified,,51.48,-3.18
W054356,2024-07-23,AL10,Diazepam,Not Stated,Yellow,Tablet,Not Stated,Not Stated,Diazepam,,51.7634,-0.2242
W054289,2024-07-23,CF36,Clonazepam,Elikem Nozim,Blue,Tablet,Not Stated,Not Stated,Clonazepam,,51.48453333333333,-3.6951
000043005,2024-07-23,LL55,Xanax,Not Stated,Red,Tablet,Not Stated,"Chest Pains, Irregular Heartbeat","Caffeine, Bromazolam",,53.12915357142857,-4.195053571428572
W054126,2024-07-23,AB42,Diazepam,Not Stated,White,Tablet,Oral,No Effect,Diazepam,,57.48231142857143,-1.924825714285714
000043010,2024-07-23,LL55,Xanax,Not Stated,White,Tablet,Not Stated,"Chest Pains, Irregular Heartbeat",Bromazolam,,53.12915357142857,-4.195053571428572
W054318,2024-07-23,SR3,Diazepam,Martin Dow Diaz,Blue,Tablet,Not Stated,Not Stated,Diazepam,,54.874233333333336,-1.4153666666666669
W054280,2024-07-23,ML66,Valium,Valium by Martin Dow Ltd,Blue,Tablet,Oral,"Increased Confidence, Relaxed",Diazepam,,55.876992307692305,-3.925407692307692
W053882,2024-07-23,WV6,Diazepam,Bensedin Galenika Diazepam,White,Tablet,Not Stated,Not Stated,Diazepam,,52.59424545454545,-2.2206454545454544
000043095,2024-07-23,LL55,Diazepam,Not Stated,Blue,Tablet,Oral,"Relaxed, Confusion",Bromazolam,,53.12915357142857,-4.195053571428572
W054020,2024-07-23,EH1,Benzo,Not Stated,White,Tablet,Not Stated,Not Stated,Etizolam,,55.9521,-3.1965
W054307,2024-07-23,GL6,Diazepam,Galenika Bensedin Diazepam,White,Tablet,Not Stated,Not Stated,Diazepam,,51.738542307692306,-2.1929
W054209,2024-07-23,NE66,Diazepam,Galenika Tableta,White,Tablet,Oral,"Euphoria, Increased Energy, Empathy, Relaxed, Paranoia, Panic Attack, Agitation",Diazepam,,55.419943396226415,-1.7907415094339625
W051212,2024-07-23,CF31,Diazepam,Not Stated,White,Tablet,Not Stated,Not Stated,Diazepam,,51.507666666666665,-3.577733333333333
W054277,2024-07-23,TS11,Xanax bar,Not Stated,White,Tablet,Not Stated,Not Stated,"Etizolam, Alprazolam",,54.57873333333333,-1.028166666666667
W054268,2024-07-23,G12,Diazepam,Bensedin Diazepam,White,Tablet,Oral,Relaxed,Diazepam,,55.8804,-4.3007
W054333,2024-07-23,SA15,Xanax,Alprazolam,White,Tablet,Not Stated,Not Stated,Alprazolam,,51.74003,-4.187250000000001
W054266,2024-07-23,TS11,Diazepam powder,Diazepam,White,Powder,Not Stated,Not Stated,"Etizolam, Alprazolam",,54.57873333333333,-1.028166666666667
W054374,2024-07-25,PL12,Diazepam,Dizpam Neurovision,White,Tablet,Oral,"Euphoria, Increased Confidence, Enhanced Senses, Empathy, Relaxed, Memory Loss",Diazepam,,50.446335294117645,-4.2670352941176475
W054473,2024-07-25,LE2,Diazepam,Galenika Bensedin,White,Tablet,Not Stated,Not Stated,Diazepam,,52.60181666666667,-1.1167166666666668
000039650,2024-07-25,NP12,Diazepam,MSJ,Blue,Tablet,Oral,"Relaxed, Irregular Heartbeat","Bromazolam, Diazepam",,51.6678,-3.2075
W054386,2024-07-25,AL7,Valium (Diazepam),Martin Dow Valium (Diazepam),Blue,Tablet,Oral,"Increased Confidence, Relaxed",Bromazolam,,51.7969,-0.1871
W054423,2024-07-25,IM12,Temazepam,Teva Temazepam,White,Tablet,Not Stated,Not Stated,No Active Component Identified,,54.15,-4.4833
W054424,2024-07-25,IM12,Diazepam,Valium,Blue,Tablet,Not Stated,Not Stated,Bromazolam,,54.15,-4.4833
000232992,2024-07-25,CF32,Diazepam,Not Stated,Blue,Tablet,Oral,"Relaxed, Tiredness",Bromazolam,,51.536704166666674,-3.5931333333333337
000231404,2024-07-25,NP20,Diazepam,Not Stated,White,Tablet,Oral,Euphoria,Diazepam,,51.5877,-2.9984
W054403,2024-07-25,GL53,Xanax Alprazolam,Galenika Ksalol Alprazolam,,Tablet,Not Stated,Not Stated,Alprazolam,,51.8192,-2.05427
W054370,2024-07-25,DN12,Diazepam,Galenika Bensedin,White,Tablet,Oral,"Relaxed, Memory Loss, Insomnia",Diazepam,,53.4851,-1.2453
W054321,2024-07-25,G2,Diazepam (Polish),Array,White,Tablet,Not Stated,Not Stated,Diazepam,,55.8651,-4.2576
W054437,2024-07-25,G33,Diazepam,Bensedin Diazepam,White,Tablet,Not Stated,Not Stated,No Active Component Identified,,55.889,-4.1521
W054372,2024-07-25,PL12,Red Devils Xanax (Alprazolam),Xanax,Red,Tablet,Oral,"Euphoria, Increased Confidence, Empathy, Relaxed, Paranoia, Memory Loss, Confusion, Loss of consciousness","Caffeine, Bromazolam",,50.446335294117645,-4.2670352941176475
W054415,2024-07-25,SR47,Diazepam,Not Stated,Brown,Tablet,Oral,"Increased Confidence, Relaxed, Memory Loss, Confusion",Diazepam,,54.9004,-1.4255
W054373,2024-07-25,PL12,Xanax + Diazepam,Xanax,Blue,Tablet,Oral,"Euphoria, Increased Confidence, Empathy, Relaxed, Memory Loss, Confusion","Caffeine, Bromazolam",,50.446335294117645,-4.2670352941176475
W054322,2024-07-25,TS1,Ksalol Alprazolam,Not Stated,Blue,Tablet,Not Stated,Not Stated,Alprazolam,,54.5762,-1.2348
W054324,2024-07-25,TS1,Rivtril Clonazepam,Not Stated,White,Tablet,Not Stated,Not Stated,Clonazepam,,54.5762,-1.2348
W054320,2024-07-25,TS1,Bensedin Diazepam,Not Stated,White,Tablet,Not Stated,Not Stated,Diazepam,,54.5762,-1.2348
W054427,2024-07-25,SW14,Diazepam,Not Stated,White,Tablet,Not Stated,Not Stated,Metoclopramide,,51.4655,-0.2669
000039598,2024-07-25,G51,Valium,Not Stated,White,Tablet,Not Stated,"Euphoria, Relaxed, Nausea, Paranoia, Memory Loss, Confusion, Agitation, Overdose",No Active Component Identified,,55.8633,-4.3124
W054428,2024-07-25,SA7,Lorazepam,Not Stated,White,Tablet,Oral,"Relaxed, Loss of consciousness",Lorazepam,,51.6703,-3.8862
W054404,2024-07-25,GL53,Clonazepam,Aran Pharmaceuticals,,Tablet,Not Stated,Not Stated,Clonazepam,,51.8192,-2.05427
000232770,2024-07-25,LD3,Diazepam,Not Stated,Blue,Tablet,Oral,"Increased Confidence, Relaxed, Agitation",Bromazolam,,51.99435362318841,-3.411075362318841
W054366,2024-07-25,BS10,Diazepam,Galenika Bensedin,White,Tablet,Not Stated,Not Stated,Diazepam,,51.509866666666674,-2.635366666666666
W054330,2024-07-25,CF83,Diazepam,Not Stated,Blue,Tablet,Oral,"Relaxed, Paranoia, Memory Loss, Confusion, Depression, Suicidal Ideation",Bromazolam,,51.59288333333333,-3.2333833333333337
W054406,2024-07-25,DD1,Valium,Not Stated,White,Tablet,Not Stated,Not Stated,Bromazolam,,56.461,-2.9766
W054232,2024-07-25,EH14,Clonazepam,Rivotril tableta,White,Tablet,Not Stated,Not Stated,Clonazepam,,55.894733333333335,-3.3110166666666667
W054441,2024-07-29,BB10,Diazepam,Activis Diazepam,White,Tablet,Not Stated,Not Stated,Diphenhydramine,,53.7886,-2.2055249999999997
W054483,2024-07-29,DE56,Alprazolam,Galenika Ksalol,"White, Blue",Tablet,Oral,"Euphoria, Relaxed",Alprazolam,,53.015025,-1.52279
W054439,2024-07-29,BB10,Diazepam,Accord Diazepam,Blue,Tablet,Not Stated,Not Stated,Bromazolam,,53.7886,-2.2055249999999997
W054443,2024-07-29,BB10,Diazepam,Galenika Bensedin Diazepam,White,Tablet,Not Stated,Not Stated,Diazepam,,53.7886,-2.2055249999999997
W054482,2024-07-29,M25,Bensedin Diazepam,Bensedin,White,Tablet,Not Stated,Not Stated,Diazepam,,53.5333,-2.2833
W054442,2024-07-29,BB10,Diazepam,Bensedin Galenika Diazepam,White,Tablet,Not Stated,Not Stated,Diazepam,,53.7886,-2.2055249999999997
W054440,2024-07-29,BB10,Diazepam,Accord Diazepam,Blue,Tablet,Not Stated,Not Stated,Diazepam,,53.7886,-2.2055249999999997
W054445,2024-07-29,BB10,Alprazolam,Galenika Ksalol Alprazolam,White,Tablet,Not Stated,Not Stated,Bromazolam,,53.7886,-2.2055249999999997
W054446,2024-07-29,BB10,Diazepam,Martin Daves Valium,Blue,Tablet,Not Stated,Not Stated,Diazepam,,53.7886,-2.2055249999999997
W054444,2024-07-29,BB10,Alprazolam,R-lam Alprazolam,White,Tablet,Not Stated,Not Stated,Alprazolam,,53.7886,-2.2055249999999997
W054500,2024-07-29,KT18,Alprazolam,RLam-1,White,Tablet,Oral,"Relaxed, Insomnia, Depression",Alprazolam,,51.2788,-0.2763
W054530,2024-07-29,BN21,Diazepam,Bensedin Galenika,White,Tablet,Not Stated,Not Stated,Diazepam,,50.7687,0.2845
000232439,2024-07-29,SY16,Valium,Valium,Blue,Tablet,Oral,Not Stated,Bromazolam,,52.50787647058824,-3.3015823529411765
W054362,2024-07-29,TN40,Etizolam,Not Stated,"Pink, Red",Tablet,Not Stated,Not Stated,Bromazolam,,50.8502,0.471
W054480,2024-07-29,NE15,Diazepam,Diazepam Bensedin,White,Tablet,Not Stated,"Increased Confidence, Relaxed, Irregular Heartbeat, Confusion, Agitation, Depression",Bromazolam,,54.99177142857143,-1.7885428571428572
W054484,2024-07-29,ML3,Diazepam,Bensedin,White,Tablet,Not Stated,Not Stated,Bromazolam,,55.76254285714286,-4.045457142857143
W054000,2024-07-29,BS28,Alprazolam,Xanax,White,Tablet,Oral,Relaxed,Bromazolam,,51.22654285714286,-2.811271428571428
W054316,2024-07-29,SX7,Benzo?,WB,White,Tablet,Not Stated,Not Stated,Paracetamol,,,
000231944,2024-07-29,SY16,Valium,Valium,Blue,Tablet,Not Stated,Not Stated,Bromazolam,,52.50787647058824,-3.3015823529411765
W054315,2024-07-29,SX7,Valium,Roche,White,Tablet,Not Stated,Not Stated,Nitrazepam,,,
000035941,2024-07-29,SY16,Valium,Valium,Blue,Tablet,Oral,Not Stated,Bromazolam,,52.50787647058824,-3.3015823529411765
W054471,2024-07-29,WV6,Diazepam,Diazepam Accord,Blue,Tablet,Not Stated,Not Stated,Diazepam,,52.59424545454545,-2.2206454545454544
W054548,2024-07-29,M25,Bensedin Diazepam,Bensedin,White,Tablet,Not Stated,Not Stated,Diazepam,,53.5333,-2.2833
W054580,2024-07-29,RG23,Diazepam,Galenika Bensedin,White,Tablet,Not Stated,Not Stated,Diazepam,,51.25,-1.1884
W054317,2024-07-29,SX7,Valium,Roche,White,Tablet,Not Stated,Not Stated,Mepheridine,,,
W054546,2024-08-01,B26,Alprazolam/Xanax,Teva alpraozlam,Blue,Tablet,Not Stated,Not Stated,Alprazolam,,52.45953333333333,-1.7873333333333334
000230742,2024-08-01,CF31,Valium,Diazepam,Blue,Tablet,Oral,No Effect,Bromazolam,,51.507666666666665,-3.577733333333333
W054631,2024-08-01,CH4,Clonazepam,Elikem,Blue,Tablet,Oral,"Relaxed, Memory Loss, Confusion, Loss of consciousness, Tiredness",Clonazepam,,53.15806666666666,-2.9534749999999996
W054641,2024-08-01,CF24,Diazepam,Not Stated,White,Tablet,Oral,Relaxed,Diazepam,,51.48,-3.18
000230744,2024-08-01,CF31,Valium,Diazepam,Blue,Tablet,Oral,Relaxed,Bromazolam,,51.507666666666665,-3.577733333333333
W054614,2024-08-01,MK11,Clonazolam,Not Stated,White,Tablet,Not Stated,Not Stated,Caffeine,,52.0568,-0.8528
W054668,2024-08-01,BR7,Diazepam,Bensedin,White,Tablet,Not Stated,Not Stated,Diazepam,,51.4171,0.0686
W054637,2024-08-01,SA11,Benzodiazepine,Not Stated,Blue,Tablet,Oral,"Increased Strength, Paranoia, Memory Loss, Confusion, Violence/Aggression, Depression",Bromazolam,,51.70800714285714,-3.6944071428571426
W054714,2024-08-01,L24,diazepam,neurovision,White,Tablet,Oral,"Increased Confidence, Relaxed, Breathlesness",Diazepam,,53.3407,-2.841
W054617,2024-08-01,WF4,Rivotril Clonazepam,Rivotril,White,Tablet,Oral,"Increased Confidence, Relaxed",Clonazepam,,53.638326666666664,-1.5293733333333333
W054700,2024-08-01,CK10,Valium,Roche,Blue,Tablet,Oral,"Increased Confidence, Increased Energy",Etizolam,,,
W054859,2024-08-05,AB42,Xanax bar,Not Stated,Green,Tablet,Oral,"Increased Confidence, Empathy, Relaxed",Bromazolam,,57.48231142857143,-1.924825714285714
W054576,2024-08-05,BT63,Xanax,Ksalol Xanax,White,Tablet,Oral,"Relaxed, Tiredness",Bromazolam,,54.40035,-6.3995999999999995
W054792,2024-08-05,GU31,Diazepam,Bensedin Diazepam,White,Tablet,Not Stated,Not Stated,Bromazolam,,50.9863,-0.87712
000034014,2024-08-05,CF83,MSJ,Not Stated,Blue,Tablet,Not Stated,Overdose,Bromazolam,,51.59288333333333,-3.2333833333333337
W054656,2024-08-05,LA13,Alprazolam,Neurovision Alpz,White,Tablet,Not Stated,Not Stated,Alprazolam,,54.11367142857143,-3.193485714285714
W054775,2024-08-05,BN29,Xanax Rlam,Alprazolam tablets,White,Tablet,Not Stated,Not Stated,Alprazolam,,50.823825,-0.082825
000232737,2024-08-05,SA15,Valium,Not Stated,Blue,Tablet,Not Stated,Not Stated,Bromazolam,,51.74003,-4.187250000000001
W054652,2024-08-05,LA13,Etizolam,Etikem,"White, Pink",Tablet,Not Stated,Not Stated,Etizolam,,54.11367142857143,-3.193485714285714
W054782,2024-08-05,CF63,Diazepam,Not Stated,Blue,Tablet,Not Stated,Not Stated,Bromazolam,,51.4172,-3.2614
W054654,2024-08-05,LA13,Alprazolam,Neurovision Alpz,White,,Not Stated,Not Stated,Alprazolam,,54.11367142857143,-3.193485714285714
W054660,2024-08-05,LA13,Diazepam,Neurovision,White,Tablet,Not Stated,Not Stated,Diazepam,,54.11367142857143,-3.193485714285714
W054659,2024-08-05,LA13,Diazepam,neurovision,White,Tablet,Not Stated,Not Stated,Diazepam,,54.11367142857143,-3.193485714285714
W054661,2024-08-05,LA13,Diazepam,nEurovision,White,Tablet,Not Stated,Not Stated,Diazepam,,54.11367142857143,-3.193485714285714
W054653,2024-08-05,LA13,Etizolam,Etikem,"White, Pink",Tablet,Not Stated,Not Stated,Etizolam,,54.11367142857143,-3.193485714285714
W054577,2024-08-05,MK13,Diazepam,Diazepam,White,Tablet,Oral,"Relaxed, Memory Loss, Violence/Aggression",No Active Component Identified,,52.0486,-0.7877
W054793,2024-08-05,GU31,Alprazolam,Not Stated,Blue,Tablet,Not Stated,Not Stated,Alprazolam,,50.9863,-0.87712
W054583,2024-08-05,G46,Diazepam,Diazepam (Accord),Blue,Tablet,Not Stated,Not Stated,Bromazolam,,55.8037,-4.2949
W054800,2024-08-05,AB42,Xanax,Not Stated,White,Tablet,Not Stated,Not Stated,Bromazolam,,57.48231142857143,-1.924825714285714
W054727,2024-08-05,WR13,Diazepam,Diazepam Bensedin,White,Tablet,Not Stated,No Effect,Bromazolam,,52.09508421052632,-2.3295421052631577
W054720,2024-08-05,GL53,Diazepam,Galenika Bensedin,White,Tablet,Not Stated,Not Stated,Diazepam,,51.8192,-2.05427
W054835,2024-08-05,G74,Xanax Alprazolam,Not Stated,White,Tablet,Not Stated,Not Stated,Zopiclone,,55.76583333333334,-4.1700333333333335
W054780,2024-08-05,EH19,Diazepam,Diazepam,White,Tablet,Oral,"Increased Confidence, Relaxed",Diazepam,,55.8733,-3.1051
000233270,2024-08-05,CF10,Diazepam,Dizpam,White,Tablet,Not Stated,Not Stated,Diazepam,,51.48,-3.18
000233271,2024-08-05,CF10,Xanax,Not Stated,White,Tablet,Not Stated,Not Stated,No Active Component Identified,,51.48,-3.18
000044389,2024-08-05,SA15,Valium,Not Stated,Blue,Tablet,Oral,"Relaxed, Memory Loss, Confusion",Bromazolam,,51.74003,-4.187250000000001
W054854,2024-08-05,WR13,Diazepam,Dizepam Elikem,White,Tablet,Not Stated,Not Stated,Diazepam,,52.09508421052632,-2.3295421052631577
W054928,2024-08-06,CF63,Diazepam,Bensedin Galenika Diazepam,White,Tablet,Not Stated,Not Stated,Diazepam,,51.4172,-3.2614
W054311,2024-08-06,KY11,Valium,Bensedin Galenika,White,Tablet,Oral,"Increased Confidence, Relaxed, Memory Loss",Diazepam,,56.037644444444446,-3.422588888888889
W054784,2024-08-06,PH1,Valium,Roche,White,Tablet,Oral,"Increased Confidence, Relaxed",Etizolam,,56.43174736842105,-3.4980552631578945
W054603,2024-08-06,BS5,Diazepam,Not Stated,White,Tablet,Not Stated,Not Stated,Alprazolam,,51.462,-2.5519
000044396,2024-08-06,SA5,Valium,Diazepam,Yellow,Tablet,Oral,"Euphoria, Increased Confidence, Empathy, Relaxed, Paranoia, Memory Loss, Confusion",Diazepam,,51.64667142857143,-3.9853857142857145
W054905,2024-08-06,LA1,Xanax,Not Stated,White,Tablet,Oral,"Euphoria, Increased Confidence, Relaxed, Memory Loss, Confusion, Loss of consciousness","Caffeine, Bromazolam",,54.0316,-2.7915
W054813,2024-08-06,G12,Diazepam,Galenika Bensedin,White,Tablet,Not Stated,Not Stated,Diazepam,,55.8804,-4.3007
W054929,2024-08-06,CF63,Lorazepam,Hemofarm Lorazepam,Blue,Tablet,Not Stated,Not Stated,No Active Component Identified,,51.4172,-3.2614
W054779,2024-08-06,FK7,Street valium,Roche,Blue,Tablet,Oral,"Relaxed, Breathlesness, Memory Loss",Bromazolam,,56.0861125,-3.9108875
W054772,2024-08-06,CF37,Xanax,Xanax,Blue,Tablet,Oral,Relaxed,Alprazolam,,51.613815384615386,-3.3598076923076925
W054836,2024-08-06,GU15,Diazepam,Accord Diazepam,Yellow,Tablet,Not Stated,Not Stated,Diazepam,,51.337,-0.7426
W054898,2024-08-07,M7,Diazepam,Diazepam,Blue,Tablet,Not Stated,Not Stated,Diazepam,,53.5056,-2.2623
W054820,2024-08-07,AL1,Diazepam,Diazepam,Yellow,Tablet,Not Stated,Not Stated,Diazepam,,51.75,-0.3333
W054920,2024-08-07,B70,Diazepam,Not Stated,White,Tablet,Oral,Relaxed,Paracetamol,,52.5187,-1.9945
W054913,2024-08-07,CH6,Clobromazolam/Phenazolam,Clobromazolam,Brown,Powder,Not Stated,Not Stated,Unable to identify,,53.255125,-3.1489
W054922,2024-08-07,W5,Diazepam,Elikem Diazepam,White,Tablet,Oral,No Effect,Diazepam,,51.516333333333336,-0.2851888888888889
W054978,2024-08-12,TQ9,Xanax/Alprazolam,Tehran Darou Alprazolam,Blue,Tablet,Oral,"Euphoria, Increased Energy, Increased Confidence, Increased Stamina, Increased Strength, Relaxed, Memory Loss, Confusion, Tiredness",Alprazolam,,50.40683125,-3.696409375
W054899,2024-08-12,CH1,Xanax,Viatris,Pink,Tablet,Not Stated,Not Stated,Alprazolam,,53.2239,-2.9434428571428577
000234537,2024-08-12,CF10,Valium-Diazepam,Diazepam,Blue,Tablet,Not Stated,Not Stated,Bromazolam,,51.48,-3.18
W054974,2024-08-12,SL7,Clonazepam,Rnaze Clonazepam,White,Tablet,Oral,Relaxed,Clonazepam,,51.5658,-0.78258
W054972,2024-08-12,SL7,Lorazepam,Lorus Lorazepam,White,Tablet,Oral,Relaxed,Lorazepam,,51.5658,-0.78258
W054968,2024-08-12,M14,Etizolam,Etikem,Pink,Tablet,Not Stated,Not Stated,Etizolam,Nicotine,53.4482,-2.2257
W054966,2024-08-12,M14,Diazepam,Bensedin,White,Tablet,Not Stated,Not Stated,Diazepam,,53.4482,-2.2257
W054967,2024-08-12,M14,Diazepam,Valium,Blue,Tablet,Not Stated,Not Stated,Diazepam,,53.4482,-2.2257
000232727,2024-08-12,SA1,Valium,Not Stated,White,Tablet,Not Stated,Not Stated,Bromazolam,,51.633979999999994,-3.94848
W054961,2024-08-12,WR13,Diazepam,Diazepam Bensedin,White,Tablet,Not Stated,Not Stated,Diazepam,,52.09508421052632,-2.3295421052631577
W054973,2024-08-12,SL7,Clonazepam,Rivotril Clonazepam,White,Tablet,Oral,Relaxed,Clonazepam,,51.5658,-0.78258
W055042,2024-08-12,SN11,Diazepam,Loghman,Blue,Tablet,Not Stated,Not Stated,Diazepam,,51.44735555555556,-1.9766
W054747,2024-08-12,CW9,Diazepam,bensedin,White,Tablet,Not Stated,Not Stated,Bromazolam,,53.264406666666666,-2.5003200000000003
W055044,2024-08-12,SN11,Diazepam,Bensedin,White,Tablet,Not Stated,Not Stated,Diazepam,,51.44735555555556,-1.9766
W054970,2024-08-12,CF37,Valium,Not Stated,Blue,Tablet,Not Stated,Not Stated,Paracetamol,,51.613815384615386,-3.3598076923076925
000232736,2024-08-12,SA1,Valium,Not Stated,Blue,Tablet,Not Stated,Not Stated,Bromazolam,,51.633979999999994,-3.94848
W054999,2024-08-12,BS2,Xanax,Not Stated,White,Tablet,Not Stated,Not Stated,Flualprazolam,,51.4552,-2.5966
W054984,2024-08-12,RG31,Xanax Alprazolam,Galenika Ksalol,"White, Blue",Tablet,Not Stated,Not Stated,Alprazolam,,51.4513,-1.046266666666667
W054923,2024-08-12,AL4,Diazepam,Diazepam Accord,Yellow,Tablet,Not Stated,Not Stated,Diazepam,,51.776783333333334,-0.2842833333333333
W054979,2024-08-12,G71,Valium,Bensedin,White,Tablet,Oral,"Euphoria, Relaxed, Paranoia, Memory Loss",Diazepam,,55.8112,-4.076
W054971,2024-08-12,RG1,Alprazolam,Alprazolam Ksalol,"Blue, Grey",Tablet,Not Stated,Not Stated,Bromazolam,,51.4563,-0.9711
W055002,2024-08-12,CW73,Alrpazolam,Not Stated,White,Tablet,Not Stated,Not Stated,Alprazolam,,53.1771875,-2.5334
W049273,2024-08-12,KY8,Valium,Not Stated,White,Tablet,Oral,"Relaxed, Memory Loss, Confusion, Loss of consciousness, Violence/Aggression, Insomnia, Suicidal Ideation",Clonazolam,,56.209568181818184,-2.9803318181818184
W054855,2024-08-12,CF10,Diazepam,Not Stated,Blue,Tablet,Oral,"Relaxed, Nausea, Memory Loss",Chlorpheniramine,,51.48,-3.18
W054980,2024-08-12,KT2,Diazepam,Bensedin Galenika,White,Tablet,Not Stated,Not Stated,Diazepam,,51.4186,-0.2904
W056872,2024-08-15,CB1,Klonazepam,Not Stated,White,Tablet,Oral,Increased Energy,Clonazepam,,52.19619090909091,0.1483272727272727
W054985,2024-08-15,SW9,Xanax,Xanax,White,Tablet,Not Stated,"Euphoria, Relaxed",Bromazolam,,51.474,-0.1168
W055109,2024-08-15,AB11,Lorazapam,Lorazpam Zor-z,White,Tablet,Oral,"Euphoria, Increased Confidence, Increased Stamina, Enhanced Senses, Increased Strength, Relaxed",Lorazepam,"Quetiapine, Tramadol",57.1437,-2.0981
W055112,2024-08-15,AB11,Diazepam,Bensidine,White,Tablet,Not Stated,No Effect,No Active Component Identified,,57.1437,-2.0981
W055107,2024-08-15,AB11,Valium,Diazepam,Yellow,Tablet,Not Stated,No Effect,Diazepam,,57.1437,-2.0981
W055105,2024-08-15,AB11,Clonazepam,Clonazepam 2mg,White,Tablet,Oral,"Euphoria, Increased Confidence, Enhanced Senses, Increased Energy, Relaxed",Clonazepam,,57.1437,-2.0981
W055110,2024-08-15,AB11,Alprazolam,Alprazolam alpz-1,White,Tablet,Oral,"Increased Confidence, Increased Energy, Increased Stamina, Relaxed, Enhanced Senses",Alprazolam,,57.1437,-2.0981
W055106,2024-08-15,AB11,Nitrazepam,Nitrazepam Arnite 10,White,Tablet,Oral,Not Stated,Nitrazepam,,57.1437,-2.0981
W056890,2024-08-15,DY10,Xanax -Alprazolam,Xanax- Alprazolam,White,Tablet,Oral,Relaxed,Alprazolam,,52.3848,-2.212788888888889
W055108,2024-08-15,AB11,Diazepam,Diazepam 10mg ,White,Tablet,Not Stated,"Increased Confidence, Enhanced Senses, Increased Strength, Relaxed",Diazepam,Paracetamol,57.1437,-2.0981
W055057,2024-08-15,WF3,Diazepam,Bensedin 10mg,White,Tablet,Oral,No Effect,No Active Component Identified,,53.729016666666666,-1.5177500000000002
W054697,2024-08-15,EH26,Alprazolam,Alprazolam,White,Tablet,Not Stated,Not Stated,Bromazolam,,55.82387142857142,-3.241371428571429
W055079,2024-08-15,TN4,Diazepam,Valium (diazepam) 10mg ,,Tablet,Not Stated,Not Stated,Diazepam,,51.1568,0.244275
W053501,2024-08-15,EH26,Diazepam 10mg,Diazepam,White,Tablet,Oral,"Relaxed, Confusion, Loss of consciousness",Bromazolam,,55.82387142857142,-3.241371428571429
W055058,2024-08-15,BD21,Diazepam Gabapentin,Not Stated,,Tablet,Oral,Increased Energy,"Gabapentin, Diazepam",,53.8611,-1.91155
W055071,2024-08-15,NG86,Diazepam,Accord Diazepam 10mg,"White, Blue",Tablet,Not Stated,Not Stated,Diazepam,,52.9648,-1.2132
W055118,2024-08-15,CO7,Diazepam,Bensedin Diazepam,White,Tablet,Not Stated,Not Stated,Diazepam,,51.887447826086955,1.0088478260869564
W055070,2024-08-15,S427,Alprazolam,Alprazolam 1mg Rlam,White,Tablet,Not Stated,Not Stated,Alprazolam,,53.21066,-1.4471733333333332
W055069,2024-08-15,DA11,Diazepam,Bensedin (diazepam) Galenika,White,Tablet,Not Stated,Not Stated,Diazepam,,51.4349,0.3513
W056859,2024-08-15,M7,Diazepam,PPM Diazepam,Blue,Tablet,Not Stated,Not Stated,Diazepam,,53.5056,-2.2623
W056781,2024-08-15,M7,Diazepam,Accord Diazepam,Blue,Tablet,Not Stated,Not Stated,Bromazolam,,53.5056,-2.2623
W055120,2024-08-15,CO7,Clonazepam,Rivotril Klonazepam,White,Tablet,Oral,Relaxed,Clonazepam,,51.887447826086955,1.0088478260869564
W055119,2024-08-15,FK19,Valium,Roche 10,White,Tablet,Oral,"Increased Confidence, Relaxed, Memory Loss, Confusion",Etizolam,,56.33962777777778,-4.394761111111111
W055124,2024-08-15,WF4 ,Galenika Ksalol,Galenika Ksalol,Blue,Tablet,Oral,No Effect,Bromazolam,,53.638326666666664,-1.5293733333333333
W056860,2024-08-15,M7,Diazepam,Bensedin Diazepam,White,Tablet,Not Stated,Not Stated,Diazepam,,53.5056,-2.2623
W055100,2024-08-15,DT8,Diazepam,Bensedin,White,Tablet,Oral,Not Stated,Diazepam,,50.824349999999995,-2.758192857142857
W055753,2024-08-15,TF2,Diazepam,Elipam s,White,Liquid,Not Stated,Not Stated,Diazepam,,52.704975,-2.449375
W055749,2024-08-15,TF2,Xanax,Medsdorter r-lam1,White,Tablet,Not Stated,Not Stated,Alprazolam,,52.704975,-2.449375
W055752,2024-08-15,TF2,Etizolam,Etikem-1,Pink,Tablet,Not Stated,Not Stated,Etizolam,,52.704975,-2.449375
W055097,2024-08-15,CM23,Diazepam,Galenika Bensedin ,White,Tablet,Not Stated,Not Stated,Diazepam,,51.89539,0.15618
W055115,2024-08-15,CO7,Alprazolam,Ksalol Alprazolam,"White, Blue",Tablet,Not Stated,"Increased Confidence, Relaxed",Alprazolam,,51.887447826086955,1.0088478260869564
W054696,2024-08-20,EH26,Clonazepam,Clonazepam,White,Tablet,Oral,"Relaxed, Loss of consciousness",Clonazepam,,55.82387142857142,-3.241371428571429
W056919,2024-08-20,DD1,Valium,Not Stated,White,Tablet,Not Stated,Not Stated,"Desalkyligidazepam, Ketamine",Tramadol,56.461,-2.9766
W056910,2024-08-20,G31,Diazepam 10mg,Bensedin Diazepam 10mg,White,Tablet,Not Stated,Not Stated,Bromazolam,,55.857,-4.209
W056914,2024-08-20,RG31,Valium,Diazepam Bensedin Galenika,White,Tablet,Oral,"Empathy, Relaxed, Irregular Heartbeat",Diazepam,,51.4513,-1.046266666666667
W055111,2024-08-20,AB11,Etizolam,Etizolam 1p 1mg,Pink,Tablet,Not Stated,"Euphoria, Increased Energy, Increased Confidence, Increased Stamina, Relaxed, Memory Loss, Confusion, Loss of consciousness",Etizolam,,57.1437,-2.0981
W056943,2024-08-20,LA13,Clonazepam,Galenika Rivotril ,White,Tablet,Not Stated,Not Stated,Clonazepam,,54.11367142857143,-3.193485714285714
W056946,2024-08-20,LA13,Clonazepam,Not Stated,White,Tablet,Not Stated,Not Stated,Clonazepam,,54.11367142857143,-3.193485714285714
W056948,2024-08-20,LA13,Clonazepam,Klonopin ,White,Tablet,Not Stated,Not Stated,Clonazepam,,54.11367142857143,-3.193485714285714
W057092,2024-08-20,KA36,Alprazolam,Alprazolam Sandoz v5 tablet 5mg,Blue,Tablet,Not Stated,Not Stated,Bromazolam,,55.64550714285714,-4.502764285714286
000232730,2024-08-20,SA1,Valium,Not Stated,Blue,Tablet,Oral,"Increased Strength, Visual Hallucinations",Tramadol,,51.633979999999994,-3.94848
000042761,2024-08-20,CF10,Diazepam,Diazepam,Blue,Tablet,Oral,"Relaxed, Nausea, Paranoia",Diazepam,,51.48,-3.18
000232731,2024-08-20,SA1,Valium,Not Stated,Yellow,Tablet,Oral,"Increased Strength, Visual Hallucinations",Diazepam,,51.633979999999994,-3.94848
W057041,2024-08-20,CO49,Diazepam,EL Pressed on pills (bore),White,Tablet,Oral,"Relaxed, Insomnia",Zopiclone,,51.92355,0.92045
W056980,2024-08-20,DE56,Diazepam,Martain Dow Diazepam,Blue,Tablet,Oral,"Euphoria, Relaxed",Diazepam,,53.015025,-1.52279
W055747,2024-08-20,SE17,Diazepam,Diazepam 10mg,Blue,Tablet,Oral,Not Stated,Diazepam,,51.48563333333333,-0.1028333333333333
W056922,2024-08-20,CM16,Alprazolam,ALPZ-1,White,Tablet,Not Stated,Not Stated,Alprazolam,Diazepam,51.70625555555556,0.1061333333333333
W056923,2024-08-20,CM16,Diazepam,Diazepam 10,White,Tablet,Not Stated,Not Stated,Diazepam,,51.70625555555556,0.1061333333333333
W055131,2024-08-20,EX4,Xanax,Xanax,White,Capsule,Oral,"Vomiting, Agitation",Bromazolam,,50.73776,-3.5296999999999996
W055744,2024-08-20,SE17,Alprazolam,Xanax 0.5mg,Orange,Tablet,Oral,Relaxed,Alprazolam,,51.48563333333333,-0.1028333333333333
W055745,2024-08-20,SE17,Alprazolam,RLAM 1MG,White,Tablet,Oral,No Effect,Alprazolam,,51.48563333333333,-0.1028333333333333
W054075,2024-08-20,ML11,Valium,10mg White,White,Tablet,Oral,"Increased Energy, Increased Confidence, Relaxed",Bromazolam,,55.68366041666667,-3.720560416666667
W057009,2024-08-20,GU75,Diazepam,Valium (diazepam),Blue,Tablet,Oral,Relaxed,Diazepam,,51.1846,-0.6173
000232994,2024-08-20,CF36,Diazepam 10mg,Diazepam 10mg,Blue,Tablet,Oral,Relaxed,Bromazolam,,51.48453333333333,-3.6951
W055130,2024-08-20,SR8,Diazepam,Bensedin Galenika Diazepam,White,Tablet,Not Stated,Not Stated,Bromazolam,,54.776316666666666,-1.3409833333333332
W056971,2024-08-20,EH16,Diazepam,Roche 10,Blue,Tablet,Oral,"Euphoria, Increased Energy, Increased Confidence, Empathy, Relaxed, Memory Loss, Confusion, Panic Attack",Etizolam,,55.92249999999999,-3.1511333333333336
W056942,2024-08-20,LA13,Clonazepam,Galenika Rivotril,White,Tablet,Not Stated,Not Stated,Clonazepam,,54.11367142857143,-3.193485714285714
W055746,2024-08-20,SE17,Diazepam,Accord Diazepam 10mg,Blue,Tablet,Oral,Not Stated,Bromazolam,,51.48563333333333,-0.1028333333333333
W057117,2024-08-23,NW11,Diazepam,Diazepam,Blue,Tablet,Oral,Relaxed,Bromazolam,Flubromazolam,51.578133333333334,-0.1980499999999999
W056945,2024-08-23,LA13,Clonazepam,Not Stated,White,Tablet,Not Stated,Not Stated,Clonazepam,,54.11367142857143,-3.193485714285714
W056913,2024-08-23,RG31,Valium,Valium Diazepam Martin Dow ,Blue,Tablet,Oral,Relaxed,Diazepam,,51.4513,-1.046266666666667
W056950,2024-08-23,YP10,Diazepam,Martin dow Valium 10mg,"Blue, Blue",Tablet,Not Stated,Not Stated,Diazepam,,,
W056906,2024-08-23,CW3A,Clonazepam,Rnaze-2 Clonazepam 2mg,White,Tablet,Oral,Relaxed,Clonazepam,,53.000058333333335,-2.401483333333333
W056900,2024-08-23,ML3,Diazepam,Bensedin,White,Tablet,Not Stated,Not Stated,Diazepam,,55.76254285714286,-4.045457142857143
W056927,2024-08-23,CM16,Diazepam,Bensedin,White,Tablet,Not Stated,Not Stated,Diazepam,,51.70625555555556,0.1061333333333333
W056917,2024-08-23,HX6,Martin Dow Diazepam,Martin Dow Diazepam,Blue,Tablet,Oral,"Increased Confidence, Empathy, Relaxed",Bromazolam,,53.6814,-1.9334888888888888
000233007,2024-08-23,ML54,Street Valium,Not Stated,White,Tablet,Oral,No Effect,"Levamisole, Procaine",,55.8782,-4.035433333333334
W056956,2024-08-23,SE7,Diazepam,Teva Diazepam,Blue,Tablet,Not Stated,Not Stated,Diazepam,,51.4842,0.0339
000233034,2024-08-23,PH1,Street Benzo,Cleav Pack,White,Tablet,Oral,"Euphoria, Relaxed","Etizolam, Paracetamol",,56.43174736842105,-3.4980552631578945
W057057,2024-08-23,AB16,Clonazepam,Klonazepam,White,Tablet,Oral,"Increased Energy, Increased Confidence, Increased Libido, Relaxed, Confusion, Panic Attack",Clonazepam,,57.16,-2.1567
W057019,2024-08-23,L19,Alprazolam 1mg,Not Stated,"White, Blue",Tablet,Snort / Sniff,"Euphoria, Increased Energy, Increased Confidence, Empathy, Irregular Heartbeat, Paranoia, Memory Loss, Suicidal Ideation",Alprazolam,,53.3333,-2.9
W057091,2024-08-23,KA36,Alprazolam,Alprazolam Sandom v5 Tablet 5mg,Blue,Tablet,Not Stated,Not Stated,Bromazolam,,55.64550714285714,-4.502764285714286
000039669,2024-08-23,NP20,Valium,Valium,Blue,Tablet,Oral,"Relaxed, Memory Loss, Confusion",Bromazolam,,51.5877,-2.9984
000040467,2024-08-23,CF10,Diazepam,MSJ,White,Tablet,Oral,Not Stated,Bromazolam,,51.48,-3.18
000043030,2024-08-23,LL55,Diazepam,Not Stated,Blue,Tablet,Oral,"Relaxed, Loss of consciousness","Bromazolam, Protonitazene, N-desethylprotonitazene",,53.12915357142857,-4.195053571428572
W056991,2024-08-23,M23,Diazepam 10mg,Diazpean 10mg,Blue,Tablet,Not Stated,Not Stated,Diazepam,,53.3947,-2.279
W057051,2024-08-23,LE11,Bensedin Diazepam ,Bensedin Diazepam,White,Tablet,Oral,Not Stated,Diazepam,,52.76669999999999,-1.2
000043258,2024-08-23,CF63,Valium,Diazepam 10mg,Blue,Tablet,Oral,Relaxed,Bromazolam,,51.4172,-3.2614
000234561,2024-08-23,CF14,Valium,Not Stated,Blue,Tablet,Not Stated,"Euphoria, Increased Energy, Increased Stamina, Confusion, Violence/Aggression",Bromazolam,,51.5199,-3.204
W057049,2024-08-23,NP20,Clonazepam,Clonazapam,Blue,Tablet,Oral,"Enhanced Senses, Empathy, Breathlesness, Irregular Heartbeat, Nausea, Memory Loss","Clonazepam, Diazepam",Ketamine,51.5877,-2.9984
W057128,2024-08-28,MP12,Xanax,Alprazolam,Blue,Tablet,Oral,No Effect,Alprazolam,,,
W057142,2024-08-28,M14,Alprazolam (xanax),Pharmacetical Alprazolam,White,Tablet,Not Stated,Not Stated,Alprazolam,,53.4482,-2.2257
W054645,2024-08-28,M19,Alprazolam,Alprazolam R-lam,White,Tablet,Not Stated,Not Stated,Alprazolam,,53.4327,-2.1997
W057112,2024-08-28,BA15,Alprazolam,Alpcore 1mg tablet Newtech Life Science,White,Tablet,Not Stated,Not Stated,Alprazolam,,51.35828333333333,-2.26495
W057156,2024-08-28,CF37,Alprazolam 1mg,Alprazolam,"White, Grey",Tablet,Oral,"Increased Energy, Increased Stamina, Relaxed",Alprazolam,,51.613815384615386,-3.3598076923076925
W057163,2024-08-28,WF4,Ksalol Alprazalom,Ksalol,Blue,Tablet,Oral,No Effect,Bromazolam,,53.638326666666664,-1.5293733333333333
W057129,2024-08-28,MP12,Clonazepam,Clonazepam,White,Tablet,Not Stated,Not Stated,Clonazepam,,,
W057090,2024-08-28,BA15,Diazepam,Galenika Bnsedin 10mg Diazepam,White,Tablet,Oral,Not Stated,Diazepam,,51.35828333333333,-2.26495
W057159,2024-08-30,HU4,Diazepam,Diazepam,White,Tablet,Not Stated,Not Stated,Diazepam,,53.7446,-0.3353
W057161,2024-08-30,WF4,Ksalol Alprazolam,Ksalol,Blue,Tablet,Oral,No Effect,Bromazolam,,53.638326666666664,-1.5293733333333333
W057205,2024-08-30,TS27,Temazepam,Temazepam,White,Tablet,Not Stated,"Relaxed, Memory Loss, Confusion",Etizolam,,54.714422222222225,-1.3049
W057333,2024-09-03,E12,Xanax,Not Stated,Blue,Tablet,Not Stated,"Visual Hallucinations, Relaxed, Paranoia, Memory Loss, Confusion, Panic Attack, Loss of consciousness, Insomnia, Depression",Alprazolam,,51.5508,0.0527999999999999
W057337,2024-09-03,RG1,Alprazolam,Alprazolam Ksalol,"Grey, Blue",Tablet,Not Stated,Not Stated,Bromazolam,,51.4563,-0.9711
W057389,2024-09-03,DE39,Diazepam,Not Stated,White,Tablet,Oral,"Euphoria, Increased Confidence, Empathy, Relaxed, Irregular Heartbeat, Panic Attack",Diazepam,,52.9049,-1.5428
W057387,2024-09-03,DE39,Xanax,Alprazolam,White,Tablet,Oral,"Euphoria, Increased Confidence, Empathy, Auditory Hallucinations, Relaxed, Breathlesness, Chest Pains, Irregular Heartbeat, Paranoia, Confusion, Violence/Aggression",Alprazolam,,52.9049,-1.5428
W057404,2024-09-03,NR4,Diazepam,Bensedin Galenika,White,Tablet,Not Stated,Not Stated,Diazepam,,52.61646,1.24368
W057391,2024-09-03,NR4,Diazepam,Bensedin Galenika,White,Tablet,Not Stated,Not Stated,Diazepam,,52.61646,1.24368
W057399,2024-09-03,NR4,Diazepam,Bensedin Galenika,White,Tablet,Not Stated,Not Stated,Diazepam,,52.61646,1.24368
W057397,2024-09-03,NR4,Diazepam,Bensedin Galenika,White,Tablet,Not Stated,Not Stated,Diazepam,,52.61646,1.24368
W057394,2024-09-03,NR4,Diazepam,Bensedin Galenika ,White,Tablet,Not Stated,Not Stated,Diazepam,,52.61646,1.24368
000232766,2024-09-03,LD3,Diazepam 10mg,Bensedin (Diazepam 10mg),White,Tablet,Oral,"Increased Confidence, Relaxed",Bromazolam,,51.99435362318841,-3.411075362318841
W057402,2024-09-03,NR4,Diazepam,Bensedin Galenika,White,Tablet,Not Stated,Not Stated,Diazepam,,52.61646,1.24368
W057318,2024-09-03,SE23,Diazepam,Diazepam,White,Tablet,Not Stated,Not Stated,Diazepam,,51.44696666666667,-0.0416666666666666
W057406,2024-09-03,NR4,Diazepam,Bensedin Galenika,White,Tablet,Not Stated,Not Stated,Diazepam,,52.61646,1.24368
W057293,2024-09-03,EH65,10mg Diazepam,Valium 10mg Martin dow,Blue,Tablet,Not Stated,Not Stated,Diazepam,,55.9617,-3.1844
W057249,2024-09-03,ME3,Diazepam,Not Stated,Blue,Tablet,Not Stated,Not Stated,Diazepam,,51.438552941176475,0.5568352941176471
W057199,2024-09-03,SO23,Diazepam 10mg,Galenika bensedin 10mg Diazepam,White,Tablet,Oral,"Relaxed, Memory Loss, Confusion",Diazepam,,51.07606666666667,-1.3140666666666665
W057264,2024-09-03,NG18,Diazepam,Bensedin Galenika,White,Tablet,Not Stated,Not Stated,Diazepam,,53.1333,-1.2
W055032,2024-09-03,OX12,Nitrazepam,Arnite Nitazepam,White,Tablet,Oral,"Relaxed, Memory Loss, Loss of consciousness",Nitrazepam,,51.593491666666665,-1.4307208333333332
W057326,2024-09-03,BN13,Flunitrazepam,AC-nol-A.c Pharam ltd,"Green, Blue",Tablet,Not Stated,Not Stated,Flunitrazepam,,50.8387,-0.42806
W054695,2024-09-03,EH12,Diazepam,Not Stated,White,Tablet,Oral,"Confusion, Agitation, Violence/Aggression",Bromazolam,,55.9429,-3.285
W057157,2024-09-03,CF39,Diazepam 10mg,Diazepam 10mg,Blue,Tablet,Not Stated,Relaxed,Etizolam,,51.5988125,-3.447975
W057310,2024-09-03,SE19,Diazepam,Bensedin (Diazepam 10mg),White,Tablet,Not Stated,Not Stated,Diazepam,,51.417875,-0.085075
W057218,2024-09-03,SA15,MSJ,MSJ,Blue,Tablet,Oral,"Euphoria, Relaxed",Bromazolam,,51.74003,-4.187250000000001
W057313,2024-09-03,EH3,Diazepam,Bensedin (diazepam),White,Tablet,Not Stated,Not Stated,Diazepam,,55.9521,-3.1965
W049933,2024-09-03,EH10,Diazepam,Bensedin 10mg Diazepam,White,Tablet,Oral,"Relaxed, Memory Loss, Confusion, Loss of consciousness, Agitation, Violence/Aggression, Depression, Suicidal Ideation",Diazepam,,55.91466666666667,-3.2046333333333337
000232733,2024-09-03,SA1,Valium,Not Stated,Blue,Tablet,Oral,"Relaxed, Memory Loss, Confusion, Violence/Aggression",Bromazolam,,51.633979999999994,-3.94848
000030575,2024-09-03,LD3,Diazepam,Elikem (Diazepam 10mg),White,Tablet,Oral,"Increased Confidence, Relaxed, Agitation",Diazepam,,51.99435362318841,-3.411075362318841
W057222,2024-09-03,SE28,Diazepam,Not Stated,White,Tablet,Oral,"Relaxed, Nausea, Vomiting, Insomnia, Depression",No Active Component Identified,,51.5023,0.1045
W057422,2024-09-12,SA15,Xanax,Not Stated,"White, Purple",,Not Stated,Not Stated,Diazepam,,51.74003,-4.187250000000001
W057509,2024-09-12,AB43,Alprazolam,Not Stated,White,Tablet,Oral,No Effect,Alprazolam,,57.65489545454545,-2.046884090909091
W057535,2024-09-12,DL41,Diazepam,Loghman Pharma,Blue,Tablet,Oral,"Increased Energy, Relaxed",Diazepam,,54.630300000000005,-1.62815
W057532,2024-09-12,DL41,DIazepam,Loghman Pharma,Blue,,Oral,"Increased Confidence, Relaxed",Diazepam,,54.630300000000005,-1.62815
W057529,2024-09-12,DL41,Diazepam,Bensedin Galenika,White,Tablet,Oral,"Increased Confidence, Relaxed",Diazepam,,54.630300000000005,-1.62815
W057306,2024-09-12,EH14,Diazepam,Not Stated,White,Tablet,Not Stated,Not Stated,No Active Component Identified,,55.894733333333335,-3.3110166666666667
000234563,2024-09-12,CF10,Diazepam,Not Stated,Blue,Granules,Not Stated,Not Stated,Diclazepam,,51.48,-3.18
W057675,2024-09-12,BT28,Diazepam,Not Stated,White,Tablet,Not Stated,Not Stated,Alprazolam,,54.5421,-6.1562
W057609,2024-09-12,MK14,Diazepam,Not Stated,Blue,Tablet,Not Stated,Not Stated,No Active Component Identified,,52.0656,-0.7591
W057610,2024-09-12,MK14,Diazepam,Not Stated,Blue,Tablet,Not Stated,Not Stated,"Clonazepam, Paracetamol",,52.0656,-0.7591
W057611,2024-09-12,MK14,Diazepam,Not Stated,Blue,Tablet,Not Stated,Not Stated,"Clonazepam, Caffeine",,52.0656,-0.7591
W057559,2024-09-12,SG29,Lorazepam,Not Stated,White,Tablet,Oral,Relaxed,Lorazepam,,51.899049999999995,-0.14905
W057645,2024-09-12,DY10,Xanax,Xanax (german),White,Tablet,Not Stated,Not Stated,"Alprazolam, MDMA, Cocaine",,52.3848,-2.212788888888889
W057632,2024-09-12,SA5,Clonazepam,Not Stated,Blue,Tablet,Not Stated,Not Stated,Clonazepam,"Propranolol, Amisulpride",51.64667142857143,-3.9853857142857145
W057341,2024-09-12,RH20,Diazepam,Diazepam (bensedin),White,Tablet,Not Stated,Not Stated,Bromazolam,,50.937535714285715,-0.4877357142857143
W057534,2024-09-12,DL41,Diazepam,Loghman Pharma,Blue,Tablet,Oral,"Increased Confidence, Relaxed",Diazepam,,54.630300000000005,-1.62815
W057336,2024-09-12,NE23,Diazepam Bensedin Galenika,Bensedin Galenika,White,Tablet,Not Stated,Not Stated,Bromazolam,,55.067877777777774,-1.560788888888889
W057622,2024-09-12,M28,Alprazolam (Benzodiazepine),Ksalol alprazolam,White,Tablet,Not Stated,Not Stated,Alprazolam,,53.50606666666667,-2.3990666666666667
W053156,2024-09-12,FK7,Diazepam,Not Stated,Blue,Tablet,Oral,"Increased Confidence, Relaxed, Breathlesness, Chest Pains, Memory Loss, Violence/Aggression",Etizolam,,56.0861125,-3.9108875
W052798,2024-09-12,AB15,Xanax,xanax (alprazolam),"Blue, Grey",Tablet,Oral,"Relaxed, Breathlesness, Nausea, Loss of consciousness",Alprazolam,,57.1378,-2.1663
W057348,2024-09-12,W9,Xanx,Not Stated,White,Tablet,Not Stated,Not Stated,No Active Component Identified,,51.52442,-0.18458
W057502,2024-09-12,TN13,Diazepam,Diazepam,White,Tablet,Oral,"Euphoria, Relaxed",Diazepam,,51.28125,0.178125
W057603,2024-09-12,EX14,Alprazolam,Not Stated,Blue,Tablet,Not Stated,Not Stated,Alprazolam,,50.82076060606061,-3.1941757575757577
W057604,2024-09-12,EX14,Alprazolam,Alprazolam,Blue,Tablet,Not Stated,Not Stated,Alprazolam,,50.82076060606061,-3.1941757575757577
W057601,2024-09-12,EX14,Diazepam,Galenika,White,Tablet,Oral,"Euphoria, Increased Confidence, Relaxed",Diazepam,,50.82076060606061,-3.1941757575757577
W057431,2024-09-12,OX2,Diazepam,Not Stated,Blue,Tablet,Oral,"Relaxed, Memory Loss, Confusion, Depression",Bromazolam,,51.76277,-1.28794
W057430,2024-09-12,OX2,Diazepam,Galenika Bensedin Diazepam,White,Tablet,Not Stated,Not Stated,Diazepam,,51.76277,-1.28794
W057594,2024-09-12,BN1,Clonazepam,Clonazepam Tablets IP Nozim Elikem,Blue,Tablet,Oral,"Increased Confidence, Enhanced Senses, Empathy, Relaxed, Irregular Heartbeat, Paranoia, Memory Loss, Confusion, Loss of consciousness, Agitation, Depression, Suicidal Ideation",Clonazepam,,50.8614,-0.1204166666666666
W057579,2024-09-12,EH52,Diazepam,Not Stated,Blue,Tablet,Not Stated,Not Stated,Diazepam,,55.9358,-3.4882625
W057600,2024-09-12,BN1,Valium,Bensedin Galenika ,White,Tablet,Oral,No Effect,Diazepam,,50.8614,-0.1204166666666666
W057605,2024-09-12,BN1,Rlam,Alprazolam Alpcore New Tech Lifescience,White,Tablet,Oral,"Enhanced Senses, Empathy, Relaxed, Paranoia, Memory Loss, Confusion, Panic Attack, Agitation, Violence/Aggression, Insomnia, Depression, Suicidal Ideation",Alprazolam,,50.8614,-0.1204166666666666
W057578,2024-09-12,SA1,Diazepam,Not Stated,Blue,Tablet,Oral,Relaxed,"Paracetamol, Bromazolam",,51.633979999999994,-3.94848
W057568,2024-09-12,EH51,Benzo,Alprazolam Rlam,White,Tablet,Not Stated,Not Stated,Alprazolam,,56.01669999999999,-3.6167
W057551,2024-09-12,CB23,Diazepam,Not Stated,Blue,Tablet,Not Stated,Not Stated,Diazepam,,52.21715,-0.0101058823529411
W057580,2024-09-12,CF5,Clonazepam,Not Stated,White,Tablet,Oral,Relaxed,Clonazepam,,51.471875,-3.275816666666667
W057797,2024-09-17,ML13,Xanax alprazolam,Not Stated,White,Tablet,Not Stated,Not Stated,Bromazolam,,55.80563333333333,-3.95475
W057739,2024-09-17,G2,Xanax (alprazolam),Alprazolam,White,Tablet,Oral,"Euphoria, Increased Confidence, Relaxed, Paranoia, Memory Loss, Confusion, Loss of consciousness, Suicidal Ideation","Caffeine, Bromazolam",,55.8651,-4.2576
W057787,2024-09-17,SK13,Diazepam,Bensedin Diazepam,White,Tablet,Not Stated,Not Stated,Bromazolam,,53.4433,-1.949
W057799,2024-09-17,BA52,Diazepam,Valium,Blue,Tablet,Oral,"Relaxed, Memory Loss",Bromazolam,,51.21172857142857,-2.659952380952381
000233066,2024-09-17,G31,benzos,Not Stated,White,Tablet,Oral,"Relaxed, Breathlesness, Vomiting",Loratadine,,55.857,-4.209
W057773,2024-09-17,NE12,Temazepam,Pressed temazepam,White,Tablet,Not Stated,Not Stated,Etizolam,,55.029,-1.5676
W057740,2024-09-17,M21,Diazepam,Besnedin Diazepam,White,Tablet,Oral,Relaxed,Bromazolam,,53.4351,-2.2631
W057707,2024-09-17,CF63,Diazepam,Accord diazepam,Blue,Tablet,Oral,"Euphoria, Increased Confidence, Relaxed, Irregular Heartbeat, Nausea, Confusion, Panic Attack, Depression",Paracetamol,Bromazolam,51.4172,-3.2614
000233033,2024-09-17,EH1,Street benzo,Not Stated,White,Tablet,Oral,Relaxed,"Etizolam, Paracetamol",,55.9521,-3.1965
000235907,2024-09-17,SA1,Valium,Not Stated,Blue,Tablet,Not Stated,Not Stated,Bromazolam,,51.633979999999994,-3.94848
W057652,2024-09-17,AB42,Valium,Not Stated,Yellow,Tablet,Oral,No Effect,Bromazolam,,57.48231142857143,-1.924825714285714
000233050,2024-09-17,G13,Benzos,Not Stated,Yellow,Tablet,Oral,"Relaxed, Memory Loss",Bromazolam,,55.8935,-4.348
W057856,2024-09-19,BS23,Ksalol xanax,Not Stated,Blue,Tablet,Not Stated,Not Stated,Alprazolam,,51.33485,-2.9787
W057857,2024-09-19,BS23,Bensedin Diazepam,Not Stated,White,Tablet,Not Stated,Not Stated,Diazepam,,51.33485,-2.9787
W057835,2024-09-19,SO51,Diazepam,Not Stated,White,Tablet,Oral,Relaxed,Diazepam,,51.01539047619048,-1.494095238095238
W057836,2024-09-19,SO51,Alprazolam,Xanax,White,Tablet,Oral,Relaxed,Bromazolam,,51.01539047619048,-1.494095238095238
W057849,2024-09-19,LS18,Diazepam,Bensedin,White,Tablet,Not Stated,Not Stated,Diazepam,,53.838,-1.6404
W057781,2024-09-19,LL19,Xanax,Not Stated,Blue,Tablet,Not Stated,Not Stated,Alprazolam,,53.3274,-3.4080333333333335
W057870,2024-09-19,SR8,Alprazolam,Ksalol alprazolam,Blue,Tablet,Not Stated,Not Stated,Alprazolam,,54.776316666666666,-1.3409833333333332
W057818,2024-09-19,EH14,Clonazepam,Galenika Rivotril tableta Klonazepam,White,Tablet,Not Stated,Not Stated,Clonazepam,,55.894733333333335,-3.3110166666666667
W057869,2024-09-19,SR8,Diazepam,Accord Diazepam,Blue,Tablet,Not Stated,Not Stated,Bromazolam,,54.776316666666666,-1.3409833333333332
W057868,2024-09-19,SR8,Diazepam,Bensedin,White,Tablet,Oral,"Euphoria, Increased Confidence, Relaxed, Irregular Heartbeat, Memory Loss, Confusion",Diazepam,,54.776316666666666,-1.3409833333333332
W057867,2024-09-19,SR8,Diazepam,Valium Martin Dow,Blue,Tablet,Oral,"Increased Confidence, Relaxed, Irregular Heartbeat, Confusion",Diazepam,,54.776316666666666,-1.3409833333333332
W054993,2024-09-19,WF4,Ksalol alprazolam,Galenika Ksalol,"White, Blue",Tablet,Oral,No Effect,Bromazolam,,53.638326666666664,-1.5293733333333333
000233037,2024-09-19,G3,Benzos,Not Stated,Yellow,Tablet,Oral,"Increased Confidence, Relaxed, Confusion",Diazepam,Bromazolam,55.8651,-4.2576
W057808,2024-09-19,LA13,Alprazolam,Neurovision Alpz,White,Tablet,Not Stated,Not Stated,Alprazolam,,54.11367142857143,-3.193485714285714
W057826,2024-09-19,EX12,Diazepam,Valium (martin dow),Blue,Tablet,Not Stated,Not Stated,Diazepam,,50.703966666666666,-3.0872333333333333
W057770,2024-09-19,SA15,Xanax - Alprazolam,Alprazolam,,Tablet,Oral,"Increased Energy, Increased Confidence, Increased Stamina, Relaxed",Alprazolam,,51.74003,-4.187250000000001
W057771,2024-09-19,SA15,Xanax -alprazolam,Alprazolam,Blue,Tablet,Oral,"Increased Energy, Increased Confidence, Increased Stamina, Relaxed, Memory Loss, Confusion, Agitation",Alprazolam,,51.74003,-4.187250000000001
W057805,2024-09-19,SA18,Diazepam,Martin Dow Valium ,Blue,Tablet,Not Stated,Not Stated,Bromazolam,,51.791845,-3.966785
W057742,2024-09-19,G83,Street Valium,Diazepam,White,Tablet,Oral,"Increased Confidence, Empathy, Relaxed, Memory Loss, Loss of appetite",Clonazolam,,56.03989166666666,-4.6006583333333335
000233038,2024-09-19,G52,Benzo,Not Stated,Yellow,Tablet,Oral,"Increased Confidence, Empathy, Memory Loss, Confusion, Agitation",Bromazolam,,55.8479,-4.3503
000233040,2024-09-19,PH2,Valium,Not Stated,White,Tablet,Oral,No Effect,No Active Component Identified,,56.37225438596491,-3.356345614035088
000044322,2024-09-19,SA1,Valium,Not Stated,Yellow,Tablet,Oral,"Relaxed, Memory Loss, Confusion",Diazepam,,51.633979999999994,-3.94848
W057832,2024-09-19,SW11,Alprazolam,Ksalol,White,Tablet,Not Stated,Not Stated,Alprazolam,,51.469166666666666,-0.1619333333333333
W053288,2024-09-19,ZE10,Valium,Martin Dow Valium,Blue,Tablet,Oral,"Memory Loss, Confusion, Loss of consciousness",Diazepam,,60.14640000000001,-1.2131857142857143
W057359,2024-09-19,CH1,Diazepam,Accord Diazepam,Blue,Tablet,Not Stated,Not Stated,Diazepam,,53.2239,-2.9434428571428577
W057852,2024-09-19,WA5,Diazepam,Not Stated,Yellow,Tablet,Not Stated,Not Stated,Diazepam,,53.409775,-2.6556
W057851,2024-09-19,NR32,Valium Diazepam,Not Stated,Blue,Tablet,Oral,Euphoria,Bromazolam,,52.50262222222222,1.7061666666666666
W057827,2024-09-19,RG1,Alprazolam,Alprazolam Rlam,White,Tablet,Not Stated,Not Stated,Alprazolam,,51.4563,-0.9711
W057901,2024-09-23,PE7,Xanax,Galenika Ksalol,Blue,Tablet,Oral,"Euphoria, Relaxed",Alprazolam,,52.51083125,-0.27019375
000038509,2024-09-23,NP11,Benzos,MSJ,Blue,Tablet,Oral,"Increased Confidence, Auditory Hallucinations, Paranoia, Memory Loss, Agitation","Paracetamol, Bromazolam",,51.6439,-3.1317
000232276,2024-09-23,NP11,Benzo,C/DC,Blue,Tablet,Not Stated,"Relaxed, Memory Loss, Loss of consciousness","Caffeine, Bromazolam",,51.6439,-3.1317
W057948,2024-09-23,BB1,Valium,Bensedin,White,Tablet,Not Stated,Not Stated,Diazepam,,53.77336666666667,-2.463333333333334
W057943,2024-09-23,CT11,Valium,Valium - Dow Tones,Blue,Tablet,Not Stated,Not Stated,Diazepam,,51.3358,1.4155
W057956,2024-09-23,GL,Valium/Diazepam,Diazepam,Yellow,Tablet,Not Stated,Not Stated,Diazepam,,,
W057755,2024-09-23,B10,Diazepam tablets,Diazepam tablets pharmuit Ltd,Yellow,Tablet,Not Stated,Not Stated,Diazepam,,52.4698,-1.8523
W057965,2024-09-23,CF45,Diazepam,Diazepam,White,Tablet,Not Stated,Not Stated,Diazepam,,51.66452,-3.3537
W057900,2024-09-23,PE7,Diazepam,Galenika Bensedin Diazepam,White,Tablet,Oral,"Euphoria, Relaxed",Diazepam,,52.51083125,-0.27019375
W058146,2024-10-01,DH23,Xanax - Alprazolam,Rlam Xanax 1mg,White,Tablet,Oral,"Increased Confidence, Relaxed, Memory Loss",Alprazolam,,54.845937500000005,-1.60605
W057986,2024-10-01,YO10,Alprazolam,Galenika Ksalol,"White, Grey",Tablet,Not Stated,Not Stated,Alprazolam,,53.9576,-1.0827
W057892,2024-10-01,EH54,Diazepam/Clonazepam,Not Stated,Blue,Tablet,Not Stated,Relaxed,Clonazepam,,55.9029,-3.5226
W058074,2024-10-01,AB51,Diazepam,Accord Diazepam tablets,Yellow,Tablet,Oral,"Increased Confidence, Relaxed, Irregular Heartbeat",Diazepam,,57.276892045454545,-2.442275
000234764,2024-10-01,CF45,Diazepam,Valium Diazepam,Blue,Tablet,Oral,"Euphoria, Increased Energy",Diazepam,,51.66452,-3.3537
W058108,2024-10-01,ST14,Diazepam,10mg Diazepam,Blue,Tablet,Oral,"Increased Confidence, Relaxed, Irregular Heartbeat, Memory Loss, Confusion, Loss of consciousness, Violence/Aggression",Unable to identify,,52.903000000000006,-1.87218
W058125,2024-10-01,SK13,PVL Diazepam,PVL Diazepam 5mg,Yellow,Tablet,Not Stated,Not Stated,Diazepam,,53.4433,-1.949
W058094,2024-10-01,CF45,Nitrazepam,Noctin 5mg,White,Tablet,Oral,"Relaxed, Irregular Heartbeat, Suicidal Ideation",Nitrazepam,,51.66452,-3.3537
W058212,2024-10-01,LS11,Midazolam 15mg,Midazolam 15mg,White,Tablet,Oral,"Relaxed, Chest Pains, Irregular Heartbeat, Vomiting, Memory Loss, Confusion, Loss of consciousness",Midazolam,,53.7667,-1.5667
W058112,2024-10-01,SW11,Valium (diazepam),Valium 10mg Martin Dow,Blue,Tablet,Not Stated,Relaxed,Diazepam,,51.469166666666666,-0.1619333333333333
W058210,2024-10-01,SP2,ALprazolam,Rlam,White,Tablet,Oral,Relaxed,Alprazolam,,51.094766666666665,-1.8667555555555555
W058081,2024-10-01,WF4,Diazepam,Diazepam,White,Tablet,Oral,Relaxed,Diazepam,,53.638326666666664,-1.5293733333333333
W058101,2024-10-01,HA8,Diazepam 10mg,Diazepam 10mg,Blue,Tablet,Oral,"Chest Pains, Irregular Heartbeat, Nausea, Paranoia, Insomnia",Bromazolam,,51.60745,-0.2709
W058109,2024-10-01,N16,Valium,Bensedin ,White,Tablet,Oral,Relaxed,Diazepam,,51.5625,-0.074
W058021,2024-10-01,CF43,Diazepam,Diazepam 10mg/msj,Blue,Tablet,Not Stated,Not Stated,Bromazolam,,51.66792,-3.4671
000039660,2024-10-01,NP20,Xanax,Not Stated,White,,Oral,Not Stated,Bromazolam,,51.5877,-2.9984
000039661,2024-10-01,NP12,MSJ,Not Stated,Blue,Tablet,Oral,Not Stated,Bromazolam,,51.6678,-3.2075
W057885,2024-10-01,SO43,Diazepam,Galenika Bensedin 10mg,White,Tablet,Not Stated,Not Stated,Diazepam,,50.89636,-1.59736
W057977,2024-10-01,YO10,Lorazepam,Hemofarm Lorazepam,"Blue, Grey",Tablet,Not Stated,Not Stated,Lorazepam,,53.9576,-1.0827
W058200,2024-10-01,M21,Diazepam,Bensedin Diazepam,White,Tablet,Oral,Relaxed,Diazepam,,53.4351,-2.2631
W058011,2024-10-01,BR14,Alprazolam/Xanax,Arran indian alprazolam,White,Tablet,Oral,"Euphoria, Increased Confidence, Empathy, Relaxed",Alprazolam,,51.4037,0.0305
W058080,2024-10-01,WF4,R-lam Alprazolam,R-lam,White,Tablet,Oral,"Increased Confidence, Relaxed",Alprazolam,,53.638326666666664,-1.5293733333333333
W058009,2024-10-01,BR14,Diazepam/Bensedin,Bensedin Diazepam,White,Tablet,Oral,"Empathy, Relaxed",Diazepam,,51.4037,0.0305
W058000,2024-10-01,EH6,Diazepam,Dizpam,Brown,Tablet,Not Stated,Not Stated,Diazepam,,55.9617,-3.1844
W057843,2024-10-01,CF47,Diazepam,Valium,Blue,Tablet,Not Stated,Not Stated,Diazepam,,51.7479,-3.3778
W058034,2024-10-01,NR32,Etizolam,Not Stated,Colourless,Powder,Not Stated,Not Stated,Cocaine,"Ketamine, Diazepam",52.50262222222222,1.7061666666666666
W057985,2024-10-01,W4,Diazepam,Diazepam,Blue,Tablet,Oral,"Relaxed, Insomnia, Lethargy",Bromazolam,,51.4927,-0.258
W058004,2024-10-01,CF14,Diazepam,Neurovision Dizpam,White,Tablet,Not Stated,Not Stated,Diazepam,,51.5199,-3.204
W058006,2024-10-01,SW11,Xanax-Alprazolam,Not Stated,White,Tablet,Not Stated,Not Stated,Bromazolam,,51.469166666666666,-0.1619333333333333
W057996,2024-10-01,CV32,Diazepam,Not Stated,Yellow,Tablet,Not Stated,Not Stated,Diazepam,,52.303333333333335,-1.5231666666666666
W058055,2024-10-01,SW9,Valium/Diazepam,Diazepam,White,Tablet,Oral,Relaxed,Diazepam,,51.474,-0.1168
W057772,2024-10-01,MK11,Clonazolam,Not Stated,White,Tablet,Oral,Not Stated,No Active Component Identified,,52.0568,-0.8528
000234763,2024-10-01,CF45,Diazepam,Valium Diazepam,Blue,Tablet,Oral,"Confusion, Agitation",Diazepam,,51.66452,-3.3537
W058024,2024-10-01,KY16,Clonazepam,Not Stated,Blue,Tablet,Not Stated,Not Stated,Clonazepam,,56.34,-2.816311111111111
W058053,2024-10-01,PE13,Alprazolam,Galenika Ksalol (alprazolam),"White, Blue",Tablet,Not Stated,Not Stated,Alprazolam,,52.673833333333334,0.1172777777777777
W058068,2024-10-01,SA1,Street valium,Not Stated,Yellow,Tablet,"Oral, Smoked, Snort / Sniff","Relaxed, Breathlesness, Chest Pains, Nausea, Memory Loss, Confusion",Diazepam,,51.633979999999994,-3.94848
W058001,2024-10-01,EH6,Xanax Alprazolam,Not Stated,White,Tablet,Not Stated,Not Stated,Alprazolam,,55.9617,-3.1844
W057955,2024-10-01,KA27,Diazepam,Accord Diazepam,Blue,Tablet,Oral,"Increased Confidence, Empathy, Relaxed, Memory Loss, Panic Attack, Agitation, Depression, Suicidal Ideation",Bromazolam,,55.560207894736834,-5.2153447368421055
W058025,2024-10-01,DY6,Diazepam,Bensedin Diazepam,White,Tablet,Oral,No Effect,Bromazolam,,52.4976,-2.1689
W057990,2024-10-01,DG10,Diazepam,Not Stated,Blue,Tablet,Oral,"Euphoria, Increased Confidence, Empathy, Relaxed, Memory Loss, Confusion",Diazepam,,55.32030999999999,-3.4399300000000004
000230256,2024-10-01,LL57,Diazepam,Not Stated,Blue,Tablet,Not Stated,Not Stated,Promethazine,,53.203925000000005,-4.106675
W058007,2024-10-01,CF83,Diazepam,Dizpam,White,Tablet,Oral,"Relaxed, Breathlesness, Memory Loss, Depression",Diazepam,,51.59288333333333,-3.2333833333333337
000232995,2024-10-01,CF31,Diazepam,Not Stated,Blue,Tablet,Not Stated,Not Stated,Bromazolam,,51.507666666666665,-3.577733333333333
W058052,2024-10-01,PE13,Diazepam,galenika BEnsedin Diazepam,White,Tablet,Not Stated,Not Stated,Diazepam,,52.673833333333334,0.1172777777777777
W058078,2024-10-01,PO2,Diazepam,Diazepam,Blue,Tablet,Not Stated,Not Stated,Diazepam,,50.8183,-1.0719
W058365,2024-10-08,G12,Diazepam,Bensedin Galenika,White,Tablet,Not Stated,Not Stated,Diazepam,,55.8804,-4.3007
W058317,2024-10-08,FY1,TEVA temazepam,Not Stated,White,Tablet,Not Stated,Not Stated,Bromazolam,,53.8167,-3.05
W058328,2024-10-08,KY12,Xanax,Not Stated,Blue,Tablet,Oral,"Relaxed, Loss of consciousness",Alprazolam,,56.087095,-3.539235
W058343,2024-10-08,LL18,Diazepam,MSJ Street Valium,White,Tablet,Oral,No Effect,Bromazolam,,53.291819999999994,-3.45482
000042272,2024-10-08,NP22,Diazepam,Diazepam,White,Tablet,Not Stated,"Empathy, Relaxed",Diazepam,,51.7725,-3.2468
000042274,2024-10-08,NP10,Diazepam,Not Stated,White,Tablet,Oral,"Empathy, Relaxed",Nitrazepam,,51.5877,-2.9984
W058316,2024-10-08,FY1,Xanax,Blue Xanax B707,Blue,Tablet,Not Stated,Not Stated,Bromazolam,,53.8167,-3.05
W058327,2024-10-08,SA1,Valium,Not Stated,Yellow,Tablet,Not Stated,Not Stated,Diazepam,,51.633979999999994,-3.94848
W058354,2024-10-08,NG11,Diazepam,Valium Martin Dow,Blue,Tablet,Not Stated,Not Stated,Diazepam,,52.87862,-1.19524
W058140,2024-10-08,EH14,Clonazepam,Galenika Rivotril,White,Tablet,Not Stated,Not Stated,Clonazepam,,55.894733333333335,-3.3110166666666667
W058353,2024-10-08,NG11,Diazepam,Galenika Bensedin,White,Tablet,Not Stated,Not Stated,Diazepam,,52.87862,-1.19524
W058333,2024-10-08,NW5,Lorazepam,Not Stated,Blue,Tablet,Not Stated,Not Stated,Lorazepam,,51.5517,-0.1413
W051586,2024-10-08,B77,Diazepam,Not Stated,Blue,Tablet,Not Stated,Not Stated,No Active Component Identified,,52.6158,-1.666383333333333
W058421,2024-10-08,W2,Xanax,Not Stated,White,Tablet,Not Stated,Not Stated,Bromazolam,,51.51413636363636,-0.1886454545454545
W058423,2024-10-08,W2,Diazepam Valium,Roche,Blue,Tablet,Oral,"Relaxed, Memory Loss, Confusion",Diclazepam,,51.51413636363636,-0.1886454545454545
W058424,2024-10-08,W2,Diazepam,Accord Diazepam,Blue,Tablet,Oral,"Breathlesness, Confusion, Panic Attack",Diazepam,,51.51413636363636,-0.1886454545454545
W058364,2024-10-08,G12,Diazepam,Bensedin Galenika,White,Tablet,Not Stated,Not Stated,Diazepam,,55.8804,-4.3007
W058315,2024-10-08,NW1,Diazepam,Not Stated,White,Tablet,Oral,"Relaxed, Breathlesness, Chest Pains, Irregular Heartbeat, Nausea, Vomiting, Panic Attack, Dizziness",No Active Component Identified,,51.52988181818182,-0.1471818181818182
W058348,2024-10-08,DN12,Diazepam,Bensedin,White,Tablet,Oral,"Increased Confidence, Relaxed",Diazepam,,53.4851,-1.2453
W058222,2024-10-08,NE28,Diazepam Valium,Martin Dow,Blue,Tablet,Oral,"Increased Confidence, Relaxed",Diazepam,,54.9956,-1.52705
W058240,2024-10-08,E14,Diazepam,Bensedin,White,Tablet,Not Stated,Not Stated,Diazepam,,51.50563529411765,-0.0187647058823529
W027270,2024-10-08,HG15,Diazepam,Diazepam,White,Tablet,Oral,"Euphoria, Increased Confidence, Relaxed",Diazepam,,53.99700000000001,-1.5357666666666667
W058313,2024-10-08,E14,Diazepam,Bensedin,White,Tablet,Not Stated,Not Stated,Diazepam,,51.50563529411765,-0.0187647058823529
W058319,2024-10-08,SA61,Lorazepam,Not Stated,White,Tablet,Not Stated,Not Stated,Dihydrocodeine,,51.8017,-4.9691
W058147,2024-10-08,NP23,Clonazepam,Not Stated,White,Tablet,Oral,Relaxed,Clonazepam,,51.7771,-3.2079
W058300,2024-10-08,BH10,Xanax (Alprazolam),R-lam,White,Tablet,Not Stated,Not Stated,Alprazolam,,50.7595,-1.8931
W058223,2024-10-08,NE28,Diazepam Valium,Neurovision Dizpam,White,Tablet,Oral,"Increased Confidence, Relaxed, Memory Loss",Diazepam,,54.9956,-1.52705
W058268,2024-10-08,YO8,Benzo,Not Stated,Blue,Tablet,Oral,"Euphoria, Relaxed, Memory Loss, Confusion, Loss of consciousness",Bromazolam,,53.77469393939394,-1.0269030303030302
W058267,2024-10-08,YO8,Benzo,Not Stated,Blue,Tablet,Oral,"Euphoria, Increased Confidence, Relaxed, Memory Loss, Confusion, Loss of consciousness",Bromazolam,,53.77469393939394,-1.0269030303030302
W058239,2024-10-08,E14,Diazepam,Bensedin,White,Tablet,Not Stated,Not Stated,Diazepam,,51.50563529411765,-0.0187647058823529
W058254,2024-10-08,LL57,Lorazepam,Not Stated,Grey,Tablet,Not Stated,Not Stated,Lorazepam,,53.203925000000005,-4.106675
W058278,2024-10-08,SK95,Xanax/Alprazolam,Pfizer Xanax,White,Tablet,Not Stated,Not Stated,Alprazolam,,53.3264,-2.2281
W058177,2024-10-08,EX14,Alprazolam,Alprazolam KSalol Galenika,White,Tablet,Not Stated,Not Stated,Bromazolam,Zopiclone,50.82076060606061,-3.1941757575757577
W058175,2024-10-08,EX14,Diazepam,Diazepam Hemofarm,White,Tablet,Not Stated,Not Stated,Diazepam,,50.82076060606061,-3.1941757575757577
W057301,2024-10-08,CH4,DIazepam,Accord Diazepam,Blue,Tablet,Not Stated,Not Stated,Bromazolam,,53.15806666666666,-2.9534749999999996
W058160,2024-10-08,E10,Alprazolam,Not Stated,White,Tablet,Not Stated,Not Stated,Alprazolam,Paracetamol,51.55960000000001,-0.0077999999999999
W058164,2024-10-08,E10,Valium,Not Stated,Blue,Tablet,Not Stated,Not Stated,Etizolam,,51.55960000000001,-0.0077999999999999
W058161,2024-10-08,E10,Valium,Bensedin,White,Tablet,Not Stated,Not Stated,Diazepam,,51.55960000000001,-0.0077999999999999
W058162,2024-10-08,E10,Valium,Diazepam,"White, Blue",Tablet,Not Stated,Not Stated,Bromazolam,Flubromazepam,51.55960000000001,-0.0077999999999999
W057071,2024-10-08,CH4,Diazepam,Diazepam Prodes,Blue,Tablet,Oral,No Effect,Bromazolam,,53.15806666666666,-2.9534749999999996
W058255,2024-10-08,LL57,Alprazolam,Not Stated,Grey,Tablet,Not Stated,Not Stated,Alprazolam,,53.203925000000005,-4.106675
W058467,2024-10-11,ST16,Diazepam,Galenika Bensedin Diazepam,White,Tablet,Not Stated,Not Stated,Diazepam,Caffeine,52.8052,-2.1164
W058393,2024-10-11,BN3,Xanax,Not Stated,White,Tablet,Oral,Relaxed,Alprazolam,,50.836725,-0.179625
W058432,2024-10-11,G84,Xanax,Not Stated,White,Tablet,Not Stated,Not Stated,Bromazolam,,56.06313214285715,-4.785921428571428
W058466,2024-10-11,ST16,Diazepam,Martin Dow Roche Valium,Blue,Tablet,Not Stated,Not Stated,Diazepam,,52.8052,-2.1164
W058258,2024-10-11,TA2,Diazepam,Actavis Diazepam,Blue,Tablet,Oral,Relaxed,Bromazolam,,51.04662,-3.08832
W058426,2024-10-11,SA12,Diazepam,Not Stated,Blue,Tablet,Oral,Relaxed,Paracetamol,,51.61181666666667,-3.7703
000230714,2024-10-11,NP23,Benzos,MSJ,Blue,Powder,Oral,"Euphoria, Increased Energy, Increased Confidence, Empathy, Relaxed, Irregular Heartbeat, Memory Loss, Confusion, Loss of consciousness, Insomnia",Paracetamol,,51.7771,-3.2079
W058299,2024-10-11,AB41,Xanax,Not Stated,"Blue, Grey",Tablet,Oral,"Increased Confidence, Empathy, Relaxed, Memory Loss, Confusion",Alprazolam,,57.35964615384615,-2.199930769230769
W058386,2024-10-11,LL18,Diazepam,MSJ Diazepam,White,,Oral,No Effect,No Active Component Identified,,53.291819999999994,-3.45482
000234756,2024-10-11,CF31,Diazepam,Not Stated,Blue,Tablet,Not Stated,Tiredness,MDMA,Bromazolam,51.507666666666665,-3.577733333333333
W058344,2024-10-11,OX1,Diazepam,Bensedin Galenika,White,Tablet,Not Stated,Not Stated,Diazepam,,51.72478,-1.275
W058362,2024-10-11,WR14,Very weak RC opiate + enterprise grade RC benzo-like,Oxy,Green,Tablet,"Oral, Snort / Sniff","Relaxed, Memory Loss, Confusion, Agitation, Depression",Isotonitazepyne,,52.095075,-2.327225
W058345,2024-10-11,OX1,Clonazepam,Rivotril Galenika,White,Tablet,Not Stated,Not Stated,Clonazepam,,51.72478,-1.275
W058470,2024-10-11,LU33,Xanax,Not Stated,White,Tablet,Oral,"Relaxed, Panic Attack",Bromazolam,,51.93223333333333,-0.4567666666666666
W058512,2024-10-15,BN1,Diazepam,Roche,Blue,Tablet,Not Stated,Not Stated,Diazepam,,50.8614,-0.1204166666666666
W058517,2024-10-15,BN1,Diazepam,Bensedin Galenika Diazepam,White,Tablet,Not Stated,Not Stated,Diazepam,,50.8614,-0.1204166666666666
W058519,2024-10-15,BN1,Diazepam,Accord,Yellow,Tablet,Not Stated,Not Stated,Diazepam,,50.8614,-0.1204166666666666
W058520,2024-10-15,BN1,Diazepam,Accord,Yellow,Tablet,Not Stated,Not Stated,Diazepam,,50.8614,-0.1204166666666666
W054692,2024-10-15,EH26,Benzodine,Benzodine,"Purple, Grey",Tablet,Oral,"Relaxed, Loss of consciousness","Bromazolam, Metonitazene, Ketamine",,55.82387142857142,-3.241371428571429
W054693,2024-10-15,EH26,Diazepam,Not Stated,White,Tablet,Oral,"Relaxed, Loss of consciousness",Bromazolam,,55.82387142857142,-3.241371428571429
W058459,2024-10-15,HG1,Diazepam,Not Stated,Blue,Tablet,Oral,Relaxed,Etizolam,,53.99700000000001,-1.5357666666666667
W058492,2024-10-15,CM16,Diazepam,Bensedin,White,Tablet,Not Stated,Not Stated,Diazepam,,51.70625555555556,0.1061333333333333
W058590,2024-10-15,SW33,Alprazolam,Tehran Darou Alprazolam,Blue,Tablet,Oral,"Euphoria, Increased Confidence, Enhanced Senses, Relaxed, Loss of consciousness",Alprazolam,,51.487975000000006,-0.165875
000232985,2024-10-15,CF37,Diazepam,Diazepam,Blue,Tablet,Not Stated,Relaxed,No Active Component Identified,,51.613815384615386,-3.3598076923076925
W058588,2024-10-15,W72,Alprazolam,Xanax,White,Tablet,Not Stated,Not Stated,"Caffeine, Bromazolam",,,
W058657,2024-10-15,LL24,Diazepam,Valium (Diazepam),Blue,Tablet,Not Stated,Not Stated,Diazepam,,53.09246666666667,-3.80145
W058491,2024-10-15,CM16,Diazepam,Neurovision,White,Tablet,Not Stated,Not Stated,Diazepam,,51.70625555555556,0.1061333333333333
W058474,2024-10-15,LE1,Diazepam,Not Stated,White,Tablet,Not Stated,Not Stated,Diazepam,,52.6386,-1.1317
000231863,2024-10-15,LL58,Diazepam,Bensedin,White,Tablet,Oral,Relaxed,Diazepam,,53.28206,-4.09396
000231861,2024-10-15,LL68,Clonazepam,Rivotril,White,Tablet,Oral,Relaxed,Clonazepam,,53.38499230769231,-4.370230769230769
W058536,2024-10-15,W4,Diazepam,Not Stated,Blue,Tablet,Oral,"Relaxed, Insomnia, Depression, Anxiety",Diazepam,,51.4927,-0.258
000230443,2024-10-15,NP20,Xanax,Not Stated,White,Tablet,Not Stated,Not Stated,Paracetamol,,51.5877,-2.9984
W058529,2024-10-15,SY23,Lorazepam,Genus Lorazepam,Blue,Tablet,Not Stated,Not Stated,Lorazepam,,52.34458541666667,-3.9885
W058530,2024-10-15,SY23,Alprazolam,Rlam ,Grey,Tablet,Not Stated,Not Stated,Alprazolam,,52.34458541666667,-3.9885
W058526,2024-10-15,SY23,Diazepam,Diazepam Accord,Blue,Tablet,Not Stated,Not Stated,Diazepam,,52.34458541666667,-3.9885
000230439,2024-10-15,NP20,Benzodiazepine,Not Stated,White,Tablet,Not Stated,Not Stated,Diazepam,,51.5877,-2.9984
000231862,2024-10-15,LL58,Xanax,Ksalol,Blue,Tablet,Oral,Relaxed,Alprazolam,,53.28206,-4.09396
000235421,2024-10-15,LD1,Diazepam,Bensedin,White,Tablet,Oral,Relaxed,Diazepam,,52.2618,-3.3257903225806453
W058433,2024-10-15,SR4,Bensedin Diazepam,Not Stated,White,Tablet,Not Stated,Not Stated,Diazepam,,54.9004,-1.4255
000235905,2024-10-15,SA15,Valium (MSJ),Not Stated,Blue,Tablet,Oral,Relaxed,"Bromazolam, Paracetamol",,51.74003,-4.187250000000001
W058458,2024-10-15,YO11,Clonazepam,Clonazepam,White,Tablet,Oral,"Euphoria, Relaxed",Clonazepam,,54.23711428571429,-0.3853571428571428
000040326,2024-10-15,NP10,Diazepam,Not Stated,Blue,Tablet,Not Stated,Not Stated,Diazepam,,51.5877,-2.9984
W058511,2024-10-15,SA15,Valium,Not Stated,Blue,Tablet,Oral,"Euphoria, Increased Energy, Increased Confidence, Relaxed, Breathlesness, Chest Pains, Irregular Heartbeat, Memory Loss",Diazepam,,51.74003,-4.187250000000001
000232192,2024-10-15,NP20,Diazepam,Not Stated,White,Tablet,Not Stated,Not Stated,Diazepam,,51.5877,-2.9984
W058662,2024-10-17,LL24,Diazepam,Valium (Diazepam),Blue,Tablet,Not Stated,Not Stated,Diazepam,,53.09246666666667,-3.80145
000039722,2024-10-17,LL55,Diazepam,Not Stated,,Tablet,Not Stated,Not Stated,Diazepam,,53.12915357142857,-4.195053571428572
W057360,2024-10-17,CH1,Xanax,Rlam,White,Tablet,Not Stated,Not Stated,Alprazolam,,53.2239,-2.9434428571428577
W058683,2024-10-17,E17,Diazepam,Diazepam,White,Tablet,Not Stated,Not Stated,Diazepam,,51.58758,-0.02048
W058668,2024-10-17,TN37,Diazepam,Galenika bensedin,White,Tablet,Not Stated,Not Stated,Diazepam,,50.87460000000001,0.5477
W058695,2024-10-17,SK13,Diazepam,Accord Diazepam,Blue,Tablet,Not Stated,Not Stated,Diazepam,,53.4433,-1.949
W058678,2024-10-22,SE18,Alprazolam,Xanax,White,Tablet,Not Stated,Not Stated,Bromazolam,,51.48716666666667,0.0740666666666666
W058734,2024-10-22,SR3,Diazepam,Bensedin Diazepam,White,Tablet,Not Stated,Not Stated,Diazepam,,54.874233333333336,-1.4153666666666669
W058748,2024-10-22,CF39,Diazepam,Not Stated,Blue,Tablet,Not Stated,Not Stated,Paracetamol,,51.5988125,-3.447975
000039653,2024-10-22,NP12,MSJ,Not Stated,Blue,Tablet,Oral,"Euphoria, Visual Hallucinations, Irregular Heartbeat, Paranoia, Memory Loss, Confusion, Agitation, Suicidal Ideation","Paracetamol, Bromazolam",,51.6678,-3.2075
W058807,2024-10-22,DA11,Galeniak Bensedin Diazepam,Not Stated,White,Tablet,Not Stated,Not Stated,Bromazolam,,51.4349,0.3513
W058581,2024-10-22,C11,Bromazolam,Xanax,White,Tablet,Not Stated,Not Stated,No Active Component Identified,,,
W058715,2024-10-22,CF10,Diazepam,Not Stated,White,Tablet,Not Stated,Not Stated,Morphine,,51.48,-3.18
W058786,2024-10-22,BH10,Xanax Alprazolam,Rlam,White,Tablet,Not Stated,Not Stated,Alprazolam,,50.7595,-1.8931
000040327,2024-10-22,NP20,Diazepam,Bensedin Galenika,White,Tablet,Not Stated,Not Stated,Diazepam,,51.5877,-2.9984
W058738,2024-10-22,WF10,Xanax,Not Stated,White,Tablet,Oral,"Increased Energy, Increased Confidence, Increased Libido, Relaxed, Insomnia",Bromazolam,,53.73315,-1.3529
W058801,2024-10-22,PE15,Diazepam,Galenika/Bensedin,White,Tablet,Not Stated,Not Stated,Bromazolam,,52.50866666666666,0.0886555555555555
W058744,2024-10-22,BT11,Diazepam,Martin Dow Diazepam,Blue,Tablet,Not Stated,Not Stated,Bromazolam,,54.58096666666667,-5.9665
W058783,2024-10-22,BS10,Xanax,Ksalol,Blue,Tablet,Not Stated,Not Stated,Alprazolam,,51.509866666666674,-2.635366666666666
W058596,2024-10-24,SR4,Diazepam,bensedin,White,Tablet,Not Stated,Not Stated,Diazepam,,54.9004,-1.4255
W058882,2024-10-24,NE3,Diazepam,Diazepam,White,Tablet,Not Stated,Not Stated,Bromazolam,,55.003175,-1.6339
W058781,2024-10-24,G74,Lorazepam,Lorazepam,Blue,Tablet,Not Stated,Not Stated,Lorazepam,,55.76583333333334,-4.1700333333333335
000235750,2024-10-24,CF39,Valium,Not Stated,White,Tablet,Oral,Relaxed,Diazepam,,51.5988125,-3.447975
000235752,2024-10-24,CF48,Diazepam 10mg,Diazepam 10mg,Blue,Tablet,Not Stated,Not Stated,Bromazolam,,51.73028000000001,-3.37198
W058899,2024-10-24,SY19,Alprazolam ,Ksalol,Blue,Tablet,Not Stated,Not Stated,Alprazolam,,52.573525,-3.634258333333334
W058895,2024-10-24,CW82,Xanax (alprazolam),TSCEXP loose,White,Tablet,Oral,"Euphoria, Increased Confidence, Relaxed",Bromazolam,,53.25245454545455,-2.583109090909091
W058860,2024-10-24,RM1,Diazepam,Diazpeam,Blue,Tablet,Not Stated,Not Stated,Paracetamol,,51.5751,0.1858
W058896,2024-10-24,CW8,Xanax (alprazolam),Xanax (loose),White,Tablet,Oral,"Euphoria, Increased Confidence, Relaxed","Caffeine, Bromazolam",,53.25245454545455,-2.583109090909091
W058844,2024-10-24,KT3,Diazepam,Bensedin Galenika Diazepam,White,Tablet,Oral,Relaxed,Bromazolam,,51.3992,-0.2556
W058862,2024-10-24,W5,Diazepam,Elipam,White,Tablet,Not Stated,Not Stated,Diazepam,"Paracetamol, Tramadol, Amisulpride",51.516333333333336,-0.2851888888888889
W058811,2024-10-24,SG29,Diazepam,Valium 10mg (diazepam),Blue,Tablet,Oral,"Empathy, Relaxed",Bromazolam,,51.899049999999995,-0.14905
W058798,2024-10-24,SA1,Diazepam,Diazepam,White,Tablet,Oral,Relaxed,Diazepam,,51.633979999999994,-3.94848
W058188,2024-10-24,YO10,Alprazolam,Gelenika Ksalol 1mg,"White, Grey",Tablet,Not Stated,Not Stated,Bromazolam,,53.9576,-1.0827
W058894,2024-10-24,CW82,Diazepam,Loose,Blue,Tablet,Oral,"Euphoria, Relaxed",Bromazolam,,53.25245454545455,-2.583109090909091
000041796,2024-10-24,SY23,Xanax,Not Stated,"White, Blue",Tablet,Oral,"Relaxed, Euphoria",Alprazolam,,52.34458541666667,-3.9885
000235742,2024-10-24,CF39,valium,Not Stated,Black,Tablet,Not Stated,Not Stated,Bromazolam,,51.5988125,-3.447975
000234201,2024-10-28,CF83,Xanax,Xanax,White,Tablet,Not Stated,Not Stated,Bromazolam,,51.59288333333333,-3.2333833333333337
W059006,2024-10-28,ML3,Diazepam (Valium),Diazepam,White,Tablet,Not Stated,Not Stated,Diazepam,,55.76254285714286,-4.045457142857143
000235712,2024-10-28,CF32,Xanax,Xanax ,White,Tablet,Oral,Relaxed,Bromazolam,,51.536704166666674,-3.5931333333333337
000235902,2024-10-28,SA1,valium,Not Stated,Blue,Tablet,Not Stated,Not Stated,Bromazolam,,51.633979999999994,-3.94848
W059007,2024-10-28,SK13,Diazepam,Accord Diazepam 5mg,Yellow,Tablet,Not Stated,Not Stated,Diazepam,,53.4433,-1.949
W059008,2024-10-28,SK13,Diazepam,Accord Diazepam 5mg,Yellow,Tablet,Not Stated,Not Stated,Diazepam,,53.4433,-1.949
W059012,2024-10-28,CF23,Alprazolam,Alprazolam 1mg,White,Tablet,Not Stated,"Relaxed, Depression",Alprazolam,,51.5144,-3.1545
000234203,2024-10-28,CF83,Xanax,Xanax,White,Tablet,Not Stated,Not Stated,Bromazolam,,51.59288333333333,-3.2333833333333337
000044317,2024-10-28,SA11,Valium,Dizepam,White,Tablet,Oral,"Euphoria, Relaxed, Memory Loss, Confusion",Diazepam,,51.70800714285714,-3.6944071428571426
W054690,2024-10-28,EH26,Temazepam,Temazepam 10mg,White,Tablet,Oral,Relaxed,Etizolam,,55.82387142857142,-3.241371428571429
W058874,2024-10-28,EH49,Valium,Rosh valium,White,Tablet,Not Stated,"Euphoria, Relaxed",Etizolam,,55.97622222222222,-3.5917111111111115
000234202,2024-10-28,CF83,Xanax,Xanax,White,Tablet,Oral,Relaxed,Bromazolam,,51.59288333333333,-3.2333833333333337
W058961,2024-10-28,B10,Clonazepam,Clonazepam suerta 2mg tablet,White,Tablet,Not Stated,Not Stated,Clonazepam,,52.4698,-1.8523
W058851,2024-10-28,HR3,Alprazolam,R-lam 1,White,Tablet,Not Stated,Not Stated,Alprazolam,,52.08754242424242,-3.049269696969697
W058762,2024-10-28,E14,Diazepam,Galenika Bensedin,White,Tablet,Oral,"Relaxed, Breathlesness, Chest Pains, Irregular Heartbeat, Paranoia, Panic Attack",Diazepam,,51.50563529411765,-0.0187647058823529
W058871,2024-10-28,EX4,Clonazepam,Clonazepam (ellem),Blue,Tablet,Oral,"Increased Confidence, Relaxed, Memory Loss",Clonazepam,,50.73776,-3.5296999999999996
W058761,2024-10-28,E14,Diazepam,Galenik Bensedin,White,Tablet,Not Stated,"Relaxed, Irregular Heartbeat, Paranoia, Panic Attack",Bromazolam,,51.50563529411765,-0.0187647058823529
W058760,2024-10-28,E14,Diazepam,Galenika Bensedin ,White,Tablet,Oral,"Relaxed, Irregular Heartbeat, Panic Attack",Bromazolam,,51.50563529411765,-0.0187647058823529
W054691,2024-10-28,EH26,Etizolam,Rouche 10,White,Tablet,Oral,Relaxed,Etizolam,,55.82387142857142,-3.241371428571429
W058945,2024-10-28,CO14,Xanax,Xanax,Pink,Tablet,Not Stated,Not Stated,Alprazolam,,51.8482,1.2674
000231432,2024-10-31,NP12,MSJ,MSJ,Blue,Tablet,Oral,"Increased Confidence, Relaxed, Insomnia","Paracetamol, Bromazolam",,51.6678,-3.2075
W059269,2024-11-05,BN3,Xanax,Rlam,Yellow,Liquid,Not Stated,Not Stated,Alprazolam,,50.836725,-0.179625
000232927,2024-11-05,CF44,Diazepam,Not Stated,Blue,Tablet,Oral,"Increased Confidence, Increased Libido, Relaxed",Diazepam,,51.7327125,-3.48293125
W058702,2024-11-05,BS3,Clonazepam,Not Stated,White,Tablet,Oral,"Increased Confidence, Relaxed",Clonazepam,,51.4552,-2.5966
W059220,2024-11-05,LA13,Clonazepam,Gelanika Rivotril,White,Tablet,Not Stated,Not Stated,Clonazepam,,54.11367142857143,-3.193485714285714
W059217,2024-11-05,LA13,Clonazepam,Galenika Rivotril,White,Tablet,Not Stated,Not Stated,Clonazepam,,54.11367142857143,-3.193485714285714
W059218,2024-11-05,LA13,Clonazepam,Galenika Rivotril,White,Tablet,Not Stated,Not Stated,Clonazepam,,54.11367142857143,-3.193485714285714
W059126,2024-11-05,N76,Lorazepam,Lorazepam,White,Tablet,Not Stated,Not Stated,Lorazepam,,,
W059235,2024-11-05,PO14,Rivotril 2mg,Rivotril 2mg,,Tablet,Oral,"Relaxed, Breathlesness, Paranoia, Memory Loss, Confusion, Loss of consciousness",Clonazepam,,50.8339,-1.235225
W059172,2024-11-05,CO7,Clonazepam,Rivotril Clonazepam,White,Tablet,Not Stated,Not Stated,Clonazepam,,51.887447826086955,1.0088478260869564
W059118,2024-11-05,LL13,Alprazolam,Ksalol,Blue,Tablet,Oral,Relaxed,Alprazolam,,52.9917619047619,-2.9116809523809524
W059117,2024-11-05,LL13,Alprazolam,Ksalol,Blue,Tablet,Oral,Not Stated,Alprazolam,,52.9917619047619,-2.9116809523809524
W059027,2024-11-05,NR30,Etizolam 1mg,Neurozol,White,Tablet,Oral,No Effect,Etizolam,,52.629975,1.721625
W059127,2024-11-05,N78J,Xanax,Alprazolam/Xanax,Green,Tablet,Not Stated,Not Stated,Bromazolam,,,
W059221,2024-11-05,LA13,Clonazepam,Galenika Rivotril,White,Tablet,Not Stated,Not Stated,Clonazepam,,54.11367142857143,-3.193485714285714
W059229,2024-11-05,KT6,Diazepam,Bensedin Galenika,White,Tablet,Oral,Relaxed,Bromazolam,,51.38595,-0.2898
W059325,2024-11-05,TW1,Xanax,Ksalol Alprazolam,White,Tablet,Not Stated,Not Stated,Alprazolam,,51.4454,-0.3297
W059239,2024-11-05,LE2,Openline Diazepam,Galenika bensedin,White,Tablet,Oral,"Breathlesness, Irregular Heartbeat, Paranoia",Diazepam,,52.60181666666667,-1.1167166666666668
W059183,2024-11-05,E14,Valium,Galenika Diazepam,White,Tablet,Oral,"No Effect, Empathy, Relaxed, Memory Loss, Confusion",Diazepam,,51.50563529411765,-0.0187647058823529
W059301,2024-11-05,S4,Diazepam,Galenika Bensedin Diazepam,White,Tablet,Not Stated,Not Stated,Diazepam,,53.383,-1.4659
W059261,2024-11-05,IP8,Diazepam,Diazepam (Galenika Bensedin),White,Tablet,Not Stated,Not Stated,Diazepam,,52.072692307692314,1.0596
W059300,2024-11-05,LE11,Clonazepam,UKP Galenika Rivotril Klonazepam,White,Tablet,Oral,Increased Confidence,Clonazepam,,52.76669999999999,-1.2
W059299,2024-11-05,LE11,Diazepam,UKp Martin Dow Valium,Blue,Tablet,Oral,"Increased Confidence, Relaxed",Diazepam,,52.76669999999999,-1.2
W059297,2024-11-05,LE11,Lorazepam,UKP Hemofarm Lorazepam,Blue,Tablet,Oral,Relaxed,Lorazepam,,52.76669999999999,-1.2
W059240,2024-11-05,LE2,Openline Alprazolam,Galenika Ksalol,White,Tablet,Not Stated,Not Stated,Alprazolam,,52.60181666666667,-1.1167166666666668
W059150,2024-11-05,SW20,Diazepam,Bensedin,White,Tablet,Not Stated,Not Stated,Diazepam,,51.4095,-0.22818
W059181,2024-11-05,SW13,Diazepam/Valium,Accord Diazepam,Blue,Tablet,Oral,"Breathlesness, Chest Pains, Irregular Heartbeat, Nausea, Paranoia, Panic Attack",Bromazolam,,51.4735,-0.2484
W059180,2024-11-05,SW13,Xanax,Not Stated,White,Tablet,Not Stated,Not Stated,Bromazolam,,51.4735,-0.2484
W059179,2024-11-05,SW13,Valium,Roche,Blue,Tablet,Not Stated,Not Stated,Diclazepam,,51.4735,-0.2484
W059100,2024-11-05,BA6,Xanax,Ksalol Galenika,White,Tablet,Oral,Relaxed,Alprazolam,,51.140458333333335,-2.708916666666666
W059279,2024-11-05,NN56,Alprazolam,Ksalol Alprazolam,White,Tablet,Oral,"Euphoria, Relaxed, Loss of consciousness",Alprazolam,,52.242575,-0.93795
W059230,2024-11-05,TN34,Nitrazepam,Not Stated,White,Tablet,Not Stated,Not Stated,Nitrazepam,,50.8552,0.5729
W059149,2024-11-05,M14,Clonazepam,Rnaze Clonazepam,White,Tablet,Not Stated,Not Stated,Clonazepam,,53.4482,-2.2257
W059148,2024-11-05,M14,Etizolam,Etikem Etizolam,Pink,Tablet,Not Stated,Not Stated,Etizolam,,53.4482,-2.2257
W059043,2024-11-05,TQ46,Diazepam,Bensedin Diaz,White,Tablet,Not Stated,Not Stated,Diazepam,,50.424,-3.5713
W059152,2024-11-05,NE15,Diazepam,Neurovision Dizpam,White,Tablet,Oral,"Increased Confidence, Relaxed, Irregular Heartbeat, Confusion, Agitation",Diazepam,,54.99177142857143,-1.7885428571428572
W059038,2024-11-05,M111,Xanax,Xanax,Blue,Tablet,Oral,"No Effect, Insomnia",Alprazolam,,53.479,-2.1818
W058980,2024-11-05,GL53,Xanax Alprazolam 1mg tablet,Ksalol galenika,Blue,Tablet,Not Stated,Not Stated,Alprazolam,,51.8192,-2.05427
W058949,2024-11-05,TQ13,Rivotril 2mg,Rivotril,White,Tablet,Not Stated,Not Stated,"Paracetamol, Bromazolam",,50.593135,-3.68865
000234305,2024-11-05,CF11,Diazepam 10mg,Diazepam 10mg,White,Tablet,Oral,"Auditory Hallucinations, Visual Hallucinations, Relaxed, Irregular Heartbeat, Memory Loss, Confusion, Panic Attack, Agitation",Diazepam,,51.48,-3.18
000234304,2024-11-05,CF13,Xanax 10mg,Not Stated,Green,Tablet,Oral,Not Stated,Bromazolam,,,
000234303,2024-11-05,CF11,Diazepam 10mg,Diazepam 10mg,Yellow,Tablet,Oral,"Auditory Hallucinations, Violence/Aggression, Relaxed, Irregular Heartbeat, Memory Loss, Confusion, Panic Attack, Loss of consciousness",Bromazolam,,51.48,-3.18
W058920,2024-11-05,FK8,Street valium, SEDIL,"Pink, Red",Tablet,Oral,"Increased Confidence, Relaxed, Nausea, Panic Attack",Diazepam,,56.12892702702703,-4.228913513513514
W058972,2024-11-05,L16,Diazepam 10mg,Dow jones,Blue,Tablet,Oral,"Increased Confidence, Relaxed",Diazepam,,53.3972,-2.897
000235711,2024-11-05,SA1,Etizolam,Etizolam,White,Tablet,Oral,Relaxed,Etizolam,,51.633979999999994,-3.94848
W058953,2024-11-05,PL04,Diazepam,Diazepam,Yellow,Tablet,Oral,Not Stated,Bromazolam,,,
W058973,2024-11-05,CF10,Street Valium,Not Stated,Blue,Tablet,Oral,Not Stated,Bromazolam,,51.48,-3.18
W059000,2024-11-05,CA14,Diazepam,Accord,Blue,Tablet,Oral,Relaxed,"Paracetamol, Bromazolam",,54.630025,-3.50065
W059017,2024-11-05,SA14,Diazepam,Bensedin 10mg Diazepam,White,Tablet,Oral,Relaxed,Diazepam,,51.76378235294118,-4.089482352941177
W059048,2024-11-05,SA11,Valium,Valium,Blue,Tablet,Oral,Not Stated,Bromazolam,,51.70800714285714,-3.6944071428571426
W059153,2024-11-05,SR4,Teva diazepam 5mg,Teva Diazepam 5mg,Yellow,Tablet,Not Stated,Not Stated,Diazepam,,54.9004,-1.4255
W058992,2024-11-05,EH20,Diazepam,Diazepam / Valium martin dow,Blue,Tablet,Not Stated,Not Stated,Zopiclone,,55.879000000000005,-3.1578999999999997
W059041,2024-11-05,TQ46,Diazepam,Accord Diazepam,"White, Blue",Tablet,Not Stated,Not Stated,"Bromazolam, Metonitazene",,50.424,-3.5713
W058442,2024-11-05,HD1,Diazepam,alenika Bensedin Diazepam,White,Tablet,Not Stated,Not Stated,Diazepam,,53.649,-1.7842
W058998,2024-11-05,WV6,Diazepam 5mg,Diazepam 5mg Accord,Yellow,Tablet,Not Stated,Not Stated,Diazepam,,52.59424545454545,-2.2206454545454544
W059169,2024-11-05,DA11,Diazepam,Accord Diazepam tabs 5mg,Yellow,Tablet,Oral,Relaxed,Diazepam,,51.4349,0.3513
W059092,2024-11-05,B26,Bromazolam,Bromazolam,"Orange, Brown",Powder,Not Stated,Not Stated,Bromazolam,,52.45953333333333,-1.7873333333333334
000234995,2024-11-05,CF3,Bensedin,Not Stated,White,Tablet,Oral,Relaxed,Diazepam,,51.52382222222222,-3.0891333333333333
W058999,2024-11-05,WV6,Diazepam,Diazepam tablet 10mg Accord,Blue,Tablet,Not Stated,Not Stated,Diazepam,,52.59424545454545,-2.2206454545454544
W059030,2024-11-05,CF24,Alprazolam,R-lam1,White,Tablet,Not Stated,"Memory Loss, loss of coordination",Alprazolam,,51.48,-3.18
W059051,2024-11-05,BN3,Diazepam 10mg,valium 10mg martin dow ,Colourless,Tablet,Not Stated,Not Stated,Diazepam,,50.836725,-0.179625
000231577,2024-11-05,NP23,Alprazolam,Alprazolam,Blue,Tablet,Oral,Not Stated,Alprazolam,,51.7771,-3.2079
W059138,2024-11-05,M21,Diazepam,Bensedin Diazepam,White,Tablet,Oral,Relaxed,Diazepam,,53.4351,-2.2631
W059171,2024-11-05,BS4,Diazepam,accord diazepam 10mg,Blue,Tablet,Oral,"Empathy, Irregular Heartbeat, Nausea","Metonitazene, Bromazolam",,51.4345,-2.55525
W058416,2024-11-05,EH26,Alprazolam 1mg,Ksalol,,Tablet,Oral,"Euphoria, Increased Confidence",Bromazolam,,55.82387142857142,-3.241371428571429
W058418,2024-11-05,EH26,Clonazepam 2mg,Rivotril,White,Tablet,Oral,"Increased Confidence, Relaxed, Depression",Paracetamol,Bromazolam,55.82387142857142,-3.241371428571429
W059108,2024-11-05,DN12,Diazepam,Diazepam,White,Tablet,Not Stated,"Increased Confidence, Relaxed",Diazepam,,53.4851,-1.2453
W059083,2024-11-05,SA11,valium,Valium,Green,Tablet,Not Stated,Not Stated,Diazepam,,51.70800714285714,-3.6944071428571426
W059106,2024-11-05,TQ12,Diazepam,valium 10mg (diazepam) martin dow,,Tablet,Not Stated,Not Stated,Diazepam,,50.526051851851854,-3.6118259259259258
W059103,2024-11-05,CF11,Diazepam,c/DC,Blue,Tablet,Oral,"Increased Confidence, Increased Energy, Relaxed","Paracetamol, Bromazolam",,51.48,-3.18
000231576,2024-11-05,NP23,Nitrazepam,Nitrazepam,White,Tablet,Oral,Not Stated,Nitrazepam,,51.7771,-3.2079
W059489,2024-11-12,M21,Bensedin Diazepam,Not Stated,White,Tablet,Oral,Relaxed,Diazepam,,53.4351,-2.2631
W059445,2024-11-12,CF44,Diazepam,Valium,Blue,Tablet,Oral,"Increased Energy, Increased Confidence, Relaxed",Diazepam,,51.7327125,-3.48293125
W059383,2024-11-12,BS5,Xanax,Rlam,White,Tablet,Not Stated,Not Stated,Alprazolam,,51.462,-2.5519
W059379,2024-11-12,BS5,Xanax,Not Stated,White,Tablet,Oral,Relaxed,Bromazolam,,51.462,-2.5519
W059481,2024-11-12,HP20,Xanax,Alprazolam,White,Tablet,Oral,Tiredness,Alprazolam,,51.8167,-0.8146
W059340,2024-11-12,W2,Diazepam,Diazepam (Accord),Blue,Tablet,Oral,"Auditory Hallucinations, Visual Hallucinations, Relaxed, Irregular Heartbeat, Memory Loss, Confusion, Depression","Paracetamol, Bromazolam",,51.51413636363636,-0.1886454545454545
W059265,2024-11-12,CF31,Valium,Valium (Diazepam),Blue,Tablet,Oral,Relaxed,Diazepam,,51.507666666666665,-3.577733333333333
W059400,2024-11-12,NE32,Diazepam,Not Stated,White,Tablet,Not Stated,Not Stated,Diazepam,,54.974050000000005,-1.4842499999999998
W059378,2024-11-12,BS5,Xanax,Ksalol,Blue,Tablet,Not Stated,Not Stated,Alprazolam,,51.462,-2.5519
W059399,2024-11-12,IV25,Diazepam tablets,Accord diazepam tablets,Yellow,Tablet,Not Stated,Not Stated,Diazepam,,57.88944166666667,-4.0639125
W059447,2024-11-12,SA1,Valium,Not Stated,Blue,Tablet,Not Stated,Not Stated,"Paracetamol, Bromazolam",,51.633979999999994,-3.94848
W059465,2024-11-12,SA1,Nitrazepam,Not Stated,White,Tablet,Oral,Euphoria,Nitrazepam,,51.633979999999994,-3.94848
W059423,2024-11-12,SY23,Lorazepam,Genus,Yellow,Tablet,Not Stated,Not Stated,Lorazepam,,52.34458541666667,-3.9885
W059424,2024-11-12,SY23,Lorazepam,Not Stated,White,Tablet,Not Stated,Not Stated,Lorazepam,,52.34458541666667,-3.9885
W059425,2024-11-12,SY23,Lorazepam,Not Stated,White,Powder,Not Stated,Not Stated,Lorazepam,,52.34458541666667,-3.9885
W059497,2024-11-12,CH6,Xanax,Not Stated,White,Tablet,Oral,"Increased Confidence, Relaxed, Memory Loss","Caffeine, Bromazolam",,53.255125,-3.1489
W059388,2024-11-12,CB4,Diazepam,Bensedin,White,Tablet,Not Stated,Not Stated,Bromazolam,,52.22380625,0.131525
W059448,2024-11-12,SA1,Valium,Not Stated,Blue,Tablet,Not Stated,"Auditory Hallucinations, Visual Hallucinations",Bromazolam,,51.633979999999994,-3.94848
000234213,2024-11-12,CF83,Diazepam,Not Stated,White,Tablet,Oral,Relaxed,Diazepam,,51.59288333333333,-3.2333833333333337
W059342,2024-11-12,B10,Diazepam tablets,Diazepam tablets PVL,Yellow,Tablet,Not Stated,Not Stated,Diazepam,,52.4698,-1.8523
W059441,2024-11-12,BT51,Diazepam,Valium Diazepam Martin Dow,Blue,Tablet,Oral,"Increased Confidence, Relaxed, Memory Loss","Paracetamol, Bromazolam",,55.064172727272734,-6.6975181818181815
W059336,2024-11-12,NG5,Valium,Not Stated,White,Tablet,Oral,Relaxed,Diazepam,,53.0006,-1.1315
W059374,2024-11-12,NE35,Valium,Bensedin,White,Tablet,Not Stated,Not Stated,Diazepam,,54.9503,-1.469
W059502,2024-11-14,BS5,Diazepam valium,Bensedin Galenika Valium,White,Tablet,Not Stated,Not Stated,Bromazolam,,51.462,-2.5519
W059576,2024-11-14,SK11,Diazepam,Bensedin,White,Tablet,Not Stated,Not Stated,Diazepam,,53.229638461538464,-2.14891923076923
W059577,2024-11-14,SK11,Valium,Martin Dow,Blue,Tablet,Not Stated,Not Stated,Diazepam,,53.229638461538464,-2.14891923076923
W059572,2024-11-14,NR27,Alprazolam,Tehran Darou Alprazolam,Blue,,Oral,"Increased Confidence, Relaxed, Memory Loss, Loss of consciousness",Alprazolam,,52.9190625,1.31625
W059573,2024-11-14,EH14,Clonazepam,Clonazepam tablets Rnaze aran Pharm,White,Tablet,Not Stated,Not Stated,Clonazepam,,55.894733333333335,-3.3110166666666667
W059567,2024-11-14,NR27,xanax,alprazalom,White,Tablet,Oral,"Increased Confidence, Relaxed, Memory Loss, Depression",Alprazolam,,52.9190625,1.31625
W059583,2024-11-14,BS4,diazepam,diazepam accord 10mg,Blue,Tablet,Not Stated,Not Stated,"Bromazolam, Metonitazene",,51.4345,-2.55525
W059663,2024-11-14,G12,LORAZEPAM,LOR3,White,Tablet,Oral,"Relaxed, Memory Loss, Confusion",Lorazepam,Paracetamol,55.8804,-4.3007
000234411,2024-11-14,CF23,ALPRAZOLAM 1MG,ALPRAZOLAM 1MG,Blue,Tablet,Not Stated,Not Stated,Alprazolam,,51.5144,-3.1545
W059512,2024-11-14,CF40,MSJ,MSJ,Blue,Tablet,Oral,"Relaxed, Memory Loss, Loss of consciousness",Paracetamol,Bromazolam,51.627316666666665,-3.461883333333333
W059511,2024-11-14,CF40,MSJ,MSJ,Blue,Tablet,Oral,"Relaxed, No Effect",Bromazolam,,51.627316666666665,-3.461883333333333
W059642,2024-11-14,RG11,LORAZEPAM,Not Stated,White,Tablet,Not Stated,Not Stated,Lorazepam,,51.4563,-0.9711
W059460,2024-11-14,GU16,Alprazolam,Alprazolam,White,Tablet,Not Stated,Not Stated,Alprazolam,,51.298275,-0.71955
W059628,2024-11-14,BN2,DIAZEPAM,DIAZEPAM,Brown,Tablet,Not Stated,Not Stated,Diazepam,,50.823825,-0.082825
W059633,2024-11-14,PE15,DIAZEPAM/VALIUM ,MARTIN DOW DIAZEPAM,Blue,Tablet,Not Stated,Not Stated,"Paracetamol, Bromazolam",,52.50866666666666,0.0886555555555555
W059614,2024-11-14,WA9,CLONAZEPAM,RIVOTRIL,White,Tablet,Not Stated,Not Stated,Clonazepam,,53.426433333333335,-2.7348666666666666
W059638,2024-11-14,NE3,DIAZEPAM 10MG,DIAZEPAM (MARTIN DOW),Blue,Tablet,Not Stated,Not Stated,"Paracetamol, Bromazolam",,55.003175,-1.6339
W059634,2024-11-14,GL53,DIAZEPAM 10MG,GALENIKA BENSEDIN,White,Tablet,Not Stated,Not Stated,Bromazolam,,51.8192,-2.05427
000039656,2024-11-14,NP,TEMAZEPAM,TEMAZEPAM,"White, Yellow",Tablet,Oral,Relaxed,Temazepam,,,
000234412,2024-11-14,CF23,BENSOIN B DIAZEPAM 10MG,BENSOIN,White,Tablet,Not Stated,Not Stated,Bromazolam,,51.5144,-3.1545
W059582,2024-11-14,KT2,Viatris Xanax,Xanax,Pink,Tablet,Not Stated,Not Stated,Alprazolam,,51.4186,-0.2904
W059564,2024-11-14,BX9,DIAZEPAM,Not Stated,Blue,Tablet,Oral,Relaxed,Bromazolam,,,
W059496,2024-11-14,CB10,Alprazolam,Galenika Ksalol,White,Tablet,Not Stated,Not Stated,Alprazolam,,52.03342941176471,0.2682294117647059
W059525,2024-11-14,SA1,Diazepam,Not Stated,Blue,Tablet,Oral,No Effect,"Paracetamol, Cocaine",Bromazolam,51.633979999999994,-3.94848
W059319,2024-11-14,E5,Xanax,Alprazolam,White,Tablet,Not Stated,"Depression, Relaxed",Alprazolam,,51.55991666666667,-0.0545166666666666
W059344,2024-11-14,ML11,Valium,A10,White,Tablet,Oral,"Relaxed, Breathlesness, Insomnia",Bromazolam,,55.68366041666667,-3.720560416666667
W059370,2024-11-14,NG18,Diazepam,Bensedin Galenika,White,Tablet,Not Stated,Not Stated,Bromazolam,,53.1333,-1.2
W059248,2024-11-14,B77,Diazepam,Roche Martin Dow,Blue,Tablet,Oral,"Relaxed, Agitation",Diazepam,,52.6158,-1.666383333333333
W059252,2024-11-14,B77,Diazepam,Alicon Daizi,White,,Oral,"Euphoria, Empathy, Relaxed, Breathlesness, Memory Loss",Diazepam,,52.6158,-1.666383333333333
W059251,2024-11-14,B77,Diazepam,Martin Dow Roche,Blue,Tablet,Not Stated,"Euphoria, Auditory Hallucinations, Relaxed, Agitation, Violence/Aggression",Diazepam,,52.6158,-1.666383333333333
W059250,2024-11-14,B77,Diazepam,Roche Martin Dow,Blue,Tablet,Oral,"Euphoria, Relaxed",Diazepam,,52.6158,-1.666383333333333
W059391,2024-11-14,E2,Lorazepam,Hemofarm Lorazepam,Blue,Tablet,Not Stated,Not Stated,Lorazepam,,51.5386,-0.055525
W059390,2024-11-14,E2,Xanax,Ksalol Alprazolam,White,Tablet,Not Stated,Not Stated,Alprazolam,,51.5386,-0.055525
W059468,2024-11-14,WV4,Alprazolam,Alprazolam,Colourless,Tablet,Not Stated,Not Stated,Alprazolam,,52.5617,-2.1607333333333334
W059136,2024-11-14,DN40,Diazepam,Not Stated,White,Tablet,Not Stated,Not Stated,Diazepam,,53.627716666666664,-0.2571833333333333
W058045,2024-11-14,BT8,Diazepam,Not Stated,Yellow,Tablet,Not Stated,Not Stated,"Nicotinamide, Cocaine",Ketamine,54.55041666666667,-5.9068
W059530,2024-11-14,PO2,Diazepam,Not Stated,Blue,Tablet,Not Stated,Not Stated,Diazepam,,50.8183,-1.0719
W059526,2024-11-14,AB42,Diazepam,Not Stated,White,Tablet,Not Stated,Not Stated,"Etizolam, Paracetamol",,57.48231142857143,-1.924825714285714
W059461,2024-11-14,LL11,Diazepam,Not Stated,Blue,Tablet,Not Stated,Not Stated,Diazepam,,53.064506666666674,-3.052973333333333
W059495,2024-11-14,CB10,Diazepam,Galenika bensedin,White,Tablet,Not Stated,Not Stated,Diazepam,,52.03342941176471,0.2682294117647059
000039724,2024-11-14,LL53,Diazepam,Not Stated,White,Tablet,Oral,"Nausea, Paranoia, Memory Loss, Confusion, Agitation",Diazepam,,52.89524166666667,-4.493856666666668
W059466,2024-11-14,LL11,Lorazepam,Not Stated,White,Tablet,Not Stated,Not Stated,Lorazepam,,53.064506666666674,-3.052973333333333
W059538,2024-11-14,SA1,Valium,Not Stated,Blue,Tablet,Oral,"Relaxed, Memory Loss, Confusion, Depression",Bromazolam,,51.633979999999994,-3.94848
W059316,2024-11-14,LE2,Diazepam,Not Stated,White,Tablet,Not Stated,Not Stated,Diazepam,,52.60181666666667,-1.1167166666666668
W059463,2024-11-14,LL11,Clonazepam,Not Stated,White,Tablet,Not Stated,Not Stated,Clonazepam,,53.064506666666674,-3.052973333333333
W059793,2024-11-19,ML6,Diazepam,Loghman,Blue,Tablet,Not Stated,Not Stated,Diazepam,,55.876992307692305,-3.925407692307692
W059794,2024-11-19,ML6,Nitrazepam,Nitrazepam,White,Tablet,Not Stated,Not Stated,Nitrazepam,,55.876992307692305,-3.925407692307692
W059787,2024-11-19,ML6,Diazepam,Loghman,Blue,Tablet,Not Stated,Not Stated,Diazepam,,55.876992307692305,-3.925407692307692
W059791,2024-11-19,ML6,Midazolam,Midazolam,White,Tablet,Not Stated,Not Stated,Midazolam,,55.876992307692305,-3.925407692307692
W059786,2024-11-19,ML6,Alprazolam/Xanax,Galenika Ksalol,"White, Blue",Tablet,Not Stated,Not Stated,Alprazolam,,55.876992307692305,-3.925407692307692
W059748,2024-11-19,PL4,Diazepam,Not Stated,White,Tablet,Not Stated,Not Stated,Diazepam,,50.3715,-4.143
W059747,2024-11-19,PL4,Diazepam,Not Stated,Blue,Tablet,Not Stated,Not Stated,Diazepam,,50.3715,-4.143
W059865,2024-11-19,CB23,Diazepam,Bensedin,White,Tablet,Not Stated,Not Stated,Diazepam,,52.21715,-0.0101058823529411
W059759,2024-11-19,SE4,Diazepam,UKP Martin Dow,Blue,Tablet,Not Stated,Not Stated,Diazepam,,51.46099999999999,-0.0352
W059800,2024-11-19,YO10,Diazepam,Diazepam (Teva),Blue,Tablet,Not Stated,Not Stated,Diazepam,,53.9576,-1.0827
W059834,2024-11-19,NE61,Triazolam,Not Stated,White,Tablet,Not Stated,Not Stated,Diazepam,,55.165690000000005,-1.7111625
W059833,2024-11-19,NE61,Xanax,Not Stated,White,Tablet,Oral,"Euphoria, Enhanced Senses, Empathy, Relaxed, Paranoia, Confusion, Panic Attack, Agitation",Diazepam,,55.165690000000005,-1.7111625
W059761,2024-11-19,KY1,Diazepam,Not Stated,White,Tablet,Not Stated,Not Stated,Clonazolam,,56.1345,-3.121411111111111
W059662,2024-11-19,SA15,Diazepam,Not Stated,White,Tablet,Oral,"Chest Pains, Nausea",No Active Component Identified,,51.74003,-4.187250000000001
W059732,2024-11-19,SE20,Xanax,Ksalol Alprazolam,Blue,Tablet,Not Stated,Not Stated,Alprazolam,,51.41095,-0.05695
W059745,2024-11-19,SA15,Diazepam,Not Stated,Blue,Tablet,Oral,Relaxed,Diazepam,,51.74003,-4.187250000000001
W059785,2024-11-19,NW10,Diazepam,Not Stated,Blue,Tablet,Oral,No Effect,Diazepam,,51.53758571428572,-0.2431214285714285
W059666,2024-11-20,KT6,Diazepam,Bensedin Diazepam,White,Tablet,Oral,Relaxed,Diazepam,,51.38595,-0.2898
000234393,2024-11-20,CF14,Diazepam,Not Stated,Blue,Tablet,Oral,Relaxed,No Active Component Identified,,51.5199,-3.204
W059619,2024-11-20,GL5,Diazepam,Bensedin Galenika,White,Tablet,Not Stated,Not Stated,Diazepam,,51.7366,-2.21976
W059742,2024-11-20,NR27,Diazepam,Accord Diazepam,Blue,Tablet,Not Stated,Not Stated,Diazepam,,52.9190625,1.31625
W059705,2024-11-20,DN12,Diazepam,Bensedin,White,Tablet,Oral,"Euphoria, Increased Confidence, Relaxed",Diazepam,,53.4851,-1.2453
W059681,2024-11-20,CA14,Xanax,Galenika Ksalol,Blue,Capsule,Oral,"Empathy, Relaxed",Alprazolam,,54.630025,-3.50065
W059160,2024-11-20,BN1,Diazepam,Not Stated,White,Tablet,Oral,No Effect,Bromazolam,,50.8614,-0.1204166666666666
W059639,2024-11-20,EH8,Diazepam,Not Stated,Blue,Tablet,Oral,"Memory Loss, Loss of consciousness",Etizolam,,55.9489,-3.1632
W059396,2024-11-20,CF24,Alprazolam,Alprazolam/Mylan,White,Tablet,Not Stated,Not Stated,Bromazolam,,51.48,-3.18
W057680,2024-11-21,KT19,Diazepam,Not Stated,Yellow,Tablet,Not Stated,Not Stated,Diazepam,,51.3305,-0.2701
W059811,2024-11-21,G83,Xanax,Ksalol alprazolam,White,Tablet,Not Stated,Not Stated,Alprazolam,,56.03989166666666,-4.6006583333333335
W059810,2024-11-21,G83,Diazepam,Galenika Bensedin Diazepam,White,Tablet,Not Stated,Not Stated,Diazepam,,56.03989166666666,-4.6006583333333335
W059710,2024-11-21,BT16,Diazepam,Not Stated,Yellow,Tablet,Oral,Relaxed,Diazepam,,54.58765,-5.8656500000000005
000234997,2024-11-21,CF37,Diazepam,Not Stated,Blue,Tablet,Oral,"Increased Energy, Relaxed, Irregular Heartbeat, Paranoia, Confusion",Bromazolam,,51.613815384615386,-3.3598076923076925
000234998,2024-11-21,CF37,Diazepam,Not Stated,Blue,Tablet,Oral,"Increased Energy, Relaxed, Irregular Heartbeat, Paranoia, Confusion",Bromazolam,,51.613815384615386,-3.3598076923076925
W059912,2024-11-21,L3,Diazepam,Accord Diazepam,Blue,Tablet,Oral,"Increased Confidence, Relaxed",Bromazolam,,53.4106,-2.9779
000234999,2024-11-21,CF37,Diazepam,Not Stated,Blue,Tablet,Oral,"Increased Energy, Relaxed, Irregular Heartbeat, Paranoia, Confusion",Bromazolam,,51.613815384615386,-3.3598076923076925
W059911,2024-11-21,L3,Diazepam,Dextripam (Diazepam),Blue,Tablet,Oral,"Increased Confidence, Relaxed, Memory Loss",Flubromazepam,,53.4106,-2.9779
W059910,2024-11-21,L3,Diazepam,Martin Dow (Diazepam),Blue,Tablet,Oral,"Increased Confidence, Relaxed",Diazepam,,53.4106,-2.9779
W059915,2024-11-21,KA11,Street valium,Not Stated,White,Tablet,Oral,Relaxed,Bromazolam,,55.613125,-4.617725
W059908,2024-11-21,SA12,Lorazepam,Not Stated,Yellow,Tablet,Not Stated,Not Stated,Lorazepam,,51.61181666666667,-3.7703
W059922,2024-11-21,TR1,Diazepam,Sedil Diazepam BP (Thailand),Yellow,Tablet,Not Stated,Not Stated,Diazepam,,50.2637,-5.06268
000234996,2024-11-21,CF37,Diazepam,Not Stated,Blue,Tablet,Oral,"Increased Energy, Relaxed, Irregular Heartbeat, Paranoia, Confusion",Bromazolam,,51.613815384615386,-3.3598076923076925
W059897,2024-11-21,SA12,Valium,Bensedin Diazepam,White,Tablet,Not Stated,Not Stated,Diazepam,,51.61181666666667,-3.7703
W059967,2024-11-26,LE11,Lorazepam,Proevo Hemopharm Lorazepam,Blue,Tablet,Oral,"Increased Confidence, Relaxed, Memory Loss",Lorazepam,,52.76669999999999,-1.2
000235000,2024-11-26,CF37,Diazepam,Not Stated,Blue,Tablet,Oral,"Nausea, Loss of consciousness",Bromazolam,,51.613815384615386,-3.3598076923076925
W059966,2024-11-26,LE11,Alprazolam,UKP Rlam,White,Tablet,Oral,"Relaxed, Memory Loss",Alprazolam,,52.76669999999999,-1.2
W059965,2024-11-26,LE11,Midazolam,UKP midolam,White,Tablet,Oral,"Relaxed, Loss of consciousness",Midazolam,,52.76669999999999,-1.2
W059963,2024-11-26,LE11,Alprazolam,JimT Rlam,White,Tablet,Oral,"Relaxed, Memory Loss",Alprazolam,,52.76669999999999,-1.2
W060022,2024-11-26,LS18,Diazepam,Not Stated,Blue,Tablet,Not Stated,Not Stated,Diazepam,,53.838,-1.6404
W060023,2024-11-26,LS18,Alprazolam,Not Stated,White,Tablet,Not Stated,Not Stated,Alprazolam,,53.838,-1.6404
W059930,2024-11-26,WS15,Diazepam,Bensedin Galenika,White,Tablet,Oral,No Effect,Dihydrocodeine,,52.7576625,-1.90304375
W059931,2024-11-26,WS15,Rlam,Alprazolam,White,Tablet,Oral,No Effect,Alprazolam,,52.7576625,-1.90304375
W059827,2024-11-26,LS12,Valium,Not Stated,Blue,Tablet,Not Stated,Not Stated,Bromazolam,,53.7913,-1.5972
W059828,2024-11-26,LS12,Xanax,Not Stated,Orange,Tablet,Not Stated,Not Stated,"Caffeine, Bromazolam",,53.7913,-1.5972
000234984,2024-11-26,CF37,Clonazepam,Not Stated,White,Tablet,Oral,Relaxed,Clonazepam,,51.613815384615386,-3.3598076923076925
W059935,2024-11-26,HD1,Diazepam,Not Stated,White,Tablet,Not Stated,Not Stated,Diazepam,,53.649,-1.7842
000234540,2024-11-26,CF10,Xanax,Not Stated,Blue,Tablet,Oral,Relaxed,Alprazolam,,51.48,-3.18
000037601,2024-11-26,NP22,Alprazolam,Not Stated,White,Tablet,Oral,"Increased Confidence, Enhanced Senses, Relaxed",Alprazolam,,51.7725,-3.2468
W058363,2024-11-26,PH11,Valium,Not Stated,Blue,Tablet,Oral,"Relaxed, Confusion, Loss of consciousness","Paracetamol, Etizolam",,56.71388947368422,-3.290810526315789
000232957,2024-11-26,CF36,Diazepam,MSJ,Blue,Tablet,Oral,"Increased Confidence, Relaxed","Paracetamol, Bromazolam",,51.48453333333333,-3.6951
W059948,2024-11-26,LE21,Diazepam,Bensedin,White,Tablet,Not Stated,Not Stated,Diazepam,,52.6323,-1.1249
W059970,2024-11-26,E8,Xanax/Alprazolam,Ksalol/Alprazolam,Blue,Tablet,Not Stated,Not Stated,Alprazolam,,51.548,-0.0629
W059951,2024-11-26,SR3,Diazepam,Bensedin Diazepam,White,Tablet,Not Stated,Not Stated,Diazepam,,54.874233333333336,-1.4153666666666669
W059934,2024-11-26,HD1,Alprazolam,Not Stated,Blue,Tablet,Not Stated,Not Stated,Alprazolam,,53.649,-1.7842
W059926,2024-11-26,BT12,Nitrazepam,Not Stated,White,Tablet,Not Stated,Not Stated,Nitrazepam,,54.583299999999994,-5.9333
000234544,2024-11-26,CF10,Diazepam,aztivis + Bensadine,"White, Blue",Tablet,Oral,"Increased Energy, Increased Confidence, Relaxed",Diazepam,,51.48,-3.18
W059983,2024-11-26,CA11,Diazepam,Bensedin Galenika,White,Tablet,Not Stated,Not Stated,Diazepam,,54.62787027027027,-2.8327162162162165
W059945,2024-11-26,SL0,Diazepam,Valium,Blue,Tablet,Not Stated,Not Stated,Diazepam,,51.5217,-0.512525
W059957,2024-11-26,BN3,Diazepam,Not Stated,"Purple, Black",Tablet,Not Stated,Not Stated,"Bromazolam, Metonitazene",,50.836725,-0.179625
W059949,2024-11-26,LE21,Xanax,Ksalol alprazolam,White,Tablet,Not Stated,Not Stated,Alprazolam,,52.6323,-1.1249
W059845,2024-11-26,KA11,Xanax Alprazolam,Not Stated,Blue,Tablet,Oral,"Euphoria, Increased Energy, Increased Confidence, Enhanced Senses, Increased Stamina, Empathy, Relaxed, Memory Loss",Bromazolam,,55.613125,-4.617725
W059624,2024-11-26,CV11,Xanax,Not Stated,White,Tablet,Oral,Relaxed,Alprazolam,,52.51296666666667,-1.437366666666667
W060937,2025-01-08,LL61,Temazepam,Teva 20 Temazepam,White,Tablet,Oral,"Euphoria, Empathy, Relaxed, Memory Loss",Bromazolam,,53.191199999999995,-4.267242857142857
W060931,2025-01-08,NR31,Alprazolam,Alprazolam,Blue,Tablet,Oral,"Increased Confidence, Relaxed",Alprazolam,,52.572785714285715,1.7042857142857142
W060938,2025-01-08,LL61,Bromazepam,Hemofarn Bromazepam,"White, Yellow",Tablet,Oral,"Increased Confidence, Relaxed, Memory Loss, Confusion",Bromazepam,,53.191199999999995,-4.267242857142857
W061001,2025-01-08,S427,Diazepam,Bensedin galenika diazepam 10mg,White,Tablet,Not Stated,Not Stated,Diazepam,,53.21066,-1.4471733333333332
W060933,2025-01-08,NR31,Diazepam,Diazepam,White,Tablet,Oral,"Increased Confidence, Relaxed, Memory Loss",Diazepam,,52.572785714285715,1.7042857142857142
W061023,2025-01-08,B678,Bromazolam,Alprazolam 1mg,White,Tablet,Oral,"Euphoria, Increased Confidence, Increased Energy, Increased Stamina, Breathlesness, Chest Pains, Vomiting",Bromazolam,,52.4857,-1.9787
W060922,2025-01-08,SA72,Xanax 1mg,Alprazolam 1mg,White,Tablet,Not Stated,Not Stated,Alprazolam,,51.69333333333333,-4.921600000000001
W060970,2025-01-08,GL53,Klonazepam 2mg,Galenika Rivotril,White,Tablet,Not Stated,Not Stated,Bromazolam,,51.8192,-2.05427
W060921,2025-01-08,SA72,Xanax,Alprazolam,White,Tablet,Not Stated,Not Stated,Alprazolam,,51.69333333333333,-4.921600000000001
W060891,2025-01-08,SA15,Valium,Valium/ diazepam,Blue,Tablet,Oral,No Effect,"Bromazolam, Diazepam",,51.74003,-4.187250000000001
W060967,2025-01-08,BT54,Lorazepam 3mg ,lor3,White,Tablet,Oral,"No Effect, Increased Confidence, Relaxed",Lorazepam,,55.19017272727273,-6.2478181818181815
W060989,2025-01-08,L8,Diazepam,Bensedin (galenika) diazepam,White,Tablet,Oral,"Relaxed, Depression",Bromazolam,,53.4106,-2.9779
W060996,2025-01-08,PL23,Bensedin Diazepam,Bensedin Diazepam 10mg,White,Tablet,Oral,"Euphoria, Increased Confidence, Relaxed, Confusion",Diazepam,,50.342200000000005,-4.63756
W060975,2025-01-08,SY4,Diazepam,Diazepam 5mg Accord,Yellow,Tablet,Not Stated,Not Stated,Diazepam,,52.7651,-2.7190144927536233
W060995,2025-01-08,PL23,Ksalol / Alprazolam,Ksalol / 1mg,Blue,Tablet,Oral,"Euphoria, Increased Confidence, Relaxed, Empathy, Memory Loss, Confusion",Alprazolam,,50.342200000000005,-4.63756
W061005,2025-01-08,N17,Alprazolam,Not Stated,White,Tablet,Not Stated,Not Stated,Alprazolam,,51.59922,-0.07094
W061004,2025-01-08,N178,Diazepam,Not Stated,White,Tablet,Oral,Relaxed,Diazepam,,51.59922,-0.07094
W060999,2025-01-08,E1W,Diazepam,Galenika bensedin,White,Tablet,Not Stated,Not Stated,Diazepam,,51.5094,-0.059
W061021,2025-01-08,SG19,Xanax,Xanax r-lam1,White,Tablet,Not Stated,Not Stated,Tramadol,,52.137609999999995,-0.188005
W061052,2025-01-08,RG14,Alprazolam,R-lam alprazolam,White,Tablet,Not Stated,Not Stated,Alprazolam,,51.407383333333335,-1.3243833333333337
W061053,2025-01-08,RG14,Valium,martin dow valium,Blue,Tablet,Oral,Not Stated,Bromazolam,,51.407383333333335,-1.3243833333333337
W061056,2025-01-08,SY11,Etizolam,Not Stated,Red,Tablet,Not Stated,Not Stated,"Bromazolam, Diazepam",,52.83286111111111,-2.965927777777778
W061012,2025-01-08,L11,Diazepam,Bensedin,White,Tablet,Not Stated,Not Stated,Diazepam,,53.4481,-2.9155
W061061,2025-01-08,PR7,Clonazepam,Galenika Rivotril ,White,Tablet,Not Stated,Not Stated,Paracetamol,Bromazolam,53.64461428571428,-2.6670142857142856
000232947,2025-01-09,CF47,Diazepam,Not Stated,Blue,Tablet,Oral,Relaxed,Diazepam,,51.7479,-3.3778
W060971,2025-01-09,GL53,Alprazolam / xanax,Rlam-1 1mg,White,Tablet,Not Stated,Not Stated,Alprazolam,,51.8192,-2.05427
W061049,2025-01-09,G206,Diazepam,Valium (diazepam) 10mg tablets,Blue,Tablet,Not Stated,Not Stated,Diazepam,,55.8906,-4.2904
W061094,2025-01-09,HU55,Diazepam,MSJ,Blue,Tablet,Not Stated,Not Stated,Bromazolam,,53.7603,-0.3758
W061010,2025-01-09,HP22,Diazepam,Bensedin,White,Tablet,"Oral, Snort / Sniff",Not Stated,Diazepam,,51.83288095238095,-0.786652380952381
W061045,2025-01-09,CF14,Diazepam,Diazepam,"White, Blue",Tablet,Oral,Not Stated,Paracetamol,Bromazolam,51.5199,-3.204
W061071,2025-01-09,EH16,Alprazolam,Rlam alprazolam,White,Tablet,Not Stated,Not Stated,Tramadol,,55.92249999999999,-3.1511333333333336
W061054,2025-01-09,BS5,Alprazolam,Alprazolam,White,Tablet,Not Stated,Not Stated,Alprazolam,,51.462,-2.5519
W061165,2025-01-16,LU7,Alprazolam,Xanax,White,Tablet,Not Stated,Not Stated,Bromazolam,,51.89277307692308,-0.6581499999999999
W061117,2025-01-16,TQ9,Alprazolam/Xanax,Tehran Darou alprazolam,Blue,Tablet,Oral,"Increased Energy, Enhanced Senses, Relaxed, Irregular Heartbeat, Memory Loss, Agitation","Alprazolam, Tramadol",Cocaine,50.40683125,-3.696409375
000233049,2025-01-16,TD1,Valium,Not Stated,Yellow,Tablet,Oral,"Euphoria, Increased Energy, Increased Confidence, Relaxed",Diazepam,,55.66659333333334,-2.8606933333333333
000233044,2025-01-16,TD1,Valium,Not Stated,White,Tablet,Oral,"Euphoria, Relaxed, Agitation, Depression",Diazepam,,55.66659333333334,-2.8606933333333333
W061139,2025-01-16,PL52,Diazepam,Sedil,Yellow,Tablet,Oral,"Euphoria, Increased Confidence, Empathy, Relaxed, Memory Loss",Diazepam,,50.4143,-4.16135
W061128,2025-01-16,KY11,Alprazolam,Not Stated,White,Tablet,Not Stated,Not Stated,Alprazolam,,56.037644444444446,-3.422588888888889
W063072,2025-01-16,KY8,valium,Not Stated,White,Tablet,Not Stated,Not Stated,Clonazolam,,56.209568181818184,-2.9803318181818184
W061126,2025-01-16,SK13,Diazepam,Accord,Blue,Tablet,Not Stated,Not Stated,Diazepam,,53.4433,-1.949
W061211,2025-01-16,BS6,Diazepam,Not Stated,White,Tablet,Oral,Relaxed,Diazepam,,51.465599999999995,-2.599066666666667
W061194,2025-01-16,NE35,Diazepam,Not Stated,White,Tablet,Not Stated,Not Stated,Diazepam,,54.9503,-1.469
W049285,2025-01-16,KY6,Diazepam,Not Stated,White,Tablet,Oral,"Increased Energy, Relaxed",Clonazepam,,56.2,-3.2167000000000003
W061121,2025-01-16,SA72,Diazepam,Not Stated,Blue,Tablet,Oral,Relaxed,Diazepam,,51.69333333333333,-4.921600000000001
W061209,2025-01-16,BS6,Diazepam,Not Stated,White,Tablet,Oral,Relaxed,Diazepam,,51.465599999999995,-2.599066666666667
W061025,2025-01-16,BH91,Diazepam,Zepam Diazepam,Blue,Tablet,Not Stated,Not Stated,Diazepam,,50.7497,-1.8734
W061149,2025-01-16,SA15,Diazepam,Not Stated,Blue,Tablet,Not Stated,Not Stated,Bromazolam,,51.74003,-4.187250000000001
W061179,2025-01-16,BN1,Triazolam,Halcion Triazolam,Blue,Tablet,Not Stated,Not Stated,Triazolam,,50.8614,-0.1204166666666666
000235704,2025-01-16,CF31,Valium,Not Stated,Blue,Tablet,Oral,"Increased Confidence, Relaxed",Bromazolam,,51.507666666666665,-3.577733333333333
W061191,2025-01-16,SY4,Diazepam,Roche/Dow,Blue,Tablet,Not Stated,Not Stated,Diazepam,,52.7651,-2.7190144927536233
W061122,2025-01-16,SA72,Xanax,Not Stated,White,,Oral,Relaxed,Alprazolam,,51.69333333333333,-4.921600000000001
W060684,2025-01-17,KA11,Valium,Martin Dow,Blue,Tablet,Oral,"Euphoria, Increased Confidence, Relaxed",Diazepam,,55.613125,-4.617725
W061131,2025-01-17,KY5,Diazepam,Not Stated,White,Tablet,Oral,Relaxed,Etizolam,,56.1493125,-3.285875
000234346,2025-01-17,CF62,Diazepam,Not Stated,Blue,Tablet,Oral,"Increased Confidence, Relaxed",Ethylbromazolam,Bromazolam,51.4027,-3.37145
W061112,2025-01-17,CR6,Alprazolam,Not Stated,White,Tablet,Not Stated,Not Stated,Alprazolam,,51.31583333333333,-0.0407999999999999
000044363,2025-01-17,SA1,Diazepam,Not Stated,White,Tablet,Oral,Relaxed,Diazepam,,51.633979999999994,-3.94848
W061205,2025-01-17,PO36,Galenika Rivotril Clonazepam,Not Stated,White,Tablet,Oral,"Euphoria, Increased Confidence, Breathlesness, Nausea, Vomiting",Clonazepam,,50.66632857142857,-1.1746714285714286
W058310,2025-01-17,N20,Diazepam,Actavis,Blue,Tablet,Not Stated,Not Stated,Paracetamol,,51.6333,-0.1833199999999999
W061219,2025-01-17,EX2,Diazepam,Teva,White,Liquid,Not Stated,Not Stated,Diazepam,,50.70541666666667,-3.529533333333333
W061218,2025-01-17,EX2,Alprazolam,Ksalol Galeniak,White,Capsule,Not Stated,Not Stated,Alprazolam,,50.70541666666667,-3.529533333333333
W061214,2025-01-17,EX2,Alprazolam,Rlam Alprazolam,White,Tablet,Oral,Relaxed,Alprazolam,,50.70541666666667,-3.529533333333333
W061213,2025-01-17,EX2,Diazepam,Bensedin Galenika,White,Tablet,Not Stated,Not Stated,Bromazolam,,50.70541666666667,-3.529533333333333
W061180,2025-01-17,PO36,Martin Dow Diazepam,Not Stated,Blue,Tablet,Oral,"Enhanced Senses, Breathlesness",Diazepam,,50.66632857142857,-1.1746714285714286
W061119,2025-01-20,SR3,Diazepam,Bensedin Galenika,White,Tablet,Not Stated,Not Stated,Diazepam,,54.874233333333336,-1.4153666666666669
000039667,2025-01-20,NP12,MSJ/ Benzodiazepine,Valium,Blue,Tablet,Oral,Not Stated,Bromazolam,,51.6678,-3.2075
000234419,2025-01-20,CF10,Bensedin,Not Stated,White,Tablet,Not Stated,Not Stated,Bromazolam,,51.48,-3.18
W061060,2025-01-20,CH6,Xanax,Not Stated,Pink,Tablet,Not Stated,Not Stated,Alprazolam,,53.255125,-3.1489
000233051,2025-01-20,TD1,CValium,Not Stated,White,Tablet,Oral,"Euphoria, Relaxed",Diazepam,,55.66659333333334,-2.8606933333333333
W061195,2025-01-20,MK41,Xanax,Alprazolam,Blue,Tablet,Not Stated,Not Stated,"Paracetamol, Bromazolam",,52.15575,-0.450575
W061312,2025-01-20,KT2,Diazepam,Bensedin,White,Tablet,Not Stated,Not Stated,Diazepam,,51.4186,-0.2904
W061254,2025-01-20,KY4,Diazepam,Roche,Blue,Tablet,Oral,"Increased Energy, Increased Confidence, Increased Stamina, Relaxed, Nausea, Confusion, Memory Loss","Etizolam, Paracetamol",,56.10405,-3.363725
W061288,2025-01-20,CF3,Diazepam,Not Stated,Blue,Tablet,Oral,Relaxed,Diazepam,,51.52382222222222,-3.0891333333333333
W061297,2025-01-20,DH97,Valium,Not Stated,,Tablet,Not Stated,Not Stated,Diazepam,,54.786,-1.5566
000039654,2025-01-20,NP12,Benzodiazepine,Not Stated,White,Tablet,Oral,"Relaxed, Vomiting, Paranoia, Suicidal Ideation",Diazepam,,51.6678,-3.2075
W061294,2025-01-20,BT43,temazepam,Teva,White,Tablet,Oral,"Increased Energy, Enhanced Senses, Agitation",Bromazolam,,54.93786666666667,-6.2199
W061285,2025-01-20,PE1,Diazepam,Galenika Bensedin,White,Tablet,Oral,"Euphoria, Increased Confidence, Relaxed",Diazepam,,52.58253333333334,-0.2419333333333333
W061369,2025-01-22,CH1,Clonazepam,Clonazepam Neuraxpharma,White,Tablet,Not Stated,Not Stated,Clonazepam,,53.2239,-2.9434428571428577
W061325,2025-01-22,IG10,Diazepam,Galenika Bensedin Diazepam,White,Tablet,Oral,"Increased Confidence, Relaxed, Agitation",Diazepam,,51.646,0.0538
000236123,2025-01-22,CF62,Diazepam,Not Stated,"White, Blue",Tablet,Oral,"Empathy, Relaxed, Confusion, Loss of consciousness",Ethylbromazolam,Bromazolam,51.4027,-3.37145
W061320,2025-01-22,BT16,Diazepam,Galenika Bensedin,White,Tablet,Not Stated,Not Stated,Diazepam,,54.58765,-5.8656500000000005
W061252,2025-01-22,TS1,Dizpam Diazepam,Not Stated,White,Tablet,Not Stated,Not Stated,Diazepam,,54.5762,-1.2348
W061251,2025-01-22,TS1,Red Devil Alprazolam bars,Not Stated,Red,Tablet,Not Stated,Not Stated,"Caffeine, Bromazolam",,54.5762,-1.2348
W061356,2025-01-22,BT51,Diazepam,Martin Dow,Blue,Tablet,Oral,"Euphoria, Increased Energy, Increased Confidence, Relaxed",Diazepam,,55.064172727272734,-6.6975181818181815
000234020,2025-01-22,NP20,Xanax,Not Stated,White,Tablet,Not Stated,Not Stated,Tramadol,,51.5877,-2.9984
W061355,2025-01-22,BT51,Flualprazolam,Green Hulks,Green,Tablet,Not Stated,Not Stated,Bromazolam,,55.064172727272734,-6.6975181818181815
000234231,2025-01-22,CF83,Valium,Not Stated,Blue,Tablet,Oral,"Increased Energy, Increased Confidence, Increased Stamina",Ethylbromazolam,Bromazolam,51.59288333333333,-3.2333833333333337
W061357,2025-01-22,AB51,Alprazolam (Xanax),Galenika Ksalol,"Blue, Grey",Tablet,Oral,"Euphoria, Increased Confidence, Increased Libido, Relaxed, Irregular Heartbeat",Alprazolam,,57.276892045454545,-2.442275
W061358,2025-01-22,AB51,Clonazepam (Klonopin),CPJ Galenika Rivotril Klonazepam,White,Tablet,Oral,"Euphoria, Increased Energy, Increased Confidence, Increased Libido, Relaxed",Clonazepam,,57.276892045454545,-2.442275
W061361,2025-01-22,CW12,Diazepam,Valium,Blue,Tablet,Oral,Relaxed,Diazepam,,53.17224166666667,-2.217375
W061364,2025-01-22,CW12,Alprazolam,Not Stated,Blue,Tablet,Oral,Relaxed,Alprazolam,,53.17224166666667,-2.217375
W061380,2025-01-22,CF37,Valium,MSJ,Blue,Tablet,Not Stated,Not Stated,No Active Component Identified,,51.613815384615386,-3.3598076923076925
W061379,2025-01-22,LS18,Diazepam Bensedin,Not Stated,,Tablet,Not Stated,Not Stated,Diazepam,,53.838,-1.6404
W061372,2025-01-22,CO4,Bensedin (Diazepam),Not Stated,White,Tablet,Not Stated,Not Stated,Diazepam,,51.92355,0.92045
W061257,2025-01-22,SA5,Diazepam,Not Stated,White,Tablet,Not Stated,Not Stated,Diazepam,,51.64667142857143,-3.9853857142857145
W061579,2025-01-28,SN1,Etizolam,Not Stated,Blue,Tablet,Not Stated,Not Stated,Desalkyligidazepam,,51.558,-1.7812
W061598,2025-01-28,CF24,Diazepam,Galenika bensedin,White,Tablet,Not Stated,Not Stated,Diazepam,,51.48,-3.18
000031244,2025-01-28,CH7,Benzos,Clonazepam,White,Tablet,Oral,"Visual Hallucinations, Relaxed, Confusion","Clonazepam, Ketamine",,53.17209696969697,-3.163118181818182
W061484,2025-01-28,SY4,Diazepam,Roche,Blue,Tablet,Not Stated,Not Stated,Diazepam,,52.7651,-2.7190144927536233
W061483,2025-01-28,SY4,Lorazepam,Hemofarm,Blue,Tablet,Not Stated,Not Stated,Lorazepam,,52.7651,-2.7190144927536233
W061482,2025-01-28,NN1,Xanax,Not Stated,Pink,Tablet,Not Stated,Not Stated,Alprazolam,,52.25,-0.8833
W061607,2025-01-28,EH75,Diazepam,Diazepam Galenika,White,Tablet,Not Stated,Not Stated,Bromazolam,,55.9521,-3.1965
W061485,2025-01-28,SY4,Diazepam,Teva,Yellow,Tablet,Not Stated,Not Stated,Diazepam,,52.7651,-2.7190144927536233
W061609,2025-01-28,TN6,Diazepam,Not Stated,Colourless,Tablet,Oral,No Effect,Bromazolam,,51.05577777777778,0.2130888888888889
W061491,2025-01-28,FK1,Benzodiazepine,Not Stated,White,Tablet,Not Stated,Not Stated,Clozapine,,55.96849090909091,-3.796481818181818
000039666,2025-01-28,NP12,Valium/Diazepam,Not Stated,Blue,Tablet,Oral,Relaxed,"Paracetamol, Bromazolam",,51.6678,-3.2075
W061611,2025-01-28,B26,Flualprazolam,Not Stated,White,Powder,Not Stated,Not Stated,Lidocaine,,52.45953333333333,-1.7873333333333334
W061574,2025-01-28,E2,Xanax,Alprazolam Rlam,White,Tablet,Oral,"Relaxed, Nausea, Paranoia, Loss of consciousness",Alprazolam,,51.5386,-0.055525
W061573,2025-01-28,E2,Xanax,Ksalol Alprazolam,White,Tablet,Not Stated,Not Stated,Alprazolam,,51.5386,-0.055525
W061421,2025-01-28,WV6,Diazepam,Bensedin,White,Tablet,Not Stated,Not Stated,Diazepam,,52.59424545454545,-2.2206454545454544
000036968,2025-01-28,CF43,Diazepam,Not Stated,Blue,Tablet,Oral,"Euphoria, Paranoia, Depression, Suicidal Ideation",Diazepam,,51.66792,-3.4671
000235745,2025-01-28,CF43,Xanax,Not Stated,White,Tablet,Oral,"Euphoria, Memory Loss, Depression, Suicidal Ideation",Bromazolam,,51.66792,-3.4671
W061422,2025-01-28,WV6,Diazepam,bensedin,White,Tablet,Not Stated,Not Stated,Diazepam,,52.59424545454545,-2.2206454545454544
W061615,2025-01-28,BS30,Xanax,Not Stated,White,Tablet,Oral,"Euphoria, Relaxed",Bromazolam,,51.44770909090909,-2.4621636363636363
W061497,2025-01-28,SK4,Diazepam,Bensedin,White,Tablet,Oral,"Relaxed, Depression",Diazepam,,53.4191,-2.1812
W061527,2025-01-28,CV32,Diazepam,Not Stated,Yellow,Tablet,Not Stated,Not Stated,Diazepam,,52.303333333333335,-1.5231666666666666
000234981,2025-01-28,CF40,Galenika Rivotril Clonazepam,Not Stated,White,Tablet,Not Stated,Not Stated,Clonazepam,,51.627316666666665,-3.461883333333333
W061280,2025-01-28,NE2,Clonazepam,Galenika Rivotril Clonazepam,White,,Not Stated,Not Stated,Clonazepam,,54.9867,-1.592
W061572,2025-01-28,SO23,Diazepam (valium),Not Stated,Blue,Tablet,Oral,No Effect,Diazepam,,51.07606666666667,-1.3140666666666665
W061543,2025-01-28,KY12,Valium,Not Stated,Yellow,Tablet,Oral,Relaxed,Diazepam,,56.087095,-3.539235
W061571,2025-01-28,KT6,Diazepam,Bensedin Galenika,White,Tablet,Oral,Relaxed,"Paracetamol, Bromazolam",,51.38595,-0.2898
W061376,2025-01-28,PH2,Mirtazapine,Mirnite Melts,White,Tablet,Not Stated,Not Stated,Mirtazapine,,56.37225438596491,-3.356345614035088
W061570,2025-01-28,KT1,Diazepam,Accord Diazepam,Blue,Tablet,Oral,Relaxed,"Paracetamol, Bromazolam",,51.4126,-0.2974
W061413,2025-01-28,WV6,Diazepam,Accord,Yellow,Tablet,Not Stated,Not Stated,Diazepam,,52.59424545454545,-2.2206454545454544
W061427,2025-01-28,EH16,Alprazolam,Not Stated,White,Tablet,Not Stated,Not Stated,Alprazolam,,55.92249999999999,-3.1511333333333336
W061498,2025-01-28,OX11,Diazepam,Bensedin Galenika,White,Tablet,Not Stated,Not Stated,Diazepam,,51.58721666666667,-1.2355166666666666
W061370,2025-01-28,DN12,Diazepam,Bensedin,White,Tablet,Oral,"Increased Confidence, Relaxed, Insomnia",Diazepam,,53.4851,-1.2453
W061418,2025-01-28,KY82,Valium,Not Stated,White,Tablet,Not Stated,Not Stated,Etizolam,,56.209568181818184,-2.9803318181818184
W061472,2025-01-28,EH1,Valium,Not Stated,Blue,Tablet,Oral,"Euphoria, Increased Confidence, Relaxed","Etizolam, Paracetamol",,55.9521,-3.1965
000041257,2025-01-28,CF63,Valium,Not Stated,Blue,Tablet,Not Stated,Not Stated,Ethylbromazolam,Bromazolam,51.4172,-3.2614
W061286,2025-01-28,DL6,Diazepam,Galenika Bensedin,White,,Oral,Relaxed,Diazepam,,54.38590833333333,-1.3684541666666667
W061481,2025-01-28,BT67,Diazepam,Bensedin,White,Tablet,Not Stated,Not Stated,"Paracetamol, Bromazolam",Ketamine,54.48503333333334,-6.287166666666667
000234982,2025-01-28,CF40,Galenika Ksalol Alprazolam,Not Stated,Blue,Tablet,Not Stated,Not Stated,Alprazolam,,51.627316666666665,-3.461883333333333
W061478,2025-01-28,LE8,Diazepam,Valium (Diazepam),Blue,Tablet,Oral,No Effect,Diazepam,,52.54881176470588,-1.0493705882352942
W061550,2025-01-29,CH6,Valium,Martin Dow Valium,Blue,Tablet,Not Stated,Not Stated,Diazepam,,53.255125,-3.1489
W061544,2025-01-29,CH6,Xanax,Not Stated,White,Tablet,Not Stated,Not Stated,"Caffeine, Bromazolam",,53.255125,-3.1489
W061631,2025-01-30,V14,Alprazolam,Alpacure,White,Tablet,Oral,"Relaxed, Diarrhoea",Alprazolam,,,
W061645,2025-01-30,YO12,Diazepam,Not Stated,White,Tablet,Oral,Relaxed,Diazepam,,54.231975,-0.4602125
W061673,2025-01-30,SY4,Diazepam,Roche/Dow,Blue,Tablet,Not Stated,Not Stated,Diazepam,,52.7651,-2.7190144927536233
W061561,2025-01-30,HP23,Xanax (Alprazolam),Ksalol,Blue,Tablet,Not Stated,Not Stated,Alprazolam,,51.79858333333333,-0.6616
W060763,2025-01-30,FK10,Valium,Not Stated,Blue,Tablet,Oral,Not Stated,Etizolam,Paracetamol,56.10687777777778,-3.7534
W061648,2025-01-30,FK10,Valium,Diazepam DC/C,White,Tablet,Not Stated,Not Stated,No Active Component Identified,,56.10687777777778,-3.7534
W061474,2025-01-30,BS2,Diazepam/Valium,Bensedin Diazepam,White,Tablet,Oral,"Euphoria, Relaxed, Tiredness",Diazepam,,51.4552,-2.5966
W061584,2025-01-30,NG18,Diazepam,Galenika Bensedin,White,Tablet,Not Stated,Not Stated,Diazepam,,53.1333,-1.2
000232984,2025-01-30,CF47,Valium/MSJ,Not Stated,Blue,Tablet,Not Stated,Not Stated,Bromazolam,,51.7479,-3.3778
W061510,2025-01-31,SO50,Diazepam/Valium,Bensedin tableta,White,Tablet,Not Stated,Not Stated,Diazepam,,50.9627,-1.3284714285714287
W061614,2025-01-31,NP21,martin dow diazepam,Not Stated,Blue,Tablet,Not Stated,Not Stated,Diazepam,,,
W061613,2025-01-31,NP21,Bensedin Diazepam,Not Stated,White,Tablet,Not Stated,Not Stated,Diazepam,,,
W061593,2025-01-31,HX1,Diazepam,Not Stated,Blue,Tablet,Not Stated,Not Stated,Paracetamol,Etizolam,53.7167,-1.85
W061520,2025-02-04,LS16,Xanax,Apcolam/Alprazolam,Orange,Tablet,Oral,Relaxed,Alprazolam,,53.868475,-1.5981
W061772,2025-02-04,SE13,Valium,Diazepam,White,Tablet,Oral,"Relaxed, Tiredness",Diazepam,,51.4643,-0.0119
W061741,2025-02-04,KT6,Diazepam,Bensedin Galenika,"White, White",Tablet,Oral,Relaxed,Diazepam,,51.38595,-0.2898
W061765,2025-02-04,BS6,Diazepam,Roche,Blue,Tablet,Not Stated,Not Stated,Diazepam,,51.465599999999995,-2.599066666666667
W061692,2025-02-04,KT3,Diazepam,Bensedin Galenika,White,Tablet,Oral,Relaxed,Diazepam,,51.3992,-0.2556
W061647,2025-02-04,PA37,Xanax,Not Stated,White,Tablet,Oral,"Euphoria, Increased Energy, Increased Confidence, Empathy, Relaxed, Confusion, Loss of consciousness, Suicidal Ideation",Caffeine,Bromazolam,56.46650666666667,-5.3705066666666665
W061678,2025-02-04,S17,Xanax,Not Stated,White,Tablet,Not Stated,"Relaxed, Memory Loss, Confusion, Insomnia",Etonitazepyne,,53.3205,-1.54055
W061808,2025-02-04,CH1,Diazepam,Accord,Yellow,Tablet,Not Stated,Not Stated,Diazepam,,53.2239,-2.9434428571428577
W061675,2025-02-04,S2,Alprazolam (Xanax),Ksalol,"White, Blue",Tablet,Oral,"Euphoria, Increased Confidence, Relaxed, Memory Loss, Confusion, Agitation, Violence/Aggression, Depression, Suicidal Ideation",Alprazolam,,53.383,-1.4659
W061820,2025-02-04,LS2,Xanax (Alprazolam),Xanax Pfizer Alprazolam,White,Tablet,Not Stated,Not Stated,Alprazolam,,53.7965,-1.5478
W061758,2025-02-04,SK3,Clonazepam,Galenika Rivotril,White,Tablet,Not Stated,Not Stated,Bromazolam,,53.4098,-2.1576
W061824,2025-02-04,LL30,Diazepam,Valium,Blue,Tablet,Oral,"Increased Confidence, Relaxed",Diazepam,,53.325,-3.8315
W061782,2025-02-04,BB5,Alprazolam,Xanax,White,Tablet,Oral,No Effect,"Paracetamol, Bromazolam",,53.7561875,-2.372
W061715,2025-02-04,CM3,Bensedin Diazepam,Not Stated,White,Tablet,Not Stated,Not Stated,"Paracetamol, Bromazolam",,51.720659999999995,0.5871850000000001
W061716,2025-02-04,CM3,Bensedin Diazepam,Not Stated,White,Tablet,Not Stated,Not Stated,"Paracetamol, Bromazolam",,51.720659999999995,0.5871850000000001
W061717,2025-02-04,CM3,Diazepam,Diazepam erapia comprimate,White,Tablet,Not Stated,Not Stated,Diazepam,,51.720659999999995,0.5871850000000001
W061674,2025-02-04,S2,Diazepam,Valium,Blue,Tablet,Oral,"Visual Hallucinations, Relaxed",Diazepam,,53.383,-1.4659
W061813,2025-02-04,GL19,MSJ Diazepam,Not Stated,Blue,Tablet,Not Stated,Not Stated,Bromazolam,,51.94324583333333,-2.2590625
W061775,2025-02-04,L25,Benzodiazepine,Not Stated,Pink,Tablet,Oral,"Increased Energy, Increased Confidence, Empathy, Relaxed, Memory Loss",Lorazepam,,53.374,-2.8699999999999997
W061798,2025-02-04,SA73,Lorazepam,Not Stated,White,Tablet,Not Stated,Not Stated,Lorazepam,,51.719835714285715,-4.983364285714286
W061781,2025-02-04,PO1,Xanax/Alprazolam,Galenika Ksalol,Blue,Tablet,Oral,Relaxed,Alprazolam,,50.7999,-1.08985
W061519,2025-02-04,LS10,Diazepam,Neurovision/Dizpam,White,Tablet,Oral,"Euphoria, Empathy, Relaxed, Tiredness",Diazepam,,53.7496,-1.5494
W061710,2025-02-06,DN16,Xanax,Not Stated,White,Powder,Not Stated,Not Stated,"Paracetamol, Caffeine",,53.55885,-0.64505
000232104,2025-02-06,NP24,Diazepam,Bensedin,White,Tablet,Oral,"Increased Confidence, Relaxed",Diazepam,,51.7205,-3.2413
000234239,2025-02-06,CF83,Valium,MSJ,Blue,Tablet,Oral,"Relaxed, Irregular Heartbeat, Depression",Bromazolam,,51.59288333333333,-3.2333833333333337
W061712,2025-02-06,DN16,Diazepam,Not Stated,Blue,Tablet,Not Stated,Not Stated,"Cyproheptadine, Ketamine",,53.55885,-0.64505
W061657,2025-02-06,EX24,Xanax,Alprazolam,White,Tablet,Not Stated,Not Stated,"Ketamine, Bromazolam",,50.7404,-3.0892
W061651,2025-02-06,FK7,Etizolam,Bromazolam/Etizolam,"White, Blue",Tablet,Oral,Relaxed,Bromazolam,,56.0861125,-3.9108875
W061665,2025-02-06,LL11,Diazepam,Bensedin,White,Tablet,Oral,Relaxed,Bromazolam,,53.064506666666674,-3.052973333333333
W061669,2025-02-06,SY4,Lorazepam,Hemofarm,Blue,Tablet,Not Stated,Not Stated,Lorazepam,,52.7651,-2.7190144927536233
W061670,2025-02-06,SY4,Lorazepam,hemofarm,Blue,Tablet,Not Stated,Not Stated,Lorazepam,,52.7651,-2.7190144927536233
W061671,2025-02-06,SY4,Diazepam,Roche/Dow,Blue,Tablet,Not Stated,Not Stated,Diazepam,,52.7651,-2.7190144927536233
W061705,2025-02-06,SA16,Alprazolam,Not Stated,White,Tablet,Oral,Relaxed,Alprazolam,,51.68593333333333,-4.261566666666667
W061661,2025-02-06,BH14,Diazepam,Galenika,White,Tablet,Oral,"Relaxed, Irregular Heartbeat",Diazepam,,50.7299,-1.9449
W061687,2025-02-06,BN2,Diazepam,Bensedin,White,Tablet,Oral,"Enhanced Senses, Empathy",Diazepam,,50.823825,-0.082825
W061672,2025-02-06,SY4,Diazepam,Accord,Yellow,Tablet,Not Stated,Not Stated,Diazepam,,52.7651,-2.7190144927536233
W061713,2025-02-06,SA55,Valium,MSJ,Blue,Tablet,Oral,"Increased Energy, Relaxed, Overdose",Bromazolam,,51.64667142857143,-3.9853857142857145
W061816,2025-02-06,SN13,Diazepam,Not Stated,White,Tablet,Not Stated,Not Stated,Diazepam,,51.4241625,-2.203425
W061773,2025-02-06,E8,Xanax,Ksalol,Blue,Tablet,Not Stated,Not Stated,Alprazolam,,51.548,-0.0629
W061778,2025-02-06,SW22,Diazepam,Almus,Yellow,Tablet,Not Stated,Not Stated,Diazepam,,51.4548,-0.1158
W061652,2025-02-06,BS9,Xanax,Ksalol Galenika,Blue,Tablet,Oral,"Increased Confidence, Relaxed, Breathlesness, Irregular Heartbeat, Chest Pains, Paranoia, Memory Loss, Loss of consciousness, Agitation",Alprazolam,,51.4874,-2.6266
W061815,2025-02-06,SN13,Diazepam,Not Stated,White,Tablet,Not Stated,Not Stated,Diazepam,,51.4241625,-2.203425
W061807,2025-02-06,CH4,Diazepam,Teva,Blue,Tablet,Not Stated,Not Stated,Diazepam,,53.15806666666666,-2.9534749999999996
W061862,2025-02-07,S21,ALprazolam,Not Stated,White,Tablet,Not Stated,Not Stated,Alprazolam,,53.3123,-1.3394
W061871,2025-02-07,NP23,Diazepam,Not Stated,,Tablet,Not Stated,Not Stated,Etizolam,,51.7771,-3.2079
W061895,2025-02-07,SW11,Alprazolam,Galenika Ksalol,Blue,Tablet,Oral,"Relaxed, Tiredness",Alprazolam,,51.469166666666666,-0.1619333333333333
W061796,2025-02-07,TQ9,Diazepam,Not Stated,White,Tablet,Oral,"Relaxed, Paranoia, Confusion, Agitation",Diazepam,,50.40683125,-3.696409375
W061861,2025-02-07,S21,Diazepam,Not Stated,White,Tablet,Oral,Relaxed,"Paracetamol, Bromazolam",,53.3123,-1.3394
W061795,2025-02-07,TQ9,Diazepam,Not Stated,White,Tablet,Oral,"Relaxed, Irregular Heartbeat, Confusion, Agitation",Diazepam,,50.40683125,-3.696409375
W061898,2025-02-07,SW11,Alprazolam,Galenika Ksalol,White,Tablet,Not Stated,Not Stated,Bromazolam,,51.469166666666666,-0.1619333333333333
W061825,2025-02-07,L24,Valium,Not Stated,Blue,Tablet,Oral,"Increased Confidence, Relaxed",Diazepam,,53.3407,-2.841
W061858,2025-02-07,PL4,Diazepam,Bensedin Diazepam,White,Tablet,Not Stated,Not Stated,"Paracetamol, Bromazolam",,50.3715,-4.143
W061823,2025-02-07,LL30,Diazepam,Valium,Blue,Tablet,Oral,"Increased Confidence, Relaxed",Diazepam,,53.325,-3.8315
W059361,2025-02-07,EH26,temazepam,Not Stated,White,Tablet,Oral,"Euphoria, Increased Confidence, Relaxed",Bromazolam,,55.82387142857142,-3.241371428571429
W059362,2025-02-07,EH26,Alprazolam,Ksalol,White,Tablet,Not Stated,"Euphoria, Increased Confidence, Relaxed",Bromazolam,,55.82387142857142,-3.241371428571429
W059360,2025-02-07,EH26,Diazepam,Martin Dow,Blue,Tablet,Oral,"Increased Confidence, Relaxed",Diazepam,,55.82387142857142,-3.241371428571429
W061757,2025-02-07,SA12,Valium,Xanax,Green,Tablet,Not Stated,Not Stated,Bromazolam,,51.61181666666667,-3.7703
W061897,2025-02-07,SW11,Diazepam,Galenika Bensedin,White,Tablet,Not Stated,Not Stated,Diazepam,,51.469166666666666,-0.1619333333333333
W061931,2025-02-11,DY11,Clonazepam,Clonazepam,White,Tablet,Oral,No Effect,Bromazolam,,52.375,-2.2416875
W061938,2025-02-11,CT10,Alprazolam,Rlam1 Alprazolam 1pk,White,Tablet,Oral,No Effect,No Active Component Identified,,51.3687,1.435466666666667
W061910,2025-02-11,CT10,Etizolam 1mg,Etikem-1 Etizolam tablets 1P mg,Pink,Tablet,Oral,No Effect,Etizolam,,51.3687,1.435466666666667
W061890,2025-02-11,SR3,Diazepam,Bensedin Galenika Diazepam 10mg,White,Tablet,Not Stated,Not Stated,Diazepam,,54.874233333333336,-1.4153666666666669
W061739,2025-02-11,DN40,Diazepam,New batch,White,Tablet,Not Stated,Not Stated,Diazepam,,53.627716666666664,-0.2571833333333333
W061849,2025-02-11,LA14,Diazepam,Bensedin 10mg Diazepam,White,Tablet,Oral,Not Stated,"Paracetamol, Bromazolam",,54.11596666666667,-3.23425
W061958,2025-02-11,BT25,Alprazolam-xanax,Alprazolam 1mg,White,Tablet,Not Stated,Not Stated,Alprazolam,,54.38668333333334,-6.0633333333333335
W061868,2025-02-11,CR20,Alprazolam 1mg,Rlam Alprazolam 1mg,White,Tablet,Not Stated,Not Stated,Tramadol,,51.3359,-0.0778
W061859,2025-02-11,CR20,Alprazolam 1mg,Rlam-1 1mg Alprazolam,White,Tablet,Not Stated,Not Stated,Alprazolam,,51.3359,-0.0778
W061839,2025-02-11,B69,Xanax,Xan,"White, Brown",Powder,Not Stated,Not Stated,Ethylbromazolam,,52.5,-2.0167
W061887,2025-02-11,SO23,Xanax,Etiz,Blue,Tablet,Not Stated,Not Stated,Bromazolam,,51.07606666666667,-1.3140666666666665
W061886,2025-02-11,SO23,Bromazepam,Pharmachoice,White,Tablet,Not Stated,Not Stated,"Cocaine, Bromazepam",,51.07606666666667,-1.3140666666666665
W061893,2025-02-11,SO23,Diazepam,Valium Martin Dow Social Pharma,Blue,Tablet,Not Stated,Not Stated,Diazepam,,51.07606666666667,-1.3140666666666665
W061883,2025-02-11,CH5,Xanax,Not Stated,Blue,Tablet,Oral,Not Stated,Alprazolam,,53.19930000000001,-3.03614
W061878,2025-02-11,SK12,Diazepam,Bensedin Diazepam,White,Tablet,Oral,"Euphoria, Increased Confidence, Empathy, Relaxed, Memory Loss",Diazepam,,53.351884210526315,-2.0920947368421055
W061987,2025-02-11,DD1,Diazepam,Bensedin Diazepam,White,Tablet,Not Stated,Not Stated,No Active Component Identified,,56.461,-2.9766
W061941,2025-02-11,CT10,2mg Xanax bar,Not Stated,White,Tablet,Oral,Not Stated,Alprazolam,,51.3687,1.435466666666667
W060174,2025-02-11,AB24,Diazepam,white 10mg,White,Tablet,Oral,"Euphoria, Increased Confidence, Relaxed",No Active Component Identified,,57.1437,-2.0981
W061879,2025-02-11,SK12,Diazepam,Bensedin diazepam,White,Tablet,Oral,"Euphoria, Increased Confidence, Empathy, Relaxed, Memory Loss",Diazepam,,53.351884210526315,-2.0920947368421055
W061959,2025-02-11,BY25,Diazepam,Elipam-10,White,Tablet,Not Stated,Not Stated,Diazepam,,,
W062009,2025-02-11,SN3,Xanax 2mg bar,Xanax,White,Tablet,Not Stated,Not Stated,Ethylbromazolam,,51.5892,-1.7194
W061928,2025-02-11,N7,Diazepam,Accord 10mg Diazepam,Blue,Tablet,Not Stated,Not Stated,Diazepam,,51.5491,-0.1205142857142857
W061737,2025-02-11,DN60,Bromazolam,Powder,"White, Yellow",Powder,Not Stated,Not Stated,Bromazolam,,53.61092857142857,-1.1664928571428572
W061936,2025-02-11,BN3,Diazepam/valium,Martin dow,Blue,Tablet,Not Stated,Not Stated,Diazepam,,50.836725,-0.179625
W061848,2025-02-11,PH36,Valium,Valium Diazepam,Blue,Tablet,Oral,"Increased Confidence, Relaxed, Memory Loss, Confusion, Paranoia",Diazepam,,56.696460465116274,-5.808758139534884
W061869,2025-02-11,BS30,Valium,Accord Diazepam,Blue,Tablet,Oral,"Euphoria, Relaxed",Bromazolam,,51.44770909090909,-2.4621636363636363
W061875,2025-02-11,BN1,Alprazolam,Social Pharma Rlam,White,Tablet,Oral,"Relaxed, Nausea",Alprazolam,,50.8614,-0.1204166666666666
W061876,2025-02-11,DN1,Aprazolam,Meds porter Alp2,,,Not Stated,Not Stated,"Cocaine, Caffeine","MDMA, Amphetamine",53.5228,-1.1312
W061923,2025-02-11,B346,Xanax,Xanax,White,Tablet,Oral,Not Stated,"Caffeine, Bromazolam",,52.4963,-1.7818
W061950,2025-02-11,BS30,Xanax,Not Stated,White,Tablet,Oral,"Euphoria, Relaxed","Bromazolam, Ethylbromazolam",,51.44770909090909,-2.4621636363636363
000234988,2025-02-11,CF37,10mg Bensedin,10mg Besedin,White,Tablet,Oral,"Relaxed, Confusion",Diazepam,,51.613815384615386,-3.3598076923076925
W061896,2025-02-12,SO23,Valium,Not Stated,Blue,Tablet,Not Stated,Not Stated,Bromazolam,,51.07606666666667,-1.3140666666666665
W062064,2025-02-12,ZE10,Benzodiazepine,Royale 225,Red,Tablet,Oral,Relaxed,Tapentadol,Carisoprodol,60.14640000000001,-1.2131857142857143
W062101,2025-02-12,SW13,Benzo Diazepam- Diazepam,Bensedin Diazepam,White,Tablet,Oral,"Euphoria, Empathy, Relaxed",Diazepam,,51.4735,-0.2484
W062010,2025-02-12,DL12,Diazepam,Bensedin Galenika 10mg Diazepam,White,Tablet,Oral,Relaxed,Diazepam,,54.560157142857136,-1.9837321428571428
W062108,2025-02-12,PL04,Diazepam,Diazpem,White,Tablet,Oral,Not Stated,Diazepam,,,
W062122,2025-02-12,NR27,Alprazolam,Alprazolam 708 Darow,Blue,Tablet,Not Stated,Not Stated,Alprazolam,,52.9190625,1.31625
W062037,2025-02-12,SR3,Lorazepam,Lorfel Lorazepam 3mg,White,Tablet,Not Stated,Not Stated,Lorazepam,,54.874233333333336,-1.4153666666666669
W062123,2025-02-12,NR27,Alprazolam,Alprazolam 698 Darov,Blue,Tablet,Not Stated,Not Stated,Alprazolam,,52.9190625,1.31625
W060581,2025-02-12,EH52,Diazepam / Valium,Not Stated,Blue,Tablet,Oral,"Increased Energy, Increased Confidence, Relaxed, Memory Loss, Confusion",Diazepam,,55.9358,-3.4882625
W061870,2025-02-12,SW16,Diazepam 10mg,Diazepam ppm,Blue,Tablet,Oral,Relaxed,Diazepam,,51.42283333333334,-0.1242666666666666
W061891,2025-02-12,SO23,Xanax,Xanax,White,Tablet,Not Stated,Not Stated,"Caffeine, Bromazolam",,51.07606666666667,-1.3140666666666665
W062021,2025-02-12,L251,Clonazepam 2mg,Clonazepam 2mg,White,Tablet,Oral,Relaxed,Clonazepam,,53.374,-2.8699999999999997
W062065,2025-02-12,PE2,Lorazepam,Lorazepam,"White, White",Tablet,Oral,"Relaxed, Breathlesness, Irregular Heartbeat, Memory Loss",MDMA,Lorazepam,52.55525,-0.2665666666666667
W061894,2025-02-12,SO23,Alprazolam,Alprazolam,White,Tablet,Not Stated,Not Stated,Alprazolam,,51.07606666666667,-1.3140666666666665
W062056,2025-02-12,SE01,Diazepam,SEUK Diazepam,,,Not Stated,Not Stated,Diazepam,,,
W061837,2025-02-12,B694,Xanax,Xan,White,Powder,Not Stated,Not Stated,Phenibut,,52.5,-2.0167
W062074,2025-02-12,SP1,Valium,Bensedin 10mg Valium,White,Tablet,Oral,"Euphoria, Relaxed, Memory Loss",Diazepam,,51.0693,-1.7957
000234348,2025-02-12,CF63,Valium,Diazepam,Blue,Tablet,Oral,Not Stated,Diazepam,,51.4172,-3.2614
W061992,2025-02-12,NW6,Valium/Diazepam (10mg/Roche),Valium 10mg Roche Martin Dow in Karachi pakistan,,,Oral,Not Stated,Diazepam,,51.54194444444445,-0.1931888888888888
W061971,2025-02-12,PH36,Alprazolam,Alprazolam,White,Tablet,Oral,"Paranoia, Memory Loss, Confusion, Agitation, Suicidal Ideation",Alprazolam,,56.696460465116274,-5.808758139534884
W061991,2025-02-12,NW54,Diazepam,Diazepam,White,Tablet,Not Stated,Not Stated,"Paracetamol, Bromazolam",,51.5517,-0.1413
W062020,2025-02-12,TW2,Diazepam,Diazepam,Blue,Tablet,Not Stated,Not Stated,Diazepam,,51.4454,-0.3297
W061966,2025-02-12,OX1,Clonazepam,Rivotril Galenika,White,Tablet,Not Stated,Not Stated,Clonazepam,,51.72478,-1.275
W062068,2025-02-12,E16,Diazepam,Martin Dow Valium,Blue,Tablet,Oral,"Euphoria, Increased Energy, Relaxed",Diazepam,,51.50108,0.0442
W062070,2025-02-12,BS4,Diazepam,Galenika/Bensedin 10mg Diazepam,White,Tablet,Not Stated,Not Stated,Diazepam,,51.4345,-2.55525
W061965,2025-02-12,OX1,Diazepam,Bensedin Galenika,White,Tablet,Not Stated,Not Stated,Diazepam,,51.72478,-1.275
000039732,2025-02-12,LL55,Valium,Not Stated,White,Tablet,Not Stated,Relaxed,Diazepam,,53.12915357142857,-4.195053571428572
W061738,2025-02-12,DN60,Diazepam,Old Batch,White,Tablet,Not Stated,Not Stated,Diazepam,,53.61092857142857,-1.1664928571428572
W062007,2025-02-12,BR14,Diazepam,Diazepam,White,Tablet,Oral,"Euphoria, Increased Confidence, Increased Energy, Enhanced Senses, Increased Strength, Empathy, Relaxed, Memory Loss",Diazepam,,51.4037,0.0305
W061915,2025-02-13,IV2,Diazepam,Valium,Blue,Tablet,Oral,"Increased Strength, Relaxed, Memory Loss, Confusion",Diazepam,,57.4791,-4.224
W061283,2025-02-17,NE29,RIAM-1 ALPRAZOLAM TABLETS 1MG ,RIAM-1 TABLETS ALPRAZOLAM 1P 1MG TABLETS ,White,Tablet,Not Stated,Not Stated,Alprazolam,,55.0165,-1.4493
W062089,2025-02-17,BT27,"SEDIL BRAND, DIAZEPAM 5MG ","SEDIL, DIAZEPAM, 5MG ","Orange, Yellow",Tablet,Oral,"Euphoria, Increased Confidence, Relaxed",Diazepam,,54.522299999999994,-6.0071
W062125,2025-02-17,N11,diazepam 10mg,diazepam 10mg ,White,Tablet,Not Stated,Not Stated,Diazepam,,51.6165,-0.1441
W062078,2025-02-17,HP3,LORAZEPAM,LORAZEPAM,White,Tablet,Not Stated,Not Stated,Lorazepam,,51.731966666666665,-0.4895
W061999,2025-02-17,TN23,DIAZEPAM 10MG,DIAZEPAM 10MG,White,Tablet,Not Stated,Not Stated,"Paracetamol, Bromazolam",,51.1301,0.8432
W062124,2025-02-17,N22,DIAZEPAM 10MG,DIAZEPAM 10MG,White,Tablet,Not Stated,Not Stated,Diazepam,,51.6,-0.1167
W061282,2025-02-17,NE29,BENSEDIN 10MG (DIAZEPAM),BENSEDIN 10MG (DIAZEPAM) GALENIKA,White,Tablet,Not Stated,Not Stated,Diazepam,,55.0165,-1.4493
W062206,2025-02-17,W8,clonazepam ,clonazepam 2mg ,White,Solid,Oral,"Empathy, Relaxed, Confusion",Clonazepam,,51.501125,-0.1985
W062231,2025-02-17,L58,DIAZEPAM,GALENIKA BENSEDIN (DIAZEPAM),White,Tablet,Not Stated,Not Stated,Diazepam,,,
W062189,2025-02-17,AB25,alprazolam 1mg ,alprazolam / packet not seen,White,,Oral,"No Effect, Increased Confidence, Relaxed",Tramadol,,57.1437,-2.0981
W062273,2025-02-17,AB39,Clonazepam,Not Stated,White,Tablet,Not Stated,Not Stated,Clonazepam,,56.9773,-2.2184
W061281,2025-02-17,NE29,alprazolam 1mg,"alprazolam tablets, USP 1mg novitium pharma",White,Tablet,Not Stated,Not Stated,Bromazolam,,55.0165,-1.4493
W062166,2025-02-17,E17,diazepam ,diazepam 10mg,White,Tablet,Not Stated,Not Stated,Diazepam,,51.58758,-0.02048
W062146,2025-02-17,SA2,STATE PHARMA COOPERATON MSJ,MSJ,Yellow,Tablet,Oral,"Relaxed, Irregular Heartbeat, Memory Loss, Loss of consciousness, Agitation",Diazepam,,51.61628,-4.04254
W062168,2025-02-17,E17,DIAZEPAM,DIAZEPAM 10MG,White,Tablet,Not Stated,Not Stated,Diazepam,,51.58758,-0.02048
W062212,2025-02-17,W8,ALPROZOLAM,ALPROZOLAM 1MG,Black,Solid,Oral,Relaxed,Alprazolam,,51.501125,-0.1985
W062072,2025-02-17,HP3,CLONAZEPAM,GALENIKA RIVOTRIL KLONAZEPAM,White,Tablet,Oral,"Relaxed, Memory Loss, Confusion, Depression",Clonazepam,,51.731966666666665,-0.4895
000233635,2025-02-17,,VALIUM (BENZODIAZEPENE 10MG),VALIUM 10MG ,Black,,Oral,Increased Confidence,Diazepam,,0,0
W062079,2025-02-17,HP3,MARTIN DCW,Not Stated,White,Tablet,Oral,Not Stated,Diazepam,,51.731966666666665,-0.4895
W062167,2025-02-17,E17,DIAZEPAM,DIAZEPAM 10MG,White,Tablet,Not Stated,Not Stated,Diazepam,,51.58758,-0.02048
W062230,2025-02-17,L58,CLONAZEPAM (KLONOPIN),KLONAZEPAM REMEDICE,White,Tablet,Not Stated,Not Stated,Clonazepam,,,
W062086,2025-02-17,BL5,XANAX 500MG,XANAX PFIZER 500 MCG,White,Tablet,Not Stated,Not Stated,Alprazolam,,53.54875,-2.5203499999999996
W062255,2025-02-17,KT6,diazepam,bensedin galenika ,White,Tablet,Oral,Relaxed,Paracetamol,,51.38595,-0.2898
W062096,2025-02-17,GU15,CLONAZEPAM,RIVOTRIL 2MG,White,Tablet,Not Stated,Not Stated,Clonazepam,,51.337,-0.7426
W062110,2025-02-17,SR3,NITRAZEPAM,ARNITE-10,White,Tablet,Oral,"Euphoria, Empathy, Relaxed",Nitrazepam,,54.874233333333336,-1.4153666666666669
W062232,2025-02-17,SA31,MSJ / VALIUM ,MSJ,Blue,Tablet,Oral,Relaxed,Ethylbromazolam,,51.85391,-4.30209
000043587,2025-02-17,SA9,DIAZEPAM 10MG,MSJ,Blue,Tablet,Oral,"Increased Confidence, Relaxed, Nausea, Memory Loss, Confusion",Ethylbromazolam,,51.781353333333335,-3.760806666666667
W062164,2025-02-18,SA1,Valium Diazepam,Not Stated,Blue,Tablet,Not Stated,Not Stated,Ethylbromazolam,,51.633979999999994,-3.94848
W062194,2025-02-18,SA1,Valium,Not Stated,Yellow,Tablet,Oral,"Relaxed, Memory Loss, Confusion, Loss of consciousness",Diazepam,,51.633979999999994,-3.94848
W062344,2025-02-18,HU55,Diazepam,Not Stated,Yellow,Tablet,Oral,"Euphoria, Relaxed",Diazepam,,53.7603,-0.3758
W062311,2025-02-18,DD8,Lorazepam,Not Stated,Yellow,Tablet,Not Stated,Not Stated,Propanolol,,56.61369895833334,-2.9763291666666665
W062193,2025-02-18,SA1,Valium,Not Stated,Blue,Tablet,Oral,"Confusion, Loss of consciousness",Bromazolam,,51.633979999999994,-3.94848
W062254,2025-02-18,PE2,Clonazepam,Not Stated,White,Tablet,Not Stated,Not Stated,Clonazepam,,52.55525,-0.2665666666666667
W061972,2025-02-18,EH7,Clonazepam,Rivotril,White,Tablet,Oral,"Relaxed, Memory Loss",Clonazepam,,55.9521,-3.1965
W062093,2025-02-18,BA2,Diazepam,Not Stated,White,Tablet,Oral,No Effect,Diazepam,,51.35473913043478,-2.3910565217391304
W062120,2025-02-18,BR1,Xanax,Not Stated,White,Tablet,Oral,No Effect,Tramadol,,51.4037,0.0305
W061913,2025-02-18,WV10,Xanax,Not Stated,White,Tablet,Oral,"Increased Confidence, Empathy, Relaxed, Breathlesness, Irregular Heartbeat, Memory Loss",Ethylbromazolam,,52.651114285714286,-2.101428571428571
W062229,2025-02-18,DL12,Diazepam,Not Stated,White,Tablet,Oral,Relaxed,"Paracetamol, Bromazolam",,54.560157142857136,-1.9837321428571428
W062169,2025-02-18,M26,Diazepam,Not Stated,White,Tablet,Not Stated,Not Stated,Diazepam,,53.55,-2.3333
W062100,2025-02-18,OX25,Diazepam,Bensedin,White,Tablet,Not Stated,Not Stated,Diazepam,,51.9,-1.1536
W062073,2025-02-18,HP3,Diazepam,Bensedin Galenika,White,Tablet,Oral,"Empathy, Relaxed, Memory Loss",Diazepam,,51.731966666666665,-0.4895
W062178,2025-02-18,PH1,Valium,Not Stated,White,Tablet,Oral,"Euphoria, Enhanced Senses, Auditory Hallucinations, Visual Hallucinations, Irregular Heartbeat, Paranoia, Confusion",Etizolam,,56.43174736842105,-3.4980552631578945
W062275,2025-02-18,B69,Xanax,Not Stated,"White, Brown",Powder,Not Stated,Not Stated,Ethylbromazolam,,52.5,-2.0167
W062272,2025-02-18,B69,Xanax,Not Stated,White,Powder,Not Stated,Not Stated,Phenibut,,52.5,-2.0167
W062158,2025-02-18,CF37,Valium,Not Stated,Blue,Tablet,Oral,Relaxed,Ethylbromazolam,,51.613815384615386,-3.3598076923076925
W062223,2025-02-18,EH1,Diazepam,Not Stated,"White, Pink",Tablet,Not Stated,Not Stated,Methandrostenolone,,55.9521,-3.1965
W062185,2025-02-18,SA12,Diazepam,Accord,Yellow,Tablet,Not Stated,Not Stated,Diazepam,,51.61181666666667,-3.7703
W062126,2025-02-18,N22,Diazepam,Not Stated,White,Tablet,Not Stated,Not Stated,Diazepam,,51.6,-0.1167
W062299,2025-02-18,BN21,Diazepam,Not Stated,White,Tablet,Not Stated,Not Stated,Diazepam,,50.7687,0.2845
W062300,2025-02-18,BN21,Xanax,Not Stated,Blue,Tablet,Not Stated,Not Stated,Alprazolam,,50.7687,0.2845
W062188,2025-02-18,SA12,Nitrazepam,Elza,White,Tablet,Not Stated,Not Stated,Nitrazepam,,51.61181666666667,-3.7703
W062585,2025-02-25,M14,Clonazepam,Galenika Rivotril,White,Tablet,Not Stated,Not Stated,Bromazolam,,53.4482,-2.2257
W062492,2025-02-25,G12,Diazepam,ALmus Diazepam,Blue,Tablet,Oral,"Relaxed, Nausea",Diazepam,,55.8804,-4.3007
W062529,2025-02-25,BA2,Diazepam 5mg,Diazepam 5mg,White,Tablet,Oral,No Effect,Diazepam,,51.35473913043478,-2.3910565217391304
W062463,2025-02-25,B26,Alprazolam,Rlam Xanax (batch 210523),White,Tablet,Oral,Not Stated,Tramadol,,52.45953333333333,-1.7873333333333334
W062464,2025-02-25,B33,Xanax,Aran Rlam1 Alprazolam ,White,Tablet,Not Stated,Not Stated,Tramadol,,52.4804,-1.7883
W062476,2025-02-25,G83,Xanax,Not Stated,Green,Tablet,Oral,"Visual Hallucinations, Nausea, Paranoia, Memory Loss, Loss of consciousness",Bromazolam,,56.03989166666666,-4.6006583333333335
W062105,2025-02-25,EH1,Bromazolam,Xanax,White,Tablet,Oral,"Increased Confidence, Empathy, Relaxed, Memory Loss",Bromazolam,,55.9521,-3.1965
W062484,2025-02-25,SA61,Lorazapam 2mg,Lorazapam 2mg lorus,White,Tablet,Oral,"Euphoria, Relaxed, Loss of consciousness",Lorazepam,Paracetamol,51.8017,-4.9691
W062507,2025-02-25,BN3,Bensedin 10mg Diazepam,Not Stated,White,Tablet,Not Stated,Not Stated,Diazepam,,50.836725,-0.179625
W062570,2025-02-25,DN12,Diazepam,MArtin Down,Blue,Tablet,Oral,"Increased Confidence, Loss of consciousness",Diazepam,,53.4851,-1.2453
W062510,2025-02-25,E84,Xanax,Ksabol(Alprazolam),White,Tablet,Not Stated,Not Stated,Alprazolam,,,
W062386,2025-02-25,NR30,Temazepam,Temazepam,White,Tablet,Not Stated,Not Stated,No Active Component Identified,,52.629975,1.721625
W062293,2025-02-25,CF72,Diazepam,MSJ Diazepam,Blue,Tablet,Oral,"Euphoria, Empathy, Breathlesness, Confusion",Ethylbromazolam,,51.530146153846154,-3.408415384615384
000234759,2025-02-25,CF31,Diazepam,Diazepam,White,Tablet,Oral,Depression,Diazepam,Tramadol,51.507666666666665,-3.577733333333333
W062490,2025-02-25,SW22,Diazepam,Accord Diazepam,Yellow,Tablet,Not Stated,Not Stated,Diazepam,,51.4548,-0.1158
W062294,2025-02-25,CF72,Diazepam,Martin Dow Diazepam,Blue,Tablet,Oral,"Euphoria, Increased Confidence, Empathy, Depression",Ethylbromazolam,Bromazolam,51.530146153846154,-3.408415384615384
W062526,2025-02-25,BH7,Valium 10mg,Valium 10mg,Blue,Tablet,Oral,Relaxed,Diazepam,,50.7363,-1.827
W062014,2025-02-25,WA6,Diazepam,Diazepam,White,Tablet,Oral,Relaxed,Diazepam,Alprazolam,53.26614166666667,-2.732791666666667
W062502,2025-02-25,E34S,Diazepam,Diuazepam,White,Tablet,Oral,Relaxed,Diazepam,"Tramadol, Paracetamol",,
W062559,2025-02-25,CW9,Valium,Martin Dow Valium,Blue,Tablet,Oral,"Euphoria, Relaxed, Nausea",Diazepam,,53.264406666666666,-2.5003200000000003
W062576,2025-02-25,NG9,Accord Diazepam,Accord Diazepam,Yellow,Tablet,Not Stated,Not Stated,Diazepam,Dihydrocodeine,52.919140000000006,-1.24548
W062504,2025-02-25,CA14,Benzodiazepines,Not Stated,Blue,Tablet,Oral,"Paranoia, Agitation, Depression",Bromazolam,,54.630025,-3.50065
W062548,2025-02-25,L251,Benzodiazepine,Etizolam,White,Tablet,Oral,"Relaxed, Memory Loss",Etizolam,Paracetamol,53.374,-2.8699999999999997
W062433,2025-02-25,B78,Diazepam,Diazepam,Blue,Tablet,Oral,Not Stated,Bromazolam,,52.60483333333334,-1.6935888888888888
W060958,2025-02-25,PL33,Diazepam,Diazepam,White,Tablet,Oral,"Relaxed, Chest Pains, Irregular Heartbeat, Paranoia, Panic Attack",Diazepam,,50.6235,-4.7319
W062414,2025-02-25,S17,Lorazepam,Arivan,Yellow,Tablet,Not Stated,Not Stated,Lorazepam,,53.3205,-1.54055
W062410,2025-02-25,EH1,Diazepam 5mg,Diazepam 5mg,Yellow,Tablet,Not Stated,Not Stated,Diazepam,,55.9521,-3.1965
W062219,2025-02-25,NF6,Diazepam,Diazepam,Blue,,Oral,No Effect,Paracetamol,Bromazolam,,
W062357,2025-02-25,CT12,Alprazolam,KSOL 1mg,Blue,Tablet,Oral,Not Stated,Alprazolam,,51.34236,1.33812
W062227,2025-02-25,CH43,5mg Diazepam,Accord Diazepam 5mg,Yellow,Tablet,Oral,Relaxed,Diazepam,Codeine,53.384233333333334,-3.0624333333333333
W062347,2025-02-25,EH1,Diazepam,Not Stated,White,Tablet,Not Stated,Not Stated,Diazepam,,55.9521,-3.1965
W062348,2025-02-25,EH1,temazepam,Not Stated,White,Tablet,Not Stated,Not Stated,No Active Component Identified,,55.9521,-3.1965
W062382,2025-02-25,W13,Diazepam/ Valium,Diazepam,White,Tablet,Oral,No Effect,Diazepam,,51.5122,-0.311625
W062317,2025-02-25,NG10,Clonazepam,Ritril socoil Pharma,White,Tablet,Not Stated,Not Stated,Clonazepam,,52.901475,-1.287175
W062295,2025-02-25,NG10,Clonazepam,Rivotril BSVEN,White,Tablet,Not Stated,Not Stated,Clonazepam,,52.901475,-1.287175
W061759,2025-02-25,CM16,Diazepam,Diazepam Roche 10mg,Blue,Tablet,Not Stated,Not Stated,Diazepam,,51.70625555555556,0.1061333333333333
W062451,2025-02-25,ME17,Valium 10mg,Valium 10mg,Blue,Tablet,Not Stated,Not Stated,Diazepam,,51.24154814814815,0.6192888888888889
W062436,2025-02-25,EK1,Street Valium,Not Stated,White,Tablet,Not Stated,Not Stated,Clozapine,,,
W062264,2025-02-25,TR85,Valium,Valium,Blue,Tablet,Oral,Relaxed,Diazepam,,50.384992,-5.042204000000001
W062413,2025-02-25,DN12,Diazepam,Martin Dow,Blue,Tablet,Not Stated,Not Stated,Diazepam,,53.4851,-1.2453
W062338,2025-02-25,IP1,Clonazepam (rivotril),Galenika Rivtril 2mg -direct pharma,White,Tablet,Oral,"Euphoria, Increased Confidence, Relaxed, Memory Loss",Paracetamol,Bromazolam,52.071275,1.1444
W061952,2025-02-25,5960,Alprazolam 1mg,Rlam-1 1mg,White,Tablet,Not Stated,Not Stated,Tramadol,,,
W062438,2025-02-25,FK1,Street Valium,Not Stated,White,Tablet,Not Stated,Not Stated,Clozapine,,55.96849090909091,-3.796481818181818
W062306,2025-02-25,SE5,Alprazolam,Rlam-1 Alprazolam,White,Tablet,Oral,"Relaxed, Irregular Heartbeat, Paranoia",No Active Component Identified,,51.474575,-0.090125
W062404,2025-02-25,Unknown,Clonazepam,Rivitril 2mg,White,Tablet,Not Stated,Not Stated,Clonazepam,,,
W062416,2025-02-25,SL14,Alprazolam,Alpaxure 1mg,White,Tablet,Not Stated,Not Stated,Alprazolam,,51.52121999999999,-0.63036
W062417,2025-02-25,SL14,Diazepam,Martin dow valium 10mg,Blue,Tablet,Not Stated,Not Stated,Diazepam,,51.52121999999999,-0.63036
W062340,2025-02-25,SE25,Diazepam,Bensedin,White,Tablet,Oral,"Relaxed, Breathlesness, Panic Attack, Agitation, Depression",Bromazolam,,51.398325,-0.06895
W062437,2025-02-25,FK1,Street Valium ,Not Stated,Blue,Tablet,Not Stated,Not Stated,Bromazolam,,55.96849090909091,-3.796481818181818
W062608,2025-02-27,BT47,Clonazepam,Galenika Rivotril Klonazepam,White,Tablet,Not Stated,Not Stated,Clonazepam,,54.94983333333333,-7.084177777777778
W062623,2025-02-28,NW1,Diazepam,Accord,Blue,Tablet,Not Stated,Not Stated,Diazepam,,51.52988181818182,-0.1471818181818182
W062601,2025-02-28,NG9,Almus Diazepam,Almus Diazepam,Blue,Tablet,Not Stated,Not Stated,Diazepam,,52.919140000000006,-1.24548
W062579,2025-02-28,W13,Xanax,Xanax,White,Tablet,Not Stated,Not Stated,Alprazolam,,51.5122,-0.311625
W062596,2025-02-28,FK7,Diazepam,Not Stated,Blue,Tablet,Not Stated,"Increased Confidence, Relaxed, Nausea, Vomiting, Loss of consciousness, Agitation, Violence/Aggression",Oxycodone,,56.0861125,-3.9108875
000235260,2025-02-28,CF37,Valium,Valium,Blue,Tablet,Oral,"Auditory Hallucinations, Visual Hallucinations, Relaxed, Paranoia",Diazepam,,51.613815384615386,-3.3598076923076925
W062610,2025-02-28,BT47,Clonazepam,Galenika Rivotril Klonazepam,White,Tablet,Not Stated,Not Stated,Clonazepam,,54.94983333333333,-7.084177777777778
W062399,2025-02-28,BT11,Clonazepam,Galenika Rivotril,White,Tablet,Not Stated,Not Stated,Bromazolam,,54.58096666666667,-5.9665
W062400,2025-02-28,BT11,Clonazepam,Clonazepam,White,Tablet,Not Stated,Not Stated,Clonazepam,,54.58096666666667,-5.9665
W062595,2025-02-28,FK07,Xanax,Alprazolam,Green,Tablet,Oral,"Increased Confidence, Relaxed, Breathlesness, Irregular Heartbeat, Vomiting, Memory Loss, Confusion, Loss of consciousness",Bromazolam,,,
W062607,2025-02-28,G13,Diazepam,Not Stated,White,Tablet,Oral,"Relaxed, Confusion, Loss of consciousness, Agitation, Depression, Suicidal Ideation",Clonazolam,,55.8935,-4.348
W062536,2025-02-28,NE13,Diazepam,Martin Dow Diazepam,Blue,Tablet,Oral,"Increased Energy, Increased Confidence, Memory Loss",Diazepam,,55.0523,-1.6473666666666666
W062627,2025-02-28,EH10,Diazepam,Diazepam,White,Tablet,Not Stated,Not Stated,Diazepam,,55.91466666666667,-3.2046333333333337
W062535,2025-02-28,NE13,Alprazolam,Alprazolam,White,Tablet,Oral,"Increased Energy, Increased Confidence, Enhanced Senses, Memory Loss",Tramadol,,55.0523,-1.6473666666666666
W062604,2025-02-28,IV30,Alprazolam,Alpraozlam,White,Tablet,Oral,Not Stated,Alprazolam,,57.65519736842106,-3.334721052631579
W062587,2025-02-28,LL13,Clonazepam,Not Stated,White,Tablet,Not Stated,Not Stated,Clonazepam,,52.9917619047619,-2.9116809523809524
W062598,2025-02-28,IP20,Clonazepam,Not Stated,White,Tablet,Not Stated,Not Stated,No Active Component Identified,,52.406346666666664,1.32664
W062575,2025-02-28,WF4,Diazepam,Diazepam,White,Tablet,Not Stated,No Effect,No Active Component Identified,,53.638326666666664,-1.5293733333333333
W062568,2025-02-28,CB22,Alprazolam,Alprazolam,Blue,Tablet,Not Stated,Not Stated,Alprazolam,,52.13283157894737,0.1341894736842105
W062628,2025-03-03,OX13,Valium (Diazepam),Valium,Blue,Tablet,Oral,Not Stated,Diazepam,,51.673544444444445,-1.3561166666666666
W062652,2025-03-03,GU14,Diazepam,Not Stated,White,Tablet,Oral,"Euphoria, Relaxed, Tiredness","Paracetamol, Bromazolam",,51.2955,-0.7908
W062632,2025-03-03,OX13,Alprazolam,Alprazolam,White,Tablet,Not Stated,Not Stated,Alprazolam,,51.673544444444445,-1.3561166666666666
W062691,2025-03-03,B26,Alprazolam/Xanax,Tehran Darou Alprazolam,Blue,Tablet,Not Stated,Not Stated,Alprazolam,,52.45953333333333,-1.7873333333333334
W062693,2025-03-03,B26,Alprazolam/Xanax,Rishi Pharmaceuticals Alpacure,White,Tablet,Not Stated,Not Stated,Alprazolam,,52.45953333333333,-1.7873333333333334
W062692,2025-03-03,B26,Alprazolam,Medicross Alxan Alprazolam,White,Tablet,Not Stated,Not Stated,Alprazolam,,52.45953333333333,-1.7873333333333334
W062603,2025-03-03,E43,Diazepam,Not Stated,White,Tablet,Oral,"Memory Loss, Loss of consciousness","Etizolam, Paracetamol",,,
000235381,2025-03-03,NP22,Diazepam,Not Stated,White,Tablet,Oral,"Increased Energy, Relaxed, Chest Pains, Paranoia, Depression",Diazepam,,51.7725,-3.2468
W062656,2025-03-03,DL12,Diazepam,Bensedin,White,Tablet,Oral,Relaxed,Diazepam,,54.560157142857136,-1.9837321428571428
W062621,2025-03-03,CO7,Clonazepam,Rivotril,White,Tablet,Not Stated,Not Stated,Clonazepam,,51.887447826086955,1.0088478260869564
W062620,2025-03-03,CO7,Clonazepam,Rivotril,White,Tablet,Not Stated,Not Stated,Clonazepam,,51.887447826086955,1.0088478260869564
W062653,2025-03-03,PL10,Diazepam,Valium,Blue,Tablet,Oral,"Increased Confidence, Relaxed, Nausea",Diazepam,,50.34091428571429,-4.2004
W062673,2025-03-03,CR20,Diazepam,Valium Diazepam,Blue,Tablet,Not Stated,Not Stated,Diazepam,,51.3359,-0.0778
W062512,2025-03-03,L251,Benzodiazepine,Valium,White,,Oral,"Relaxed, Memory Loss",Unable to identify,,53.374,-2.8699999999999997
W061978,2025-03-04,EH22,Diazepam,Not Stated,,Tablet,Not Stated,Not Stated,Diazepam,,55.90278333333333,-3.078175
W061981,2025-03-04,EH22,Diazepam,Not Stated,White,Tablet,Not Stated,Not Stated,Bromazolam,,55.90278333333333,-3.078175
W062731,2025-03-04,YO11,MSJ Diazepam,Not Stated,Blue,Tablet,Oral,"Relaxed, Tiredness",Bromazolam,,54.23711428571429,-0.3853571428571428
W061977,2025-03-04,EH22,Xanax,Not Stated,White,Tablet,Not Stated,Not Stated,Bromazolam,,55.90278333333333,-3.078175
W062705,2025-03-04,WR3,Diazepam,Not Stated,Blue,Tablet,Oral,"Euphoria, Increased Energy, Increased Confidence, Increased Stamina, Relaxed",Diazepam,,52.2304,-2.1928
W062775,2025-03-04,TR1,Diazepam,Sedil,Yellow,Tablet,Not Stated,Not Stated,Diazepam,,50.2637,-5.06268
W062780,2025-03-04,TR1,Diazepam,Sedil,Yellow,Tablet,Not Stated,Not Stated,Diazepam,,50.2637,-5.06268
W062758,2025-03-04,BN3,Diazepam,Accords,Yellow,Tablet,Oral,Relaxed,Diazepam,,50.836725,-0.179625
W062772,2025-03-04,N7,Diazepam,Accord,Blue,Tablet,Oral,Relaxed,Diazepam,,51.5491,-0.1205142857142857
000236122,2025-03-04,CF62,Diazepam,Dizpam,White,Tablet,Not Stated,Not Stated,Diazepam,,51.4027,-3.37145
W062670,2025-03-04,SA15,Diazepam,Not Stated,Blue,Tablet,Oral,"Increased Confidence, Relaxed",Diazepam,,51.74003,-4.187250000000001
W062721,2025-03-04,CT10,Valium,Valium Martin Dows,White,Tablet,Oral,No Effect,Diazepam,,51.3687,1.435466666666667
W062753,2025-03-04,BN1,Relentless Xanax,ksalol,"Blue, Grey",Tablet,Oral,"Nausea, Relaxed",Alprazolam,,50.8614,-0.1204166666666666
W062720,2025-03-04,CT10,Ksalol Alprazolam,Ksalol low cost meds,Blue,Tablet,Oral,No Effect,Alprazolam,,51.3687,1.435466666666667
W062781,2025-03-04,TR1,Diazepam,Sedil,Yellow,Tablet,Not Stated,Not Stated,Diazepam,,50.2637,-5.06268
W062745,2025-03-04,BB5,Valium,Roche,Blue,Tablet,Not Stated,Not Stated,Diazepam,,53.7561875,-2.372
W062658,2025-03-04,DL12,Diazepam,Bensedin,White,,Not Stated,Not Stated,No Active Component Identified,,54.560157142857136,-1.9837321428571428
000233010,2025-03-04,ML51,Street valium,Not Stated,White,Tablet,Oral,"Euphoria, Increased Energy, Increased Confidence, Empathy",Etizolam,,55.8782,-4.035433333333334
W062443,2025-03-04,TS2,Temazepam,Not Stated,White,Tablet,Not Stated,Not Stated,Bromazolam,,54.587,-1.2274
W061980,2025-03-04,EH22,Diazepamn,Roche,,Tablet,Not Stated,Not Stated,Etizolam,,55.90278333333333,-3.078175
W062790,2025-03-04,PH1,Street valium,Not Stated,White,Tablet,Oral,No Effect,No Active Component Identified,,56.43174736842105,-3.4980552631578945
000234360,2025-03-11,CF63,Clonazepam Auden,Not Stated,White,Tablet,Oral,No Effect,Clonazepam,,51.4172,-3.2614
W062913,2025-03-11,NG9,Xanax,Not Stated,White,Tablet,Not Stated,Not Stated,"Etizolam, Alprazolam",,52.919140000000006,-1.24548
W062922,2025-03-11,EH14,Xanax,Not Stated,White,Tablet,Oral,No Effect,"Paracetamol, Bromazolam",,55.894733333333335,-3.3110166666666667
W062875,2025-03-11,SA15,Diazepam,Not Stated,White,Tablet,Not Stated,Not Stated,Diazepam,,51.74003,-4.187250000000001
W062940,2025-03-11,DE75,Diazepam,Not Stated,Blue,Tablet,Not Stated,No Effect,Paracetamol,Bromazolam,53.012919999999994,-1.34714
W062969,2025-03-11,N16,Valium,Not Stated,Blue,Tablet,Oral,Relaxed,"Metonitazene, Bromazolam",,51.5625,-0.074
W062803,2025-03-11,CF10,Galenika Ksalol,Not Stated,Blue,Tablet,Oral,"Euphoria, Increased Energy, Increased Confidence, Empathy",Alprazolam,,51.48,-3.18
W060191,2025-03-11,HP4,Alprazolam,Not Stated,Blue,Tablet,Not Stated,Not Stated,Alprazolam,,51.774116666666664,-0.56985
W062831,2025-03-11,SA1,Valium,Not Stated,Blue,Tablet,Not Stated,Not Stated,Ethylbromazolam,,51.633979999999994,-3.94848
W062855,2025-03-11,RG31,Alprazolam xanax,Not Stated,White,Tablet,Oral,No Effect,Alprazolam,,51.4513,-1.046266666666667
W059464,2025-03-11,SA1,Xanax,Ksalol,"White, Blue",Tablet,Not Stated,Not Stated,Alprazolam,,51.633979999999994,-3.94848
W060192,2025-03-11,HP4,Diazepam,Not Stated,,Tablet,Not Stated,Not Stated,"Paracetamol, Bromazolam",,51.774116666666664,-0.56985
W059738,2025-03-11,RH1,Alprazolam,Not Stated,White,Tablet,Not Stated,Not Stated,Alprazolam,,51.2289125,-0.1439625
000234355,2025-03-11,CF63,Diazepam,Valium,Blue,Tablet,Not Stated,No Effect,Diazepam,,51.4172,-3.2614
100004473,2025-03-11,CF10,Galneika Rivotril,Not Stated,White,Tablet,Oral,"Euphoria, Increased Energy, Increased Confidence, Empathy",Clonazepam,,51.48,-3.18
000231254,2025-03-11,SA2,Valium,Not Stated,Yellow,Tablet,Not Stated,Not Stated,Diazepam,,51.61628,-4.04254
W062898,2025-03-11,KT6,Diazepam,Bensedin Galenika Diazepam,White,Tablet,Oral,Relaxed,Diazepam,,51.38595,-0.2898
W062833,2025-03-11,BN2,Diazepam,Martin Dow,Blue,Tablet,Oral,"Empathy, Relaxed, Breathlesness, Chest Pains, Paranoia, Confusion, Panic Attack, Agitation, Violence/Aggression, Insomnia, Depression",Bromazolam,,50.823825,-0.082825
W062859,2025-03-11,SW22,Diazepam tablets,Accord,Yellow,Tablet,Not Stated,Not Stated,Diazepam,,51.4548,-0.1158
000234973,2025-03-11,CF40,Diazepam,Not Stated,Blue,Tablet,Oral,"Memory Loss, Confusion, Panic Attack",Diazepam,,51.627316666666665,-3.461883333333333
W062958,2025-03-11,NW89,Xanax,Xanax Dolphin Pharmacy,Pink,Tablet,Not Stated,Not Stated,Alprazolam,,51.5299,-0.1747
000234974,2025-03-11,CF40,Diazepam,MSJ,Blue,Tablet,Oral,"Nausea, Confusion, Agitation","Ethylbromazolam, Bromazolam",,51.627316666666665,-3.461883333333333
W062956,2025-03-11,NW89,Diazepam,Galenika Bensedin,White,Tablet,Not Stated,Not Stated,Diazepam,,51.5299,-0.1747
W062965,2025-03-11,GL51,Alprazolam,ALPZ Neurovision,White,Tablet,Not Stated,Not Stated,Trazodone,,51.90277692307692,-2.1239538461538463
000232943,2025-03-11,CF47,Diazepam,Not Stated,Blue,,Not Stated,Not Stated,Bromazolam,,51.7479,-3.3778
W062957,2025-03-11,NW89,Diazepam,Terapia Ranbaxy,White,Tablet,Not Stated,Not Stated,"Flubromazolam, Deschloroetizolam",,51.5299,-0.1747
W062900,2025-03-11,CR0,Diazepam,Not Stated,Yellow,Tablet,Not Stated,Not Stated,Diazepam,,51.3703,-0.060975
W062849,2025-03-11,NG10,Diazepam,Bensedin,White,Tablet,Not Stated,Not Stated,Diazepam,,52.901475,-1.287175
W062861,2025-03-11,CF44,Diazepam,Not Stated,Blue,Tablet,Not Stated,Not Stated,Ethylbromazolam,,51.7327125,-3.48293125
W062893,2025-03-11,CT10,Diazepam,Loghmans,Blue,Tablet,Oral,No Effect,Diazepam,,51.3687,1.435466666666667
W062665,2025-03-11,PH1,Valium,C/DC,White,Tablet,Oral,Relaxed,Clozapine,,56.43174736842105,-3.4980552631578945
W062886,2025-03-11,SK15,Lorazepam,Lorus,White,Tablet,Not Stated,Not Stated,Lorazepam,,53.4841,-2.0591
W062982,2025-03-11,NW10,Xanax,Ksalol Galenika,Blue,Tablet,Oral,No Effect,Alprazolam,,51.53758571428572,-0.2431214285714285
000042616,2025-03-12,CH53,Clonazepam,Clonazepam ,,Tablet,Not Stated,Not Stated,Clonazepam,,53.19930000000001,-3.03614
W062811,2025-03-12,TR25,Clonazepam,Not Stated,White,Powder,Not Stated,Not Stated,Clonazepam,,49.9642,-6.2933
W062777,2025-03-12,G83,Diazepam 10mg,Diazepam,White,Tablet,Not Stated,Not Stated,Diazepam,,56.03989166666666,-4.6006583333333335
W062804,2025-03-12,CF10,Lorazepam Genus Pharma,Lorazepam Genus Pharma,Blue,Tablet,Oral,"Euphoria, Increased Energy, Increased Confidence, Empathy",Lorazepam,,51.48,-3.18
W062853,2025-03-12,G822,Street Valium,Not Stated,White,Tablet,Oral,"Increased Energy, Increased Confidence, Relaxed",No Active Component Identified,,55.954800000000006,-4.5815222222222225
W062841,2025-03-12,CH54,Xanax,TP u94 Alprazolam,White,Tablet,Not Stated,Not Stated,Alprazolam,,53.19930000000001,-3.03614
W062530,2025-03-12,CR19,Alprazolam/Etizolam Bars,Alprazolam/Etizolam bars,White,Tablet,Oral,Not Stated,Etizolam,Alprazolam,,
W062768,2025-03-12,KY8,Xanax,Not Stated,Green,Tablet,Not Stated,Not Stated,Clonazepam,,56.209568181818184,-2.9803318181818184
W062531,2025-03-12,CR19,Alprazolam bar,Alprazolam bar,Red,Tablet,Oral,Not Stated,"Caffeine, Bromazolam",,,
W062626,2025-03-12,NG12,Diazepam 10mg,Diazepam,Blue,Tablet,Not Stated,Not Stated,Diazepam,,52.90357894736842,-1.0442736842105262
W062850,2025-03-12,NG10,Diazepam,Diazepam,White,Tablet,Not Stated,Not Stated,Diazepam,,52.901475,-1.287175
000235261,2025-03-12,CF37,Diazepam,Diazepam,Blue,Tablet,Oral,"Relaxed, Paranoia, Memory Loss, Confusion",Diazepam,,51.613815384615386,-3.3598076923076925
W062812,2025-03-12,BT73,Xanax,Alprazolam 1mg Batch code b4l,White,Tablet,Not Stated,Not Stated,"Quetiapine, Alprazolam",,54.58144,-5.9185
W062783,2025-03-12,E5,Diazepam,Diazepam (bensedin),White,Tablet,Oral,No Effect,Diazepam,,51.55991666666667,-0.0545166666666666
W062250,2025-03-12,CR19,Martin Dow Diazepam,Martin Dow Diazepam,Blue,Tablet,Oral,Not Stated,Diazepam,,,
W062960,2025-03-12,GU33,Diazepam 10mg,Not Stated,White,Tablet,Not Stated,Not Stated,Diazepam,,51.05424545454546,-0.8953818181818182
W062865,2025-03-12,WF10,Clonazepam,Rivotril (klonazepam),White,Tablet,Oral,"Relaxed, No Effect","Paracetamol, Bromazolam",,53.73315,-1.3529
W062925,2025-03-12,BT93,Alprazolam,Alprazolam,Purple,Tablet,Oral,"Euphoria, Relaxed",Alprazolam,,54.44256,-7.86492
000023056,2025-03-12,G72,Valium,Not Stated,White,Powder,Not Stated,Not Stated,Pregabalin,,55.80098,-4.12986
W062847,2025-03-12,CF31,Diazepam,Diazepam 10mg,Blue,Tablet,Oral,Not Stated,"Ethylbromazolam, Bromazolam",,51.507666666666665,-3.577733333333333
W062955,2025-03-12,NW89,Diazepam,Zepose 10mg Diazepam,White,Tablet,Not Stated,Not Stated,Chlorpheniramine,Clozapine,51.5299,-0.1747
W062932,2025-03-12,PL28,Clonazepam,Aran,White,Tablet,Oral,Relaxed,Clonazepam,,50.5278,-4.9516875
W062980,2025-03-12,B67,Xanax,Xanax,White,Tablet,Not Stated,Not Stated,Ethylbromazolam,,52.4857,-1.9787
W062985,2025-03-12,NG9,Galenika Bensedin Diazepam 10mg,Galenika Bensedin Diazepam 10mg,White,Tablet,Not Stated,Not Stated,Diazepam,,52.919140000000006,-1.24548
W062943,2025-03-12,NW17,Alprazolam,Alprazolam,White,Tablet,Not Stated,Not Stated,Alprazolam,,51.52988181818182,-0.1471818181818182
W062994,2025-03-12,GU15,Diazepam,Bensiden Galenka Diazepam,White,Tablet,Oral,"Euphoria, Relaxed, Irregular Heartbeat, Memory Loss, Confusion","Paracetamol, Bromazolam",,51.337,-0.7426
W062949,2025-03-12,PL23,Ksalol Alprazolam 1mg,Ksalol ,Blue,Tablet,Not Stated,"Increased Confidence, Increased Libido, Relaxed, Memory Loss, Violence/Aggression",Alprazolam,,50.342200000000005,-4.63756
W062856,2025-03-12,SR3,Diazepam,Bensedin Diazepam 10mg,White,Tablet,Not Stated,Not Stated,Diazepam,,54.874233333333336,-1.4153666666666669
W062944,2025-03-12,SA1,Valium,Valium,Blue,Tablet,Oral,"Relaxed, Insomnia","Ethylbromazolam, Bromazolam",,51.633979999999994,-3.94848
W062924,2025-03-12,CF10,Diazepam,Diazepam,White,Tablet,Oral,Relaxed,Diazepam,,51.48,-3.18
W062927,2025-03-12,CF10,Diazepam,Diazepam (accord),Blue,Tablet,Oral,Not Stated,Bromazolam,,51.48,-3.18
W062901,2025-03-12,SY23,Valium,Valium,Blue,Tablet,Oral,Not Stated,Paracetamol,,52.34458541666667,-3.9885
W062923,2025-03-12,BT93,Diazepam 10mg,Not Stated,Blue,Tablet,Oral,"Euphoria, Relaxed, Memory Loss",Diazepam,,54.44256,-7.86492
W062950,2025-03-12,PL23,Bensedin 10mg Diazepam,Bensedin 10mg ,White,Tablet,Oral,"Euphoria, Increased Confidence, Relaxed, Memory Loss, Violence/Aggression",Diazepam,,50.342200000000005,-4.63756
W062650,2025-03-18,SW17,Alprazolam,Gelenika Ksalol,White,,Not Stated,Not Stated,Alprazolam,,51.4307,-0.1647
W063010,2025-03-18,PL04,Clonazepam,Not Stated,White,Tablet,Oral,Euphoria,Clonazepam,,,
W062776,2025-03-18,TR1,Diazepam 5mg,Diazepam Sedil 5mg,Yellow,Tablet,Not Stated,Not Stated,Diazepam,,50.2637,-5.06268
W062983,2025-03-18,NW10,Etizolam,eurozol-1 Neuro vision,White,Tablet,Oral,No Effect,Etizolam,,51.53758571428572,-0.2431214285714285
000232542,2025-03-18,CF10,Valium,Not Stated,White,Tablet,Oral,No Effect,No Active Component Identified,,51.48,-3.18
W063085,2025-03-18,WV6,Diazepam 5mg,Diazepam 5mg Accord ,Yellow,Tablet,Not Stated,Not Stated,Diazepam,,52.59424545454545,-2.2206454545454544
W062717,2025-03-18,BT67,Diazepam,Martin Dow Diazepam 10mg,Blue,Tablet,Not Stated,Not Stated,Diazepam,,54.48503333333334,-6.287166666666667
W062981,2025-03-18,NW10,Alprazolam,Alpracure,White,Tablet,Oral,No Effect,Alprazolam,,51.53758571428572,-0.2431214285714285
W062651,2025-03-18,SW17,Alprazolam,Galenika Ksalol,White,,Not Stated,Not Stated,Alprazolam,,51.4307,-0.1647
W062774,2025-03-18,TR1,Diazepam 5mg,Diazepam (Sevil) 5mg,Yellow,Tablet,Not Stated,Not Stated,Diazepam,,50.2637,-5.06268
W062713,2025-03-18,SA61,Diazepam (valium),Diazepam (valium),Blue,Tablet,Oral,"Relaxed, Breathlesness, Memory Loss, Confusion, Loss of consciousness, Violence/Aggression, Depression, Suicidal Ideation",Diazepam,,51.8017,-4.9691
W062649,2025-03-18,SW17,Alprazolam,Galenika Ksalol,White,Tablet,Not Stated,Not Stated,Alprazolam,,51.4307,-0.1647
000234370,2025-03-18,CF63,Xanax,Hulk Xanax,Green,Tablet,Not Stated,Not Stated,Bromazolam,,51.4172,-3.2614
W062761,2025-03-18,BT51,Diazepam,martin dow,Blue,Tablet,Oral,"Increased Confidence, Relaxed",Diazepam,,55.064172727272734,-6.6975181818181815
W062818,2025-03-18,PR7,Clonazepam,Rnaze-2 Clonazepam,White,Tablet,Not Stated,Not Stated,Clonazepam,,53.64461428571428,-2.6670142857142856
W062799,2025-03-18,CF14,Clonazepam Auden,2mg Clonazepam tablets,White,Tablet,Not Stated,Not Stated,Clonazepam,,51.5199,-3.204
W062260,2025-03-18,TR9,Nitrazepam 5mg,Nitrazepam 5mg,White,Tablet,Oral,"Increased Confidence, Empathy, Relaxed, Memory Loss, Confusion, Agitation",Nitrazepam,,50.4333,-4.9333
W062826,2025-03-18,EX23,Ksalol Alprazolam,Ksalol Alprazolam,"Blue, Blue",Tablet,Oral,Relaxed,Bromazolam,,50.81068285714286,-4.493794285714286
W062815,2025-03-18,PR7,Clonazepam,Nozim-2 Clonazepam,Blue,Tablet,Not Stated,Not Stated,Clonazepam,,53.64461428571428,-2.6670142857142856
W062771,2025-03-18,CH5,Valium,Bensedin Galenika 10mg,White,Tablet,Not Stated,Not Stated,Diazepam,,53.19930000000001,-3.03614
W062615,2025-03-18,EH41,Diazepam,Diazepam,Blue,Tablet,Oral,Not Stated,Etizolam,,55.92442,-2.74208
000233053,2025-03-18,AB56,Diazepam,Diazepam,Blue,Tablet,Oral,"Relaxed, Memory Loss, Confusion, Loss of consciousness, Depression, Suicidal Ideation",Bromazolam,,57.674435714285714,-2.921921428571429
W062711,2025-03-18,BS13,Valium,Bensedin Diazepam,White,Tablet,Not Stated,Not Stated,Diazepam,,51.4121,-2.612
W062679,2025-03-18,PH36,Valium,Benzidine,White,Tablet,Oral,Relaxed,Diazepam,,56.696460465116274,-5.808758139534884
W062851,2025-03-20,NG10,Diazepam,Bensedin,White,Tablet,Not Stated,Not Stated,Diazepam,,52.901475,-1.287175
W063123,2025-03-20,YO11,Diazepam Accord 10mg,Diazepam Accord 10mg,Blue,Tablet,Oral,"Relaxed, Breathlesness, Chest Pains, Agitation, Insomnia","Paracetamol, Bromazolam",,54.23711428571429,-0.3853571428571428
W062992,2025-03-20,FK1,Clonazepam 2mg,Ritotril Clonazepam,White,Tablet,Oral,"Irregular Heartbeat, Memory Loss, Confusion, Panic Attack, Agitation",Bromazolam,,55.96849090909091,-3.796481818181818
W063017,2025-03-20,LA13,Clonazepam,Klozaps-2,White,Tablet,Not Stated,Not Stated,Clonazepam,,54.11367142857143,-3.193485714285714
W063019,2025-03-20,LA13,Diazepam,Neurovision,White,Tablet,Not Stated,Not Stated,Diazepam,,54.11367142857143,-3.193485714285714
W063027,2025-03-20,YO10,Diazepam,Bensedin,White,Tablet,Not Stated,Not Stated,Diazepam,,53.9576,-1.0827
W063026,2025-03-20,YO10,Diazepam,Bensedin,White,Tablet,Not Stated,Not Stated,Diazepam,,53.9576,-1.0827
W062828,2025-03-20,EH3,Diazepam,Not Stated,White,Tablet,Oral,"Agitation, Violence/Aggression",Bromazolam,,55.9521,-3.1965
W063098,2025-03-20,KY11,Diazepam,Not Stated,Blue,Tablet,Oral,No Effect,Ethylbromazolam,,56.037644444444446,-3.422588888888889
W063146,2025-03-20,SA3,MSJ,Not Stated,Yellow,Tablet,Oral,"Increased Confidence, Relaxed",Diazepam,,51.59142222222222,-4.136385185185185
W063121,2025-03-20,YO11,Accord Diazepam 10mg,Accord Diazepam 10mg,Blue,Tablet,Oral,Relaxed,Diazepam,,54.23711428571429,-0.3853571428571428
W063270,2025-03-20,NG10,Diazepam 10mg-roche,Martin dow 10mg Diazepam under licence from LA Roche,Blue,Tablet,Not Stated,Not Stated,Diazepam,,52.901475,-1.287175
W063109,2025-03-20,BT47,Diazepam,Valium/Diazepam 10mg Roche ltd,Blue,Tablet,Not Stated,"Euphoria, Increased Energy, Increased Confidence, Relaxed",Diazepam,,54.94983333333333,-7.084177777777778
W063269,2025-03-20,SG1,Diazepam,Accord Diazepam 10mg,Blue,Tablet,Oral,No Effect,Paracetamol,Bromazolam,51.9022,-0.2026
W063094,2025-03-20,LE12,Diazepam 10mg,Loghman/Diazepam 10,Blue,Tablet,Not Stated,Not Stated,Diazepam,,52.78191071428571,-1.1845107142857143
W063080,2025-03-20,LE12,Clonazepam /R-naze 2,CLonazepam/ R-naze2 2,White,Tablet,Not Stated,Not Stated,Clonazepam,,52.78191071428571,-1.1845107142857143
W063073,2025-03-20,FK1,Street Valium,c/Dc,White,,Not Stated,Not Stated,Clozapine,,55.96849090909091,-3.796481818181818
W063154,2025-03-20,NP20,Alprazolam,Ksalol Alprazolam,"White, Blue",Tablet,Not Stated,Not Stated,Alprazolam,,51.5877,-2.9984
W063108,2025-03-20,BT47,Alprazolam,Alprazolam Ksalol 1mg tablet Galenika,White,Tablet,Not Stated,"Euphoria, Increased Energy, Increased Confidence, Relaxed",Alprazolam,,54.94983333333333,-7.084177777777778
W063088,2025-03-20,LE12,Diazepam 5mg,Accord 5mg Diazepam,Yellow,Tablet,Not Stated,Not Stated,Diazepam,,52.78191071428571,-1.1845107142857143
000235743,2025-03-20,CF39,Diazepam,MSJ,Blue,Tablet,Oral,"Increased Confidence, Relaxed",Ethylbromazolam,,51.5988125,-3.447975
W063007,2025-03-20,PL2,Diazepam 10mg,Diazepam 10mg,Blue,Tablet,Oral,"Relaxed, Depression",Diazepam,,50.3715,-4.143
W063082,2025-03-20,LE12,Nitrazepam,Nitrabit - 10/ Nitrazepam,,Tablet,Not Stated,Not Stated,Nitrazepam,,52.78191071428571,-1.1845107142857143
W063084,2025-03-20,LE12,Diazepam 10mg,Dizpam 10,White,Tablet,Not Stated,Not Stated,Diazepam,,52.78191071428571,-1.1845107142857143
W063018,2025-03-20,LA13,Clonazepam,Klozaps-2,White,Tablet,Not Stated,Not Stated,Clonazepam,,54.11367142857143,-3.193485714285714
W063068,2025-03-20,CH54,Xanax (alprazolam),Xanax 2mg,White,Tablet,Not Stated,Not Stated,"Caffeine, Ethylbromazolam",,53.19930000000001,-3.03614
W063147,2025-03-20,S21,Xanax,Alprazolam Alprx-1,White,Tablet,Not Stated,Not Stated,Alprazolam,,53.3123,-1.3394
W063224,2025-03-20,DY12,Alprazolam 1mg,Rlam-1 B.NO.210554,White,Tablet,Oral,"No Effect, Increased Energy, Nausea, Agitation",Tramadol,,52.3944,-2.3480125
W063275,2025-03-20,TS14,Xanax,Xanax,White,Tablet,Oral,"Relaxed, Confusion, Loss of consciousness","Caffeine, Ethylbromazolam",,54.5348,-1.0561
W063217,2025-03-20,LA13,Diazepam,Accord,Yellow,Tablet,Not Stated,Not Stated,Diazepam,,54.11367142857143,-3.193485714285714
W063274,2025-03-20,EX23,Bensedin Diazepam,Bensedin Diazepam,White,Tablet,Oral,"Increased Energy, Increased Confidence",Ethylbromazolam,,50.81068285714286,-4.493794285714286
W063016,2025-03-20,LA13,Clonazepam,Kloazaps-2,White,Tablet,Not Stated,Not Stated,Clonazepam,,54.11367142857143,-3.193485714285714
W063035,2025-03-20,SE15,Diazepam,Valium (diazepam),Blue,Tablet,Not Stated,Not Stated,Diazepam,,51.470175,-0.060325
W063086,2025-03-20,NV6,Diazepam 10mg,Diazepam 10mg Almus,Blue,Tablet,Not Stated,Not Stated,Diazepam,,,
W063081,2025-03-20,LE12,Diazepam 10mg,Diazpam-10/Diazepam 10mg,White,Tablet,Not Stated,Not Stated,Diazepam,,52.78191071428571,-1.1845107142857143
W063012,2025-03-20,HP3,Diazepam 5mg,Diazepam ,Yellow,Tablet,Not Stated,Not Stated,Diazepam,,51.731966666666665,-0.4895
W063047,2025-03-20,PE3,Valium,Valium,Blue,Tablet,Oral,Not Stated,Diazepam,,52.567,-0.283
W063040,2025-03-20,SR3,Lorazepam,Lorazepam tablet 1p lorel 3mg,White,Tablet,Not Stated,Not Stated,Lorazepam,,54.874233333333336,-1.4153666666666669
000234553,2025-03-20,CF10,Diazepam,Diazepam,Yellow,Tablet,Not Stated,Not Stated,Diazepam,,51.48,-3.18
000234554,2025-03-20,CF10,Diazepam,Diazepam,Blue,Tablet,Not Stated,Not Stated,Diazepam,,51.48,-3.18
W063059,2025-03-20,RG18,Diazepam,Diazepam 10mg,Blue,Tablet,Oral,"Empathy, Relaxed, Depression",Diazepam,,51.4469,-1.244711111111111
W062993,2025-03-20,KT19,Diazepam,Diazepam,White,Tablet,Not Stated,Not Stated,Diazepam,,51.3305,-0.2701
W063077,2025-03-20,CF10,Diazepam,Diazepam,White,Tablet,Oral,"Relaxed, Tiredness",Diazepam,,51.48,-3.18
W063122,2025-03-20,YO11,Valium (diazepam) Martin dow 10mg,Martin dow Valium (diazepam) 10mg,Blue,Tablet,Oral,"No Effect, Relaxed, Memory Loss, Insomnia, Depression",Diazepam,,54.23711428571429,-0.3853571428571428
W063036,2025-03-20,NG9,Hemofarm Diazepam 5mg,Hemofarm Diazepam 5mg,White,Tablet,Not Stated,Not Stated,Diazepam,,52.919140000000006,-1.24548
W063045,2025-03-20,B33,Xanax,Rlam Alprazolam batch 2330224,White,Tablet,Not Stated,No Effect,Alprazolam,,52.4804,-1.7883
W063042,2025-03-20,B33,Xanax,Not Stated,White,Tablet,Oral,No Effect,Tramadol,,52.4804,-1.7883
W063065,2025-03-20,CR2,Valium (diazepam),Valium (diazepam),Blue,Tablet,Not Stated,Not Stated,Diazepam,,51.3359,-0.0778
W063139,2025-03-27,DD2,Rivitril Clonazepam,Not Stated,White,Tablet,Not Stated,No Effect,Bromazolam,,56.47777692307693,-3.0589461538461538
W063089,2025-03-27,LE12,Diazepam,Elipam Elikem,White,Tablet,Not Stated,Not Stated,Diazepam,,52.78191071428571,-1.1845107142857143
W063091,2025-03-27,LE12,Alprazolam,Rlam,White,Tablet,Not Stated,Not Stated,Alprazolam,,52.78191071428571,-1.1845107142857143
W063127,2025-03-27,DL78,Diazepam,Valium,Blue,Tablet,Oral,"Increased Energy, Increased Confidence, Increased Stamina, Paranoia, Memory Loss, Confusion",Diazepam,,54.331325,-1.4880166666666668
W063163,2025-03-27,NR4,Diazepam,Dizpam,"Colourless, White",Tablet,Not Stated,Not Stated,Diazepam,Atenolol,52.61646,1.24368
W063322,2025-03-27,CH1,Xanax,Tehran Darou Alprazolam,Blue,Tablet,Not Stated,Not Stated,Alprazolam,,53.2239,-2.9434428571428577
W063295,2025-03-27,NE35,temazepam,Not Stated,White,Tablet,Not Stated,Not Stated,"Bromazolam, Flubromazolam",,54.9503,-1.469
W063331,2025-03-27,KT3,Valium,Valium Diazepam,Blue,Tablet,Oral,Relaxed,Diazepam,,51.3992,-0.2556
000234990,2025-03-27,CF37,Diazepam,Diazepam,Blue,Tablet,Oral,"Insomnia, Depression",Bromazolam,,51.613815384615386,-3.3598076923076925
W063136,2025-03-27,DD2,Bensedin Diazepam,Not Stated,"White, White",Tablet,Not Stated,No Effect,"Paracetamol, Bromazolam",,56.47777692307693,-3.0589461538461538
W063167,2025-03-27,NR4,Lorazepam,Elikem Lorazepam,"Colourless, White",Tablet,Not Stated,Not Stated,Lorazepam,,52.61646,1.24368
W063021,2025-03-27,E5,Diazepam,Not Stated,Blue,Tablet,Not Stated,Not Stated,Bromazolam,,51.55991666666667,-0.0545166666666666
W063361,2025-03-27,NW1,Diazepam,Accord,Yellow,Tablet,Not Stated,Not Stated,Diazepam,,51.52988181818182,-0.1471818181818182
W063020,2025-03-27,E5,Xanax,Not Stated,Red,Tablet,Not Stated,Not Stated,"Caffeine, Ethylbromazolam",,51.55991666666667,-0.0545166666666666
W063038,2025-03-27,SE15,Diazepam,Valium,Blue,Tablet,Not Stated,Not Stated,Diazepam,,51.470175,-0.060325
W063320,2025-03-27,PL52,Diazepam,Bensedin,White,Tablet,Oral,"Euphoria, Increased Confidence, Relaxed, Memory Loss, Confusion",Diazepam,,50.4143,-4.16135
000233055,2025-03-27,G3,Diazepam,Not Stated,White,Tablet,Not Stated,Not Stated,Melatonin,,55.8651,-4.2576
W062905,2025-03-27,M50,Diazepam,Not Stated,White,Solid,Oral,Relaxed,Diazepam,,53.4767,-2.2932
W062906,2025-03-27,M50,Diazepam,Not Stated,White,Tablet,Not Stated,Relaxed,Diazepam,,53.4767,-2.2932
W062907,2025-03-27,M50,Xanax,Not Stated,White,Tablet,Oral,Relaxed,Alprazolam,,53.4767,-2.2932
W063104,2025-03-27,HA11,Xanax,Alprazolam,White,Tablet,"Oral, Snort / Sniff",Not Stated,"Quetiapine, Alprazolam",,51.5774,-0.33615
W063379,2025-03-27,B36,Xanax,Not Stated,White,Tablet,Not Stated,Not Stated,Clobromazolam,,52.5019,-1.7826
000042182,2025-03-27,CF24,Valium,Not Stated,White,Tablet,Oral,"Relaxed, Agitation, Insomnia, Depression","Caffeine, Bromazolam",,51.48,-3.18
W063218,2025-03-27,LA13,Diazepam,Accord,Blue,Tablet,Not Stated,Not Stated,Diazepam,,54.11367142857143,-3.193485714285714
W063607,2025-04-01,NR17,Diazepam,Diazepam tablet BP 10mg,Blue,Tablet,Not Stated,Not Stated,Bromazolam,,52.5217,0.9528571428571428
000232546,2025-04-01,G4,Valium,Not Stated,White,Tablet,Not Stated,"No Effect, Increased Confidence, Relaxed, Agitation",No Active Component Identified,,55.8651,-4.2576
W063070,2025-04-01,GL51,Diazepam,Diazepam 5mg,Yellow,Tablet,Not Stated,Not Stated,Diazepam,,51.90277692307692,-2.1239538461538463
W063308,2025-04-01,BT51,Diazepam,Martain Dow ,Blue,Tablet,Oral,"Euphoria, Increased Confidence, Empathy",Diazepam,,55.064172727272734,-6.6975181818181815
W062947,2025-04-01,G225,Diazepam,Not Stated,White,Tablet,Oral,Not Stated,Bromazolam,,55.8651,-4.2576
W063303,2025-04-01,MC1,Alprazolam 1mg,Rlam-1 Alprazolam tablet 1mg,White,Liquid,Oral,"Irregular Heartbeat, Paranoia, Confusion, Panic Attack, Agitation, Depression",Tramadol,,,
W063557,2025-04-03,BT67,Diazepam,Martin dow ltd Diazepam 10mg,Blue,Tablet,Not Stated,Not Stated,Diazepam,,54.48503333333334,-6.287166666666667
W063537,2025-04-03,CF33,Alprazolam,Alprazolam,White,Tablet,Not Stated,Not Stated,Alprazolam,,51.52158333333333,-3.6971833333333337
W063534,2025-04-03,BS23,Kern Pharma 2mg Xanax,Alprazolam kern Pharma 2mg Xanax,White,Tablet,Not Stated,Not Stated,Ethylbromazolam,,51.33485,-2.9787
W063547,2025-04-03,PL97,Etizolam,Etikem-1,Pink,Tablet,Oral,No Effect,Etizolam,,50.34709090909091,-4.0945
W063468,2025-04-03,BT13,Diazepam 10mg,Diazepam 10mg,White,Tablet,Not Stated,Relaxed,Diazepam,,54.60747777777778,-5.959255555555556
W063381,2025-04-03,EX70,Xanax,Xanax,White,Tablet,Not Stated,Not Stated,Caffeine,Ethylbromazolam,50.586925,-3.481725
W063519,2025-04-03,DY11,Lorazepam,Lorazepam,Yellow,Tablet,Not Stated,Not Stated,Lorazepam,,52.375,-2.2416875
W027272,2025-04-03,HG5,Diazepam ,Not Stated,,Tablet,Not Stated,Not Stated,Diazepam,,54.02320909090909,-1.4480000000000002
000234367,2025-04-03,CF63,Diazepam 5,Diazepam,Yellow,Tablet,Oral,No Effect,Diazepam,,51.4172,-3.2614
W063505,2025-04-03,BS1,Diazepam,"Diazepam tablet, USP",Blue,Tablet,Not Stated,Not Stated,Bromazolam,,51.4552,-2.5966
W063451,2025-04-03,DD23,Bromazolam,Not Stated,"Pink, Purple",Tablet,Oral,Relaxed,No Active Component Identified,,56.47777692307693,-3.0589461538461538
W063506,2025-04-03,BS1,Diazepam,Accord Diazepam,Blue,Tablet,Not Stated,Not Stated,"Ethylbromazolam, Bromazolam",,51.4552,-2.5966
W063538,2025-04-03,CF33,Diazepam,Diazepam,White,Tablet,Not Stated,Not Stated,Diazepam,,51.52158333333333,-3.6971833333333337
W063459,2025-04-03,SN4,Lorazepam,Lor3 Lorazepam Digital vision,White,Tablet,Oral,"Increased Confidence, Relaxed",Lorazepam,,51.50309473684211,-1.8051631578947367
000234946,2025-04-03,CF37,valium,Valium,White,Tablet,Oral,Relaxed,Mirtazapine,,51.613815384615386,-3.3598076923076925
W063450,2025-04-03,DD23,Lorazepam,Lorus 3mg,White,Tablet,Oral,No Effect,Lorazepam,,56.47777692307693,-3.0589461538461538
W063317,2025-04-03,BN1,Xanax,Alprazolam,White,Tablet,Oral,"Increased Confidence, Relaxed, Memory Loss, Confusion",Alprazolam,,50.8614,-0.1204166666666666
W063528,2025-04-03,DE61,Diazepam 10mg,Accord Diazepam 10mg,Blue,Tablet,Oral,Increased Confidence,"Paracetamol, Bromazolam",,52.98940476190476,-1.7187920634920637
W063553,2025-04-03,SW22,Diazepam 5mg Tablets,Diazepam 5mg Accord,"Yellow, Yellow",Tablet,Not Stated,Not Stated,Diazepam,,51.4548,-0.1158
W063419,2025-04-03,NE35,Diazepam,MSJ,Blue,Tablet,Not Stated,Not Stated,"Ethylbromazolam, Bromazolam",,54.9503,-1.469
W063277,2025-04-03,BS48,Diazepam,Bensedin 10mg,White,Tablet,Not Stated,Not Stated,Diazepam,,51.4253,-2.7484
W063465,2025-04-03,WC2X,Diazepam,Bensedin,White,Tablet,Not Stated,Not Stated,Diazepam,,51.5134,-0.1233818181818181
W063327,2025-04-03,KY12,Diazepam,Not Stated,White,Tablet,Oral,Relaxed,Clonazolam,,56.087095,-3.539235
W063461,2025-04-03,CM23,Diazepam,Bensedin,White,Tablet,Oral,Not Stated,Diazepam,,51.89539,0.15618
W064614,2025-04-03,NR21,Xanax,Alprazolam,Colourless,Tablet,Oral,"Increased Confidence, Relaxed, Chest Pains, Irregular Heartbeat, Nausea, Vomiting, Confusion",Alprazolam,,52.83983333333333,0.8568066666666667
W063515,2025-04-03,CT10,Ksol 1mg,Ksol 1mg (social exclusive),Blue,Tablet,Oral,"Euphoria, Increased Confidence, Empathy",Alprazolam,,51.3687,1.435466666666667
000234366,2025-04-03,CF63,Ksalol Alprazolam,oralna Uporreba,White,Tablet,Oral,No Effect,Bromazolam,,51.4172,-3.2614
W063394,2025-04-03,SY4,Diazepam,Diazepam Roche 10mg,Blue,Tablet,Not Stated,Not Stated,Diazepam,,52.7651,-2.7190144927536233
W063412,2025-04-03,P021,Diazepam,Diazepam,White,Tablet,Not Stated,Not Stated,Diazepam,,,
W063438,2025-04-03,S17,Alprazolam,Alprazolam Alprx-1,White,Tablet,Not Stated,Not Stated,Alprazolam,,53.3205,-1.54055
W063481,2025-04-03,L8,bensedin Valium,Not Stated,White,Tablet,Not Stated,Not Stated,Diazepam,,53.4106,-2.9779
W063552,2025-04-03,CW9,Valium,Martin Dow,Blue,Tablet,Oral,"Euphoria, Increased Confidence, Relaxed, Nausea, Depression",Diazepam,,53.264406666666666,-2.5003200000000003
000234365,2025-04-03,CF10,Eitzolam,Neuro/01,White,Tablet,Oral,Not Stated,Etizolam,Quetiapine,51.48,-3.18
W063621,2025-04-07,SA15,Valium,Not Stated,,Tablet,Oral,"Euphoria, Relaxed",Diazepam,,51.74003,-4.187250000000001
W063619,2025-04-07,SA15,Valium,Not Stated,Blue,Tablet,Oral,"Euphoria, Relaxed",Ethylbromazolam,,51.74003,-4.187250000000001
W063659,2025-04-07,E11,Diazepam,Diazepam 10mg accord,Blue,Tablet,Not Stated,Not Stated,"Paracetamol, Bromazolam",,51.57656666666667,0.0171666666666666
W063644,2025-04-07,W55,Alprazolam,Galanika kaslol,Blue,Tablet,Oral,"Suicidal Ideation, Lethargy",Alprazolam,,,
W063015,2025-04-07,LA13,Clonazepam,Klozaps-2,White,Tablet,Not Stated,Not Stated,Clonazepam,,54.11367142857143,-3.193485714285714
W063632,2025-04-07,HX2,Alprazolam 1mg,Tommy walker ksalol 1mg,Blue,Tablet,Not Stated,Not Stated,Alprazolam,,53.7187,-1.9458
W063631,2025-04-07,HX2,Diazepam 10mg,Tommt walker Benedin Diazepam 10mg,White,Tablet,Not Stated,Not Stated,Diazepam,,53.7187,-1.9458
W063526,2025-04-07,TR14,Diazepam,Diazepam,Blue,Tablet,Oral,Not Stated,Diazepam,,50.19814,-5.30309
W063634,2025-04-07,HX2,Diazepam 10mg,ExPharma Benesdin Diazepam 10mg,White,Tablet,Not Stated,Not Stated,Diazepam,,53.7187,-1.9458
000232444,2025-04-07,SY16,Alprazolam,Alprazolam,White,Tablet,Oral,"Increased Confidence, Relaxed, Memory Loss, Loss of consciousness",Alprazolam,,52.50787647058824,-3.3015823529411765
W063535,2025-04-07,LS6,Diazepam,Diazepam 10mg,Blue,Tablet,Oral,"Euphoria, Relaxed",Bromazolam,,53.8201,-1.5704
W063594,2025-04-07,MK40,Diazepam,Valium Diazepam Martin Dow,Blue,Tablet,Oral,No Effect,Diazepam,,52.13655,-0.4866
W063762,2025-04-07,EW52,Xanax/Alprazolam,Xanax,White,Tablet,Oral,Relaxed,Caffeine,"Bromazolam, Flubromazolam",,
W063763,2025-04-07,AL74,Diazepam 10mg,Bensedin,White,Tablet,Oral,"Euphoria, Increased Confidence, Relaxed",Ethylbromazolam,,51.7969,-0.1871
W063771,2025-04-07,G82,Street Valium,Not Stated,Blue,Tablet,Oral,"Increased Energy, Increased Confidence, Memory Loss, Loss of consciousness",Bromazolam,,55.954800000000006,-4.5815222222222225
W063673,2025-04-07,E83,Lorazepam 3mg Tablet,Lorus 3mg Lorazapam,White,Tablet,Not Stated,Not Stated,Lorazepam,,,
W063773,2025-04-07,G82,Temazepam,Temazepam,White,Tablet,Oral,Relaxed,Bromazolam,,55.954800000000006,-4.5815222222222225
W063642,2025-04-07,SW22,Diazepam 5mg Tablets,Diazepam 5mf tablet accord,Yellow,Tablet,Not Stated,Not Stated,Diazepam,,51.4548,-0.1158
W063678,2025-04-07,PE25,Diazepam,Diazepam (valium),Blue,Tablet,Oral,No Effect,Diazepam,,53.164525,0.334425
W063627,2025-04-07,S427,Diazepam,Diazepam 10mg Bensedin,White,Tablet,Not Stated,Not Stated,Diazepam,,53.21066,-1.4471733333333332
W063674,2025-04-07,PE8,Diazepam ,Accord Diazepam 10mg,Blue,Tablet,Oral,Agitation,Ethylbromazolam,,52.509825,-0.4508083333333333
W063774,2025-04-07,SP2,Alprazolam,Alpz-1 Neuro Vision,White,Tablet,Oral,"Euphoria, Relaxed","Quetiapine, Alprazolam",,51.094766666666665,-1.8667555555555555
W063425,2025-04-07,SN4,Lorazepam,Lozicum Lorazapam 1mg,White,Tablet,Oral,"Euphoria, Increased Confidence, Empathy, Relaxed",Lorazepam,,51.50309473684211,-1.8051631578947367
W063453,2025-04-07,SE11,Alprazolam,Kern ALpraz 2mg,White,Tablet,Oral,No Effect,Ethylbromazolam,,51.4881,-0.113125
W063395,2025-04-07,SY4,Diazepam,Diazepam Roche 10mg,Blue,Tablet,Not Stated,Not Stated,Diazepam,,52.7651,-2.7190144927536233
W063316,2025-04-07,BN1,Xanax,Alprazolam,White,Tablet,Oral,No Effect,Tramadol,,50.8614,-0.1204166666666666
000234943,2025-04-07,CF10,Diazepam,MSJ,Blue,Tablet,Not Stated,Not Stated,Bromazolam,,51.48,-3.18
W027271,2025-04-07,HG14,Xanax,Alprazolam Alpz-1,White,Tablet,Not Stated,"Euphoria, Auditory Hallucinations, Visual Hallucinations, Breathlesness, Chest Pains, Nausea, Paranoia, Memory Loss, Confusion, Panic Attack, Agitation, Insomnia, Depression, Suicidal Ideation","Quetiapine, Alprazolam",,53.99700000000001,-1.5357666666666667
W063529,2025-04-07,DE61,Diazepam 10mg,Martin Dow Diazepam 10mg,Blue,Tablet,Oral,Increased Confidence,Diazepam,,52.98940476190476,-1.7187920634920637
W063675,2025-04-07,PE8,Diazepam,Diazepam loose,Blue,,Not Stated,Not Stated,Bromazolam,,52.509825,-0.4508083333333333
W063346,2025-04-07,BS6,R-lam Alprazolam,Not Stated,White,Tablet,Not Stated,Not Stated,Tramadol,,51.465599999999995,-2.599066666666667
W063518,2025-04-07,AB43,Diazepam,Not Stated,White,Tablet,Oral,"Euphoria, Increased Confidence, Relaxed, Memory Loss",No Active Component Identified,,57.65489545454545,-2.046884090909091
W063426,2025-04-07,SN4,Valium 5mg,Sedil Square Diazepam 5mg,White,Tablet,Oral,"Increased Confidence, Relaxed",Diazepam,,51.50309473684211,-1.8051631578947367
W063488,2025-04-07,CF31,1mg Ksalol Alprazolam,1mg Ksalol Alprazolam,Blue,Tablet,Not Stated,Not Stated,Alprazolam,,51.507666666666665,-3.577733333333333
W063617,2025-04-07,LL28,Diazepam,Valium Diazepam,Blue,Tablet,Oral,"Enhanced Senses, Empathy, Relaxed, Memory Loss",Diazepam,,53.28348999999999,-3.7664
W063624,2025-04-07,SY4,Diazepam,Diazepam - roche 10mg,Blue,Tablet,Not Stated,Not Stated,Diazepam,,52.7651,-2.7190144927536233
W063576,2025-04-07,N19,Diazepam,Galenika Diazepam,White,Tablet,Not Stated,Not Stated,Diazepam,,51.5649,-0.1351
W063575,2025-04-07,N19,Clonazepam,Galenika Klonazepam,White,Tablet,Not Stated,Not Stated,Paracetamol,Bromazolam,51.5649,-0.1351
W063580,2025-04-07,E33,Alprazolam,Alprazolam,White,Tablet,Oral,Relaxed,Alprazolam,,,
W063444,2025-04-07,CF29,Valium 10mg,Martin Dow ltd,Blue,Tablet,Oral,"Euphoria, Increased Confidence, Enhanced Senses, Relaxed, Memory Loss",Diazepam,,,
W063656,2025-04-07,LL31,Rivotril 2mg,Clonazepam 2mg,White,Tablet,Not Stated,Not Stated,Clonazepam,,53.29415,-3.81595
W063318,2025-04-07,SN4,Diazepam,Dizpam-10,White,Tablet,Oral,"Increased Confidence, Empathy, Relaxed",Diazepam,,51.50309473684211,-1.8051631578947367
W063622,2025-04-08,SY4,Alprazolam,Alprazolam Ksalol 1mg,"White, Blue",Tablet,Not Stated,Not Stated,Alprazolam,,52.7651,-2.7190144927536233
W063613,2025-04-08,E13,Alprazolam,Xanax,White,Powder,Not Stated,Not Stated,No Active Component Identified,,51.529333333333334,0.0182666666666666
W062369,2025-04-08,EH6,Valium,Not Stated,Blue,Tablet,Oral,"Increased Confidence, Empathy, Relaxed, Paranoia, Memory Loss, Confusion, Panic Attack, Insomnia, Suicidal Ideation",No Active Component Identified,,55.9617,-3.1844
W063639,2025-04-08,WF4,Diazepam,Diazepam,White,Tablet,Oral,Not Stated,No Active Component Identified,,53.638326666666664,-1.5293733333333333
W063492,2025-04-08,CF40,Diazepam,Not Stated,Blue,Tablet,Oral,Seizure,Ethylbromazolam,,51.627316666666665,-3.461883333333333
W063592,2025-04-08,TQ46,Diazepam,Bensedin Diazepam,White,Tablet,Not Stated,Not Stated,Diazepam,,50.424,-3.5713
000234720,2025-04-08,CF72,Diazepam,Not Stated,Blue,Tablet,Oral,Relaxed,Bromazolam,,51.530146153846154,-3.408415384615384
000235706,2025-04-08,CF72,Diazepam 10mg,Not Stated,Blue,Tablet,Not Stated,Not Stated,Diazepam,,51.530146153846154,-3.408415384615384
W063597,2025-04-08,FK15,Alprazolam 1mg,Alprazolam 1mg,White,Tablet,Oral,No Effect,Alprazolam,,56.23001176470588,-3.918505882352941
W063596,2025-04-08,FK16,Diazepam 10mg,Diazepam 10mg,White,Tablet,Oral,No Effect,Diazepam,,56.1899,-4.0529
000236117,2025-04-08,CF62,Diazepam,Diazepam,Blue,Tablet,Not Stated,Not Stated,Ethylbromazolam,,51.4027,-3.37145
W063484,2025-04-08,L36,Diazepam,Dow Jones,Blue,Tablet,Oral,"Increased Confidence, Relaxed",Diazepam,,53.4103,-2.8480499999999997
000234778,2025-04-08,CF40,Valium,Not Stated,Blue,Tablet,Oral,Not Stated,Ethylbromazolam,,51.627316666666665,-3.461883333333333
W063623,2025-04-08,SY4,Alprazolam,Alprazolam ksalol 1mg,"White, Blue",Tablet,Not Stated,Not Stated,Alprazolam,,52.7651,-2.7190144927536233
W063545,2025-04-08,CF44,Diazepam,Not Stated,Blue,Tablet,Oral,Relaxed,Diazepam,,51.7327125,-3.48293125
W063448,2025-04-08,PA6,10mg Diazepam,Valum Martin dow,Blue,Tablet,Oral,"Empathy, Relaxed",Diazepam,,55.8673,-4.532866666666666
W062543,2025-04-08,CH65,Valium,Valium,Blue,Tablet,Not Stated,Not Stated,Diazepam,,53.2787,-2.9013
W062545,2025-04-08,CH65,Ksalol Xanax,Xanax,White,Tablet,Not Stated,Not Stated,Alprazolam,,53.2787,-2.9013
W063635,2025-04-08,M4,Diazepam 5mg,Diazepam 5mg,Yellow,Tablet,Oral,Not Stated,Diazepam,,53.4809,-2.2374
W063593,2025-04-08,BT42,Diazepam,martin dow,Blue,Tablet,Oral,"Increased Confidence, Increased Stamina",Diazepam,,54.86234,-6.27314
000234802,2025-04-08,CF24,Xanax,Xanax,White,Tablet,Not Stated,Not Stated,Ethylbromazolam,,51.48,-3.18
W063680,2025-04-15,N22,Diazepam 10mg,Diazepam 10mg,White,Tablet,Not Stated,Not Stated,Diazepam,,51.6,-0.1167
W063633,2025-04-15,HX2,Diazepam 10mg,GHZ accord Diazepam 10mg,Blue,Tablet,Not Stated,Not Stated,Diazepam,,53.7187,-1.9458
W061853,2025-04-15,GL10,Lorazepam 2.5mg,Lorazepam 2.5mg,Blue,Tablet,Not Stated,Not Stated,Lorazepam,,51.7401625,-2.291975
W063353,2025-04-15,OX41,Xanax,Galenika Ksalol,Blue,Tablet,Not Stated,Not Stated,Bromazolam,,51.723725,-1.224375
W063374,2025-04-15,HA13,Xanax,Alprazolam,White,Tablet,Oral,"Euphoria, Increased Energy, Enhanced Senses, Increased Confidence, Relaxed, Empathy, Memory Loss, Insomnia",No Active Component Identified,,51.5774,-0.33615
000235385,2025-04-15,NP22,Diazepam,Not Stated,White,Tablet,Oral,"Auditory Hallucinations, Vomiting, Memory Loss, Confusion",Diazepam,,51.7725,-3.2468
000231786,2025-04-15,CF24,Valium,Valium,Blue,Tablet,Oral,"Increased Confidence, Relaxed, Irregular Heartbeat, Nausea",No Active Component Identified,,51.48,-3.18
W063936,2025-04-15,NE13,Diazepam,Martin dow Diazepam,Blue,Tablet,Not Stated,"Enhanced Senses, Relaxed, Confusion",Diazepam,,55.0523,-1.6473666666666666
W063918,2025-04-15,DA11,Diazepam,Diazepam 5mg Teva,Yellow,Tablet,Not Stated,Not Stated,Diazepam,,51.4349,0.3513
W063681,2025-04-15,N22,Diazepam 10mg,Diazepam 10mg (bensedin),White,Tablet,Not Stated,Not Stated,Diazepam,,51.6,-0.1167
W063829,2025-04-15,SE16,Diazepam ,Diazepam (bensedin),White,Tablet,Oral,"Euphoria, Increased Confidence, Relaxed",Diazepam,,51.49742,-0.0528
W063803,2025-04-15,CB21,Diazepam ,Diazepam,White,Tablet,Not Stated,Not Stated,Diazepam,,52.127627777777775,0.2870888888888889
W063779,2025-04-15,CF14,Lorazepam 3mg Lor-3,Lor-2 Lorazepam 3mg,White,Tablet,Not Stated,Not Stated,Lorazepam,,51.5199,-3.204
W063800,2025-04-15,CF14,Alprazolam,Not Stated,White,Tablet,Not Stated,"Euphoria, Increased Confidence, Memory Loss, Confusion, Loss of appetite","Quetiapine, Alprazolam",,51.5199,-3.204
W063852,2025-04-15,SA1,Alprazolam,Alprazolam,White,Tablet,Not Stated,Not Stated,Bromazolam,,51.633979999999994,-3.94848
000232801,2025-04-15,NP20,Diazepam,Diazepam,Yellow,Tablet,Not Stated,Not Stated,Diazepam,,51.5877,-2.9984
W063793,2025-04-15,HR6,Diazepam,Accord 10mg Diazepam,Blue,Tablet,Oral,Relaxed,No Active Component Identified,,52.215596363636365,-2.6785654545454545
W063879,2025-04-15,CF44,valium,Valu (diazepam) 1mg Tablet,Blue,Tablet,Oral,"Increased Energy, Increased Confidence, Enhanced Senses, Relaxed, Confusion, Panic Attack, Agitation, Depression",Diazepam,,51.7327125,-3.48293125
000234361,2025-04-15,CF63,Street valium,Rivotril,White,,Not Stated,Not Stated,"Paracetamol, Bromazolam",,51.4172,-3.2614
W063780,2025-04-15,SY23,Diazepam 10mg,Diazepam 10mg,White,Tablet,Not Stated,Not Stated,Diazepam,,52.34458541666667,-3.9885
W063854,2025-04-15,CH62,Diazepam,Diazepam,Yellow,Tablet,Oral,"Relaxed, Insomnia",Diazepam,,53.3339,-2.9815
W063683,2025-04-15,G15,Diazepam,Not Stated,White,Tablet,Oral,"Relaxed, Memory Loss, Depression, Suicidal Ideation",No Active Component Identified,,55.9102,-4.3733
W063640,2025-04-15,TR14,Lorazapam,Not Stated,Orange,Tablet,Not Stated,Not Stated,"Lorazepam, Propanolol, Citalopram, Metoprolol",,50.19814,-5.30309
000234940,2025-04-15,CF47,Diazepam,Not Stated,Blue,Tablet,Oral,Relaxed,Diazepam,,51.7479,-3.3778
W063789,2025-04-15,HR6,Alprazolam 1mg,RLam-1,White,,Not Stated,Not Stated,Alprazolam,,52.215596363636365,-2.6785654545454545
W062696,2025-04-15,EH14,Temazepam,Temazepam,White,Tablet,Oral,Relaxed,Etizolam,,55.894733333333335,-3.3110166666666667
W063676,2025-04-15,IG3,Diazepam 10mgs,Bensedin Gelenika,White,Tablet,Oral,"Relaxed, Irregular Heartbeat, Memory Loss, Panic Attack",Ethylbromazolam,,51.564,0.0963
W063782,2025-04-15,HR6,Alprazolam,Ksalol 1mg,Blue,Tablet,Oral,"Relaxed, Irregular Heartbeat, Paranoia",No Active Component Identified,,52.215596363636365,-2.6785654545454545
W063783,2025-04-15,RM12,Diazepam 5mg,Loghman Diazepam 5,Yellow,Tablet,Not Stated,Not Stated,Diazepam,,51.55323333333333,0.2085
W063808,2025-04-15,NE3,Diazepam,Diazepam,White,Tablet,Oral,"No Effect, Relaxed",Ethylbromazolam,,55.003175,-1.6339
W063759,2025-04-15,AB16,Valium,Not Stated,Blue,Tablet,Oral,"No Effect, Relaxed",Bromazolam,,57.16,-2.1567
W063850,2025-04-15,G20,Diazepam,Martin dow Diazepam 10mg,Blue,Tablet,Oral,"Increased Confidence, Relaxed, Confusion, Memory Loss",Diazepam,,55.8906,-4.2904
W063794,2025-04-15,NR7,Xanax,Kern Xanax,White,Tablet,Oral,Relaxed,Ethylbromazolam,,52.64305,1.3373
W064328,2025-04-24,G744,Clonazepam 2mg,Not Stated,White,Tablet,Not Stated,Not Stated,"Paracetamol, Bromazolam",,55.76583333333334,-4.1700333333333335
W064383,2025-04-24,SE18,Alprazolam,Alpacure Rishi Parmaceticals,White,Tablet,Not Stated,Not Stated,Alprazolam,,51.48716666666667,0.0740666666666666
W064406,2025-04-24,E20,Alprazolam 1mg,Ksalol 1mg,Blue,Tablet,Oral,"Euphoria, Increased Confidence, Relaxed",Alprazolam,,51.5468,-0.0096
W064354,2025-04-24,OL98,Alprazolam,Ksalol Alprazolam 1mg,Blue,Tablet,Not Stated,Not Stated,Ethylbromazolam,,53.5405,-2.1183
W064371,2025-04-24,B13,Diazepam 10mg,Diazepam Galenika Bensedin,White,Tablet,Not Stated,Not Stated,Diazepam,,52.442,-1.88385
W064259,2025-04-24,G12,Diazepam 10mg,Valium Diazepam 10mg tablet Martin dow ltd,Blue,Tablet,Not Stated,Not Stated,Diazepam,,55.8804,-4.3007
000234661,2025-04-24,CF23,Diazepam,Zepam 10,Blue,Tablet,Not Stated,Not Stated,Diazepam,,51.5144,-3.1545
W064258,2025-04-24,G12,Diazepam,Martin dow ltd,Blue,Tablet,Not Stated,Not Stated,Diazepam,,55.8804,-4.3007
W064318,2025-04-24,SA15,Diazepam ,valium,Blue,Tablet,Not Stated,Not Stated,Diazepam,,51.74003,-4.187250000000001
W063112,2025-04-24,G74,Lorazepam,Hemofarm lorazepam,Blue,Tablet,Not Stated,Not Stated,Lorazepam,,55.76583333333334,-4.1700333333333335
W064004,2025-04-24,G71,VALIUM,Not Stated,"Blue, Blue",Powder,Oral,No Effect,No Active Component Identified,,55.8112,-4.076
W063880,2025-04-24,PL21,VALIUM,Not Stated,Blue,Tablet,Oral,Relaxed,Bromazolam,,50.383691666666664,-3.899566666666667
W064257,2025-04-24,G12,Diazepam 10mg,martin dow ltd,Blue,Tablet,Not Stated,Not Stated,Diazepam,,55.8804,-4.3007
W064364,2025-04-24,LS14,Diazepam,Accord,White,Tablet,Not Stated,Not Stated,"Paracetamol, Bromazolam",,53.8486,-1.4444333333333332
W063929,2025-04-24,NE3,DIAZEPAM,DIAZEPAM,Colourless,Tablet,Oral,No Effect,Ethylbromazolam,,55.003175,-1.6339
W064253,2025-04-24,CM23,Clonazepam,Rnaze-2,White,Tablet,Not Stated,Not Stated,Clonazepam,,51.89539,0.15618
W064206,2025-04-24,AB24,Diazepam,Not Stated,Blue,Tablet,Oral,Not Stated,Diazepam,,57.1437,-2.0981
W064281,2025-04-24,CF5,Diazepam,Not Stated,Blue,Tablet,Oral,Relaxed,Bromazolam,,51.471875,-3.275816666666667
000232442,2025-04-24,SY16,Diazepam,Diazepam,Colourless,Tablet,Not Stated,Not Stated,Ethylbromazolam,,52.50787647058824,-3.3015823529411765
W063885,2025-04-24,SY23,Diazepam 10mg,Diazepam 10mg,White,Tablet,Oral,Loss of consciousness,Diazepam,,52.34458541666667,-3.9885
W063907,2025-04-24,TF3,DIAZEPAM,DIAZEPAM,Yellow,Tablet,Not Stated,Relaxed,Diazepam,,52.6766,-2.4493
W063928,2025-04-24,ME3,DIAZEPAM,MARTIN DOW DIAZEPAM,Blue,Tablet,Oral,"Increased Confidence, Relaxed",Diazepam,,51.438552941176475,0.5568352941176471
W064015,2025-04-24,SW7,ALPRAZOLAM (XANAX),Not Stated,White,Tablet,Oral,Relaxed,Bromazolam,,51.49598333333333,-0.1762833333333333
W063920,2025-04-24,TF3,DIAZEPAM,DIAZEPAM,,,Not Stated,Relaxed,Diazepam,,52.6766,-2.4493
000234733,2025-04-29,CF44,Valium,Not Stated,Blue,Tablet,Oral,Loss of consciousness,Diazepam,,51.7327125,-3.48293125
W063908,2025-04-29,PA3,Xanax,Rlam,White,Tablet,Not Stated,Not Stated,Alprazolam,,55.8516,-4.446
W063887,2025-04-29,EH41,Diazepam,Not Stated,Blue,Tablet,Not Stated,Not Stated,Etizolam,,55.92442,-2.74208
W064171,2025-04-29,OX4,Xanax,Not Stated,Blue,Tablet,Not Stated,Not Stated,Rilmazafone,,51.723725,-1.224375
W064124,2025-04-29,CM21,Lorazepam,Not Stated,Yellow,Tablet,Oral,"Relaxed, Paranoia, Memory Loss, Panic Attack, Depression","Lorazepam, Propanolol, Citalopram",,51.81646666666666,0.1396
W064115,2025-04-29,CF44,Diazepam,MSJ,Blue,Tablet,Oral,"Visual Hallucinations, Breathlesness, Irregular Heartbeat, Nosebleeds, Nausea, Confusion, Panic Attack, Agitation, Insomnia",Bromazolam,,51.7327125,-3.48293125
000234706,2025-04-29,CF41,Diazepam,Not Stated,Blue,Tablet,Oral,"Relaxed, Loss of consciousness",Bromazolam,,51.6543,-3.4913
W064133,2025-04-29,CO6,Xanax,Not Stated,White,Tablet,Oral,Relaxed,No Active Component Identified,,51.93567419354839,0.8059709677419354
W064055,2025-04-29,SE17,Alprazolam,Not Stated,Grey,Tablet,Not Stated,Not Stated,No Active Component Identified,,51.48563333333333,-0.1028333333333333
W064042,2025-04-29,BT47,Diazepem,Bensedin Galenika Diazepams,White,Tablet,Not Stated,Not Stated,Diazepam,,54.94983333333333,-7.084177777777778
W064057,2025-04-29,BT47,Clonazepam,Clonazepam Rivotril Galenika,White,Tablet,Not Stated,Not Stated,Clonazepam,,54.94983333333333,-7.084177777777778
W064136,2025-04-29,SW22,Diazepam tablets,Diazepam tabelts Accord,Yellow,Tablet,Not Stated,Not Stated,Diazepam,,51.4548,-0.1158
W064196,2025-04-29,DA2,Diazepam,Kern pharma Diazepam prodes 10mg,White,Tablet,Oral,Relaxed,Bromazolam,,51.42953333333333,0.2391
W063896,2025-04-29,IP1,Rivotril Clonazepam,Galenika Rivotril,White,Tablet,Oral,"Relaxed, Paranoia, Memory Loss, Agitation, Depression",Paracetamol,Bromazolam,52.071275,1.1444
100004478,2025-04-29,TS5,Diazepam,Diazepam,Blue,Tablet,Oral,"Relaxed, Confusion",Diazepam,,54.5507,-1.2521
W063781,2025-04-29,SY23,Alprazolam,Alprazolam,White,Tablet,Not Stated,Not Stated,No Active Component Identified,,52.34458541666667,-3.9885
W064036,2025-04-29,G3,Xanax,Alprazolam Ksalol,White,Tablet,Oral,Relaxed,Bromazolam,,55.8651,-4.2576
W064022,2025-04-29,NE31,Diazepam,Galenika bensedin Diazepam,White,Tablet,Not Stated,Not Stated,Diazepam,,54.973,-1.5155
W064002,2025-04-29,DN12,Diazepam ,Marin dow,Blue,Tablet,Not Stated,Not Stated,Diazepam,,53.4851,-1.2453
W063926,2025-04-29,E8,Alprazolam 1mg ,Alprazolam tablet 1.p 1mg Rlam-1,White,Tablet,Not Stated,Not Stated,Tramadol,,51.548,-0.0629
000231582,2025-04-29,NP20,Green Hulk Xanax,Not Stated,Green,Tablet,Not Stated,Not Stated,Bromazolam,,51.5877,-2.9984
W063904,2025-04-29,SK2,Accord Diazepam 10mg,Accord Diazepam 10mg,Blue,Tablet,Oral,"Increased Confidence, Enhanced Senses, Empathy, Relaxed","Ethylbromazolam, Bromazolam",,53.3946,-2.1329
W063903,2025-04-29,SK2,Bensadin Diazepam 10mg,Bensadin Diazepam 10mg,White,Tablet,Oral,"Increased Confidence, Enhanced Senses, Empathy, Relaxed",Bromazolam,,53.3946,-2.1329
W063902,2025-04-29,SK2,Xanax 1ml,Xanax bar,White,Tablet,Not Stated,Not Stated,Bromazolam,,53.3946,-2.1329
W063877,2025-04-29,E2,Xanax/ Alprazolam ,Ksalol Galenika 1mg,Blue,Tablet,Oral,"Euphoria, Loss of consciousness",Alprazolam,,51.5386,-0.055525
W064006,2025-04-29,G225,Spanish Xanax,Viatris Trankimazin,White,Tablet,Not Stated,Not Stated,Alprazolam,,55.8651,-4.2576
W063876,2025-04-29,E2,Xanax,Rlam-1 Alprazolam 1mg,White,Tablet,Not Stated,Not Stated,Tramadol,,51.5386,-0.055525
W063875,2025-04-29,E2,Xanax 2mg,Xanax 2,White,Tablet,Not Stated,Not Stated,"Caffeine, Ethylbromazolam",,51.5386,-0.055525
W063131,2025-04-30,NE29,Galenika Bensedin (Diazepam),Not Stated,White,Tablet,Not Stated,Not Stated,Bromazolam,,55.0165,-1.4493
000234956,2025-04-30,CF37,Valium Diazepam,Not Stated,Blue,Tablet,Oral,"Auditory Hallucinations, Relaxed",Diazepam,,51.613815384615386,-3.3598076923076925
000234959,2025-04-30,CF37,Valium Diazepam,Not Stated,Blue,Tablet,Oral,"Auditory Hallucinations, Relaxed",Diazepam,,51.613815384615386,-3.3598076923076925
W064121,2025-04-30,AB21,Clonazepam,Not Stated,White,Tablet,Oral,Relaxed,Clonazepam,,57.2111,-2.2037
000234952,2025-04-30,CF37,Valium Diazepam,Not Stated,Blue,Tablet,Oral,"Auditory Hallucinations, Relaxed",Diazepam,,51.613815384615386,-3.3598076923076925
000234953,2025-04-30,CF37,Valium Diazepam,Not Stated,Blue,Tablet,Oral,"Auditory Hallucinations, Relaxed",Diazepam,,51.613815384615386,-3.3598076923076925
W064090,2025-04-30,CF14,Clonazepam,Not Stated,White,Tablet,Not Stated,Not Stated,Clonazepam,,51.5199,-3.204
000234951,2025-04-30,CF39,benzodiazepine,Not Stated,Blue,Tablet,Oral,"Relaxed, Paranoia, Confusion, Loss of consciousness",Diazepam,,51.5988125,-3.447975
W064094,2025-04-30,KT12,Valium,Not Stated,Blue,Tablet,Not Stated,Not Stated,Diazepam,,51.3765,-0.4111
W064089,2025-04-30,CF38,Alprazolam,Alpz,White,Tablet,Not Stated,Not Stated,Alprazolam,,51.5543,-3.34528
000234947,2025-04-30,CF38,Valium,Not Stated,Blue,Tablet,Oral,"Euphoria, Relaxed",Diazepam,,51.5543,-3.34528
W064181,2025-04-30,WR10,Diazepam,Bensedin,White,Tablet,Not Stated,Not Stated,Ethylbromazolam,,52.11444545454546,-2.047613636363636
W064163,2025-04-30,SA9,Diazepam,MSJ,Blue,Tablet,Oral,Relaxed,"Bromazolam, Metonitazene, Pregabalin",N-desethyl metonitazene,51.781353333333335,-3.760806666666667
W063892,2025-04-30,SA16,Valium,Not Stated,Blue,Tablet,Oral,Relaxed,Diazepam,,51.68593333333333,-4.261566666666667
W064194,2025-04-30,TS19,Temazepam,Not Stated,White,Tablet,Not Stated,Not Stated,Etizolam,,54.5685,-1.3187
000234350,2025-04-30,CF63,Alprazolam,Not Stated,White,Tablet,Not Stated,Not Stated,Alprazolam,,51.4172,-3.2614
W064040,2025-04-30,BN1,Diazepam,Not Stated,"Green, Yellow",Tablet,Oral,No Effect,Diazepam,,50.8614,-0.1204166666666666
W064500,2025-04-30,BA14,Xanax,Not Stated,White,Tablet,Not Stated,Not Stated,Caffeine,Clobromazolam,51.32102,-2.1876733333333336
W064043,2025-04-30,BN1,Bromazolam,Not Stated,"White, Purple",Tablet,Oral,No Effect,No Active Component Identified,,50.8614,-0.1204166666666666
W064131,2025-04-30,CO61,Ksalol,ksalol,Blue,Tablet,Oral,Relaxed,Bromazolam,,51.93567419354839,0.8059709677419354
W064066,2025-04-30,CR2,Alprazolam,Alprazolam Alpacure,White,Tablet,Not Stated,Not Stated,Alprazolam,,51.3359,-0.0778
W064164,2025-04-30,NP44,Diazepam Valium,Not Stated,Blue,Tablet,Oral,Relaxed,Diazepam,,51.65070000000001,-3.0178
000231583,2025-04-30,NP20,Red devil Xanax,Not Stated,Red,Tablet,Not Stated,Not Stated,Caffeine,Bromazolam,51.5877,-2.9984
W064052,2025-04-30,BN3,Valium (Diazepam),Diazepam (Bensedin Galenika),White,Tablet,Not Stated,Not Stated,No Active Component Identified,,50.836725,-0.179625
000234954,2025-04-30,CF37,Valium Diazepam,Not Stated,Blue,Tablet,Oral,"Auditory Hallucinations, Relaxed",Diazepam,,51.613815384615386,-3.3598076923076925
000234958,2025-04-30,CF37,Valiumn Diazepam,Not Stated,Blue,Tablet,Oral,"Auditory Hallucinations, Relaxed",Diazepam,,51.613815384615386,-3.3598076923076925
W064041,2025-04-30,BN11,Clonazepam,Not Stated,"Colourless, White",Tablet,Oral,"Euphoria, Increased Confidence, Relaxed",Clonazepam,,50.81425,-0.38285
W064144,2025-04-30,E5,Xanax,Not Stated,White,Tablet,Not Stated,Not Stated,Caffeine,Clobromazolam,51.55991666666667,-0.0545166666666666
W064112,2025-04-30,IG11,Diazepam,Not Stated,White,Tablet,Not Stated,Not Stated,Diazepam,,51.5333,0.0833
W064113,2025-04-30,IG11,Lorazepam,Not Stated,Yellow,Tablet,Not Stated,Not Stated,Unable to identify,,51.5333,0.0833
W064114,2025-04-30,IG11,Lorazepam,Not Stated,White,Tablet,Not Stated,Not Stated,Lorazepam,,51.5333,0.0833
W064506,2025-04-30,CW13,Diazepam,Not Stated,Blue,Tablet,Oral,No Effect,Ethylbromazolam,,53.09252,-2.389
W064525,2025-04-30,WN4,Diazepam,Martin Dow Valium,Blue,Tablet,Not Stated,Not Stated,Diazepam,,53.4907,-2.6574
W064524,2025-04-30,WV4,Alprazolam,Neurovision Xanax,White,Tablet,Not Stated,Not Stated,Alprazolam,,52.5617,-2.1607333333333334
W064504,2025-04-30,ML8,Street valium,Not Stated,White,Tablet,Oral,"Empathy, Relaxed, Confusion",Bromazolam,,55.725675,-3.8645625
000234957,2025-04-30,CF37,Valium Diazepam,Not Stated,Blue,Tablet,Oral,"Auditory Hallucinations, Relaxed",Diazepam,,51.613815384615386,-3.3598076923076925
W059365,2025-04-30,EH3,Diazepam,Not Stated,White,Tablet,Not Stated,No Effect,"Etizolam, Paracetamol",,55.9521,-3.1965
W064132,2025-04-30,CF10,Diazepam,Not Stated,Blue,Tablet,Not Stated,Not Stated,Ethylbromazolam,,51.48,-3.18
W063133,2025-05-01,NE29,Alprazolam ,Alprazolam 4mg GG299,White,Tablet,Not Stated,Not Stated,Bromazolam,,55.0165,-1.4493
W064134,2025-05-07,YO1R,Valium,Not Stated,Blue,Tablet,Not Stated,Not Stated,Diazepam,,53.95845714285714,-1.0827857142857142
W064202,2025-05-07,DY10,Xanax,Not Stated,Red,Tablet,Oral,"Increased Confidence, Relaxed, Vomiting, Memory Loss, Insomnia",Bromazolam,,52.3848,-2.212788888888889
W064203,2025-05-07,DY10,Diazepam,Diazepam,Blue,Tablet,Oral,"Increased Confidence, Relaxed, Vomiting, Memory Loss, Depression","Caffeine, Bromazolam",,52.3848,-2.212788888888889
W064204,2025-05-07,AL9,Xanax,Not Stated,White,Tablet,Oral,"Auditory Hallucinations, Visual Hallucinations, Relaxed, Breathlesness, Chest Pains, Memory Loss, Confusion, Panic Attack, Violence/Aggression, Insomnia",Alprazolam,,51.74751428571428,-0.1921714285714285
W064177,2025-05-07,E8,Clonazepam,Klozap-2,White,Tablet,Not Stated,Not Stated,Clonazepam,,51.548,-0.0629
W064180,2025-05-07,M4,Diazepam 10mg,Diazepam 10mg,Blue,Tablet,Oral,No Effect,Diazepam,,53.4809,-2.2374
W064305,2025-05-07,DG1,Xanax,Xanax,White,Tablet,Not Stated,Not Stated,Bromazolam,,55.0743962962963,-3.5466296296296296
W064296,2025-05-07,IV2,Diazepam 2ml,Clonazepam,White,Tablet,Oral,"Increased Strength, Relaxed, Confusion, Loss of consciousness",Clonazepam,,57.4791,-4.224
W064417,2025-05-07,NE12,Temazepam,Not Stated,White,Tablet,Not Stated,Not Stated,Etizolam,,55.029,-1.5676
000233947,2025-05-07,CF83,Xanax,Xanax,Blue,Tablet,Oral,"Relaxed, Paranoia",Alprazolam,,51.59288333333333,-3.2333833333333337
W064367,2025-05-07,M211,Diazepam,Bensedin Diazepam,White,Tablet,Oral,No Effect,Diazepam,,53.4351,-2.2631
W064382,2025-05-07,NG18,Diazepam,bensedin Gelenika,White,Tablet,Not Stated,Not Stated,Diazepam,,53.1333,-1.2
W064421,2025-05-07,BS10,diazepam,gelenika Bensedin,White,Tablet,Not Stated,Not Stated,Diazepam,,51.509866666666674,-2.635366666666666
W064265,2025-05-07,CH54,Xanax,Pfizer Xanax 500mg Alprazolam,Pink,Tablet,Not Stated,Not Stated,Alprazolam,,53.19930000000001,-3.03614
W064433,2025-05-07,OX14,Alprazolam,Xanax,White,Tablet,Not Stated,Not Stated,Caffeine,Bromazolam,51.648575,-1.2559833333333332
W064482,2025-05-07,RG12,Diazepam,Diazepam,White,Tablet,Not Stated,Not Stated,Diazepam,,51.4007,-0.7635
W064481,2025-05-07,RG12,Diazepam 10mg,Diazpam,White,Tablet,Not Stated,Not Stated,Diazepam,,51.4007,-0.7635
W064480,2025-05-07,RG12,Diazepam 10mg,Diazepam ,White,Tablet,Not Stated,Not Stated,Diazepam,,51.4007,-0.7635
W064496,2025-05-07,G12,Xanax/ alprazolam ,Rlam-1 Alprazolam tablet IP 1mg Aran Pharamaceutials,White,Tablet,Not Stated,Not Stated,Alprazolam,,55.8804,-4.3007
W064039,2025-05-07,SA1,Valium,Not Stated,Blue,Tablet,Oral,Not Stated,Ethylbromazolam,,51.633979999999994,-3.94848
W064149,2025-05-07,LL11,Clonazepam,Not Stated,White,Tablet,Not Stated,Not Stated,Clonazepam,,53.064506666666674,-3.052973333333333
W064369,2025-05-07,BS5,Diazepam 10mg ,Diazepam 10mg Martin dow,Blue,Tablet,Not Stated,Not Stated,Diazepam,,51.462,-2.5519
W064380,2025-05-07,G13,Diazepam,Diazepam Bensedin,White,Tablet,Oral,No Effect,Ethylbromazolam,,55.8935,-4.348
000232137,2025-05-07,BS5,Diazepam,10mg Diazepam martin dow,Blue,Tablet,Not Stated,Not Stated,Diazepam,,51.462,-2.5519
W064368,2025-05-07,BS5,Diazepam 10mg,Diazepam/ valium ,Blue,Tablet,Not Stated,Not Stated,Diazepam,,51.462,-2.5519
W064267,2025-05-07,DN12,Clonazepam 2mg,Rnaze 2mg,White,Capsule,Not Stated,Not Stated,Clonazepam,,53.4851,-1.2453
W064250,2025-05-07,SR3,Lorazepam,Lorus Lorazepam 3mg,White,Tablet,Not Stated,Not Stated,Lorazepam,,54.874233333333336,-1.4153666666666669
W064176,2025-05-07,E8,Alprazolam Xanax 1mg,Ksalol Alprazolam 1mg,Blue,Tablet,Not Stated,Not Stated,Alprazolam,,51.548,-0.0629
W064342,2025-05-07,TN34,Alprazolam,Galenica Ksalol,Blue,Tablet,Oral,No Effect,Bromazolam,,50.8552,0.5729
000231584,2025-05-07,NP20,Diazepam,Diazepam,Blue,Tablet,Not Stated,Not Stated,Diazepam,,51.5877,-2.9984
W064644,2025-05-07,CF5,Valium,Valium,Blue,Tablet,Oral,Relaxed,Ethylbromazolam,,51.471875,-3.275816666666667
W064264,2025-05-07,DN12,Diazepam 5mg,Elikem 5 batch 18228,White,Capsule,Not Stated,Not Stated,Diazepam,,53.4851,-1.2453
W064299,2025-05-07,SE9,Diazepam 2mg,Diazepam 2mg,White,,Not Stated,Not Stated,Diazepam,,51.44698000000001,0.0542799999999999
W064298,2025-05-07,SE9,Diazepam 5mg,Diazepam 5mg,Yellow,,Not Stated,Not Stated,Diazepam,,51.44698000000001,0.0542799999999999
W064664,2025-05-07,G4,Diazepam,Diazepam,White,Tablet,Oral,"Increased Confidence, Enhanced Senses, Increased Stamina, Empathy, Relaxed",Bromazolam,,55.8651,-4.2576
W064190,2025-05-07,PO19,Clonazepam 2mg,Not Stated,White,Tablet,Not Stated,Not Stated,Diazepam,,50.8373,-0.77915
W064183,2025-05-07,OX2,Rlam-1 Alprazolam 1mg,Rlam-1 Alprazolam 1mg batch 210554,White,Tablet,Not Stated,Not Stated,Tramadol,,51.76277,-1.28794
W064139,2025-05-07,SA1,Diazepam,Not Stated,White,Tablet,Not Stated,Relaxed,Diazepam,,51.633979999999994,-3.94848
W064188,2025-05-07,SR3,Diazepam,bensedin galenika diazepam 10mg,White,Tablet,Not Stated,Not Stated,Diazepam,,54.874233333333336,-1.4153666666666669
W064317,2025-05-07,G51,Diazepam,Diazepam (martin dows),Blue,Tablet,Not Stated,Not Stated,Ethylbromazolam,,55.8633,-4.3124
W064313,2025-05-07,ML3,Diazepam,Galenika Bensedin 10mg,White,Tablet,Oral,"Relaxed, Confusion",Ethylbromazolam,,55.76254285714286,-4.045457142857143
W064255,2025-05-07,SK13,Diazepam,Accord Diazepam 10mg,Blue,Tablet,Not Stated,Not Stated,Diazepam,,53.4433,-1.949
W064343,2025-05-07,PE26,Alprazolam,Alxah 1mg,White,Tablet,Not Stated,Not Stated,Alprazolam,,52.4536,-0.1162
W064277,2025-05-07,DD1,valium,Galenika Bensadin diazepam,White,Tablet,Not Stated,Not Stated,"Paracetamol, Bromazolam",,56.461,-2.9766
W064251,2025-05-07,SR3,Diazepam,Bensedin Diazepam 10mg,White,Tablet,Not Stated,Not Stated,Diazepam,,54.874233333333336,-1.4153666666666669
W064509,2025-05-08,TQ12,Valium ,Valium (Diazepam) 10mg,Blue,Tablet,Not Stated,Not Stated,Diazepam,,50.526051851851854,-3.6118259259259258
W054323,2025-05-08,NW26,Diazepam,Diazepam,Blue,Tablet,Not Stated,Not Stated,Diazepam,,51.5308,-0.1354
W064442,2025-05-08,WA71,temazepam,Not Stated,"Yellow, Brown",,Oral,Not Stated,Etizolam,,53.324125,-2.7118
W064452,2025-05-08,W5,Alprazolam 2mg,Xanax 2mg,White,Tablet,Not Stated,Not Stated,"Caffeine, Bromazolam",,51.516333333333336,-0.2851888888888889
W064450,2025-05-08,W5,Clonazepam 2mg,Clonazepam 2mg,White,Tablet,Not Stated,Not Stated,Clonazepam,,51.516333333333336,-0.2851888888888889
W064473,2025-05-08,EX24,Diazepam,valium,Blue,Tablet,Not Stated,Not Stated,Diazepam,,50.7404,-3.0892
000233948,2025-05-08,CF83,Valium,Not Stated,White,Tablet,Oral,"Relaxed, Agitation","Paracetamol, Bromazolam",,51.59288333333333,-3.2333833333333337
000233487,2025-05-08,LL55,Diazepam 2mg,Not Stated,White,Tablet,Not Stated,Not Stated,"Paracetamol, Bromazolam",,53.12915357142857,-4.195053571428572
W064508,2025-05-08,TQ12,valium,galenika Bensedin 10mg (diazepam),White,Tablet,Not Stated,Not Stated,Diazepam,,50.526051851851854,-3.6118259259259258
W064410,2025-05-08,EN48,Diazepam,Diazepam,Blue,Tablet,Oral,Not Stated,Diazepam,,51.650580000000005,-0.158
W064422,2025-05-08,L26,Diazepam,Not Stated,Blue,Tablet,Oral,"Euphoria, Increased Confidence, Relaxed",Diazepam,,53.3596,-2.8315
000012494,2025-05-08,NP4,Diazepam,Not Stated,White,Tablet,Oral,"Euphoria, Increased Confidence, Increased Strength, Relaxed, Paranoia, Panic Attack, Agitation, Vomiting, Loss of consciousness, Insomnia",Diazepam,,51.718515789473685,-3.030521052631579
W064501,2025-05-08,TR14,Clonazepam,Not Stated,White,,Not Stated,Not Stated,Clonazepam,,50.19814,-5.30309
000023486,2025-05-08,LL55,Diazepam 10mg,MSJ,Blue,Tablet,Not Stated,Not Stated,Bromazolam,,53.12915357142857,-4.195053571428572
000233485,2025-05-08,LL55,Diazepam 10mg,Diazepam ,White,Tablet,Not Stated,Not Stated,No Active Component Identified,,53.12915357142857,-4.195053571428572
W064425,2025-05-08,RG1,Alprazolam,Ksalol Alprazolam,"Blue, Grey",Tablet,Not Stated,Not Stated,Alprazolam,,51.4563,-0.9711
W064767,2025-05-13,LL30,Diazepam,valium,White,Tablet,Oral,"Increased Confidence, Relaxed, Panic Attack",Diazepam,,53.325,-3.8315
100004487,2025-05-13,FK29,Valum,Diazepam,White,Tablet,Oral,"Increased Confidence, Increased Libido, Increased Strength, Relaxed",Phenazepam,,56.01717272727273,-3.755472727272727
100004486,2025-05-13,NE13,Lorazepam,Lorazepam,Yellow,Tablet,Oral,"Euphoria, Increased Confidence, Relaxed",Lorazepam,,55.0523,-1.6473666666666666
W064822,2025-05-13,E5,Diazepam,Diazepam 10mg,White,Tablet,Oral,Relaxed,Diazepam,,51.55991666666667,-0.0545166666666666
W064821,2025-05-13,E5,Alprazolam,Alprazolam 1mg,White,Tablet,Oral,Relaxed,Alprazolam,,51.55991666666667,-0.0545166666666666
W064775,2025-05-13,TF9,Valium/Diazepam,10m Diazepam,Blue,Tablet,Not Stated,Not Stated,Diazepam,,52.85675853658537,-2.425558536585366
000234963,2025-05-13,CF43,valium 10mg,MSJ Valium 10mg,Blue,,Oral,"Relaxed, No Effect",Ethylbromazolam,,51.66792,-3.4671
000234961,2025-05-13,CF42,Valium,valium 1 MSJ 10mg,Blue,Tablet,Oral,"No Effect, Relaxed",Ethylbromazolam,,51.66798333333333,-3.5247833333333336
000234975,2025-05-13,CF40,Diazepam,MSJ,Blue,Tablet,Oral,Relaxed,Ethylbromazolam,,51.627316666666665,-3.461883333333333
W064800,2025-05-13,SK13,Clonazepam 2mg,Clonazepam Alissa 2mg,White,Tablet,Not Stated,Not Stated,Clonazepam,,53.4433,-1.949
W064801,2025-05-13,SK13,Clonazepam,Clonazepam Alissa 2mg,White,Tablet,Not Stated,Not Stated,Clonazepam,,53.4433,-1.949
W064804,2025-05-13,M50,Diazepam,Diazepam,White,Tablet,Oral,"Euphoria, Empathy, Relaxed",Diazepam,,53.4767,-2.2932
W064781,2025-05-13,E2,valium,galenika Diazepam 10mg,White,Tablet,Not Stated,Not Stated,Diazepam,,51.5386,-0.055525
W064684,2025-05-13,TN34,Clonazepam,Clonazepam,Blue,Tablet,Oral,"Empathy, Relaxed",Clonazepam,,50.8552,0.5729
W064754,2025-05-13,EH65,10mg Diazepam,10mg Martin dow,Blue,Tablet,Not Stated,Not Stated,Diazepam,,55.9617,-3.1844
000232891,2025-05-13,CF83,valium,Not Stated,Blue,,Oral,"Relaxed, Nausea, Vomiting",Bromazolam,,51.59288333333333,-3.2333833333333337
W064790,2025-05-13,G12,Diazepam 10mg,Bensedin galenika 2b2,White,Tablet,Not Stated,Not Stated,Diazepam,,55.8804,-4.3007
W064789,2025-05-13,G12,Diazepam 10mg,bensedin Galenika 1b1,White,Tablet,Not Stated,Not Stated,Diazepam,,55.8804,-4.3007
W064757,2025-05-13,NW3,Clonazepam 2mg,Galenika Rivotril Klonozepam 2mg,White,Tablet,Not Stated,Not Stated,Bromazolam,,51.5462,-0.168075
W064759,2025-05-13,NE3,Diazepam 10mg,Martin dow diazepam 10mg,Blue,Tablet,Oral,No Effect,Diazepam,,55.003175,-1.6339
W064826,2025-05-13,LS21,Diazepam,Dizpam-10,White,Tablet,Not Stated,Not Stated,Diazepam,,53.9217,-1.6693555555555557
W064827,2025-05-13,LS21,Clonazepam,Rnaze-2,White,,Not Stated,Not Stated,Clonazepam,,53.9217,-1.6693555555555557
W064751,2025-05-13,EH65,10mg Diazepam,10mg Diz-pam neruo vision,White,Tablet,Not Stated,Not Stated,Diazepam,,55.9617,-3.1844
W064688,2025-05-13,DE55,Xanax Alprazolam,Xanax,White,Tablet,Oral,"Euphoria, Increased Confidence, Relaxed, Memory Loss, Confusion",Bromazolam,,53.11225263157895,-1.388221052631579
W064768,2025-05-13,PO19,Clonazepam,Not Stated,White,Tablet,Not Stated,Not Stated,Clonazepam,,50.8373,-0.77915
W064676,2025-05-13,TW14,2mg Etizolam,2mg Etizolam,Red,Tablet,Oral,"Euphoria, Increased Confidence, Relaxed","Caffeine, Rilmazafone",,51.4528,-0.4215
W064782,2025-05-13,E2,Xanax 1mg,Ksalol Gelanika alprazolam 1mg,White,Tablet,Not Stated,Not Stated,Alprazolam,,51.5386,-0.055525
W064825,2025-05-13,LS21,Alprazolam,Alprazolam (alko-1),White,Tablet,Not Stated,Not Stated,Bromazolam,,53.9217,-1.6693555555555557
W064416,2025-05-13,YO11,Alprazole,Alprazole,White,Tablet,Oral,"Relaxed, Breathlesness, Agitation, Anxiety",Tramadol,,54.23711428571429,-0.3853571428571428
000042766,2025-05-13,CF11,Clonazepam,Clonazepam Auden 2mg,White,Tablet,Oral,"Euphoria, Increased Confidence, Relaxed, Memory Loss",Clonazepam,,51.48,-3.18
W064845,2025-05-13,ML8,valium,Not Stated,Blue,Tablet,Oral,No Effect,No Active Component Identified,,55.725675,-3.8645625
W064859,2025-05-13,BA2,Accord 10mg Diazepam,Accord 10mg Diazepam,Blue,Tablet,Not Stated,Not Stated,Diazepam,,51.35473913043478,-2.3910565217391304
W064858,2025-05-13,BA2,Accord 10mg Diazepam,Accord 10mg Diazepam,Blue,Tablet,Not Stated,Not Stated,Diazepam,,51.35473913043478,-2.3910565217391304
W064885,2025-05-13,NW1,Diazepam,bensedin 10mg,White,,Not Stated,Not Stated,Diazepam,,51.52988181818182,-0.1471818181818182
W064884,2025-05-13,NW1,Diazepam ,bensedin 10mg,,,Not Stated,Not Stated,Diazepam,,51.52988181818182,-0.1471818181818182
W064817,2025-05-13,CF44,Diazepam,valium,Blue,Tablet,Oral,"Increased Energy, Increased Confidence, Relaxed, Panic Attack",Diazepam,,51.7327125,-3.48293125
W064893,2025-05-13,LA16,Diazepam 5mg,Diazepam 5mg Almus/Accord,Yellow,Tablet,Not Stated,Not Stated,Diazepam,,54.1859,-3.20765
W064341,2025-05-13,BS28,Martin dow Valium (diazepam),valium 10mg (martin dow),Blue,Tablet,Oral,"Euphoria, Relaxed",Diazepam,,51.22654285714286,-2.811271428571428
W064412,2025-05-13,OX27,Diazepam,Diazepam,Yellow,Tablet,Oral,Relaxed,Diazepam,,51.9,-1.1536
W064872,2025-05-13,WV6,Diazepam 10mg Bensedin,Galenika Bensedin Diazepam 10mg ,White,Tablet,Not Stated,Not Stated,Diazepam,,52.59424545454545,-2.2206454545454544
W064855,2025-05-13,SK13,Diazepam,Accord Diazepam 10mg,Blue,Tablet,Not Stated,Not Stated,Diazepam,,53.4433,-1.949
W064637,2025-05-13,CM21,Lorazepam,Lorazepam,Yellow,Tablet,Oral,Not Stated,"Lorazepam, Metoprolol, Propranolol, Citalopram",,51.81646666666666,0.1396
W064655,2025-05-13,L25,Xanax,Xanax,White,Tablet,Not Stated,Not Stated,Tramadol,,53.374,-2.8699999999999997
W064623,2025-05-13,EH1,Diazepam 10mg,Not Stated,Blue,Tablet,Not Stated,Not Stated,Bromazolam,,55.9521,-3.1965
W064783,2025-05-13,CB23,valium,valium,Blue,Tablet,Not Stated,Not Stated,Diazepam,,52.21715,-0.0101058823529411
W064626,2025-05-13,DN1,Xanax,Gh-ksalol,Blue,Tablet,Not Stated,Not Stated,Alprazolam,,53.5228,-1.1312
W064627,2025-05-13,PN11,Diazepam,GH- Accord,White,Tablet,Not Stated,Not Stated,Diazepam,,,
W064561,2025-05-13,IP8,Lorazepam,Lorazepam,Yellow,Tablet,Not Stated,Not Stated,"Lorazepam, Metoprolol, Citalopram, Propranolol",,52.072692307692314,1.0596
W064814,2025-05-13,PL5,Valium (diazepam),MSJ,Blue,Tablet,Oral,"Increased Confidence, Visual Hallucinations, Relaxed, Irregular Heartbeat, Memory Loss, Lethargy",Bromazolam,,50.4143,-4.16135
W064544,2025-05-13,BT36,Xanax,MP Alpz,White,Tablet,Not Stated,Not Stated,"Alprazolam, Quetiapine",Tramadol,54.675533333333334,-5.9483
W064846,2025-05-13,PE7,Diazepam,Digital vision Dizpam-10,White,Tablet,Oral,"Euphoria, Relaxed",Diazepam,,52.51083125,-0.27019375
100004485,2025-05-13,NW1,valium ,Valium 10mg Martin dow,Blue,,Not Stated,Not Stated,Diazepam,,51.52988181818182,-0.1471818181818182
W064755,2025-05-13,NE3,Diazepam,Accord Diazepam 10mg,White,Tablet,Not Stated,No Effect,Diazepam,,55.003175,-1.6339
W064682,2025-05-13,DD5,Diazepam 10mg,Diazepam 10mg,White,Tablet,Oral,"Increased Confidence, Relaxed, Agitation",Diazepam,,56.48408823529412,-2.8548705882352943
W064520,2025-05-13,RG30,Diazepam,Valium,Blue,Tablet,Oral,"Paranoia, Confusion, Panic Attack, Agitation",Diazepam,,51.4515,-1.0141
W064530,2025-05-13,EX39,Diazepam 10mg teva,Diazepam 10mg Teva,Blue,Tablet,Oral,"Memory Loss, Loss of consciousness",Diazepam,,50.99405869565218,-4.261958695652174
W064598,2025-05-13,E2,Xanax,Xanax,White,Tablet,Not Stated,Not Stated,"Caffeine, Ethylbromazolam",,51.5386,-0.055525
W064599,2025-05-13,E2,Xanax 2mg,Rlam-1 B no. 210554,White,Tablet,Not Stated,Not Stated,Tramadol,Paracetamol,51.5386,-0.055525
W064867,2025-05-13,CH14,Diazepam,Diazepam 10mg,Blue,Tablet,Not Stated,Not Stated,Ethylbromazolam,,53.2239,-2.9434428571428577
W064891,2025-05-13,SW2,valium,Not Stated,Blue,Tablet,Not Stated,Not Stated,Diazepam,,51.4548,-0.1158
W064881,2025-05-13,NW1,Nitrazepam,Nitrazepam,White,Tablet,Not Stated,Not Stated,Nitrazepam,,51.52988181818182,-0.1471818181818182
W064901,2025-05-13,E14,Xanax 0.5mg,Xanax viatris 0.5mg,"White, Pink",Tablet,Not Stated,Not Stated,Alprazolam,,51.50563529411765,-0.0187647058823529
W064843,2025-05-13,FK11,bezodiazapine 10mg,Not Stated,White,Tablet,Oral,Relaxed,"Etizolam, Paracetamol",,56.1514,-3.8547
W064837,2025-05-13,PE3,Diazepam,Diazepam,White,Tablet,Not Stated,Relaxed,Diazepam,,52.567,-0.283
W064829,2025-05-13,PE7,Alprazolam,Neurovison Alprazolam Alpz-1,White,Tablet,Oral,"Euphoria, Relaxed","Quetiapine, Alprazolam",,52.51083125,-0.27019375
W064823,2025-05-13,CB4,Diazepam,Bensedin 10mg,White,Tablet,Oral,"Relaxed, Breathlesness, Irregular Heartbeat",Ethylbromazolam,,52.22380625,0.131525
W064866,2025-05-13,CF24,Diazepam,Diazepam tablet 1P 10mg Dipam-10,White,Tablet,Oral,"Euphoria, Increased Energy, Relaxed, Memory Loss, Panic Attack",Diazepam,,51.48,-3.18
W064894,2025-05-13,KT3,Diazepam,Bensedin Galenika,White,Tablet,Oral,Relaxed,Diazepam,,51.3992,-0.2556
W064865,2025-05-13,CF24,Clonazepam,Clonazepam Rnaze-2,White,Tablet,Oral,"Euphoria, Increased Energy, Relaxed, Memory Loss, Confusion",Clonazepam,,51.48,-3.18
W064883,2025-05-13,NW1,Diazepam,Bensedin 10mg,White,,Not Stated,Not Stated,Diazepam,,51.52988181818182,-0.1471818181818182
W064906,2025-05-13,AL4,Diazepam,valium/ diazepam Martin dow,Blue,Tablet,Not Stated,Not Stated,Diazepam,,51.776783333333334,-0.2842833333333333
100004484,2025-05-13,BH14,Diazepam,Diazepam ,White,Tablet,Not Stated,Not Stated,Diazepam,,50.7299,-1.9449
000233868,2025-05-13,CF10,valium,Not Stated,Blue,Tablet,Oral,Relaxed,Ethylbromazolam,,51.48,-3.18
W064629,2025-05-13,CF32,Diazepam 10mg,Diazepam galenika ,White,Tablet,Oral,"Memory Loss, Confusion, Agitation, Insomnia, Suicidal Ideation",Diazepam,,51.536704166666674,-3.5931333333333337
W064546,2025-05-13,BT36,Xanax,SP Rlam,White,Liquid,Not Stated,Not Stated,Alprazolam,,54.675533333333334,-5.9483
000233949,2025-05-13,CF83,Valium,Diazepam,Blue,Tablet,Oral,"Relaxed, Chest Pains, Irregular Heartbeat, Nausea, Vomiting",Bromazolam,,51.59288333333333,-3.2333833333333337
000233962,2025-05-13,CF83,Diazepam,Diazepam,Blue,Tablet,Oral,"Relaxed, Chest Pains, Irregular Heartbeat, Nausea, Panic Attack, Agitation",Bromazolam,,51.59288333333333,-3.2333833333333337
W064616,2025-05-13,E17,Diazepam,Diazepam,Blue,Tablet,Not Stated,Not Stated,Rilmazafone,,51.58758,-0.02048
000233953,2025-05-13,CF10,Valium,Diazepam,Blue,Tablet,Oral,"Relaxed, Chest Pains, Irregular Heartbeat, Vomiting",Bromazolam,,51.48,-3.18
000233951,2025-05-13,CF83,Valium,Not Stated,Blue,Tablet,Oral,"Relaxed, Breathlesness, Chest Pains, Irregular Heartbeat, Nausea, Vomiting, Paranoia",Bromazolam,,51.59288333333333,-3.2333833333333337
000233961,2025-05-13,CF83,Valium,Diazepam valium,Blue,Tablet,Oral,"Relaxed, Chest Pains, Irregular Heartbeat, Confusion, Panic Attack",Bromazolam,,51.59288333333333,-3.2333833333333337
W064579,2025-05-13,CF62,DIAZEPAM,DIAZEPAM PRODES,White,Tablet,Oral,"Empathy, Relaxed",Bromazolam,,51.4027,-3.37145
W064547,2025-05-13,BT36,Diazepam 5mg,Go2guys diazepam tubs,Yellow,Tablet,Not Stated,Not Stated,Diazepam,,54.675533333333334,-5.9483
W064543,2025-05-13,SY23,xanax,xanax,White,Tablet,Oral,"Memory Loss, Memory Loss, Confusion, Confusion, Relaxed, Relaxed",Alprazolam,,52.34458541666667,-3.9885
W064400,2025-05-13,CT5,DIAZEPAM 10MG ,VALIUM (MARTIN DOW) DIAZEPAM 10MG,Blue,Tablet,Oral,Relaxed,Diazepam,,51.3565,1.0400142857142858
000236702,2025-05-13,SA1,VALIUM,Not Stated,Blue,,Oral,Not Stated,Flualprazolam,,51.633979999999994,-3.94848
W064419,2025-05-13,GU15,ALPRAZOLAM,ALPRX,White,Tablet,Oral,"Euphoria, Increased Confidence, Relaxed",Alprazolam,,51.337,-0.7426
W064263,2025-05-13,GU47,ETIZOLAM,Not Stated,Red,Tablet,Not Stated,Not Stated,Ethylbromazolam,,51.3468,-0.7866
W064262,2025-05-13,GU47,ALPRAZOLAM / XANAX,XANAX 2,Red,Tablet,Not Stated,Not Stated,"Caffeine, Ethylbromazolam",,51.3468,-0.7866
W064345,2025-05-13,S2,DIAZEPAM,DIAZEPAM BENSEDIN 10MG,White,Tablet,Oral,"Euphoria, Increased Energy, Visual Hallucinations, Relaxed, Paranoia, Loss of consciousness, Suicidal Ideation",Diazepam,,53.383,-1.4659
W064494,2025-05-13,PO21,LORAZEPAM,LORUS 3MG LORAZEPAM,White,Tablet,Not Stated,Not Stated,Lorazepam,,50.776525,-0.712225
000235185,2025-05-13,CF11,CLONAZEPAM,CLONAZEPAM AUDEN 2MG,White,Tablet,Not Stated,Not Stated,Clonazepam,,51.48,-3.18
000235898,2025-05-13,CF10,VALIUM,Not Stated,Blue,Tablet,Not Stated,Not Stated,Diazepam,,51.48,-3.18
W064577,2025-05-13,RG42,Lorazepam,Lorazepam,Blue,Tablet,Not Stated,Not Stated,Lorazepam,,51.436885714285715,-0.7580857142857143
W064484,2025-05-13,BS58,Diazepam,Diazepam,Yellow,Tablet,Not Stated,Not Stated,Diazepam,,51.462,-2.5519
W064552,2025-05-13,CB2,Xanax,Xanax,White,Tablet,Oral,Relaxed,Alprazolam,,52.18965000000001,0.1240214285714285
W064571,2025-05-13,EX23,Lorazepam 3mg,Lorus 3mg,White,Tablet,Oral,"Increased Confidence, Relaxed",Lorazepam,,50.81068285714286,-4.493794285714286
W064572,2025-05-13,B33,Etizolam,Neurozol-1,White,Tablet,Not Stated,Not Stated,Etizolam,,52.4804,-1.7883
W064573,2025-05-13,B33,Alprazolam,neurovision alpz-1,White,Tablet,Not Stated,Not Stated,Alprazolam,,52.4804,-1.7883
W064604,2025-05-13,B90,Diazepam,Diazepam,Yellow,Tablet,Not Stated,Not Stated,Diazepam,,52.4107,-1.8195
W064550,2025-05-13,CB2,Xanax,Xanax,White,Tablet,Oral,"Relaxed, Irregular Heartbeat",Tramadol,,52.18965000000001,0.1240214285714285
W065607,2025-05-13,B90,Diazepam,Diazepam,Yellow,Tablet,Not Stated,Not Stated,Diazepam,,52.4107,-1.8195
W064611,2025-05-13,YO11,Clonazepam,Rivotril Galenika 2mg,White,Tablet,Not Stated,Not Stated,Clonazepam,,54.23711428571429,-0.3853571428571428
W064613,2025-05-13,NR21,Valium,Diazepam,White,Tablet,Oral,"Relaxed, Chest Pains, Irregular Heartbeat, Memory Loss, Confusion, Loss of consciousness",Diazepam,,52.83983333333333,0.8568066666666667
W064440,2025-05-13,PL75,Diazepam,Not Stated,"Green, Blue",Tablet,Oral,No Effect,Bromazolam,,50.417024999999995,-4.0512875
W064411,2025-05-13,EH54,Diazepam,Diazepam,White,Powder,Oral,"Chest Pains, Irregular Heartbeat, Loss of consciousness, Agitation, Violence/Aggression",Paracetamol,,55.9029,-3.5226
W064605,2025-05-13,B90,Diazepam,Diazepam,Yellow,Tablet,Not Stated,Not Stated,Diazepam,,52.4107,-1.8195
W064596,2025-05-13,RG25,Diazepam,Diazepam,White,Tablet,Not Stated,Not Stated,Bromazolam,,51.217091304347825,-1.112808695652174
W063132,2025-05-13,NE29,Diazepam 10mg,Bensedin Galenka Diazepam 10mg ,White,Tablet,Not Stated,Not Stated,Diazepam,,55.0165,-1.4493
W063323,2025-05-13,CH14,Alprazolam,Cinfa Alprazolam,White,Tablet,Not Stated,Not Stated,Alprazolam,,53.2239,-2.9434428571428577
W064545,2025-05-13,BT36,Clonazepam,MP Rnaze,White,Tablet,Not Stated,Not Stated,Clonazepam,,54.675533333333334,-5.9483
W064402,2025-05-13,PO16,Clonazepam,Clonazepam Avden 2mg Tablet Teva Uk ltd,White,Tablet,Oral,"Relaxed, Memory Loss, Tiredness",Clonazepam,,50.847775,-1.155475
000233952,2025-05-13,CF83,valium,valium,Blue,Tablet,Oral,"Relaxed, Chest Pains, Irregular Heartbeat, Vomiting, Paranoia, Confusion",Bromazolam,,51.59288333333333,-3.2333833333333337
W064632,2025-05-13,SR4,prokarma Diazepam 5mg,prokarma Diazepam 5mg,White,Tablet,Not Stated,Not Stated,Diazepam,,54.9004,-1.4255
W064617,2025-05-13,NE6,Clonazepam,Clonazepam,White,Tablet,Not Stated,Not Stated,"Paracetamol, Bromazolam",,54.9775,-1.5656
W064991,2025-05-16,TQ2,Diazepam,Not Stated,White,Tablet,Oral,Not Stated,Diazepam,,50.4762,-3.546
000236905,2025-05-16,CF31,Clonazepam,Galenika rivotril 2mg,White,Tablet,Not Stated,Not Stated,Bromazolam,,51.507666666666665,-3.577733333333333
000236904,2025-05-16,CF31,Nitrazepam ,Elza-10 Nitrazepam 10mg,Blue,Tablet,Not Stated,Not Stated,Nitrazepam,,51.507666666666665,-3.577733333333333
000236907,2025-05-16,CF31,Clonazepam,Klozaps-2mg,White,Tablet,Not Stated,Not Stated,Clonazepam,,51.507666666666665,-3.577733333333333
W065053,2025-05-16,TN25,Diazepam,Diazepam,Blue,Tablet,Not Stated,Not Stated,Ethylbromazolam,,51.14642608695653,0.9393608695652174
W065029,2025-05-16,GU4,Eitzolam,Neuozol-1,White,Tablet,Not Stated,Not Stated,Etizolam,,51.22978571428571,-0.5223571428571429
W065028,2025-05-16,GU4,Alprazolam,R-lam-1 B.no 210554,White,Tablet,Not Stated,Not Stated,No Active Component Identified,,51.22978571428571,-0.5223571428571429
000233059,2025-05-16,FK1,Diazepam,Not Stated,White,Tablet,Oral,"Relaxed, Memory Loss, Confusion, Loss of consciousness",Phenazepam,,55.96849090909091,-3.796481818181818
W064998,2025-05-16,SW1,Alprazolam 1mg,Alprazolam 1mg,White,Tablet,Oral,"Relaxed, Loss of consciousness",Alprazolam,,51.495583333333336,-0.1417916666666666
000236906,2025-05-16,CF31,Nitrazepam,Nitrabit 10,White,Tablet,Not Stated,Not Stated,Nitrazepam,,51.507666666666665,-3.577733333333333
W064990,2025-05-16,SM39,Xanax,Xanax Alprazolam,White,Tablet,Oral,"Nausea, Vomiting, Confusion, Panic Attack, Agitation",Bromazolam,,51.3579,-0.2162
W064985,2025-05-16,NW10,Diazepam,Not Stated,White,Tablet,Oral,Not Stated,Diazepam,,51.53758571428572,-0.2431214285714285
W064897,2025-05-16,CA28,Diazepam,Galeinika bensedin 10mg Diazepam,White,Tablet,Not Stated,Not Stated,Ethylbromazolam,,54.55781666666667,-3.5837
W064931,2025-05-16,BN14,Xanax,Xanax,White,Tablet,Not Stated,Not Stated,Alprazolam,,50.841075,-0.386625
W064937,2025-05-16,CW9,Bensedin Valium,Valium,White,Tablet,Oral,Relaxed,Diazepam,,53.264406666666666,-2.5003200000000003
W064939,2025-05-16,HR6,Alprazolam 1mg,Tehran Daroc,Blue,Tablet,Oral,"Increased Confidence, Relaxed",Alprazolam,,52.215596363636365,-2.6785654545454545
000234084,2025-05-16,NP20,Benzo,Not Stated,White,Tablet,Oral,"Euphoria, Increased Confidence, Relaxed, Chest Pains, Irregular Heartbeat",Diazepam,,51.5877,-2.9984
W064868,2025-05-16,G82,Street Valium,Not Stated,Blue,Tablet,Oral,Relaxed,"Etizolam, Phenacetin",,55.954800000000006,-4.5815222222222225
W064392,2025-05-16,HR6,Alprazolam 1mg,Rlam-1 Alprazolam 1mg,White,Tablet,Oral,"Increased Confidence, Relaxed, Irregular Heartbeat",Alprazolam,,52.215596363636365,-2.6785654545454545
W064951,2025-05-16,DN12,Diazepam,Martin Dow,Blue,Tablet,Not Stated,Not Stated,Diazepam,,53.4851,-1.2453
W064997,2025-05-16,CW9,Xanax,Klonazepam,White,Tablet,Not Stated,Not Stated,Ethylbromazolam,,53.264406666666666,-2.5003200000000003
W064994,2025-05-16,CW9,Diazepam,Diazepam,White,Tablet,Not Stated,Not Stated,Ethylbromazolam,,53.264406666666666,-2.5003200000000003
W064992,2025-05-16,CW9,Diazepam,Valium (diazepam),Blue,Tablet,Not Stated,Not Stated,Ethylbromazolam,,53.264406666666666,-2.5003200000000003
W064952,2025-05-16,DN12,Diazepam,Martin Dow ,Blue,Tablet,Not Stated,Not Stated,Diazepam,,53.4851,-1.2453
W065139,2025-05-22,SA1,Diazepam,Diazepam,White,Tablet,Oral,"Relaxed, Memory Loss, Confusion, Agitation, Depression",Bromazolam,,51.633979999999994,-3.94848
W065137,2025-05-22,CW9,Ppizer Xanac 0.5mg,Xanax,White,Tablet,Not Stated,Not Stated,Alprazolam,,53.264406666666666,-2.5003200000000003
W065152,2025-05-22,BT69,Xanax,Not Stated,White,Tablet,Not Stated,Not Stated,Etizolam,,54.425,-6.95
W065058,2025-05-22,Unknown,Nitrazepam,PVL Nitrrazepam 5mg,White,Tablet,Oral,Not Stated,Nitrazepam,,,
W065199,2025-05-22,EH1,Etizolam,Etizolam pharma grade,White,Tablet,Not Stated,Not Stated,Etizolam,,55.9521,-3.1965
W065140,2025-05-22,SA1,Alprazolam (xanax),Alprazolam,Blue,Tablet,Oral,"Relaxed, Memory Loss, Confusion, Agitation, Depression",Alprazolam,,51.633979999999994,-3.94848
W065191,2025-05-22,YO12,Valium,Not Stated,Yellow,Tablet,Oral,"Increased Energy, Increased Confidence, Enhanced Senses, Increased Stamina, Relaxed",Diazepam,,54.231975,-0.4602125
W065089,2025-05-22,TD7,Diazepam,Diazepam (martin Dow),Blue,Tablet,Oral,Relaxed,Diazepam,,55.531996551724134,-2.8854172413793107
W065189,2025-05-22,CW9,Xanax,Xanax xr,White,Tablet,Not Stated,Not Stated,Ethylbromazolam,,53.264406666666666,-2.5003200000000003
W065176,2025-05-22,BS6,Lorazepam,Lorazepam,White,Tablet,Not Stated,Not Stated,Lorazepam,,51.465599999999995,-2.599066666666667
000234057,2025-05-22,NP20,Diazepam,Not Stated,Blue,Tablet,Not Stated,Not Stated,Ethylbromazolam,,51.5877,-2.9984
W065123,2025-05-22,RG12,Valium,Martin dow,Blue,Tablet,Not Stated,Not Stated,Diazepam,,51.4007,-0.7635
W065157,2025-05-22,,Xanax,Alko-1 ,White,Tablet,Oral,Not Stated,Bromazolam,,0,0
W065124,2025-05-22,RG12,Valium,Martin dow,Blue,Tablet,Not Stated,Not Stated,Diazepam,,51.4007,-0.7635
W065141,2025-05-22,YO12,Diazepam 5mg,Diazepam 5mg,Yellow,Tablet,Oral,Not Stated,Diazepam,,54.231975,-0.4602125
W065085,2025-05-22,E3,Xanax,Ksalol galenika mg alprazolam,White,Tablet,Not Stated,Not Stated,Alprazolam,,51.527657142857144,-0.0265714285714285
W065122,2025-05-22,RG12,Valium,Martin dow,Blue,Tablet,Not Stated,Not Stated,Diazepam,,51.4007,-0.7635
W065090,2025-05-22,SW22,Diazepam 5mg tablet,Accord diazepam 5mg,Yellow,Tablet,Not Stated,Not Stated,Diazepam,,51.4548,-0.1158
000234087,2025-05-22,NP20,benzo,Not Stated,Blue,Tablet,Not Stated,Not Stated,Diazepam,,51.5877,-2.9984
W065065,2025-05-22,AB42,Diazepam,Not Stated,White,Tablet,Oral,Relaxed,Clozapine,,57.48231142857143,-1.924825714285714
W064854,2025-05-22,HP6,Xanax / alprazolam,Alprazolam tablet 1p 1mg Rlam-1,White,Tablet,Oral,Not Stated,No Active Component Identified,,51.6821,-0.60265
W064852,2025-05-22,HP6,Lorazepam Ativan,Lorazepam Ativan,White,Tablet,Not Stated,Not Stated,Lorazepam,,51.6821,-0.60265
W065003,2025-05-22,CF11,Clonazepam,Clonazepam,White,Tablet,Oral,Not Stated,Clonazepam,,51.48,-3.18
W065100,2025-05-22,AB42,Diazepam,Diazepam,White,Tablet,Oral,Relaxed,Clozapine,,57.48231142857143,-1.924825714285714
W065050,2025-05-22,WV6,Diazepam 5mg,Diazepam 5mg accord ,Yellow,Tablet,Not Stated,Not Stated,Diazepam,,52.59424545454545,-2.2206454545454544
W065062,2025-05-22,CF45,valium,Valium,Blue,Tablet,Oral,Not Stated,Ethylbromazolam,,51.66452,-3.3537
W065064,2025-05-22,CF45,Valium,valium,Blue,Tablet,Oral,Relaxed,Diazepam,,51.66452,-3.3537
W065088,2025-05-22,E3,valium,bensedin Galenika Diazepam 10mg,White,Tablet,Not Stated,Not Stated,Diazepam,,51.527657142857144,-0.0265714285714285
W065087,2025-05-22,E3,Xanax,Xanax ,White,Tablet,Not Stated,Not Stated,"Caffeine, Ethylbromazolam",,51.527657142857144,-0.0265714285714285
W065086,2025-05-22,E3,Xanax,Alprazolam 1mg rlam-1,White,Tablet,Not Stated,Not Stated,Tramadol,,51.527657142857144,-0.0265714285714285
000234085,2025-05-22,NP20,benzo,Not Stated,Blue,Tablet,Not Stated,Not Stated,Ethylbromazolam,,51.5877,-2.9984
W065278,2025-05-28,GL12,Diazepam,Diazepam,Blue,Tablet,Not Stated,Not Stated,Diazepam,,51.62172777777778,-2.3947055555555554
000231581,2025-05-28,NP20,Diazepam,bensedin,White,Tablet,Not Stated,Not Stated,Diazepam,,51.5877,-2.9984
000231580,2025-05-28,NP20,Diazepam,Diazepam,White,Tablet,Oral,"Relaxed, Memory Loss, Confusion",Diazepam,,51.5877,-2.9984
W065321,2025-05-28,BA14,Etizolam 1mg,neruozol-1,White,,Oral,"Euphoria, Relaxed, Memory Loss",Etizolam,,51.32102,-2.1876733333333336
W065320,2025-05-28,BA14,Alprazolam and etizaolam xanax bar,Xanax bar,White,Tablet,Oral,Not Stated,Etizolam,,51.32102,-2.1876733333333336
W065299,2025-05-28,SA5,valium / Diazepam,Diazepam ,Blue,Tablet,Oral,Relaxed,Diazepam,,51.64667142857143,-3.9853857142857145
W065076,2025-05-28,CF10,Diazepam 5mg,Diazepam 5mg (accord),Yellow,Tablet,Oral,"Relaxed, Confusion",Diazepam,,51.48,-3.18
W065368,2025-05-28,YO11,Temazepam,Not Stated,Blue,Tablet,Oral,Not Stated,Bromazolam,,54.23711428571429,-0.3853571428571428
W065261,2025-05-28,ML6,Diazepam,10mg Diazepam Bensedin galenika,White,Tablet,Not Stated,Not Stated,Ethylbromazolam,,55.876992307692305,-3.925407692307692
W065317,2025-05-28,L2,Alprazolam,Viatris 0.5mg,Pink,Tablet,Not Stated,Not Stated,Alprazolam,,53.4106,-2.9779
W065434,2025-05-28,SY10,red devil xanax,Not Stated,Red,Tablet,Not Stated,Not Stated,Caffeine,Clobromazolam,52.83394150943396,-3.1469735849056604
W065370,2025-05-28,SN1,Xanax,Xanax 1mg tablet,White,Tablet,Oral,"Increased Confidence, Relaxed, Confusion",Clonazepam,,51.558,-1.7812
W065408,2025-05-28,BT47,Clonazepam,Clonazepam Rivotril galenika,White,Tablet,Oral,"Euphoria, Increased Energy, Relaxed",Clonazepam,,54.94983333333333,-7.084177777777778
W065417,2025-05-28,TS01,martin dow valium,valium 10mg,Blue,Tablet,Not Stated,Not Stated,Diazepam,,,
W065306,2025-05-28,ML6,Diazepam,10mg diazepam bensedin galenika,White,Tablet,Not Stated,Not Stated,Ethylbromazolam,,55.876992307692305,-3.925407692307692
W065262,2025-05-28,SW22,Diazepam 5mg tablet,teva Diazepam 5mg tablet,Yellow,Tablet,Not Stated,Not Stated,Diazepam,,51.4548,-0.1158
W065315,2025-05-28,WA27,Diazepam,Almus 5mg Diazepam tablet,Yellow,Tablet,Not Stated,Not Stated,Diazepam,,53.416066666666666,-2.5810333333333335
W065322,2025-05-28,BA14,Clonazepam 2mg,Rnase-2,White,Tablet,Oral,"Euphoria, Increased Confidence, Relaxed",Clonazepam,,51.32102,-2.1876733333333336
W065435,2025-05-28,SY10,Xanax,Not Stated,White,Tablet,Not Stated,Not Stated,Caffeine,Clobromazolam,52.83394150943396,-3.1469735849056604
W065336,2025-05-28,TR10,Diazepam/valium,Diazepam,Blue,Tablet,Not Stated,Not Stated,"Clobromazolam, Caffeine",,50.16754,-5.11564
W065372,2025-05-28,NP20,Xanax 2mg,Alprax xr2,Yellow,Tablet,Oral,Not Stated,No Active Component Identified,,51.5877,-2.9984
W065335,2025-05-28,TR10,Xanax /alprazolam,Xanax,White,Tablet,Not Stated,Not Stated,Caffeine,Clobromazolam,50.16754,-5.11564
W065318,2025-05-28,CF10,Xanax,galenika ksalol aplrazolam,Blue,Tablet,Not Stated,Not Stated,Alprazolam,,51.48,-3.18
W062377,2025-05-28,EH7,Diazepam (valium) ,Not Stated,Blue,Tablet,Oral,"Increased Confidence, Relaxed","Etizolam, Paracetamol",,55.9521,-3.1965
000235561,2025-05-28,England,Xanax,Alprazolam,White,Tablet,Oral,Not Stated,Alprazolam,,,
W065282,2025-05-28,PO13,Valium,Martin dow - excl ph,Blue,Tablet,Oral,Relaxed,Diazepam,,50.8144,-1.1886666666666663
000235559,2025-05-28,NP12,Diazepam,Diazepam,Blue,,Oral,Not Stated,Bromazolam,,51.6678,-3.2075
000235560,2025-05-28,NP12,benzodiazepine,Not Stated,Blue,Tablet,Oral,Relaxed,Clonazepam,,51.6678,-3.2075
W065337,2025-05-28,TR10,Alprazolam,rlam-batch 210554,White,Tablet,Not Stated,Not Stated,Alprazolam,,50.16754,-5.11564
W065316,2025-05-28,CH54,Xanax,Viatris ugy alprazolam,White,Tablet,Not Stated,Not Stated,Alprazolam,,53.19930000000001,-3.03614
W065308,2025-05-28,TR10,Xanax /alprazolam,Xanax red devil,Red,Tablet,Not Stated,Not Stated,"Caffeine, Clobromazolam",,50.16754,-5.11564
000234711,2025-05-28,CF47,Diazepam,Not Stated,White,Tablet,Not Stated,Not Stated,No Active Component Identified,,51.7479,-3.3778
W065180,2025-05-28,FK3,valium,Zolpidem,White,Tablet,Oral,Not Stated,Zolpidem,,56.0114,-3.7218
W065192,2025-05-28,KY5,Diazepam,Not Stated,White,Tablet,"Oral, Smoked",Not Stated,Clozapine,,56.1493125,-3.285875
W065186,2025-05-28,N19,Clonazepam,Galenika Rivtril Klonazepam 2mg,White,Tablet,Not Stated,Not Stated,"Paracetamol, Bromazolam",,51.5649,-0.1351
W065297,2025-05-28,MK47,Alprazolam,Alprazolam ksalol,White,Tablet,Not Stated,Not Stated,Bromazolam,,52.0045,-0.7823
W065217,2025-05-28,KT13,Diazepam,Bensedin,White,Tablet,Oral,"Irregular Heartbeat, No Effect",Paracetamol,Bromazolam,51.3722,-0.453
W065294,2025-05-28,G206,Diazepam,Valium Diazepam 10mg,Blue,Tablet,Not Stated,Not Stated,Diazepam,,55.8906,-4.2904
W065369,2025-05-28,YO11,Temazepam,Not Stated,White,Tablet,Oral,Not Stated,Etizolam,,54.23711428571429,-0.3853571428571428
W065259,2025-05-28,L3,Diazepam,Martin dow valium,Blue,Tablet,Not Stated,Not Stated,Diazepam,,53.4106,-2.9779
W065395,2025-05-30,GU14,Alprazolam,Alpro-1mg,White,Tablet,Oral,"Euphoria, Increased Confidence, Relaxed",No Active Component Identified,,51.2955,-0.7908
W065423,2025-05-30,TQ2,DIAZEPAM 10MG,DIAZEPAM 10MG,Black,Tablet,Not Stated,Not Stated,Diazepam,,50.4762,-3.546
W062624,2025-05-30,KY11,valium,martin dow,Black,Tablet,Not Stated,Not Stated,Diazepam,,56.037644444444446,-3.422588888888889
W065094,2025-05-30,NE13,DIAZEPAM,ELIPOM DIAZEPAM,White,Tablet,Oral,"Euphoria, Increased Confidence, Relaxed",Diazepam,,55.0523,-1.6473666666666666
000235405,2025-05-30,LD5,diazepam 10mg,diazepam 10mg Martin Dow,Blue,Tablet,Oral,Relaxed,Diazepam,,52.12708333333333,-3.6396333333333337
100004490,2025-05-30,WR9,diazepam 10mg,valium diazepam,Blue,Tablet,Not Stated,Euphoria,Diazepam,,52.26260476190476,-2.1635809523809524
W065284,2025-05-30,SE8,diazepam,Not Stated,White,Tablet,Not Stated,Not Stated,Diazepam,,51.4776,-0.0261
000236299,2025-05-30,CF33,XANAX,XANAX,White,,Not Stated,Relaxed,Tramadol,,51.52158333333333,-3.6971833333333337
W065300,2025-05-30,PH1,DIAZEPAM,Not Stated,White,Tablet,Not Stated,Not Stated,Phenazepam,,56.43174736842105,-3.4980552631578945
W065399,2025-05-30,N22,ALPRAZOLAM,ALPRAZOLAM KERN,White,Tablet,Not Stated,Not Stated,Ethylbromazolam,,51.6,-0.1167
W065359,2025-06-02,WS13,Diazepam,Diazepam,Yellow,Tablet,Oral,"Relaxed, Irregular Heartbeat",Diazepam,,52.6953,-1.8076555555555551
W065430,2025-06-02,FK1,Valium,Valium,White,Tablet,Oral,"Enhanced Senses, Relaxed",No Active Component Identified,,55.96849090909091,-3.796481818181818
100004489,2025-06-06,SA11,Diazepam,MSJ,Blue,Tablet,Oral,No Effect,,,51.70800714285714,-3.6944071428571426
W065034,2025-06-06,BN3,Diazepam,Accord,Yellow,Tablet,Not Stated,Not Stated,,,50.836725,-0.179625
W065156,2025-06-06,BT11,Clonazepam/Rivotril,Rivotril,White,Tablet,Not Stated,Not Stated,,,54.58096666666667,-5.9665
000234967,2025-06-06,CF37,valium Diazepam 10mg,Valium Diazepam 10mg,Blue,Tablet,Oral,Relaxed,Diazepam,,51.613815384615386,-3.3598076923076925
000234941,2025-06-06,CF47,Diazepam 10mg,Diazepam 10mg,Blue,Tablet,Oral,"Euphoria, Relaxed",Diazepam,,51.7479,-3.3778
W065483,2025-06-13,SA31,Diazepam,Not Stated,Blue,Tablet,Not Stated,Not Stated,Bromazolam,,51.85391,-4.30209
W059916,2025-06-13,CF72,Diazepam,Not Stated,Blue,Tablet,Not Stated,Not Stated,Bromazolam,,51.530146153846154,-3.408415384615384
W065491,2025-06-13,E11,Alprazolam,galenika Alprazolam,Blue,Tablet,Not Stated,Not Stated,Ethylbromazolam,,51.57656666666667,0.0171666666666666
000236856,2025-06-13,CF63,Valium,Not Stated,Blue,Tablet,Oral,"Breathlesness, Memory Loss, Confusion, Loss of consciousness",Diazepam,,51.4172,-3.2614
W065496,2025-06-13,WA8,Diazepam,bensedin 10mg Diazepam,White,Tablet,Not Stated,Not Stated,Ethylbromazolam,,53.36992857142857,-2.7397142857142858
W065497,2025-06-13,NW3,Diazepam,Elipam,White,Tablet,Not Stated,Not Stated,Diazepam,,51.5462,-0.168075
W065492,2025-06-13,E11,Alprazolam,Galenika Alprazolam,Blue,Tablet,Oral,"Increased Confidence, Relaxed, Memory Loss",Alprazolam,,51.57656666666667,0.0171666666666666
W065494,2025-06-13,WA8,Xanax,Pfizer XR xanax,White,Tablet,Not Stated,Not Stated,Ethylbromazolam,,53.36992857142857,-2.7397142857142858
W065657,2025-06-16,E17,Diazepam,Not Stated,Blue,Tablet,Not Stated,Not Stated,Clobromazolam,,51.58758,-0.02048
W065540,2025-06-16,N2,Clonazepam,Galenika Rivotril Klonazepam,White,Tablet,Not Stated,Not Stated,Clonazepam,,51.59,-0.1531
W065592,2025-06-16,SE1,Diazepam,Not Stated,Blue,Tablet,Not Stated,Not Stated,Diazepam,,51.49874615384616,-0.0930384615384615
W064841,2025-06-16,NE29,Clonazepam,Klozaps,White,Tablet,Not Stated,Not Stated,Clonazepam,,55.0165,-1.4493
W065535,2025-06-16,BN3,Diazepam,Not Stated,Blue,Tablet,Not Stated,Not Stated,Diazepam,,50.836725,-0.179625
W065524,2025-06-16,GU14,Diazepam,Bensedin Galenika,White,Tablet,Oral,"Euphoria, Relaxed, Paranoia, Confusion",Bromazolam,,51.2955,-0.7908
W065554,2025-06-16,PL24,Diazepam,Valium,Blue,Capsule,Not Stated,Not Stated,"Ethylbromazolam, Bromazolam",,50.3558,-4.7021125
W065521,2025-06-16,GU14,Alprazolam,Rlam-1,White,Tablet,Oral,"Euphoria, Relaxed, Paranoia, Panic Attack",Tramadol,,51.2955,-0.7908
W065520,2025-06-16,GL53,Lorazepam,Not Stated,White,Tablet,Not Stated,Not Stated,Lorazepam,,51.8192,-2.05427
W065450,2025-06-16,SW8,Diazepam,Not Stated,White,Tablet,Oral,"Increased Confidence, Relaxed, Depression",Diazepam,,51.48162,-0.1276
W065452,2025-06-16,SW8,Clonazepam,Not Stated,White,Tablet,Oral,"Increased Confidence, Relaxed",Clonazepam,,51.48162,-0.1276
W065443,2025-06-16,E4,Alprazolam,Ksalol Alprazolam,Blue,Tablet,Not Stated,Not Stated,Ethylbromazolam,,51.6303,0.0005
W065504,2025-06-16,E4,alprazolam,Trankimarin Alprazolam,White,Tablet,Not Stated,Not Stated,Alprazolam,,51.6303,0.0005
W065454,2025-06-16,BD10,Bromazepam,Relaxin,Pink,Tablet,Not Stated,Not Stated,Bromazepam,,53.8328,-1.7255
W065575,2025-06-16,HP7,Valium,Not Stated,Blue,Tablet,Oral,Relaxed,Diazepam,,51.665483333333334,-0.6173166666666666
000234968,2025-06-16,CF44,Valium Diazepam,Not Stated,Blue,Tablet,Oral,Relaxed,Diazepam,,51.7327125,-3.48293125
W065510,2025-06-16,BA12,Diazepam,Not Stated,White,Tablet,Not Stated,No Effect,Ethylbromazolam,,51.15965263157895,-2.1517500000000003
W065448,2025-06-16,SW11,Diazepam,Not Stated,White,Tablet,Oral,Relaxed,Diazepam,,51.469166666666666,-0.1619333333333333
W065563,2025-06-17,BT93,Diazepam,Not Stated,Blue,Tablet,Not Stated,Relaxed,Bromazolam,,54.44256,-7.86492
W065600,2025-06-17,HP22,Clonazepam,rivotril galenika,White,Tablet,Oral,"Relaxed, Irregular Heartbeat","Paracetamol, Bromazolam",,51.83288095238095,-0.786652380952381
W065531,2025-06-17,BH9,Diazepam,Martin Dow Diazepam,Blue,Tablet,Oral,Relaxed,Diazepam,,50.7497,-1.8734
W065745,2025-06-17,MK40,Diazepam tablets,Galenika bensedin diazepam,White,Tablet,Oral,"Agitation, Headache",Bromazolam,,52.13655,-0.4866
W065752,2025-06-17,LS18,Diazepam,Not Stated,White,Tablet,Not Stated,Not Stated,Bromazolam,,53.838,-1.6404
W065666,2025-06-17,CH6,Xanax,Not Stated,White,Tablet,Not Stated,Not Stated,Ethylbromazolam,,53.255125,-3.1489
W065667,2025-06-17,ML3,Xanax,Not Stated,White,Tablet,Oral,"Relaxed, Memory Loss",Ethylbromazolam,,55.76254285714286,-4.045457142857143
W065769,2025-06-17,TR1,Alprazolam,Alprax,Orange,Tablet,Not Stated,Not Stated,Alprazolam,,50.2637,-5.06268
W065530,2025-06-17,BH9,Diazepam,Martin Dow,Blue,Tablet,Not Stated,Not Stated,Diazepam,,50.7497,-1.8734
W065519,2025-06-17,SS15,Mirtazapine,Mirtazapine,White,Tablet,Oral,No Effect,Mirtazapine,,51.5763,0.4217
000235744,2025-06-17,CF39,MSJ,Not Stated,Blue,Tablet,Not Stated,Not Stated,Ethylbromazolam,,51.5988125,-3.447975
000236501,2025-06-17,CF39,Valium,Not Stated,Blue,Liquid,Not Stated,Not Stated,Diazepam,,51.5988125,-3.447975
W065794,2025-06-17,M14,Clonazepam,Rnaze,White,Tablet,Not Stated,Not Stated,Clonazepam,,53.4482,-2.2257
W065665,2025-06-17,CH6,Xanax,Instagram,White,Tablet,Not Stated,Not Stated,Caffeine,Clobromazolam,53.255125,-3.1489
W065696,2025-06-17,G41,Alprazolam,Xanax,"Green, Blue",Tablet,Oral,"Increased Confidence, Relaxed, Memory Loss",Bromazolam,,55.8376,-4.2843
W065485,2025-06-17,PL22,Diazepam,Not Stated,Blue,Tablet,Oral,Relaxed,Diazepam,,50.39221111111111,-4.640277777777778
W065552,2025-06-17,SE4,Alprazolam,Xanax,Blue,Tablet,Not Stated,Not Stated,Ethylbromazolam,,51.46099999999999,-0.0352
W065680,2025-06-17,LU73,Alprazolam,Not Stated,White,Tablet,Not Stated,Not Stated,Alprazolam,,51.89277307692308,-0.6581499999999999
W065469,2025-06-17,HX39,Nitrazepam,Not Stated,White,Tablet,Oral,"Relaxed, Memory Loss",Nitrazepam,,53.72608333333333,-1.8416
000234075,2025-06-17,NP10,MSJ,Not Stated,Blue,Tablet,Not Stated,Not Stated,"Paracetamol, Bromazolam",,51.5877,-2.9984
W065553,2025-06-17,CF44,Diazepam,Not Stated,Blue,Tablet,Oral,"Euphoria, Increased Energy, Increased Confidence, Relaxed",Diazepam,,51.7327125,-3.48293125
W065683,2025-06-17,SK13,Diazepam,Accord,Blue,Tablet,Not Stated,Not Stated,Diazepam,,53.4433,-1.949
W065669,2025-06-17,EH54,Diazepam,Not Stated,White,Tablet,Oral,"Increased Confidence, Relaxed","Etizolam, Paracetamol",,55.9029,-3.5226
W065664,2025-06-17,KY12,Diazepam,Not Stated,White,Tablet,Oral,"Relaxed, Agitation",Clozapine,,56.087095,-3.539235
W065691,2025-06-17,G12,Valium,Martin Dow,Blue,Powder,Not Stated,Not Stated,Diazepam,,55.8804,-4.3007
W065687,2025-06-17,SK13,Diazepam,Teva,Blue,Tablet,Not Stated,Not Stated,Diazepam,,53.4433,-1.949
W065686,2025-06-17,SK13,Diazepam,Teva,Blue,Tablet,Not Stated,Not Stated,Diazepam,,53.4433,-1.949
W065690,2025-06-17,MK14,Valium,Not Stated,Blue,Tablet,Not Stated,Not Stated,Diazepam,,52.0656,-0.7591
W065681,2025-06-17,LU73,Diazepam,Not Stated,Blue,Tablet,Not Stated,Not Stated,Diazepam,,51.89277307692308,-0.6581499999999999
W065695,2025-06-17,BS3,Diazepam,Valium,Blue,Tablet,Oral,"Increased Confidence, Relaxed, Paranoia",Diazepam,,51.4552,-2.5966
W065476,2025-06-17,N15,Diazepam,Not Stated,Yellow,Tablet,Not Stated,Not Stated,Diazepam,,51.584300000000006,-0.073
W065467,2025-06-17,NP20,Diazepam,Not Stated,White,Tablet,Not Stated,Not Stated,Diazepam,,51.5877,-2.9984
W065498,2025-06-20,G4,bensedin ,Bensedin,White,Tablet,Oral,Relaxed,Diazepam,,55.8651,-4.2576
W065831,2025-06-20,L24,Diazepam,Bensedin Galenika,White,Tablet,Not Stated,Not Stated,Ethylbromazolam,,53.3407,-2.841
W065823,2025-06-20,SE1,Valium,Not Stated,Blue,Tablet,Not Stated,Not Stated,Diazepam,,51.49874615384616,-0.0930384615384615
W065774,2025-06-20,M19,Valium (diazepam,Valium (Martin Dow),Blue,Tablet,Not Stated,Not Stated,Diazepam,,53.4327,-2.1997
W065815,2025-06-20,DN58,Diazepam,Elipam,White,Tablet,Not Stated,Not Stated,Diazepam,,53.53578181818182,-1.229072727272727
000234281,2025-06-20,NP4,Diazepam,Not Stated,Blue,Tablet,Not Stated,Not Stated,Diazepam,,51.718515789473685,-3.030521052631579
W065873,2025-06-20,DD5,Diazepam,Accord,Blue,Tablet,Oral,No Effect,Ethylbromazolam,,56.48408823529412,-2.8548705882352943
W065738,2025-06-20,CO7,Clonazepam,rivotril,White,Tablet,Not Stated,Not Stated,Clonazepam,,51.887447826086955,1.0088478260869564
000232133,2025-06-20,NP4,Diazepam,Not Stated,Blue,Tablet,Not Stated,Not Stated,Diazepam,,51.718515789473685,-3.030521052631579
W065799,2025-06-20,CH6,Xanax,Darth Vader,White,Tablet,Not Stated,Not Stated,desalkylflurazepam,,53.255125,-3.1489
W065557,2025-06-20,SA1,Benzodiazepines,Not Stated,Blue,Tablet,Not Stated,Not Stated,Ethylbromazolam,,51.633979999999994,-3.94848
W065894,2025-06-20,GU15,Clonazepam,Rnaze Clonazepam,White,Tablet,Not Stated,Not Stated,Clonazepam,,51.337,-0.7426
000234558,2025-06-20,CF11,Cloonazepam,Neuraxpharm,White,Tablet,Oral,"Euphoria, Relaxed, Irregular Heartbeat, Memory Loss",Clonazepam,,51.48,-3.18
W065744,2025-06-20,NN12,XANAX,XANAX,,,Not Stated,Not Stated,Alprazolam,,52.12114285714286,-1.03124
W065529,2025-06-20,BH9,Diazepam,martin dow,Blue,Tablet,Not Stated,Not Stated,Diazepam,,50.7497,-1.8734
000234560,2025-06-20,CF11,Clonazepam,Neuroxpharm,White,Tablet,Not Stated,Not Stated,Clonazepam,,51.48,-3.18
W065704,2025-06-20,LA13,clonazepam,Klozaps-2,White,Tablet,Not Stated,Not Stated,Clonazepam,,54.11367142857143,-3.193485714285714
W065705,2025-06-20,LA13,clonazepam,klozaps-2 ,White,Tablet,Not Stated,Not Stated,Clonazepam,,54.11367142857143,-3.193485714285714
W065702,2025-06-20,LA13,clonazepam,klozapr-2,White,Tablet,Not Stated,Not Stated,Clonazepam,,54.11367142857143,-3.193485714285714
W065706,2025-06-20,LA13,CLONAZEPAM,KLOZAPS-2,White,Tablet,Not Stated,Not Stated,Clonazepam,,54.11367142857143,-3.193485714285714
W065703,2025-06-20,LA13,CLONAZEPAM,KLOZAPS-2,White,Tablet,Not Stated,Not Stated,Clonazepam,,54.11367142857143,-3.193485714285714
000234977,2025-06-20,CF41,DIAZEPAM,Not Stated,Blue,Tablet,Not Stated,Not Stated,Ethylbromazolam,,51.6543,-3.4913
000234980,2025-06-20,CF40,diazepam 10mg,Not Stated,Blue,Tablet,Oral,No Effect,Ethylbromazolam,,51.627316666666665,-3.461883333333333
W065759,2025-06-20,BT36,XANAX,ALPRX-1,White,Tablet,Not Stated,Not Stated,Alprazolam,,54.675533333333334,-5.9483
W065761,2025-06-20,BT36,XANAX,XANAX 2MG,White,Tablet,Not Stated,Not Stated,Caffeine,Clobromazolam,54.675533333333334,-5.9483
W065797,2025-06-20,S8,Diazepam,Bensedin Diaezpam,White,Tablet,Oral,Relaxed,Diazepam,,53.3439,-1.47815
W065532,2025-06-20,BH9,Diazepam,Martin Dow Diazepam,Blue,Tablet,Oral,Relaxed,Diazepam,,50.7497,-1.8734
W065743,2025-06-20,NN12,VALIUM ,VALIUM ,White,Tablet,Oral,Not Stated,Diazepam,,52.12114285714286,-1.03124
W065898,2025-06-24,SA4,Clonazepam,Clonazepam,White,Tablet,Oral,Relaxed,Clonazepam,,51.670225,-4.059125
W065905,2025-06-24,BN3,Xanax,Xanax,White,Tablet,Oral,"Memory Loss, Relaxed",Alprazolam,,50.836725,-0.179625
W065198,2025-06-24,SW22,Diazepam mg tablets,Diazepam 5mg tablets accord,Yellow,Tablet,Not Stated,Not Stated,Diazepam,,51.4548,-0.1158
W065908,2025-06-24,PE7,diazepam,Diaze-10.0,White,Tablet,Oral,Relaxed,Diazepam,,52.51083125,-0.27019375
W065909,2025-06-24,PE7,Diazepam,Dizpam-10,White,Tablet,Oral,Relaxed,Diazepam,,52.51083125,-0.27019375
W065916,2025-06-24,CV21,Xanax alprazolam,Xanax alprazolam,White,Tablet,Not Stated,Not Stated,"Caffeine, Clobromazolam",,52.3811,-1.2754
W065942,2025-06-24,PA16,Diazepam,Cox 10,White,Tablet,Not Stated,Not Stated,No Active Component Identified,,55.9369,-4.8064599999999995
W065899,2025-06-24,TD1,valium,Not Stated,Blue,Tablet,Oral,"Increased Energy, Insomnia",Etizolam,,55.66659333333334,-2.8606933333333333
W065710,2025-06-24,G65,Xanax,Xanax 4mg GG249,White,Tablet,Not Stated,Not Stated,Bromazolam,,55.97357000000001,-4.05812
W065953,2025-06-24,GL53,lorazepam,Nerodelm-2,Yellow,Tablet,Not Stated,Not Stated,Lorazepam,,51.8192,-2.05427
W065963,2025-06-24,CV21,clonazepam,Not Stated,Blue,Tablet,Not Stated,Not Stated,Clobromazolam,,52.3811,-1.2754
W065708,2025-06-24,G63,Xanax,Red devils 5.5mg Alprazolam,"Pink, Red",Tablet,Not Stated,Not Stated,"Caffeine, Clobromazolam",,56.03654399999999,-4.3500119999999995
W065860,2025-06-24,G41,Clonazepam,Clonazepam neurazpharm 2mg,White,Tablet,Oral,"No Effect, Confusion, Agitation",Clonazepam,,55.8376,-4.2843
W065970,2025-06-24,CV2,Temazepam,Not Stated,White,Tablet,Not Stated,Not Stated,Clonazepam,,52.424525,-1.459175
W065887,2025-06-24,WV6,10mg Diazepam,10mg diazepam accord,Blue,Tablet,Not Stated,Not Stated,Diazepam,,52.59424545454545,-2.2206454545454544
W065912,2025-06-24,WR10,Alprazolam,Alprazolam,White,Tablet,Not Stated,Not Stated,Tramadol,,52.11444545454546,-2.047613636363636
W065914,2025-06-24,N15,Diazepam/ valium,diazepam,Blue,Tablet,Not Stated,Not Stated,Paracetamol,,51.584300000000006,-0.073
W065773,2025-06-24,B90,Alprazolam,Not Stated,"White, Grey",Tablet,Oral,Relaxed,Bromazolam,,52.4107,-1.8195
W065885,2025-06-24,TA21,Xanax,Alprazolam tablet 1p 1mg,White,Tablet,Oral,Not Stated,Alprazolam,,50.97908571428571,-3.2824380952380956
W065890,2025-06-24,TA21,Nitrazepam,Nitrazepa tablet 1p nitascan-10,White,Tablet,Oral,Not Stated,Nitrazepam,,50.97908571428571,-3.2824380952380956
W065816,2025-06-24,DN58,Diazepam,Bensedin 10mg,White,Tablet,Not Stated,Not Stated,Bromazolam,,53.53578181818182,-1.229072727272727
W065846,2025-06-24,BH9,Diazepam,bensedin (galenika) 10mg,White,Tablet,Not Stated,Not Stated,Bromazolam,,50.7497,-1.8734
W065859,2025-06-24,G41,Diazepam,MSJ Diazepam 10mg,White,Tablet,Oral,"Euphoria, Increased Confidence, Memory Loss, Violence/Aggression",Bromazolam,,55.8376,-4.2843
W065739,2025-06-24,CO7,alprazolam,Ksalol,Blue,Tablet,Not Stated,Not Stated,Alprazolam,,51.887447826086955,1.0088478260869564
W065864,2025-06-24,GU26,Diazepam,Elipam-5,White,Tablet,Not Stated,Not Stated,Diazepam,,51.1138,-0.7334999999999999
W065874,2025-06-24,B32,Pyrazolam,Pyrazolam,Orange,Tablet,Not Stated,Not Stated,Pyrazolam,,52.4326,-1.99735
W065888,2025-06-24,WV6,Diazepam 10mg,Diazepam 10mg,Blue,Tablet,Not Stated,Not Stated,Diazepam,,52.59424545454545,-2.2206454545454544
W065902,2025-06-24,SA42,lorazepam 1mg,Lorazepam,White,Tablet,Oral,"Increased Energy, Relaxed, Irregular Heartbeat",Lorazepam,,52.0168,-4.842714285714286
000236857,2025-06-24,CF63,Alprazolam,Alprazolam 1mg,White,Tablet,Not Stated,Not Stated,Tramadol,,51.4172,-3.2614
W065886,2025-06-24,WV6,Diazepam 10mg,Diazepam 10mg teva,Blue,Tablet,Not Stated,Not Stated,Diazepam,,52.59424545454545,-2.2206454545454544
W065910,2025-06-24,PA16,Diazepam (Benzo),Not Stated,White,Tablet,Oral,No Effect,No Active Component Identified,,55.9369,-4.8064599999999995
W066151,2025-06-25,DN59,Diazepam,Not Stated,Blue,Tablet,Oral,Relaxed,Clobromazolam,,53.53578181818182,-1.229072727272727
000237993,2025-06-25,CF37,Diazepam,Not Stated,Blue,Tablet,Oral,"Euphoria, Increased Energy, Increased Confidence, Enhanced Senses",Diazepam,,51.613815384615386,-3.3598076923076925
W066145,2025-06-25,SW2,Diazepam,Not Stated,Pink,Tablet,Oral,"Increased Confidence, Relaxed",Diazepam,,51.4548,-0.1158
W066003,2025-06-25,L13,Etizolam,Neurozol,White,Tablet,Oral,"Relaxed, Memory Loss",Etizolam,,53.4179,-2.9206
W066115,2025-06-25,TR18,Diazepam,Not Stated,Yellow,Tablet,Oral,No Effect,Diazepam,,50.120720000000006,-5.537180000000001
W065985,2025-06-25,SA16,MSJ,Not Stated,Blue,Tablet,Not Stated,Not Stated,Ethylbromazolam,,51.68593333333333,-4.261566666666667
W066160,2025-06-25,SA3,Clonazepam,Klonazepam Rivotril,White,Tablet,Oral,No Effect,Clonazepam,,51.59142222222222,-4.136385185185185
000236294,2025-06-25,CF83,Valium,Not Stated,White,,Oral,Relaxed,Diazepam,,51.59288333333333,-3.2333833333333337
W066174,2025-06-25,NE3,Diazepam,Bensedin Diazepam,White,Tablet,Oral,Relaxed,Diazepam,,55.003175,-1.6339
W066146,2025-06-25,SW2,Diazepam,Not Stated,White,Tablet,Not Stated,Relaxed,Bromazolam,,51.4548,-0.1158
W066124,2025-06-25,SW2,Valium,Martin Dow valium,Blue,Tablet,Not Stated,Not Stated,Diazepam,,51.4548,-0.1158
W066176,2025-06-25,NE3,Diazepam ,Bensedin Diazepam,White,Tablet,Oral,Relaxed,Diazepam,,55.003175,-1.6339
W065937,2025-06-25,NP20,Xanax Alprazolam,Rlam,White,Tablet,Oral,No Effect,Tramadol,,51.5877,-2.9984
W065921,2025-06-25,BR7,Alprazolam,Kern Pharma 2mg,White,Tablet,Oral,Relaxed,"Paracetamol, Ethylbromazolam",,51.4171,0.0686
W066127,2025-06-25,SW12,Valium (Diazepam) tablets,Not Stated,Blue,Tablet,Not Stated,Not Stated,Diazepam,,51.4469,-0.1384
000233518,2025-06-25,NP20,lativian diazepam 5mg,Not Stated,White,Tablet,Oral,Relaxed,Diazepam,,51.5877,-2.9984
W065881,2025-06-25,WA7,Valium,Not Stated,Yellow,Tablet,Oral,"Euphoria, Increased Confidence, Relaxed",Diazepam,,53.324125,-2.7118
W065901,2025-06-25,LL18,Diazepam,Not Stated,Yellow,Tablet,"Oral, Intravenous","Loss of consciousness, Breathlesness",Diazepam,,53.291819999999994,-3.45482
W065943,2025-06-25,PA16,Diazepam,Bensedin galenika (diazepam) 10mg,White,Tablet,Oral,Relaxed,Bromazolam,,55.9369,-4.8064599999999995
W065725,2025-06-25,SW19,Ksalol Xanax 1mg,Ksalol Galenika ,Blue,Tablet,Oral,"Relaxed, Memory Loss",Alprazolam,,51.42343333333333,-0.1973333333333333
000237992,2025-06-25,CF37,Diazepam,Diazepam,Blue,Tablet,Not Stated,Relaxed,Diazepam,,51.613815384615386,-3.3598076923076925
W065968,2025-06-25,W2,Alprazolam,Xanax 2mg,White,Tablet,Oral,Not Stated,Alprazolam,,51.51413636363636,-0.1886454545454545
W065992,2025-06-25,SG14,valium / Diazepam 10mg,Not Stated,Blue,Tablet,Not Stated,Not Stated,Diazepam,,51.811775,-0.11705
W066125,2025-06-25,NN2,Diazepam,Diazepam Accord,Blue,Tablet,Oral,"Relaxed, Memory Loss",Ethylbromazolam,,52.27265,-0.90015
W066111,2025-06-25,E17,Diazepam,Valium Diazepam,Blue,Tablet,Not Stated,Not Stated,Diazepam,,51.58758,-0.02048
W066110,2025-06-25,E17,Diazepam,Valium Diazepam,Blue,Tablet,Not Stated,Not Stated,Diazepam,,51.58758,-0.02048
W065726,2025-06-25,SW19,Clomazepam 2mg tehran darou,Not Stated,White,Tablet,Oral,Relaxed,Clonazepam,,51.42343333333333,-0.1973333333333333
W066319,2025-07-01,E2,Diazepam,Terapia 10mg,White,Tablet,Oral,No Effect,Bromazolam,,51.5386,-0.055525
W066180,2025-07-01,SO40,Diazepam 10mg,Accord Diazepam 10mg tablet,Blue,Tablet,Oral,Relaxed,Ethylbromazolam,,50.91249375,-1.51341875
W066220,2025-07-01,LE8,Diazepam, valium 10mg Martin dowe,Blue,Tablet,Not Stated,Not Stated,Diazepam,,52.54881176470588,-1.0493705882352942
W066279,2025-07-01,TQ2,Diazepam,Not Stated,Blue,Tablet,Oral,Not Stated,Diazepam,,50.4762,-3.546
W066316,2025-07-01,AB44,Diazepam,valium ,Blue,Tablet,Oral,"Euphoria, Increased Energy, Increased Confidence, Increased Stamina, Increased Libido, Increased Strength, Relaxed, Memory Loss, Agitation, Insomnia",Diazepam,,57.6692,-2.49465
W066320,2025-07-01,E2,Alprazolam,Ksalol,"White, Blue",Capsule,Oral,No Effect,Bromazolam,,51.5386,-0.055525
W066123,2025-07-01,Unknown,Alprazolam,Not Stated,White,Tablet,Not Stated,Not Stated,Clonazepam,,,
W066276,2025-07-01,BS6,Diazepam,bensedin Diazepam 10mg,White,Tablet,Not Stated,Not Stated,Diazepam,,51.465599999999995,-2.599066666666667
W066254,2025-07-01,DN58,Valium,Elipam,White,Tablet,Not Stated,Not Stated,Diazepam,,53.53578181818182,-1.229072727272727
W066255,2025-07-01,DN58,valium,Elipam,White,Tablet,Not Stated,Not Stated,Diazepam,,53.53578181818182,-1.229072727272727
W066264,2025-07-01,KT13,Diazepam,Valium,Blue,,Oral,Relaxed,Diazepam,,51.3722,-0.453
W066310,2025-07-01,CF62,Diazepam ,galenika Bensidin,White,Tablet,Oral,"Empathy, Relaxed",Diazepam,,51.4027,-3.37145
W066277,2025-07-01,BS6,Clonazepam,Rnase-2 Clonazepam 2mg,White,Tablet,Oral,"Increased Confidence, Relaxed",Clonazepam,,51.465599999999995,-2.599066666666667
000235563,2025-07-01,NP20,Lorazepam,Not Stated,White,Tablet,Oral,Not Stated,Lorazepam,,51.5877,-2.9984
W065730,2025-07-01,G466,Diazepam 10mg accord,Diazepam 10mg Accord,Blue,Tablet,Oral,"No Effect, Relaxed",Ethylbromazolam,,55.8037,-4.2949
W066241,2025-07-01,NG31,Diazepam,Valium,Blue,Tablet,Not Stated,Not Stated,Ethylbromazolam,,52.9255,-0.6468
W065499,2025-07-01,G46,Diazepam 10mg Accord,Diazepam accord 10mg,Blue,Tablet,Oral,Relaxed,Paracetamol,,55.8037,-4.2949
W066181,2025-07-01,NR18,Alprazolam 1mg,Tehran darou 1mg,Blue,Tablet,Oral,Relaxed,Alprazolam,,52.57489230769231,1.0953538461538463
W066205,2025-07-01,YO31,Diazepam 10mg,Bensedin -diazepam 10mg,White,Tablet,Oral,Relaxed,Bromazolam,,53.9576,-1.0827
W066179,2025-07-01,RM14,Alprazolam,Xanac 2mg Bar,White,Tablet,Oral,"Euphoria, Increased Confidence, Relaxed, Nausea, Vomiting","Cocaine, Phenacetin","N-desethylisotonitazene, Ketamine",51.554525,0.273875
W066140,2025-07-01,LS12,Diazepam,Accord Diazepam 10mg,Blue,Tablet,Not Stated,Not Stated,Bromazolam,,53.7913,-1.5972
W066139,2025-07-01,LA12,Diazepam,Accord 5mg Diazepam,Yellow,Tablet,Oral,"Euphoria, Relaxed, Memory Loss, Depression",Diazepam,,54.20815897435897,-3.0659179487179484
W066213,2025-07-01,LE19,klonapin,klonapin,White,Tablet,Not Stated,Not Stated,Clonazepam,,52.5846,-1.2053
000236505,2025-07-01,CF39,Diazepam,Not Stated,Blue,Tablet,Not Stated,Not Stated,Ethylbromazolam,,51.5988125,-3.447975
W066143,2025-07-01,DD5,Diazepam ,Accord diazepam 5mg,Yellow,Tablet,Oral,"Euphoria, Relaxed",Diazepam,,56.48408823529412,-2.8548705882352943
W066165,2025-07-01,KY3,Diazepam,Diazepam,Yellow,Tablet,Not Stated,Not Stated,Diazepam,,56.05788,-3.2186399999999997
W066190,2025-07-01,TS19,Diazepam,Not Stated,Blue,Tablet,Oral,"Euphoria, Relaxed, Memory Loss, Loss of consciousness, Depression",Bromazolam,,54.5685,-1.3187
W066132,2025-07-01,DN12,Diazepam,martin dow,Blue,Tablet,Not Stated,Not Stated,Diazepam,,53.4851,-1.2453
W065713,2025-07-01,BT18,bensedin-ng,Diazepam,White,Tablet,Not Stated,Not Stated,Ethylbromazolam,,54.6386,-5.8247
W065714,2025-07-01,BT18,Alprazolam SF,Rlam-1,White,Tablet,Not Stated,Not Stated,Tramadol,,54.6386,-5.8247
W065712,2025-07-01,BT18,Alprazolam-ng,Ksolol,Blue,Tablet,Not Stated,Not Stated,Ethylbromazolam,,54.6386,-5.8247
W065715,2025-07-01,BT18,Clonazepam,Rnase MP,White,Tablet,Not Stated,Not Stated,Clonazepam,,54.6386,-5.8247
W065716,2025-07-01,BT18,Diazepam,Sedil MP,White,Tablet,Not Stated,Not Stated,Diazepam,,54.6386,-5.8247
000043099,2025-07-01,LL55,valium,Valium,Blue,Tablet,Oral,Not Stated,Diazepam,,53.12915357142857,-4.195053571428572
W066212,2025-07-01,IV36,Lorazepam,Not Stated,"White, Blue",Tablet,Oral,"Increased Confidence, Increased Libido, Relaxed",Lorazepam,,57.61094054054054,-3.6021297297297297
W066374,2025-07-02,L24,Xanax,Xanax,White,Tablet,Not Stated,Not Stated,"Etizolam, Alprazolam",,53.3407,-2.841
W066428,2025-07-02,CF64,Diazepam,Diazepam,White,Tablet,Oral,Not Stated,Bromazolam,,51.42878,-3.21045
W066375,2025-07-02,W9,Alprazolam,RLAM alprazolam,White,Tablet,Not Stated,Not Stated,Tramadol,,51.52442,-0.18458
W066369,2025-07-02,AL5,Diazepam,Valium 10mg tablet (diazepam),Blue,Tablet,Not Stated,Not Stated,Diazepam,,51.8168,-0.3571
W066383,2025-07-02,AB39,Benzidine-diazepam,valium Diazepam,Blue,Tablet,Oral,Relaxed,Diazepam,,56.9773,-2.2184
W066352,2025-07-02,SK15,Temazepam,temazepam tablet 20mg,White,Tablet,Oral,Relaxed,Ethylbromazolam,,53.4841,-2.0591
W066407,2025-07-02,M4,Clonazepam 2mg,Clonazepam IP 2mg,White,Tablet,Not Stated,Not Stated,Clonazepam,,53.4809,-2.2374
W065598,2025-07-02,Unknown,Alprazolam,Alprazolam,White,Tablet,Oral,Relaxed,Tramadol,,,
W066436,2025-07-02,N1,Accord 10mg Diazepam,Accord Diazepam 10mg,Blue,Tablet,Oral,"Relaxed, Paranoia",Diazepam,,51.53669,-0.0944
W066131,2025-07-02,BT5,Diazepam,Not Stated,Blue,Tablet,Not Stated,Not Stated,Diazepam,,54.58087142857143,-5.875314285714286
W066408,2025-07-02,NE3,Diazepam 10mg,martin diazepam 10mg,Blue,Tablet,Oral,Relaxed,Diazepam,,55.003175,-1.6339
W066342,2025-07-02,GU15,Clonazepam 2mg,Rnaze clonazepam,"White, Yellow",Tablet,Not Stated,Not Stated,Clonazepam,,51.337,-0.7426
000235565,2025-07-02,NP12,Alprazolam,Not Stated,White,Tablet,Oral,Not Stated,Alprazolam,,51.6678,-3.2075
W066343,2025-07-02,RG1,Diazepam,Not Stated,Blue,Tablet,Oral,No Effect,Diazepam,,51.4563,-0.9711
W066186,2025-07-02,KW1,Lorazepam,LN,White,Tablet,Oral,"Relaxed, Irregular Heartbeat, Memory Loss, Loss of consciousness",Lorazepam,,58.474271875,-3.2428062499999997
W066275,2025-07-02,B56,Diazepam,martin dow valium 10mg,Blue,Tablet,Oral,"Increased Confidence, Relaxed",Diazepam,,,
000231424,2025-07-02,NP20,valium,street valium,White,Tablet,Not Stated,Not Stated,Diazepam,,51.5877,-2.9984
W066338,2025-07-02,CV9,diazepam,Diazepam,White,Tablet,Oral,"Euphoria, Increased Confidence, Empathy, Relaxed, Memory Loss, Confusion",Diazepam,,52.593988888888894,-1.561288888888889
W066305,2025-07-02,DN1,Clonazepam,Clonazepam,White,Tablet,Not Stated,Not Stated,Clonazepam,,53.5228,-1.1312
W066367,2025-07-02,NG11,Diazepam 10mg tablet,martin dow valium 10mg,Blue,Tablet,Oral,"Euphoria, Increased Confidence, Empathy, Relaxed, Memory Loss, Confusion",Diazepam,,52.87862,-1.19524
W062736,2025-07-02,EH22,Xanax Alprazolam,Alprazolam,White,,Oral,"Increased Confidence, Relaxed",Alprazolam,,55.90278333333333,-3.078175
000235772,2025-07-02,CF45,valium,valium,Blue,Tablet,Not Stated,Not Stated,Diazepam,,51.66452,-3.3537
W066472,2025-07-03,BN1,Xanax (2mg ER),Xanac ER (MP),White,Tablet,Not Stated,Not Stated,Alprazolam,,50.8614,-0.1204166666666666
000232280,2025-07-03,CF83,Valium,Diazepam,White,Tablet,Oral,"Relaxed, Nausea",Diazepam,,51.59288333333333,-3.2333833333333337
000043487,2025-07-03,CF83,Valium MSJ,MSJ,Blue,Tablet,Oral,Relaxed,Ethylbromazolam,,51.59288333333333,-3.2333833333333337
W066399,2025-07-03,AL74,Xanax Alprazolam,Rlam-1,White,Tablet,Oral,"Euphoria, Increased Confidence, Relaxed",Tramadol,,51.7969,-0.1871
W066380,2025-07-03,CF24,Alprazolam 1mg,Kalol Alprazolam 1mg,White,Tablet,Not Stated,Not Stated,Bromazolam,,51.48,-3.18
W066443,2025-07-03,DN58,Diazepam,valium,Blue,Tablet,Not Stated,Not Stated,Diazepam,,53.53578181818182,-1.229072727272727
W066381,2025-07-03,CF24,Alprazolam 1mg,Alprx -1 Alprazolam 1mg,White,Tablet,Not Stated,Not Stated,Alprazolam,,51.48,-3.18
W066414,2025-07-03,TR1,Alprazolam,Alprazolam,White,Tablet,Not Stated,Not Stated,Alprazolam,,50.2637,-5.06268
W066404,2025-07-03,E15,Xanax,Ksalol 1mg Alprazolam,"White, Blue",Tablet,Oral,"Euphoria, Relaxed",Bromazolam,,51.5333,0.0
W066446,2025-07-03,B90,Alprazolam,Rlam-1,White,Tablet,Oral,"Increased Confidence, Relaxed, Memory Loss",No Active Component Identified,,52.4107,-1.8195
W066402,2025-07-03,DN58,Diazepam,bensedin,White,Tablet,Not Stated,Not Stated,Diazepam,,53.53578181818182,-1.229072727272727
W066444,2025-07-03,DN58,Diazepam 5mg,Accord Diazepam,Yellow,Tablet,Not Stated,Not Stated,Diazepam,,53.53578181818182,-1.229072727272727
W066401,2025-07-03,DN58,Diazepam,Elipam 10,White,Tablet,Not Stated,Not Stated,Diazepam,,53.53578181818182,-1.229072727272727
W066469,2025-07-03,BN1,Clonazepam,Clonazepam,White,Tablet,Not Stated,Not Stated,Clonazepam,,50.8614,-0.1204166666666666
000234094,2025-07-03,NP20,benzo,Not Stated,Blue,Tablet,Not Stated,Not Stated,Diazepam,,51.5877,-2.9984
000233969,2025-07-08,NP4,Diazepam,Bensedin,White,Tablet,Not Stated,Not Stated,Diazepam,,51.718515789473685,-3.030521052631579
W066498,2025-07-08,DT9,Diazepam,Accord Valium,Blue,Tablet,Not Stated,Not Stated,"Paracetamol, Bromazolam",,50.93853428571428,-2.519611428571429
000234289,2025-07-08,NP4,Diazepam,Bensedin,White,Tablet,Not Stated,Not Stated,Diazepam,,51.718515789473685,-3.030521052631579
W066360,2025-07-08,LS16,Diazepam,valium,Blue,Tablet,Not Stated,Not Stated,Diazepam,,53.868475,-1.5981
000234287,2025-07-08,NP4,Diazepam,Galenika Bensedin,White,Tablet,Not Stated,Not Stated,Diazepam,,51.718515789473685,-3.030521052631579
W066527,2025-07-08,SS9,Clonazepam,Rivotril,White,Tablet,Not Stated,Not Stated,"Paracetamol, Bromazolam",,51.54885,0.65005
000233967,2025-07-08,NP4,Diazepam,Bensedin,White,Tablet,Not Stated,Not Stated,Diazepam,,51.718515789473685,-3.030521052631579
W066525,2025-07-08,SL1,Clonazepam,Clonazepam,White,Tablet,Not Stated,Not Stated,Clonazepam,,51.52121999999999,-0.63036
000233974,2025-07-08,NP4,Diazepam,Galenika,White,Tablet,Not Stated,Not Stated,Diazepam,,51.718515789473685,-3.030521052631579
000234284,2025-07-08,NP4,Diazepam,galenika Bensedin 10mg,White,Tablet,Not Stated,Not Stated,Diazepam,,51.718515789473685,-3.030521052631579
W066526,2025-07-08,SL1,Clonazepam,Clonazepam,White,Tablet,Oral,"Relaxed, Memory Loss",Clonazepam,,51.52121999999999,-0.63036
W066510,2025-07-08,PL30,Diazepam,bensedin,White,Tablet,Not Stated,Not Stated,Ethylbromazolam,,50.509906666666666,-4.716783333333334
W066514,2025-07-08,LS18,Diazepam 10mg,Diazepam 10mg,Blue,Tablet,Not Stated,Not Stated,Diazepam,,53.838,-1.6404
W066543,2025-07-08,KT3,Diazepam,Bensedin,White,Tablet,Oral,Relaxed,Diazepam,,51.3992,-0.2556
000233968,2025-07-08,NP4,Diazepam,Bensedin,White,Tablet,Not Stated,Not Stated,Diazepam,,51.718515789473685,-3.030521052631579
W066549,2025-07-08,BD24,Lorazepam,Lorazepam,Blue,Tablet,Oral,"Panic Attack, Relaxed, Irregular Heartbeat, Anxiety",Lorazepam,,54.093607142857145,-2.2914857142857143
W066418,2025-07-08,LS8,Clonazepam,Klonazepam,White,Tablet,Oral,"Relaxed, Memory Loss",Clonazepam,,53.8245,-1.5099
W066419,2025-07-08,LS8,Diazepam,Bensedin Galenika,White,Tablet,Oral,"Increased Confidence, Relaxed, Memory Loss",Diazepam,,53.8245,-1.5099
W066439,2025-07-08,SY7,Xanax,Alprazolam,White,Tablet,Not Stated,Not Stated,Caffeine,Clobromazolam,52.436390540540536,-2.832714864864865
W066489,2025-07-08,BT47,Clonazepam,Galenika Rivotril Klonazepam,White,Tablet,Not Stated,Not Stated,Clonazepam,,54.94983333333333,-7.084177777777778
W066485,2025-07-08,N16,Xanax,Alpraem,White,Tablet,Not Stated,Not Stated,Alprazolam,,51.5625,-0.074
000237995,2025-07-08,CF37,Diazepam,Not Stated,Blue,Tablet,Oral,No Effect,Diazepam,,51.613815384615386,-3.3598076923076925
W066483,2025-07-08,G83,Diazepam,Accord,Blue,Tablet,Not Stated,Not Stated,Bromazolam,,56.03989166666666,-4.6006583333333335
W066359,2025-07-08,LS16,Xanax,Not Stated,White,Tablet,Not Stated,Not Stated,Caffeine,Clobromazolam,53.868475,-1.5981
W066505,2025-07-08,CW9,Bensedin Valium,Bensedin,White,Tablet,Oral,Relaxed,Diazepam,,53.264406666666666,-2.5003200000000003
W066497,2025-07-08,CH6,Flualprazolam,Vader,White,Tablet,Not Stated,Not Stated,Desalkylgidazepam,,53.255125,-3.1489
W066409,2025-07-08,SN1,Diazepam,Not Stated,White,Tablet,Oral,Relaxed,Ethylbromazolam,,51.558,-1.7812
W066476,2025-07-08,BN12,Alprazolam,Not Stated,White,Tablet,Not Stated,Not Stated,Alprazolam,,50.80785,-0.43005
W066511,2025-07-08,WV14,Xanax,Not Stated,Colourless,Tablet,Oral,No Effect,Alprazolam,,52.556266666666666,-2.0771
W066493,2025-07-08,BR2,Valium,Not Stated,Blue,Tablet,Not Stated,Not Stated,Diazepam,,51.370025,0.02375
W066475,2025-07-08,BN12,Clonazepam,Not Stated,White,Tablet,Not Stated,Not Stated,Clonazepam,,50.80785,-0.43005
W066471,2025-07-08,SA73,Lorazepam,Nerodelm,Brown,Tablet,Oral,Relaxed,Lorazepam,,51.719835714285715,-4.983364285714286
W066490,2025-07-08,FK7,Diazepam,Valium,Blue,Tablet,Not Stated,Not Stated,Diazepam,,56.0861125,-3.9108875
W066499,2025-07-08,BT43,Diazepam,Accord,"White, Blue",Tablet,Oral,"Enhanced Senses, Empathy, Relaxed, Confusion",Diazepam,,54.93786666666667,-6.2199
W066592,2025-07-09,G13,Diazepam,Diazepam,Blue,Tablet,Oral,"Empathy, Relaxed, Memory Loss, Panic Attack",Diazepam,,55.8935,-4.348
W066627,2025-07-09,YO32,Alprazolam,Rlam-1,White,Tablet,Not Stated,Not Stated,Alprazolam,,54.0114375,-1.0430625
W066570,2025-07-09,B90,Alprazolam,Alprazolam (rlam-1),White,Tablet,Oral,"Relaxed, Chest Pains, Memory Loss",Tramadol,,52.4107,-1.8195
W066628,2025-07-09,YO32,Alprazolam,Rlam-1,White,Tablet,Oral,"Pain Relief, Relaxed",Alprazolam,,54.0114375,-1.0430625
W066576,2025-07-09,PL27,Bensinden galenka diazepam 10mg,Besinden galenika diazepam 10mg,White,Tablet,Not Stated,Not Stated,Diazepam,,50.52926363636364,-4.906113636363636
W066513,2025-07-09,CH51,Diazepam,Bensedin,White,Tablet,Oral,Relaxed,Ethylbromazolam,,53.19930000000001,-3.03614
W066621,2025-07-09,TA6,Diazepam 5mg,Square Sedil Diazepam 5mg,Orange,Tablet,Oral,Relaxed,Diazepam,,51.139228571428575,-3.006471428571429
W065939,2025-07-09,SK12,Bensiden Diazepam,Bensiden Diazepam,White,Tablet,Oral,"Increased Confidence, Empathy",Bromazolam,,53.351884210526315,-2.0920947368421055
W066660,2025-07-09,E59N,Diazepam,valium,Blue,Tablet,Not Stated,Not Stated,Diazepam,,,
W066593,2025-07-09,ML8,Lorazepam,Not Stated,Yellow,Tablet,Not Stated,Not Stated,Lorazepam,,55.725675,-3.8645625
W064233,2025-07-09,G82,Nitrazepam,Nitrazepam,White,Tablet,Oral,Relaxed,Phenazepam,,55.954800000000006,-4.5815222222222225
W066568,2025-07-09,B90,Alprazolam,Rlam-1,White,Tablet,Oral,"Increased Confidence, Relaxed, Memory Loss",Alprazolam,,52.4107,-1.8195
W066580,2025-07-09,SO15,Alprazolam,Rlam-1 Alprazolam,White,Tablet,Not Stated,Not Stated,Alprazolam,,50.913799999999995,-1.419675
W066638,2025-07-09,NE3,Accord diazepam 10mg,Accord Diazepam 10mg,Blue,Tablet,Oral,Relaxed,Ethylbromazolam,,55.003175,-1.6339
W065938,2025-07-09,SK12,Bensedin diazepam,bensiden diazepam,White,Tablet,Oral,"Increased Confidence, Empathy",Diazepam,,53.351884210526315,-2.0920947368421055
W066599,2025-07-09,B32,bromazolam,bromazolam,Orange,,Not Stated,Not Stated,Pyrazolam,,52.4326,-1.99735
W066389,2025-07-09,BN3,Xanax/ Alprazolam,Alprazolam,White,Tablet,Oral,No Effect,"Clonazepam, Alprazolam",,50.836725,-0.179625
000233975,2025-07-09,NP4,Diazepam,Diazepam,White,Tablet,Not Stated,Not Stated,Diazepam,,51.718515789473685,-3.030521052631579
000234063,2025-07-09,NP20,valium,Not Stated,Blue,Tablet,Not Stated,Not Stated,Diazepam,,51.5877,-2.9984
W066501,2025-07-09,DN58,Midazolam 7.5mg,Midolam,White,Tablet,Not Stated,Not Stated,Midazolam,,53.53578181818182,-1.229072727272727
000233970,2025-07-09,NP4,Diazepam,Galenika Bensedin 10mg,White,Tablet,Not Stated,Not Stated,Diazepam,,51.718515789473685,-3.030521052631579
000234620,2025-07-09,CF10,MSJ,MSJ,"White, Pink",Tablet,Not Stated,Not Stated,Tadalafil,,51.48,-3.18
000234283,2025-07-09,NP4,Diazepam,Galenika bensedin 10mg,White,Tablet,Not Stated,Not Stated,Diazepam,,51.718515789473685,-3.030521052631579
000234285,2025-07-09,NP4,Diazepam,Galenika Bensedin ,White,Tablet,Not Stated,Not Stated,Diazepam,,51.718515789473685,-3.030521052631579
000233972,2025-07-09,NP4,Diazepam,Galenika Bensedin 10mg,White,Tablet,Not Stated,Not Stated,Diazepam,,51.718515789473685,-3.030521052631579
W066573,2025-07-09,SO19,Alprazolam 1mg (xanax),ksalol Galenika Alprazolam 1mg,Blue,Tablet,Oral,"No Effect, Relaxed",Alprazolam,,50.8993,-1.3670749999999998
000234315,2025-07-09,CF11,Clonazepam,Clonazepam,White,Tablet,Oral,"Euphoria, Increased Confidence, Relaxed, Memory Loss, Confusion",Clonazepam,,51.48,-3.18
W066596,2025-07-09,BN1,Alprazolam,Dahous Alprazolam,Blue,Tablet,Oral,Relaxed,Alprazolam,,50.8614,-0.1204166666666666
000234312,2025-07-09,CF11,Clonazepam celix,Clonazepam celix,White,Tablet,Not Stated,"Euphoria, Increased Confidence, Relaxed",Clonazepam,,51.48,-3.18
000231058,2025-07-09,CF83,Valium MSJ,MSJ Valium,Black,Tablet,Oral,"Relaxed, Agitation, Insomnia",Ethylbromazolam,,51.59288333333333,-3.2333833333333337
000234288,2025-07-09,NP4,Diazepam,Diazepam,White,Tablet,Not Stated,Not Stated,Diazepam,,51.718515789473685,-3.030521052631579
W066723,2025-07-15,LS2,Alprazolam,Aprazolam,Blue,Tablet,Oral,"Increased Confidence, Enhanced Senses, Relaxed",Bromazolam,,53.7965,-1.5478
W066423,2025-07-15,KA11,Street valium ,Not Stated,White,Tablet,Oral,"Euphoria, Increased Energy, Increased Confidence, Relaxed, Memory Loss, Confusion",Etizolam,,55.613125,-4.617725
W066652,2025-07-15,WA7,Clonazepam,Klonazepama 40402,White,Tablet,Not Stated,Not Stated,Clonazepam,,53.324125,-2.7118
W066692,2025-07-15,AB15,MSJ Diazepam,Diazepam,"White, Blue",Tablet,Oral,Not Stated,Ethylbromazolam,,57.1378,-2.1663
W066648,2025-07-15,CR8,Gelenika Ksalol Alprazolam (1mg),gelenika Ksalol Alprazolam (1mg),Blue,Tablet,Oral,"Increased Confidence, Relaxed, Loss of consciousness",Alprazolam,,51.331599999999995,-0.10655
W066778,2025-07-15,BH15,Diazepam,Accord Diazepam,Blue,Tablet,Not Stated,Not Stated,"Ethylbromazolam, Bromazolam",,50.7167,-2.0
W066677,2025-07-15,CF45,Diazepam,Not Stated,Blue,Tablet,Oral,"Increased Energy, Increased Confidence, Increased Strength, Relaxed, Irregular Heartbeat",Diazepam,,51.66452,-3.3537
W066583,2025-07-15,TR14,Diazepam,Not Stated,Blue,Tablet,Not Stated,Not Stated,Diazepam,,50.19814,-5.30309
W066746,2025-07-15,RG14,Etizolam,Not Stated,Red,Tablet,Not Stated,Not Stated,Diazepam,Caffeine,51.407383333333335,-1.3243833333333337
W066420,2025-07-15,KA11,Diazepam Accord,Accord Diazapan,Blue,Tablet,Not Stated,"Euphoria, Increased Energy, Increased Stamina, Relaxed",Bromazolam,,55.613125,-4.617725
W066691,2025-07-15,LL29,Diazepam,Valium Diazepam,Blue,Tablet,Oral,"Euphoria, Relaxed",Diazepam,,53.283275,-3.6966
W066710,2025-07-15,CH2,Diazepam,Diazepam,Blue,Tablet,Oral,Relaxed,Ethylbromazolam,,53.25357,-2.85961
W066421,2025-07-15,KA11,valium 10,Not Stated,White,Tablet,Not Stated,"Euphoria, Increased Energy, Increased Confidence, Increased Strength, Empathy, Relaxed",Clonazolam,,55.613125,-4.617725
W066712,2025-07-15,CH2,Alprazolam,Rlam,White,Tablet,Oral,Relaxed,Tramadol,,53.25357,-2.85961
W066666,2025-07-15,SK4,Clonazepam,Neuraxpharm Uk LTD,White,Tablet,Not Stated,Not Stated,Clonazepam,,53.4191,-2.1812
W066594,2025-07-15,ML8,Xanax,Not Stated,White,Tablet,Not Stated,Not Stated,Tramadol,,55.725675,-3.8645625
W066557,2025-07-15,NE32,Diazepam,Diazepam,Yellow,Tablet,Oral,Not Stated,Diazepam,,54.974050000000005,-1.4842499999999998
W066661,2025-07-15,NG31,Alprazolam,Ksalol galenika ,"Grey, Blue",Tablet,Not Stated,Not Stated,Alprazolam,,52.9255,-0.6468
W066422,2025-07-15,KA11,Xanax Alprazolam,Aron Pharmaceuticals ,White,Tablet,Not Stated,No Effect,No Active Component Identified,,55.613125,-4.617725
W066571,2025-07-15,B90,Clonazepam,Clonazepam (klozpas -2),White,Tablet,Oral,"Memory Loss, Confusion",Clonazepam,,52.4107,-1.8195
W066665,2025-07-15,SK4,Diazepam,Matin Dows valium,Blue,Tablet,Not Stated,Not Stated,Diazepam,,53.4191,-2.1812
W066556,2025-07-15,NE32,Diazepam,Diazepam,Yellow,Tablet,Oral,"Increased Confidence, Relaxed, Memory Loss",Diazepam,,54.974050000000005,-1.4842499999999998
W066698,2025-07-15,NW1,Diazepam,Accord 5mg ,Yellow,Tablet,Not Stated,Not Stated,Diazepam,,51.52988181818182,-0.1471818181818182
W066696,2025-07-15,NW1,Diazepam,bensedin galenika 10mg,White,Tablet,Not Stated,Not Stated,Diazepam,,51.52988181818182,-0.1471818181818182
W066697,2025-07-15,NW1,Nitrazepam,Nitrazepam PVL 5mg accord 5mg,White,Tablet,Not Stated,Not Stated,Nitrazepam,,51.52988181818182,-0.1471818181818182
W066424,2025-07-15,KA11,Street valium,Not Stated,,Tablet,Not Stated,"Relaxed, No Effect",No Active Component Identified,,55.613125,-4.617725
W066667,2025-07-15,SK4,Clonazepam,Galenika Rivotril,White,Tablet,Not Stated,Not Stated,Bromazolam,,53.4191,-2.1812
W066387,2025-07-15,CM14,Diazepam,Diazepam,White,Tablet,Not Stated,Not Stated,Ethylbromazolam,,51.6213,0.3056
W066819,2025-07-17,EU15,Alprazolam,Alprx,White,Tablet,Not Stated,Not Stated,Alprazolam,,,
W066848,2025-07-17,HR6,Chlordiazepoxide,Letap,"Green, Black",Capsule,Oral,"Increased Confidence, Relaxed, Irregular Heartbeat",Chlordiazepoxide,,52.215596363636365,-2.6785654545454545
W066818,2025-07-17,GU13,Lorazepam,Lor2,White,Tablet,Not Stated,Not Stated,Lorazepam,,51.2833,-0.8333
W066705,2025-07-17,EX28,Rlam Alprazolam,Not Stated,White,Tablet,Not Stated,Not Stated,Alprazolam,,50.70541666666667,-3.529533333333333
W066706,2025-07-17,EX28,Clonazepam,Not Stated,White,Tablet,Not Stated,Not Stated,Clonazepam,,50.70541666666667,-3.529533333333333
W066836,2025-07-17,WV39,Diazepam,Not Stated,White,Tablet,Oral,"Increased Confidence, Increased Stamina, Relaxed, Irregular Heartbeat, Memory Loss",Etizolam,,52.5791,-2.1561
W066802,2025-07-17,EH3,Alprazolam,Not Stated,White,Tablet,Not Stated,Not Stated,Alprazolam,,55.9521,-3.1965
W066807,2025-07-17,SK2,Diaepam,Elikem Elipam Diazepam,White,Tablet,Oral,No Effect,Diazepam,,53.3946,-2.1329
W066739,2025-07-17,GU15,Etizolam,Etizolam Neurozol,White,Tablet,Not Stated,Not Stated,Etizolam,,51.337,-0.7426
W066890,2025-07-17,LE85,Valium (Diazepam),Martin Dow Diazepam,Blue,Tablet,Not Stated,Not Stated,Diazepam,,52.54881176470588,-1.0493705882352942
W066817,2025-07-17,GU13,Diazepam,Martin Dow,Blue,Tablet,Oral,"Euphoria, Relaxed, Paranoia",Diazepam,,51.2833,-0.8333
W066814,2025-07-17,SA1,Diazepam,Not Stated,"White, Yellow",Tablet,Oral,"Increased Confidence, Relaxed, Agitation",Diazepam,,51.633979999999994,-3.94848
W066801,2025-07-17,MK42,Clonazepam,Rivotril Galenika,White,Tablet,Not Stated,Not Stated,Clonazepam,,52.1141,-0.4797666666666666
W066675,2025-07-17,WA6,Diazepam,Not Stated,White,Tablet,Oral,Relaxed,Diazepam,,53.26614166666667,-2.732791666666667
W066843,2025-07-17,G52,Diazepam,Martin Dow,"White, Blue",Tablet,Not Stated,Not Stated,Diazepam,,55.8479,-4.3503
000043227,2025-07-17,CF11,Diazepam,Not Stated,Blue,Tablet,Oral,"Euphoria, Relaxed",Ethylbromazolam,,51.48,-3.18
W066785,2025-07-17,YO23,Diazepam,Not Stated,Blue,Tablet,Oral,"Relaxed, Memory Loss, Confusion, Agitation, Depression",Ethylbromazolam,,53.914883333333336,-1.1672333333333331
W066786,2025-07-17,YO23,Diazepam,Diazepam tablets,Blue,Tablet,Oral,"Relaxed, Memory Loss, Confusion, Agitation, Depression",Ethylbromazolam,,53.914883333333336,-1.1672333333333331
W066717,2025-07-17,M18,Klonazepam,Not Stated,Blue,Tablet,Oral,No Effect,Clobromazolam,,53.4667,-2.1667
000231059,2025-07-17,CF83,Valium,MSJ,Blue,Tablet,Oral,Relaxed,Ethylbromazolam,,51.59288333333333,-3.2333833333333337
W066790,2025-07-17,SA4,Diazepam,Not Stated,,Tablet,Not Stated,Not Stated,Diazepam,,51.670225,-4.059125
W065946,2025-07-17,KA31,Valium,Not Stated,White,Tablet,Oral,"Relaxed, Nausea, Vomiting, Paranoia, Memory Loss, Confusion, Loss of consciousness, Agitation, Depression",Clonazolam,,55.64550714285714,-4.502764285714286
W066806,2025-07-17,CV37,Diazepam hemofarm,Hemofarm diazepam,White,Tablet,Not Stated,Not Stated,Diazepam,,52.17773703703704,-1.6896925925925923
W066851,2025-07-17,LL29,Xanax,Not Stated,White,Tablet,Not Stated,Not Stated,Tramadol,,53.283275,-3.6966
W066949,2025-07-21,BB4,Diazepam,Not Stated,Blue,Tablet,Oral,Relaxed,Ethylbromazolam,,53.69772,-2.2986
000234318,2025-07-21,CF11,Clonazepam,Not Stated,White,Tablet,Oral,Not Stated,Clonazepam,,51.48,-3.18
000234317,2025-07-21,CF11,Clonazepam,Not Stated,White,Tablet,Not Stated,Not Stated,Clonazepam,,51.48,-3.18
W066921,2025-07-21,CV1,Xanax,Rlam,White,Tablet,Not Stated,Not Stated,Tramadol,,52.4066,-1.5122
W066990,2025-07-21,BN29,Diazepam,"Sochan Darou Diazepam,",Blue,Tablet,Not Stated,Not Stated,Diazepam,,50.823825,-0.082825
W066937,2025-07-21,CV2,Nitrazepam,Accord,White,Tablet,Not Stated,Not Stated,Nitrazepam,,52.424525,-1.459175
W066227,2025-07-21,NE29,Diazepam elkim Dizpam,Dizopam Elkim elipam Diazepam,White,Tablet,Not Stated,Not Stated,Diazepam,,55.0165,-1.4493
W066918,2025-07-21,KY5,Diazepam,MSM,Blue,Tablet,Oral,No Effect,No Active Component Identified,,56.1493125,-3.285875
W066970,2025-07-21,CV12,Diazepam (Valium)(,Valium,Blue,Tablet,Not Stated,Not Stated,Diazepam,,52.478075,-1.4476
W066938,2025-07-21,CV7,Diazepam,Accord,Blue,Tablet,Not Stated,Not Stated,Diazepam,,52.44593888888889,-1.5487333333333335
W066943,2025-07-21,NE3,Diazepam,Martin Dow Diazepam,Blue,Tablet,Oral,Relaxed,Diazepam,,55.003175,-1.6339
W066748,2025-07-21,SE9,Diazepam 2mg,Diazeoam 2mg,White,,Not Stated,Not Stated,Diazepam,,51.44698000000001,0.0542799999999999
W066939,2025-07-21,OX13,Valium/Miazepam,Diazepam,White,Tablet,Not Stated,Not Stated,Ethylbromazolam,,51.673544444444445,-1.3561166666666666
W066744,2025-07-21,PL27,Bensiden Galenika Diazepam 10mg,Bensiden Gelanika Diazepam 10mg,White,Tablet,Not Stated,Not Stated,Bromazolam,,50.52926363636364,-4.906113636363636
000236115,2025-07-21,CF62,Clonazepam 2mg,Not Stated,White,Tablet,Oral,Relaxed,Clonazepam,,51.4027,-3.37145
W066956,2025-07-21,G12,Valium,"Diazepam, valium martin dow",Blue,Tablet,Oral,Relaxed,Diazepam,,55.8804,-4.3007
W066954,2025-07-21,G12,Valium,Galenika Bensedin,White,Tablet,Oral,Relaxed,Ethylbromazolam,,55.8804,-4.3007
W067015,2025-07-21,BN6,Xanax,Amg Alprazolam (G-gelenika),"White, Blue",Tablet,Oral,No Effect,Alprazolam,,50.92262,-0.14494
W066913,2025-07-21,CF10,Benzodiazepine/valium,Not Stated,Blue,Tablet,Oral,"Relaxed, Memory Loss, Panic Attack, Loss of consciousness",Ethylbromazolam,,51.48,-3.18
W066911,2025-07-21,CF10,Benzodiazapine/valium,Not Stated,Blue,Tablet,Not Stated,Not Stated,Ethylbromazolam,,51.48,-3.18
W066916,2025-07-21,WA7,Diazepam,Dow jones,White,Tablet,Oral,"Empathy, Relaxed",Diazepam,,53.324125,-2.7118
000234942,2025-07-21,CF32,Xanax,Not Stated,White,Tablet,Oral,"Breathlesness, Vomiting, Confusion, Loss of consciousness",Ethylbromazolam,,51.536704166666674,-3.5931333333333337
W066170,2025-07-24,LL53,Xanax,Farmapram Xanax,White,Tablet,Oral,No Effect,Alprazolam,,52.89524166666667,-4.493856666666668
W066942,2025-07-24,ML1,Alprazolam Xanax,Not Stated,White,Tablet,Not Stated,Not Stated,Tramadol,,55.80563333333333,-3.95475
W067007,2025-07-24,ZE10,benzos,Nitrazepam,White,Tablet,Oral,"Euphoria, Increased Confidence, Empathy, Relaxed, Memory Loss, Loss of consciousness",Diazepam,,60.14640000000001,-1.2131857142857143
W067016,2025-07-24,BT1,Diazepam,Not Stated,Yellow,Tablet,Not Stated,Not Stated,Diazepam,,54.5833,-5.9333
W066906,2025-07-24,LE4,Xanax Alprazolam,Rlam,White,Tablet,Not Stated,Not Stated,Tramadol,,52.664566666666666,-1.1087333333333331
W067055,2025-07-24,SR3,Lorazepam,Lorus,White,Tablet,Not Stated,Not Stated,Lorazepam,,54.874233333333336,-1.4153666666666669
W067052,2025-07-24,SW22,Diazepam,Diazepam Almus,Yellow,Tablet,Not Stated,Not Stated,Diazepam,,51.4548,-0.1158
W066950,2025-07-24,CH5,Diazepam,Accord,Blue,Tablet,Oral,Relaxed,Ethylbromazolam,,53.19930000000001,-3.03614
W067110,2025-07-24,CH6,Bromazolam,Not Stated,White,Tablet,Oral,"Euphoria, Relaxed, Paranoia, Confusion, Dizziness",Alprazolam,,53.255125,-3.1489
W066951,2025-07-24,CH5,Clonazepam,Not Stated,White,Tablet,Not Stated,Not Stated,Clonazepam,,53.19930000000001,-3.03614
W067065,2025-07-24,SY21,Xanax,Rlam,White,Tablet,Oral,"Empathy, Relaxed, Memory Loss, Confusion, Loss of consciousness",No Active Component Identified,,52.670813513513515,-3.1976945945945947
W067057,2025-07-24,CM3,Valium,Valium Martin Dow Limited,Blue,Tablet,Not Stated,Not Stated,Diazepam,,51.720659999999995,0.5871850000000001
W067061,2025-07-24,HU6,Alprazolam,Not Stated,White,Tablet,Not Stated,Not Stated,Alprazolam,,53.8011,-0.3714
W067079,2025-07-24,NR15,Diazepam,Bensedin,White,Tablet,Not Stated,Not Stated,Ethylbromazolam,,52.501371428571424,1.2747428571428572
W066984,2025-07-24,DG2,Alprazolam,Not Stated,Blue,Tablet,Not Stated,Not Stated,Alprazolam,,55.0759,-3.6539760869565217
W066228,2025-07-24,NE29,Diazepam,Valium Roche,Blue,Tablet,Not Stated,Not Stated,Diazepam,,55.0165,-1.4493
W066953,2025-07-24,CH5,Xanax,Xanax,White,,Not Stated,Not Stated,Ethylbromazolam,,53.19930000000001,-3.03614
W067006,2025-07-24,SK13,Clonazepam,Clonazepam Alissa,White,Tablet,Not Stated,Not Stated,Clonazepam,,53.4433,-1.949
W066845,2025-07-24,WC1N,Diazepam,MSJ,White,Tablet,Not Stated,No Effect,Bromazolam,,51.5085,-0.1257
W066229,2025-07-24,NE29,Alprax Alprazolam,Alpraz Alprazolam Opsenin,White,Tablet,Not Stated,Not Stated,Alprazolam,,55.0165,-1.4493
W066963,2025-07-24,WN5,Diazepam,Not Stated,Blue,Tablet,Oral,"Increased Confidence, Empathy, Relaxed",Diazepam,,53.497899999999994,-2.7081
W066935,2025-07-24,CV2,Valium,martin Dow,Blue,Tablet,Not Stated,Not Stated,Diazepam,,52.424525,-1.459175
W066760,2025-07-24,MK45,Diazepam,Not Stated,Blue,Tablet,Not Stated,Not Stated,Ethylbromazolam,,52.02854090909091,-0.4638772727272727
W066844,2025-07-24,WC1N,Xanax/Alprazolam,Xanax,White,Tablet,Oral,"Increased Confidence, Relaxed",Ethylbromazolam,,51.5085,-0.1257
W066989,2025-07-24,BN29,Alprazolam,Tehran Darou,Blue,Tablet,Not Stated,Not Stated,Alprazolam,,50.823825,-0.082825
W066962,2025-07-24,WN5,Diazepam,Not Stated,Blue,Tablet,Not Stated,"Increased Confidence, Relaxed",Diazepam,,53.497899999999994,-2.7081
W066994,2025-07-24,SR3,Diaezpam,Accord Diazepam,White,Tablet,Not Stated,Not Stated,Diazepam,,54.874233333333336,-1.4153666666666669
W066895,2025-07-24,EH10,alprazolam,Ksalol,White,Tablet,Not Stated,Not Stated,Bromazolam,,55.91466666666667,-3.2046333333333337
W066996,2025-07-24,S21,Diazepam,Not Stated,White,Tablet,Oral,No Effect,Diazepam,,53.3123,-1.3394
W067089,2025-07-24,B26,JHL Diazepam,Not Stated,Yellow,Tablet,Not Stated,Not Stated,Diazepam,,52.45953333333333,-1.7873333333333334
W067018,2025-07-24,B26,Diazepam,Juhel Juloium JHL,Yellow,Tablet,Not Stated,Not Stated,Diazepam,,52.45953333333333,-1.7873333333333334
W066169,2025-07-24,LL53,xanax,Rlam Xanax,White,Tablet,Oral,No Effect,Alprazolam,,52.89524166666667,-4.493856666666668
W066425,2025-07-24,KA11,Valium,Not Stated,White,Tablet,Not Stated,No Effect,Etizolam,,55.613125,-4.617725
W067019,2025-07-24,B33,Diazepam,JHL Diazepam,Yellow,Tablet,Oral,"Euphoria, Relaxed",Diazepam,,52.4804,-1.7883
W067062,2025-07-24,SY21,Xanax,Green Hulk,Green,Tablet,Oral,"Empathy, Relaxed, Memory Loss, Confusion, Loss of consciousness",Bromazolam,,52.670813513513515,-3.1976945945945947
W067003,2025-07-24,SK13,Clonazepam,Clonazepam Novumgen,White,Tablet,Not Stated,Not Stated,Clonazepam,,53.4433,-1.949
W067130,2025-07-25,GU11,Alprazolam,Galenika Alprazolam,Blue,Tablet,Not Stated,Not Stated,Ethylbromazolam,,51.2484,-0.763
W067114,2025-07-25,LL29,Diazepam,Valium Diazepam,Blue,Tablet,Oral,"Relaxed, Irregular Heartbeat, Nausea, Paranoia, Confusion, Loss of consciousness","Paracetamol, Bromazolam",,53.283275,-3.6966
W067142,2025-07-25,NW1,Diazepam,Accord,Blue,Tablet,Oral,Relaxed,Diazepam,,51.52988181818182,-0.1471818181818182
W067143,2025-07-25,NW1,Clonazepam,Neuraxcpharm,White,Tablet,Oral,"Enhanced Senses, Relaxed, Breathlesness, Memory Loss",Clonazepam,,51.52988181818182,-0.1471818181818182
000231056,2025-07-25,CF83,MSJ Valium,Not Stated,Blue,Tablet,Oral,"Relaxed, Agitation",Ethylbromazolam,,51.59288333333333,-3.2333833333333337
000232900,2025-07-25,NP20,Valium,Not Stated,"White, Blue",Tablet,Not Stated,Not Stated,Ethylbromazolam,,51.5877,-2.9984
W067136,2025-07-25,SR3,Clonazepam,Galenika Rivotril,White,Tablet,Not Stated,Not Stated,Clonazepam,,54.874233333333336,-1.4153666666666669
W067131,2025-07-25,GU15,Diazepam,Martin Dow,Blue,Tablet,Oral,"Euphoria, Increased Confidence, Empathy, Relaxed",Diazepam,,51.337,-0.7426
000230495,2025-07-25,NP20,Valium,Not Stated,White,Tablet,Not Stated,Not Stated,Ethylbromazolam,,51.5877,-2.9984
W067086,2025-07-25,HP4,Diazepam,Not Stated,Blue,Tablet,Not Stated,Not Stated,Alprazolam,,51.774116666666664,-0.56985
W067094,2025-07-25,SW2,Clonazepam Galenika ,Clonazepam,White,Tablet,Not Stated,Not Stated,Clonazepam,,51.4548,-0.1158
W067093,2025-07-25,SW2,Clonazepam,Neuraxpharm,White,Tablet,Not Stated,Not Stated,Clonazepam,,51.4548,-0.1158
W067092,2025-07-25,SW2,Diazepam Accord,Diazepam,Blue,Tablet,Oral,Not Stated,Diazepam,,51.4548,-0.1158
W067135,2025-07-25,SR3,Diazepam,Galeniak bensedin,White,Tablet,Not Stated,Not Stated,No Active Component Identified,,54.874233333333336,-1.4153666666666669
000236879,2025-07-25,CF63,Diazepam,Not Stated,Blue,Tablet,Not Stated,Tiredness,Ethylbromazolam,,51.4172,-3.2614
W067067,2025-07-25,SK12,Martin Dow Diazepam,Not Stated,White,Tablet,Oral,"Euphoria, Increased Confidence, Relaxed",Diazepam,,53.351884210526315,-2.0920947368421055
W067078,2025-07-25,EH7,Diazepam,Diazepam Martin Dow,Blue,Tablet,Not Stated,Not Stated,Diazepam,,55.9521,-3.1965
W067118,2025-07-25,FK8,Street valium,Modfil,White,Tablet,Not Stated,Not Stated,Modafinil,,56.12892702702703,-4.228913513513514
W067121,2025-07-25,FK8,Valium,Not Stated,Blue,Tablet,Oral,No Effect,Diazepam,,56.12892702702703,-4.228913513513514
W067088,2025-07-25,RH5,Alprazolam,Rlam,White,Tablet,Oral,No Effect,Tramadol,,51.190875,-0.345135
W067095,2025-07-25,SW2,Diazepam Galenika,Not Stated,White,Tablet,Not Stated,Not Stated,Diazepam,,51.4548,-0.1158
W067100,2025-07-29,KT6,Eitozolam,Etikem -1,White,Tablet,Not Stated,Not Stated,Etizolam,,51.38595,-0.2898
W067102,2025-07-29,KT6,Diazepam,Accord Diazepam 10mg,Blue,Tablet,Not Stated,Not Stated,Diazepam,,51.38595,-0.2898
W067104,2025-07-29,KT6,Diazepam,Bensedin Galenika 10mg,"White, Blue",Tablet,Not Stated,Not Stated,Diazepam,,51.38595,-0.2898
W067101,2025-07-29,KT6,Diazepam,martin dow (w),Blue,Tablet,Not Stated,Not Stated,Diazepam,,51.38595,-0.2898
W067103,2025-07-29,KT6,Diazepam,martin dow (d),Blue,Tablet,Not Stated,Not Stated,Diazepam,,51.38595,-0.2898
W067178,2025-07-29,CA14,Diazepam 5mg,Not Stated,Yellow,Tablet,Oral,"Euphoria, Increased Confidence, Increased Energy, Relaxed",Bromazolam,,54.630025,-3.50065
W067343,2025-07-29,TN34,Diazepam,Diazepam,White,Tablet,Oral,Relaxed,Diazepam,,50.8552,0.5729
W067217,2025-07-29,NG13,Etizolam,Etizolam 2mg,Red,Tablet,Oral,"Euphoria, Relaxed, Memory Loss, Confusion, Loss of consciousness",Clobromazolam,,52.952565517241375,-0.8941689655172415
W067179,2025-07-29,CA14,Diazepam 10mg,Not Stated,Blue,Tablet,Oral,"Euphoria, Increased Confidence, Increased Energy, Relaxed",Ethylbromazolam,,54.630025,-3.50065
W067198,2025-07-29,SW25,Xanax,Not Stated,White,Tablet,Not Stated,Not Stated,Alprazolam,,51.4548,-0.1158
W067105,2025-07-29,KT6,Diazepam,Martin dow (m),Blue,Tablet,Not Stated,Not Stated,Diazepam,,51.38595,-0.2898
W067309,2025-07-29,NG72,Diazepam,Sedil 5mg,Yellow,Tablet,Not Stated,Not Stated,Diazepam,,52.9536,-1.1505
W067313,2025-07-29,NN3,Rivotril 2mg (clonazepam),Rivotril 2mg,White,Tablet,Not Stated,No Effect,Clonazepam,,52.27582,-0.83308
W067262,2025-07-29,OX13,Diazepam,Elipam 10,White,Tablet,Not Stated,Not Stated,Diazepam,,51.673544444444445,-1.3561166666666666
000233492,2025-07-29,LL55,Diazepam 10mg,Valium (diazepam),White,Tablet,Oral,"Relaxed, Breathlesness, Chest Pains, Irregular Heartbeat, Nausea, Memory Loss, Confusion, Loss of consciousness, Depression, Suicidal Ideation",No Active Component Identified,,53.12915357142857,-4.195053571428572
W067066,2025-07-29,NR1,Diazepam,Diazepam 10mg,Blue,Tablet,Oral,Relaxed,Ethylbromazolam,,52.6271,1.3072
000236707,2025-07-29,SA1,valium,Not Stated,Blue,Tablet,Not Stated,Not Stated,Ethylbromazolam,,51.633979999999994,-3.94848
000236708,2025-07-29,SA1,benzodiazepam,MST,Blue,,Not Stated,Not Stated,Ethylbromazolam,,51.633979999999994,-3.94848
W067196,2025-07-29,NE13,Clonazepam,Clonazepam,White,Tablet,Oral,"Euphoria, Increased Energy, Relaxed","Clonazepam, Alprazolam",,55.0523,-1.6473666666666666
W067202,2025-07-29,RG14,Clonazepam,Clonazepam,White,Tablet,Not Stated,Not Stated,Clonazepam,,51.407383333333335,-1.3243833333333337
W067126,2025-07-29,BL90,Clonazepam,Clonazepam,White,Tablet,Oral,Agitation,Clonazepam,,53.60243333333333,-2.298083333333333
W067422,2025-07-29,CF64,Clonazepam,Rivotril 2mg Klonazepam,White,Tablet,Oral,Relaxed,Bromazolam,,51.42878,-3.21045
W067199,2025-07-29,NE13,Diazepam,Diazepam,Blue,Tablet,Oral,"Euphoria, Increased Confidence, Relaxed",Diazepam,,55.0523,-1.6473666666666666
W067214,2025-07-29,ML14,Clonazepam,Rivotril,White,Tablet,Not Stated,Not Stated,Ethylbromazolam,,55.80563333333333,-3.95475
W067180,2025-07-29,BN6,Diazepam,Valium 10mg Martin dow,Blue,Tablet,Not Stated,Not Stated,"Paracetamol, Diazepam, Bromazolam",,50.92262,-0.14494
W067201,2025-07-29,RG14,Xanax,Xanax,White,Tablet,Oral,Not Stated,Ethylbromazolam,,51.407383333333335,-1.3243833333333337
W067223,2025-07-30,NN3,Clonazepam,Clonazepam rivotril 2mg,White,Tablet,Oral,No Effect,Clonazepam,,52.27582,-0.83308
W067218,2025-07-30,NG13,Xanax (alprazolam),Alprazolam 2mg,White,Tablet,Oral,"Euphoria, Empathy, Relaxed, Memory Loss, Loss of consciousness",Ethylbromazolam,,52.952565517241375,-0.8941689655172415
W067355,2025-07-30,M19,Clonazepam,Rivotril,White,Tablet,Not Stated,Not Stated,Ethylbromazolam,,53.4327,-2.1997
W067454,2025-08-01,G320,Diazepam,Valium/diazepam Martin dow,Blue,Tablet,Oral,"Relaxed, Depression, Headache","Paracetamol, Bromazolam",,55.85,-4.1833
W067404,2025-08-01,M287,Valium Diazepam,Valium Diazepam 10mg Tablet,Blue,Tablet,Oral,"Relaxed, Panic Attack",Diazepam,,53.50606666666667,-2.3990666666666667
W067333,2025-08-01,RG12,Alprazolam 2mg,Alpraxo x r2 odsmin,White,Tablet,Oral,"Increased Confidence, Relaxed, Memory Loss, Panic Attack",Alprazolam,,51.4007,-0.7635
W067421,2025-08-01,RM13,Diazepam,Galenika Bensedin Diazepam,White,Tablet,Not Stated,Not Stated,Ethylbromazolam,Bromazolam,51.5223,0.1936999999999999
W067432,2025-08-01,SA43,Rivotril Clonazepam,Rivotril Clonazepam,White,Tablet,Oral,"Euphoria, Increased Confidence, Relaxed, Irregular Heartbeat, Paranoia",Clonazepam,,52.07603076923077,-4.6376
W067446,2025-08-01,G83,Diazepam,Diazepam teva 5mg,Yellow,Tablet,Not Stated,Not Stated,No Active Component Identified,,56.03989166666666,-4.6006583333333335
W067414,2025-08-01,CF14,Lorazepam,Elikem Lor-2 Lorazepam,White,Tablet,Not Stated,Not Stated,Lorazepam,,51.5199,-3.204
W067194,2025-08-01,CA7,Tramadol/diazepam,Tramadol,"Green, Yellow",Capsule,Not Stated,"Increased Energy, Increased Confidence, Enhanced Senses, Increased Strength, Relaxed, Chest Pains, Irregular Heartbeat, Panic Attack, Insomnia, Depression, Suicidal Ideation",Tramadol,,54.80357826086957,-3.161617391304348
W067364,2025-08-01,CV9,Valium diazepam,Martin dow 10mg valium diazepam,Blue,Tablet,Oral,"Euphoria, Increased Energy, Relaxed",Diazepam,,52.593988888888894,-1.561288888888889
W067409,2025-08-01,HP22,Clonazepam,Galenika 2mg,White,Tablet,Oral,Relaxed,"Clonazepam, Diazepam",,51.83288095238095,-0.786652380952381
W067083,2025-08-01,SA3,Benzodiazepine,Clonazepam,White,Tablet,Oral,"Relaxed, Memory Loss",Clonazepam,,51.59142222222222,-4.136385185185185
W067378,2025-08-01,CT7,Diazepam 10mg,Accrod Diazepam,Blue,Tablet,Oral,Not Stated,Bromazolam,,51.355725,1.276925
W067413,2025-08-01,SE1,Xanax,Not Stated,Blue,Tablet,Not Stated,Not Stated,Alprazolam,,51.49874615384616,-0.0930384615384615
W067423,2025-08-01,TN16,Diazepam,Diazepam,Yellow,Tablet,Not Stated,Not Stated,Diazepam,,51.2871,0.0597833333333333
W067216,2025-08-05,KT4,Diazepam,Galenika Bensedin 10mg,White,Tablet,Not Stated,Not Stated,Bromazolam,,51.38995,-0.2472
W067525,2025-08-05,E2,Valium,Diazepam,,,Not Stated,Not Stated,Diazepam,,51.5386,-0.055525
W067526,2025-08-05,E2,Xanax,Alprazolam,White,Tablet,Not Stated,Not Stated,Tramadol,,51.5386,-0.055525
W067484,2025-08-05,NW1,Diazepam,Diazepam,Blue,Tablet,Oral,Relaxed,Diazepam,,51.52988181818182,-0.1471818181818182
W067439,2025-08-05,EC1,Xanax,Xanax 2,White,Tablet,Oral,Memory Loss,Caffeine,Clobromazolam,51.52320909090909,-0.1055181818181818
W067546,2025-08-05,SR20,Diazepam,bensedin galenika Diazepam,White,Tablet,Not Stated,Not Stated,Bromazolam,,54.8792,-1.37365
W067606,2025-08-05,EH54,Clonazepam 2mg,Cloazepam 2mg,White,Tablet,Oral,"Increased Confidence, Empathy, Relaxed",Clonazepam,,55.9029,-3.5226
W067521,2025-08-05,PL22,Diazepam,Diazepam,Blue,Tablet,Not Stated,"Relaxed, Depression",Ethylbromazolam,,50.39221111111111,-4.640277777777778
W067530,2025-08-05,NE35,Valium,Bensedin 10mg,White,Tablet,Not Stated,Not Stated,Diazepam,,54.9503,-1.469
W067388,2025-08-05,TR13,10mg Diazepam,Diazepam 10mg,White,Tablet,Oral,"Increased Energy, Increased Confidence, Increased Stamina, Relaxed",Diazepam,,50.11412307692308,-5.283953846153846
W067568,2025-08-05,E8,Xanax,rlam-alprazolam,White,Tablet,Not Stated,Not Stated,Tramadol,,51.548,-0.0629
000233071,2025-08-05,PH1,valium,Accord valium,Blue,Tablet,Oral,"Empathy, Relaxed",Diazepam,,56.43174736842105,-3.4980552631578945
000236710,2025-08-05,CF10,valium,Not Stated,White,Tablet,Not Stated,Not Stated,Diazepam,,51.48,-3.18
W067574,2025-08-05,BS3,Etizolam,Not Stated,Pink,Tablet,Not Stated,Not Stated,Clobromazolam,,51.4552,-2.5966
W067425,2025-08-05,CF62,Diazepam,Diazepam,Pink,Tablet,Oral,Relaxed,Diazepam,,51.4027,-3.37145
W067480,2025-08-05,CF23,Alprazolam,Alprazolam,White,Powder,Oral,"Relaxed, Confusion",xylazine,,51.5144,-3.1545
W067487,2025-08-05,BT61,Diazepam,Diazepam,Blue,Tablet,Not Stated,Not Stated,"MDMA, Ethylbromazolam",,54.3889,-6.605583333333333
W067483,2025-08-05,NW1,Diazepam,Diazepam,Blue,Tablet,Oral,Relaxed,Diazepam,,51.52988181818182,-0.1471818181818182
000233075,2025-08-05,KA1,Valium,Diazepam,Blue,Tablet,Oral,Relaxed,Diazepam,,55.56470000000001,-4.504609090909091
W067536,2025-08-05,LS2,Alprazolam 1mg,Galenika Alprazolam 1mg,Blue,Tablet,Not Stated,Not Stated,Bromazolam,Rilmazafone,53.7965,-1.5478
W067031,2025-08-05,NP19,Diazepam,Not Stated,White,Tablet,Oral,"Euphoria, Relaxed",Diazepam,,51.5888,-2.9638
W067473,2025-08-05,AB12,Diazepam,Bensedin Galenika 10mg,White,Tablet,Oral,"No Effect, Relaxed",Bromazolam,,57.1437,-2.0981
W067366,2025-08-05,BS5,Alprazolam,Alrax Xr 2mg,,Tablet,Not Stated,Not Stated,No Active Component Identified,,51.462,-2.5519
W067426,2025-08-05,CH42,Xanax Alprazolam,Not Stated,White,Tablet,Oral,"Enhanced Senses, Relaxed, Memory Loss, Agitation",Alprazolam,,53.378899999999994,-3.0139666666666667
W067535,2025-08-05,TN34,Valium,Valium,Blue,Tablet,Oral,Relaxed,Diazepam,,50.8552,0.5729
W067306,2025-08-05,WC1,Diazepam 10mg,Diazepam terapia comprimate,White,Tablet,Oral,No Effect,No Active Component Identified,,51.525485714285715,-0.1222999999999999
W067450,2025-08-05,AB16,Nitrazepam,Nitrabit 10,White,,Oral,"Relaxed, Loss of consciousness",Nitrazepam,,57.16,-2.1567
W067518,2025-08-05,TN16,Diazepam,Accord,Yellow,Tablet,Not Stated,Not Stated,Diazepam,,51.2871,0.0597833333333333
000232541,2025-08-05,G4,Valium,Not Stated,White,Tablet,Not Stated,"Relaxed, Nausea, Confusion",Clonazolam,,55.8651,-4.2576
W067506,2025-08-05,NR33,Daizepam,Diazepam Accord,Blue,Tablet,Not Stated,Not Stated,Ethylbromazolam,,52.439275,1.7061875
W067463,2025-08-05,NE84,Blues,Not Stated,White,Tablet,Not Stated,Not Stated,Diazepam,,54.9621,-1.6017
W067607,2025-08-07,E11,Clonazepam,Clonazepam (celix),White,Tablet,Not Stated,Not Stated,Clonazepam,,51.57656666666667,0.0171666666666666
W067604,2025-08-07,SA15,Clonazepam,Clonazepam,White,Tablet,Oral,"Euphoria, Relaxed",Clonazepam,,51.74003,-4.187250000000001
W067673,2025-08-07,TS23,Diazepam,Diazepam,Blue,Tablet,Oral,Not Stated,Ethylbromazolam,,54.596666666666664,-1.2684
W067502,2025-08-07,RG12,valium,Martin dow,White,Tablet,Oral,Relaxed,Diazepam,,51.4007,-0.7635
W067503,2025-08-07,RG12,Valium,martin Dow,White,Tablet,Oral,Relaxed,Diazepam,,51.4007,-0.7635
W067602,2025-08-07,CF44,Diazepam,Valium diazepam,Blue,Tablet,Oral,"Increased Confidence, Increased Energy, Enhanced Senses, Relaxed, Paranoia, Insomnia",Diazepam,,51.7327125,-3.48293125
W067619,2025-08-07,SW22,Diazepam 5mg tablet,Diazepam 5mg tablet teva,Yellow,Tablet,Not Stated,Not Stated,Diazepam,,51.4548,-0.1158
W067572,2025-08-07,HX39,10mg Nitrazepam,10mg Nitrazepam,White,Tablet,Not Stated,Not Stated,Nitrazepam,,53.72608333333333,-1.8416
000235467,2025-08-07,NP24,Daizepam,Diazepam,,Tablet,Oral,Relaxed,Bromazolam,,51.7205,-3.2413
W067592,2025-08-07,EH54,Diazepam,Elikem Elipum 10,White,Tablet,Oral,Not Stated,Diazepam,,55.9029,-3.5226
W067642,2025-08-07,BN32,valium,Diazepam valium,Blue,Tablet,Oral,Not Stated,Diazepam,,50.836725,-0.179625
W067580,2025-08-07,RM13,Diazepam,Accord Diazepam,Yellow,Tablet,Not Stated,Not Stated,Diazepam,,51.5223,0.1936999999999999
W067600,2025-08-07,NE16,Xanax Alprazolam,Not Stated,Yellow,Tablet,Not Stated,Not Stated,"Etizolam, Alprazolam",,54.930483333333335,-1.69105
W067583,2025-08-07,WV6,Diazepam 10mg,Diazepam 10mg Accord,Blue,Tablet,Not Stated,Not Stated,Diazepam,,52.59424545454545,-2.2206454545454544
W067579,2025-08-07,RM13,Clonazepam,galenika Rivotril Klonazepam,White,Tablet,Not Stated,Not Stated,Ethylbromazolam,,51.5223,0.1936999999999999
W067569,2025-08-07,S427,Diazepam,Diazepam 10mg,White,Tablet,Not Stated,Not Stated,Diazepam,,53.21066,-1.4471733333333332
W067584,2025-08-07,WV6,Diazepam 10mg,Diazepam accord,Blue,Tablet,Not Stated,Not Stated,Diazepam,,52.59424545454545,-2.2206454545454544
W067611,2025-08-07,EH54,Diazepam 10mg,Diazepam 10mg,Blue,Tablet,Oral,"Increased Confidence, Empathy, Relaxed, Anxiety",Ethylbromazolam,,55.9029,-3.5226
W067557,2025-08-07,TA2,Ksaol Alprazolam,Ksalol Alprazolam,"White, Blue",Tablet,Oral,Relaxed,Alprazolam,,51.04662,-3.08832
W067696,2025-08-12,SA1,Clonazepam 2mg,Clonazepam 2mg,White,Tablet,Oral,"Euphoria, Increased Energy, Enhanced Senses, Auditory Hallucinations, Visual Hallucinations, Memory Loss, Confusion, Panic Attack, Depression",Clonazepam,,51.633979999999994,-3.94848
W067806,2025-08-12,CM23,Alprazolam,rlam-1,White,Tablet,Not Stated,Not Stated,Tramadol,,51.89539,0.15618
W067704,2025-08-12,FK5,Diazepam,Diazepam,White,Tablet,Oral,"Euphoria, Increased Confidence, Increased Stamina, Relaxed",Caffeine,Amphetamine,56.0258,-3.823525
000234320,2025-08-12,CF11,Diazepam,Teva,Blue,Tablet,Oral,"Euphoria, Increased Confidence, Relaxed, Memory Loss, Confusion, Suicidal Ideation",Diazepam,,51.48,-3.18
W067706,2025-08-12,NE66,Benzo,bensedin,White,Tablet,Not Stated,Not Stated,Diazepam,,55.419943396226415,-1.7907415094339625
W067739,2025-08-12,KT4,Diazepam,galenika Bensedin,White,Tablet,Oral,Relaxed,Diazepam,,51.38995,-0.2472
W067731,2025-08-12,OX25,Diazepam,Diazepam,Blue,Tablet,Not Stated,Not Stated,Diazepam,,51.9,-1.1536
W067632,2025-08-12,SW25,Alprazolam (xanax),Alpraolam,Green,Tablet,Not Stated,Not Stated,Alprazolam,,51.4548,-0.1158
W067844,2025-08-12,KY1,valium (diazepam),valium (martin dow),Blue,Tablet,Oral,Euphoria,Diazepam,,56.1345,-3.121411111111111
W067612,2025-08-12,SR3,Diazepam,Accord 10mg Diazepam,Blue,Tablet,Not Stated,Not Stated,Diazepam,,54.874233333333336,-1.4153666666666669
W067541,2025-08-12,YO23,Xanax,Xanax,White,Tablet,Not Stated,Not Stated,Ethylbromazolam,,53.914883333333336,-1.1672333333333331
W067629,2025-08-12,L828,Diazepam,Diazepam,Orange,,Not Stated,No Effect,Diazepam,,,
W067628,2025-08-12,LS28,Diazepam,Diazepam,Yellow,Tablet,Oral,"Increased Confidence, Relaxed, Panic Attack, Depression, Suicidal Ideation",Diazepam,,53.81066666666667,-1.6737
000235416,2025-08-12,LD1,Daizepam,Diazepam tablet,White,Tablet,Oral,Relaxed,Diazepam,,52.2618,-3.3257903225806453
000042269,2025-08-12,NP22,Diazepam,Not Stated,Pink,Tablet,Not Stated,"Relaxed, Paranoia",Diazepam,,51.7725,-3.2468
W067648,2025-08-12,CF44,Diazepam,valium,Blue,Tablet,Oral,"No Effect, Relaxed",Diazepam,,51.7327125,-3.48293125
W067691,2025-08-12,GU15,Diazepam 10mg,martin dow,Blue,Tablet,Oral,"Euphoria, Empathy, Relaxed",Diazepam,,51.337,-0.7426
000235577,2025-08-12,NP12,valium,valium,Blue,Tablet,Oral,Not Stated,Ethylbromazolam,,51.6678,-3.2075
W067664,2025-08-12,CR2,Diazepam,Diazepam,White,Tablet,Not Stated,Not Stated,Diazepam,,51.3359,-0.0778
W067663,2025-08-12,CR2,Diazepam,Diazepam,White,Tablet,Not Stated,Not Stated,Diazepam,,51.3359,-0.0778
W067676,2025-08-12,OX49,Clonazepam 2mg,Clonazepam tablet,White,Tablet,Oral,"Euphoria, Increased Confidence, Enhanced Senses, Empathy, Relaxed",Clonazepam,,51.6433,-1.0045
W067811,2025-08-12,G13,Diazepam,Not Stated,Blue,Tablet,Oral,"Relaxed, Memory Loss, Confusion",Ethylbromazolam,,55.8935,-4.348
W067516,2025-08-12,PE2,Diazepam,Galenika Bensedin,White,Tablet,Not Stated,Not Stated,Ethylbromazolam,,52.55525,-0.2665666666666667
W067716,2025-08-12,SO50,Diazepam,Not Stated,Yellow,Tablet,Not Stated,"Relaxed, Memory Loss",Diazepam,,50.9627,-1.3284714285714287
W067720,2025-08-12,CF03,Diazepam,Diazepam,White,,Oral,Not Stated,Diazepam,,,
W067719,2025-08-12,CF63,Diazepam,Diazepam,White,Tablet,Not Stated,Not Stated,Alprazolam,,51.4172,-3.2614
W067894,2025-08-14,BT47,Clonazepam,Galenika Rivotril Klonazepam 2mg,Yellow,Tablet,Not Stated,"Euphoria, Relaxed",Clonazepam,,54.94983333333333,-7.084177777777778
W067867,2025-08-14,BN2,Diazepam,Diazepam,White,Tablet,Not Stated,Not Stated,Diazepam,,50.823825,-0.082825
W067892,2025-08-14,BT47,Alprazolam,Gelanika alprazolam 1mg,Yellow,Tablet,Oral,Euphoria,Alprazolam,,54.94983333333333,-7.084177777777778
W067834,2025-08-14,BL6,Clonazepam,Clonazepam,,,Not Stated,Not Stated,Clonazepam,,53.608,-2.5757
W067647,2025-08-14,YO10,Lorazepam,Lorazepam Newodelm-2,Yellow,Tablet,Not Stated,Not Stated,Lorazepam,,53.9576,-1.0827
W067815,2025-08-14,SW65,MSJ Diazepam,10mg MSJ Diazepam,Blue,Tablet,Oral,"Euphoria, Relaxed",Bromazolam,,51.4803,-0.1993
W067890,2025-08-14,BN13,Diazepam,Diazepam,White,Tablet,Oral,Relaxed,No Active Component Identified,,50.8387,-0.42806
W067839,2025-08-14,RM7,Valium/ diazepam,Sedil Diazepam 5mg,White,Tablet,Oral,Not Stated,Diazepam,,51.5602,0.1792
W067876,2025-08-14,TN34,Diazepam,Diazepam,White,Tablet,Oral,Relaxed,Diazepam,,50.8552,0.5729
W067840,2025-08-14,RM7,Clonazepam,Clonazepam tablet IP2mg Rnaze-2,White,Tablet,Oral,"Anxiety, Relaxed",Clonazepam,,51.5602,0.1792
W067738,2025-08-14,KT6,Diazepam,Bensedin 10mg,White,Tablet,Oral,Relaxed,Diazepam,,51.38595,-0.2898
000234319,2025-08-14,CF11,Diazepam,teva,Blue,Tablet,Oral,"Euphoria, Increased Confidence, Relaxed, Memory Loss, Confusion",Diazepam,,51.48,-3.18
000236877,2025-08-14,CF64,benzo,Not Stated,White,Tablet,Not Stated,Not Stated,Oxymetholone,,51.42878,-3.21045
W068014,2025-08-19,SW2,Diazepam 5mg,Accord,Yellow,,Oral,Not Stated,Diazepam,,51.4548,-0.1158
000231270,2025-08-19,SY23,Diazepam 10mg,Diazepam 10mg,Blue,Tablet,Oral,Not Stated,Ethylbromazolam,,52.34458541666667,-3.9885
W067711,2025-08-19,EH1,Diazepam,Not Stated,White,Tablet,Not Stated,Not Stated,Bromazolam,,55.9521,-3.1965
W067924,2025-08-19,W9,Diazepam amrtin dow,Martin dow,Blue,Tablet,Oral,"Euphoria, Increased Confidence, Relaxed",Diazepam,,51.52442,-0.18458
W067901,2025-08-19,B26,Alprazolam/ xanax,Teva 2mg Alprazolam,Blue,Tablet,Not Stated,Not Stated,Alprazolam,,52.45953333333333,-1.7873333333333334
W067900,2025-08-19,B26,Teva Alprazolam / xanax,Teva 2mg alprazolam,Blue,Tablet,Not Stated,Not Stated,Alprazolam,,52.45953333333333,-1.7873333333333334
W068010,2025-08-19,B26,Midazolam 7.5mg,Biopharma Benquil midazolam,White,Tablet,Not Stated,Not Stated,Midazolam,,52.45953333333333,-1.7873333333333334
W068008,2025-08-19,SW2,Diazepam 5mg Accord ,Not Stated,,Capsule,Oral,Not Stated,Diazepam,,51.4548,-0.1158
000236713,2025-08-19,SA1,Xanax,Not Stated,Yellow,,Not Stated,Loss of consciousness,Alprazolam,,51.633979999999994,-3.94848
000236107,2025-08-19,CF62,Nitrazepam,Nitrazepam,White,Tablet,Not Stated,Not Stated,Nitrazepam,,51.4027,-3.37145
000236105,2025-08-19,CF62,Alprazolam ,Ksalol,Blue,Tablet,Not Stated,Not Stated,Ethylbromazolam,Bromazolam,51.4027,-3.37145
000030583,2025-08-19,NP23,MSJ,MSJ,Blue,Tablet,Oral,Not Stated,Ethylbromazolam,Bromazolam,51.7771,-3.2079
000234321,2025-08-19,CF10,Clonazepam,Clonazepam Novumgen,White,Tablet,Not Stated,Not Stated,Clonazepam,,51.48,-3.18
W068012,2025-08-19,B26,Alprazolam Xr 2mg / xanax,Opsonin alprax 2xr Alprazolam,Yellow,Tablet,Not Stated,Not Stated,Alprazolam,,52.45953333333333,-1.7873333333333334
000233494,2025-08-19,LL55,Xanax,Not Stated,White,Tablet,Oral,Not Stated,Ethylbromazolam,,53.12915357142857,-4.195053571428572
W068005,2025-08-19,SR20,Diazepam,Martin dow valium,Blue,Tablet,Not Stated,Not Stated,Diazepam,,54.8792,-1.37365
W067855,2025-08-19,CH5,Diazepam,Diazepam,Brown,Tablet,Not Stated,Not Stated,Bromazolam,,53.19930000000001,-3.03614
000234323,2025-08-19,CF11,Clonazepam,Clonazepam Novumgen,White,Tablet,Not Stated,Not Stated,Clonazepam,,51.48,-3.18
W067854,2025-08-19,HX1,Lorazepam,Lorazepam,Blue,Tablet,Not Stated,Not Stated,Lorazepam,,53.7167,-1.85
W067869,2025-08-19,CF44,Diazepam,valium,Blue,Tablet,Oral,"No Effect, Increased Confidence, Auditory Hallucinations, Relaxed, Loss of consciousness",Diazepam,,51.7327125,-3.48293125
W067902,2025-08-19,TN16,Diazepam,Diazepam Centrafarm,Yellow,Tablet,Not Stated,Not Stated,Diazepam,,51.2871,0.0597833333333333
W067884,2025-08-19,SK4,Clonazepam,Galenika Rivotril,White,Tablet,Not Stated,Not Stated,Clonazepam,,53.4191,-2.1812
W067885,2025-08-19,SK4,Clonazepam,Klozaps,White,Tablet,Not Stated,Not Stated,Clonazepam,,53.4191,-2.1812
W067904,2025-08-19,SK13,Xanax,Viatris Xanax 0.5mg,Pink,Tablet,Not Stated,Not Stated,Alprazolam,,53.4433,-1.949
100004502,2025-08-19,CF10,MSJ,MSJ,Blue,Tablet,Oral,"Relaxed, Memory Loss",Ethylbromazolam,,51.48,-3.18
W067718,2025-08-19,SG17,Lorazepam,Lores,White,Tablet,Not Stated,Not Stated,Lorazepam,,52.03746,-0.3404399999999999
W067930,2025-08-19,TW2,Diazepam ,Diazepam,Blue,Tablet,Not Stated,Not Stated,Bromazolam,,51.4454,-0.3297
W067975,2025-08-19,SY21,Xanax,Rlam 1mg Xanax,White,Tablet,Oral,No Effect,Tramadol,,52.670813513513515,-3.1976945945945947
W067979,2025-08-19,SW19,Alprazolam ,"Alprazolam, Ksalol Gelenika",Blue,Tablet,Oral,Relaxed,Ethylbromazolam,,51.42343333333333,-0.1973333333333333
000235386,2025-08-19,NP23,Diazepam,MSJ,White,Tablet,Oral,"Euphoria, Increased Confidence, Enhanced Senses, Increased Libido, Irregular Heartbeat, Relaxed, Memory Loss, Confusion, Loss of consciousness, Insomnia, Depression, Suicidal Ideation",No Active Component Identified,,51.7771,-3.2079
W067976,2025-08-19,SY21,6mg Xanax,Red devil xanax,Red,Tablet,Oral,"Increased Confidence, Relaxed, Memory Loss, Panic Attack, Agitation",Caffeine,Clobromazolam,52.670813513513515,-3.1976945945945947
W068130,2025-08-20,RG1,Xanax,Xanax Ksalol,White,Tablet,Not Stated,"Euphoria, No Effect",Ethylbromazolam,,51.4563,-0.9711
W068024,2025-08-20,SE12,Aprazolam,Galenika Ksalol,Blue,Tablet,Not Stated,Not Stated,Alprazolam,,51.44480000000001,0.0209
W068128,2025-08-20,RS1,Valium,Kern Prodes valium,Blue,Tablet,Oral,"Euphoria, No Effect",Ethylbromazolam,,,
W068129,2025-08-20,RG1,Xanax Ksasol,Xanax Ksasol,Blue,Tablet,Not Stated,Euphoria,Bromazolam,,51.4563,-0.9711
W067946,2025-08-20,AB53,5m Diazepam,Not Stated,Orange,Tablet,Not Stated,Not Stated,Diazepam,,57.52383064516129,-2.390117741935484
W068023,2025-08-20,SE12,Diazepam ,galenika Bensedin,White,Tablet,Not Stated,Not Stated,Diazepam,,51.44480000000001,0.0209
W068025,2025-08-20,SE12,Clonazepam,Galenika Rivotril,White,Tablet,Not Stated,Not Stated,"Paracetamol, Bromazolam",,51.44480000000001,0.0209
W068057,2025-08-20,YO26,valium/Diazepam 10mg,Valium/Diazepam 10mg,Blue,Tablet,Not Stated,Not Stated,Diazepam,,53.9666,-1.1939666666666666
W068106,2025-08-20,TR2,valium 10mg,Valium 10mg,Blue,Tablet,Not Stated,Not Stated,Ethylbromazolam,,50.22666071428572,-4.961603571428571
W067925,2025-08-20,SW19,Aran pharma 1mg alprazolam,Aran pharam alprazolam 1mg ,White,Tablet,Oral,No Effect,No Active Component Identified,,51.42343333333333,-0.1973333333333333
W068068,2025-08-20,BT5,Diazepam,Diazepam,Blue,Tablet,Not Stated,Not Stated,Diazepam,,54.58087142857143,-5.875314285714286
W068102,2025-08-20,CT5,Diazepam,Diazepam,Blue,Tablet,Not Stated,Relaxed,Diazepam,,51.3565,1.0400142857142858
W067934,2025-08-20,WE29,Ativan phizer (lorazepam) 2mg,Ativan (lorazepam)Phizer pharamls 2mg,White,Tablet,Not Stated,Not Stated,Lorazepam,,,
000233843,2025-08-20,NP20,Diazepam,Diazepam Valium,Blue,Tablet,Oral,Not Stated,Diazepam,,51.5877,-2.9984
W068103,2025-08-20,SA11,valium,Not Stated,Blue,Tablet,Not Stated,Not Stated,Ethylbromazolam,,51.70800714285714,-3.6944071428571426
000042271,2025-08-20,WP22,Diazepam 5mg,Acord Diazepam 5mg,Yellow,Tablet,Oral,Relaxed,Diazepam,,,
W067933,2025-08-20,NE29,"Sidil, Diazepam 5mg","Sidil (diazepam) 5mg, Sqaure pharamacuticals",Pink,Tablet,Not Stated,Not Stated,Diazepam,,55.0165,-1.4493
W068097,2025-08-20,GU15,Diazepam,Etlim Diazepam 10mg,White,Tablet,Not Stated,Not Stated,Diazepam,,51.337,-0.7426
W068101,2025-08-20,N19,Xanax,Ksalol,White,Tablet,Not Stated,Not Stated,Bromazolam,,51.5649,-0.1351
W067833,2025-08-20,BL6,diazepam/Valium,Diazepam,Yellow,Tablet,Not Stated,Not Stated,Diazepam,,53.608,-2.5757
W067733,2025-08-20,CH61,Fluprazolam,Not Stated,White,Tablet,Not Stated,Not Stated,Alprazolam,,53.36262000000001,-3.1188
W068051,2025-08-20,SS91,Sedil 5mg (diazepam BP 5mg),Not Stated,"White, Yellow",Tablet,Oral,"Increased Confidence, Relaxed, Memory Loss, Confusion, Depression",Diazepam,,51.54885,0.65005
W068050,2025-08-20,SS91,bensedin 10mg (diazepam),Not Stated,White,Tablet,Oral,"Relaxed, Paranoia, Memory Loss, Confusion, Agitation, Insomnia, Depression",Diazepam,,51.54885,0.65005
W068017,2025-08-20,SW22,Diazepam 5mg tablet,Diazepam 4mg tablet teva,Yellow,Tablet,Not Stated,Not Stated,Diazepam,,51.4548,-0.1158
W068052,2025-08-20,SS91,Valum 10mg (diazepam),Not Stated,Blue,Tablet,Oral,"Increased Confidence, Relaxed, Memory Loss, Confusion, Depression",Diazepam,,51.54885,0.65005
W068095,2025-08-20,GG15,Clonazepam,Rnazez clnazepam 2,White,Tablet,Not Stated,Not Stated,Clonazepam,,,
W068054,2025-08-20,OX49,1mg Xanax,ksalol 1m alprazolam,Blue,Tablet,Not Stated,Not Stated,Alprazolam,,51.6433,-1.0045
W068073,2025-08-20,AL5,Diazepam,Valium Accord ,Blue,Tablet,Not Stated,Not Stated,Ethylbromazolam,,51.8168,-0.3571
W068053,2025-08-20,OX49,1mg Xanax,Ksalol 1mg Alprazolam,Blue,Tablet,Not Stated,Not Stated,Alprazolam,,51.6433,-1.0045
W068060,2025-08-20,BS26,Alprazolam,Rlam-1 1mg batch no.21556,White,Tablet,Oral,No Effect,Tramadol,,51.27546153846154,-2.867269230769231
W068039,2025-08-20,SE18,Alprazolam,Alprazolam,Blue,,Not Stated,Not Stated,Ethylbromazolam,,51.48716666666667,0.0740666666666666
W068038,2025-08-20,SE18,Alprazolam,Alprazolam,White,,Not Stated,Not Stated,Tramadol,,51.48716666666667,0.0740666666666666
W068172,2025-08-21,SY10,etizolam,Not Stated,Red,Tablet,Not Stated,Not Stated,Clobromazolam,,52.83394150943396,-3.1469735849056604
W068190,2025-08-21,PL14,benzo,Not Stated,White,Tablet,Oral,Not Stated,Codeine,,50.46451290322581,-4.464809677419355
W068108,2025-08-21,G83,Diazepam,Diazepam accord,Yellow,Tablet,Not Stated,Not Stated,Diazepam,,56.03989166666666,-4.6006583333333335
W068182,2025-08-21,SW11,Diazepam,Diazepam,White,Tablet,Not Stated,Not Stated,Hydroxyzine,,51.469166666666666,-0.1619333333333333
W068126,2025-08-21,LL11,Ksalol,ksalol,Blue,Tablet,Not Stated,Not Stated,Alprazolam,,53.064506666666674,-3.052973333333333
W068148,2025-08-21,SG1,Diazepam 10mg,Valium Diazepam 10mg,Blue,Tablet,Oral,"Relaxed, Irregular Heartbeat, Nausea, Memory Loss, Loss of consciousness, Confusion, Depression, Insomnia, Suicidal Ideation",Diazepam,,51.9022,-0.2026
W068133,2025-08-21,RM15,Diazepam,Diazepam,Yellow,Tablet,Oral,Not Stated,Diazepam,,51.50395,0.2674999999999999
W066240,2025-08-21,TS8,Accord 10mg Diazepam,Accord 10mg Diazepam,Blue,Tablet,Oral,"Euphoria, Relaxed",Ethylbromazolam,,54.51546,-1.24278
W068030,2025-08-21,RG14,Diazepam,Actavis,Blue,Tablet,Oral,Not Stated,Diazepam,,51.407383333333335,-1.3243833333333337
W068165,2025-08-21,CW9,valium,bensedin,White,,Not Stated,Not Stated,Diazepam,,53.264406666666666,-2.5003200000000003
W067896,2025-08-21,KT4,Diazepam,Galenika Bensedin 10mg,White,Tablet,Not Stated,Not Stated,Ethylbromazolam,,51.38995,-0.2472
W068132,2025-08-21,BS5,Alprazolam,Alprax xr2,Yellow,Tablet,Not Stated,Not Stated,Alprazolam,,51.462,-2.5519
W068193,2025-08-26,PE3,Diazepam,"Diazepam, valium",Blue,Liquid,Not Stated,Not Stated,Diazepam,,52.567,-0.283
000234739,2025-08-26,CF72,Diazepam,Diazepam 10mg,Blue,Tablet,Not Stated,Not Stated,Ethylbromazolam,,51.530146153846154,-3.408415384615384
W068227,2025-08-26,NR31,Clonazepam 2mg,Clonazepam 2mg,White,Tablet,Not Stated,Not Stated,Clonazepam,,52.572785714285715,1.7042857142857142
W068204,2025-08-26,DL12,Diazepam,Valium,Blue,Tablet,Oral,Relaxed,Diazepam,,54.560157142857136,-1.9837321428571428
100004503,2025-08-26,BT51,Diazepam,Martin dow Diazepam,Blue,Tablet,Oral,"Euphoria, Increased Libido",Diazepam,,55.064172727272734,-6.6975181818181815
W068205,2025-08-26,DL12,Diazepam,Not Stated,Blue,Tablet,Oral,"Euphoria, Confusion",Bromazolam,,54.560157142857136,-1.9837321428571428
W068143,2025-08-26,GU14,diazepam,Elikem,White,Tablet,Oral,Not Stated,Diazepam,,51.2955,-0.7908
W068144,2025-08-26,GU14,Diazepam,valiu (diazepam),Blue,Tablet,Oral,Not Stated,Diazepam,,51.2955,-0.7908
W068239,2025-08-26,RG31,valium Diazepam,valium,Blue,Tablet,Oral,Relaxed,Diazepam,,51.4513,-1.046266666666667
W068118,2025-08-26,SA11,valium,Not Stated,Blue,Tablet,Not Stated,Not Stated,Ethylbromazolam,,51.70800714285714,-3.6944071428571426
W068216,2025-08-26,NE3,Diazepam,martin Dow Diazepam 10mg,Blue,,Oral,Relaxed,Diazepam,,55.003175,-1.6339
W068089,2025-08-26,SA15,valium,Not Stated,White,Tablet,Oral,Confusion,No Active Component Identified,,51.74003,-4.187250000000001
W068120,2025-08-26,WA7,Diazepam,Diazepam,White,Tablet,Oral,"Increased Confidence, Relaxed, Panic Attack",Diazepam,,53.324125,-2.7118
W068094,2025-08-26,SA4,benzodiazepine 10mg,Bensedin,White,Tablet,Oral,"Relaxed, Agitation, Anxiety",Ethylbromazolam,,51.670225,-4.059125
W068158,2025-08-26,LA4,Alprazolam (ksalol) 1mg,Alprazolam (ksalol) 1mg,Blue,Tablet,Oral,Not Stated,Alprazolam,,54.06833333333333,-2.8470333333333335
W068157,2025-08-26,LA4,Alprazolam (ksalol) 1mg,Alprazolam (ksalol) 1mg,Blue,Tablet,Oral,Relaxed,Alprazolam,,54.06833333333333,-2.8470333333333335
000032782,2025-08-26,CF63,Rivotril,Not Stated,White,Tablet,Oral,Relaxed,Clonazepam,,51.4172,-3.2614
000237808,2025-08-26,CF72,Diazepam 10mg,Diazepam 10mg,White,Tablet,Oral,"Relaxed, Tiredness",Diazepam,,51.530146153846154,-3.408415384615384
W068295,2025-08-28,GU48,Lorazepam,Elilem lor-2 lorazepam,White,Tablet,Not Stated,Not Stated,Lorazepam,,51.22978571428571,-0.5223571428571429
W068293,2025-08-28,GU48,Lorazepam,Elikem lor-2 lorazepam,White,Tablet,Not Stated,Not Stated,Lorazepam,,51.22978571428571,-0.5223571428571429
W068288,2025-08-28,KT33,Xanax,Xanax,White,Tablet,Oral,"Relaxed, Confusion",Alprazolam,,51.3992,-0.2556
W068302,2025-08-28,S60,Alprazolam - xanax,Alprazolam 1mg NDC 70954-510-10 novitum pharam,White,Tablet,Oral,"Euphoria, Increased Confidence, Empathy, Relaxed, Memory Loss, Confusion, Loss of consciousness",Bromazolam,,53.40436,-1.34648
W068292,2025-08-28,GU48,Lorazepam,Elikem lor-2 lorazepam,White,Tablet,Not Stated,Not Stated,Lorazepam,,51.22978571428571,-0.5223571428571429
000023710,2025-08-28,CF82,Diazepam,MSJ,Blue,Tablet,Not Stated,Relaxed,Ethylbromazolam,,51.648316666666666,-3.2390666666666665
W068360,2025-08-28,S40,Diazepam,Diazepam 10mg,Blue,Tablet,Not Stated,Not Stated,Ethylbromazolam,,53.234,-1.4462
W068357,2025-08-28,PH22,Diazepam 10mg accord,Not Stated,Black,Tablet,Not Stated,Not Stated,Ethylbromazolam,,57.190822222222224,-3.818822222222222
W068379,2025-08-28,G83,Diazepam,Not Stated,White,Tablet,Oral,"Enhanced Senses, Increased Confidence, Empathy, Relaxed, Paranoia, Memory Loss, Confusion, Agitation",No Active Component Identified,,56.03989166666666,-4.6006583333333335
W068327,2025-08-28,SA3,Clonazepam 2mg rivotril,"Rivotril 2 clonazepa, usp 2mg",White,Tablet,Oral,Relaxed,Clonazepam,,51.59142222222222,-4.136385185185185
W068318,2025-08-28,CF62,Diazepam,Not Stated,Blue,Tablet,Oral,"Empathy, Relaxed",Ethylbromazolam,,51.4027,-3.37145
W068359,2025-08-28,PH22,2mg xanax alprazolam,Not Stated,White,Tablet,Not Stated,Not Stated,"Paracetamol, Bromazolam, Tramadol",,57.190822222222224,-3.818822222222222
W068388,2025-08-28,SK13,Accrod diazepam,accord diazepam,Blue,Tablet,Not Stated,Not Stated,Diazepam,,53.4433,-1.949
W068387,2025-08-28,SK13,Teva diazepam,teva diazepam,Blue,Tablet,Not Stated,Not Stated,Diazepam,,53.4433,-1.949
W068285,2025-08-28,BS13,Alprazolam,ksalol,White,Tablet,Oral,Increased Energy,Alprazolam,,51.4121,-2.612
W068384,2025-08-28,FK8,Street valium,Not Stated,Yellow,Tablet,Not Stated,Not Stated,Diazepam,,56.12892702702703,-4.228913513513514
W068294,2025-08-28,GU48,Lorazepam,Elkem lor-2 lorazepam,White,Tablet,Not Stated,Not Stated,Lorazepam,,51.22978571428571,-0.5223571428571429
W068348,2025-08-28,BT47,Alprazolam,gelanika ksalol alprazolam 1mg,White,Tablet,Oral,"Euphoria, Increased Confidence",Alprazolam,,54.94983333333333,-7.084177777777778
W068206,2025-08-28,BN10,Valium,Valium (martin dow ltd),Blue,Tablet,Oral,Relaxed,Diazepam,,50.7927,-0.0065
W068237,2025-08-28,K47,valium,Not Stated,White,Tablet,Not Stated,Not Stated,Clonazolam,,,
W068267,2025-08-28,CT5,Diazepam,Accord 10mg Diazepam,Blue,Tablet,Oral,Relaxed,"Paracetamol, Bromazolam",,51.3565,1.0400142857142858
W068317,2025-08-28,CF62,Diazepam,Diazepam,White,Tablet,Oral,"Empathy, Relaxed",Ethylbromazolam,,51.4027,-3.37145
W068207,2025-08-28,BN10,Diazepam,Diazpam Ackacoid 5mg ,Green,Tablet,Oral,"Relaxed, Agitation",Diazepam,,50.7927,-0.0065
W068219,2025-08-28,CN16,Clonazepam,Rivotril 2mg,White,Tablet,Not Stated,Not Stated,"Paracetamol, Bromazolam",,,
W068236,2025-08-28,AB43,Diazepam,Not Stated,White,Tablet,Oral,"Relaxed, Memory Loss, Agitation",Nitrazepam,,57.65489545454545,-2.046884090909091
W068238,2025-08-28,ML28,Diazepam,Diazepam,,Tablet,Oral,"Relaxed, Memory Loss, Confusion, Loss of consciousness",Diazepam,,55.76568571428571,-3.8963428571428578
W068209,2025-08-28,BN10,Diazepam,Bensedin (galenika) 10mg,White,Tablet,Oral,Relaxed,Diazepam,,50.7927,-0.0065
W066236,2025-08-28,EH1,Diazepam,Not Stated,Blue,Tablet,Oral,No Effect,No Active Component Identified,,55.9521,-3.1965
W068125,2025-08-28,AB24,Xanax,Xanax,Red,Tablet,Not Stated,Not Stated,"Caffeine, Bromazolam",,57.1437,-2.0981
W068297,2025-08-28,EH1,Diazepam,Diazepam,Blue,Tablet,Not Stated,Not Stated,"Ethylbromazolam, Bromazolam",,55.9521,-3.1965
W068247,2025-08-28,N7,Diazepam,Galenika / Bensedin,White,Tablet,Not Stated,Not Stated,Ethylbromazolam,,51.5491,-0.1205142857142857
W068274,2025-08-28,ST15,Diazepam 10mg,Valium 10mg Martin dow ltd,Blue,Tablet,Oral,Relaxed,Diazepam,,52.90192307692307,-2.122292307692308
W068346,2025-08-28,BT47,clonazepam,rivotril galenika 2mg,White,Tablet,Not Stated,"Euphoria, Relaxed",Clonazepam,,54.94983333333333,-7.084177777777778
W068235,2025-08-28,CH51,Diazepam,Not Stated,Blue,Tablet,Not Stated,Not Stated,Ethylbromazolam,,53.19930000000001,-3.03614
W068230,2025-09-01,CA5,Clonazepam,Galenika Rivotril,White,Tablet,Oral,Relaxed,"Paracetamol, Bromazolam",,54.856148387096766,-3.0198096774193552
W068179,2025-09-01,SE4,Diazepam,Valium (martin dow) wispa,Blue,Tablet,Not Stated,Not Stated,Diazepam,,51.46099999999999,-0.0352
W068441,2025-09-01,NE3,Diazepam,Diazepam,Blue,Tablet,Not Stated,Not Stated,Bromazolam,,55.003175,-1.6339
000234879,2025-09-01,SY23,Valium,Valium,White,Plant Matter,Not Stated,Not Stated,No Active Component Identified,,52.34458541666667,-3.9885
W068377,2025-09-01,LL11,diazepam/ valium,Diazepam / valium,Blue,Tablet,Not Stated,Not Stated,Diazepam,,53.064506666666674,-3.052973333333333
W068376,2025-09-01,LL11,Xanax,Xanax,White,Tablet,Not Stated,Not Stated,Alprazolam,,53.064506666666674,-3.052973333333333
W068325,2025-09-01,SR3,Diazepam,Acord Diazepam 10mg,Blue,Tablet,Not Stated,Not Stated,Diazepam,,54.874233333333336,-1.4153666666666669
W068417,2025-09-01,CT68,Accord Diazepam 10mg,Accord Diazepa 10mg,Blue,Tablet,Oral,Relaxed,Diazepam,,51.36518888888889,1.1433444444444445
W068390,2025-09-01,OX10,Diazepam,Bensedin,White,Tablet,Not Stated,Not Stated,Diazepam,,51.61514705882353,-1.1267411764705884
W068420,2025-09-01,TW7,Diazepam,galenika Bensedin 10mg,White,Tablet,Not Stated,Not Stated,Diazepam,,51.4752,-0.3425
W068428,2025-09-01,SW2,Diazepam 5mg,Not Stated,Yellow,Tablet,Not Stated,Not Stated,Diazepam,,51.4548,-0.1158
W068374,2025-09-01,GU15,Clonazepam,Gelenika 2mg Klonazepam,White,,Not Stated,Not Stated,"Paracetamol, Bromazolam",,51.337,-0.7426
W068378,2025-09-01,KY86,Diazepam,Not Stated,White,Tablet,Oral,"Euphoria, Increased Confidence, Enhanced Senses, Empathy, Relaxed, Paranoia, Memory Loss",Clonazolam,,56.209568181818184,-2.9803318181818184
W068470,2025-09-01,SK15,Xanax,Alprazolam 2mg,Yellow,Tablet,Oral,Relaxed,Alprazolam,,53.4841,-2.0591
W068418,2025-09-01,TW7,Alprazolam,Galenika Ksalol 1mg,"White, Blue",Tablet,Not Stated,Not Stated,Alprazolam,,51.4752,-0.3425
W068321,2025-09-01,WD17,Diazepam ,Valium 10mg,Blue,Tablet,Oral,No Effect,Ethylbromazolam,,51.6553,-0.396
W068419,2025-09-01,W7,valium,Valium,White,Tablet,Oral,Relaxed,Diazepam,,51.5118,-0.3358999999999999
W068187,2025-09-01,KY8,Diazepam,Not Stated,White,Tablet,Oral,"Relaxed, Memory Loss",Etizolam,,56.209568181818184,-2.9803318181818184
W068319,2025-09-01,CF62,Diazepam,Diazepam,Blue,Tablet,Oral,"Empathy, Relaxed",Ethylbromazolam,,51.4027,-3.37145
W068407,2025-09-01,CW9,valium,martin dow,Blue,Tablet,Not Stated,Not Stated,Diazepam,,53.264406666666666,-2.5003200000000003
W068421,2025-09-01,SW2,Diazepam 5mg,Not Stated,Yellow,Tablet,Not Stated,Not Stated,Diazepam,,51.4548,-0.1158
W068399,2025-09-02,NE21,Diazepam 5mg,Accord diazepam 5mg,Yellow,Tablet,Not Stated,Not Stated,Diazepam,,54.9583,-1.718925
W067935,2025-09-03,NE29,Diazepam ,Bensidin diazepam 10mg galenika phtls,White,Tablet,Not Stated,Not Stated,Diazepam,,55.0165,-1.4493
W068556,2025-09-03,NE6,Alprazolam,Galenika Ksalol,White,Tablet,Not Stated,Not Stated,Alprazolam,,54.9775,-1.5656
W068316,2025-09-03,HA4,Diazepam,10mg Diazepam,Blue,Tablet,Not Stated,Not Stated,Diazepam,,51.5734,-0.4234
W068550,2025-09-03,LL18,Diazepam,valium (diazepam),Blue,Tablet,Not Stated,Not Stated,Diazepam,,53.291819999999994,-3.45482
W068524,2025-09-03,WA16,Alprazolam,Not Stated,Red,Tablet,Not Stated,Not Stated,Caffeine,"Clobromazolam, Rilmazafone",53.3064125,-2.37901875
W068755,2025-09-09,B14,Clonazepam,Clonazepam Neurazpharm,White,Tablet,Not Stated,Not Stated,Clonazepam,,52.4174,-1.8898
W068636,2025-09-09,AB41,Diazepam 5mg tablet,Diazepam 5mg tablet,White,Tablet,Not Stated,Not Stated,Diazepam,,57.35964615384615,-2.199930769230769
W068698,2025-09-09,SA8,Diazepam,galenika Diazepam 10mg,White,Tablet,Not Stated,Not Stated,Ethylbromazolam,,51.722449999999995,-3.8458625
W068605,2025-09-09,LL29,Diazepam,Diazepam,Blue,Tablet,Not Stated,Not Stated,Ethylbromazolam,,53.283275,-3.6966
W068708,2025-09-09,N13,Alprazolam,Rlam Aran Pharmaceuticals,White,Tablet,Oral,"Chest Pains, Paranoia, Agitation",Tramadol,,51.6179,-0.1101
000234326,2025-09-09,CF11,Lorazepam,Lorazepam,Blue,Tablet,Not Stated,Not Stated,Lorazepam,,51.48,-3.18
W068751,2025-09-09,B14,Clonazepam tablets,Galenika Rivotril Clonazepam,White,Tablet,Not Stated,Not Stated,"Paracetamol, Bromazolam",,52.4174,-1.8898
W068767,2025-09-09,CF10,Diazepam,Not Stated,Blue,Tablet,Not Stated,Not Stated,Diazepam,,51.48,-3.18
W068780,2025-09-09,SW2,Diazepam,Diazepam,Yellow,Tablet,Not Stated,Not Stated,Diazepam,,51.4548,-0.1158
W068711,2025-09-09,SE14,Alprazolam,Galenika Ksalol alprazolam,Blue,Tablet,Not Stated,Not Stated,Alprazolam,,51.47646666666666,-0.0322333333333333
W068716,2025-09-09,DN14,Galenika Bensedin,Galenika Bensedin,White,Tablet,Oral,"Increased Confidence, Relaxed, Memory Loss, Confusion",Diazepam,,53.7121625,-0.9026825
W068779,2025-09-09,SW2,Diazepam,Diazepam,Yellow,Tablet,Not Stated,Not Stated,Diazepam,,51.4548,-0.1158
W068781,2025-09-09,SW2,Diazepam,Diazepam,Yellow,Tablet,Not Stated,Not Stated,Diazepam,,51.4548,-0.1158
W068718,2025-09-09,GU14,Alprazolam,Galenika,Blue,Tablet,Oral,"Euphoria, Empathy, Relaxed",Ethylbromazolam,,51.2955,-0.7908
W068645,2025-09-09,N2,Lorazepam,Elikem Lorazepam ip 2mg,White,Tablet,Not Stated,Not Stated,Lorazepam,,51.59,-0.1531
W068699,2025-09-09,IG10,Diazepam Accord,Diazepam Accord,Blue,Tablet,Not Stated,Not Stated,Ethylbromazolam,,51.646,0.0538
W068502,2025-09-09,GU14,Lorazepam,elikem Lor ,White,Tablet,Oral,"Euphoria, Enhanced Senses, Paranoia, Panic Attack",Lorazepam,,51.2955,-0.7908
W068557,2025-09-09,DN16,diazepam 5mg,diazepam teva 5mg,Yellow,Tablet,Oral,Not Stated,Diazepam,,53.55885,-0.64505
W068673,2025-09-09,NE33,Clonazepam,Clonazepam,White,Tablet,Oral,Not Stated,Ethylbromazolam,,54.9986,-1.4323
W068695,2025-09-09,SE6,Xanax,Ksalol,Blue,Tablet,Oral,Headache,Alprazolam,,51.44165,-0.0185
W068697,2025-09-09,EX15,Bromazolam,Xanax bromazolam,Blue,Tablet,Oral,"Relaxed, Memory Loss, Confusion",Bromazolam,,50.891575,-3.310982142857143
W068602,2025-09-09,SA3,diazepam 10mg bensedin,Bensedin Diazepam 10mg Galenika,White,Tablet,Not Stated,Not Stated,Diazepam,,51.59142222222222,-4.136385185185185
W068590,2025-09-09,PR76,diazepam 10mg,Bensedin Diazepam 10mg,White,Tablet,Not Stated,Not Stated,No Active Component Identified,,53.64461428571428,-2.6670142857142856
W068580,2025-09-09,S40,Diazepam 10mg,diazepam 10mg,Blue,Tablet,Not Stated,Not Stated,Ethylbromazolam,,53.234,-1.4462
W068635,2025-09-09,LE8,Alprazolam 2mg,Alprazolam BP 2mg,Yellow,,Not Stated,Not Stated,Alprazolam,,52.54881176470588,-1.0493705882352942
W068224,2025-09-09,E1,valium,Not Stated,White,Tablet,Not Stated,Not Stated,Diazepam,,51.51302727272727,-0.0617727272727272
W068222,2025-09-09,E1,Xanax,Not Stated,Blue,Tablet,Not Stated,Not Stated,Alprazolam,,51.51302727272727,-0.0617727272727272
W068220,2025-09-09,E1,Xanax,Not Stated,Blue,Tablet,Not Stated,Not Stated,Alprazolam,,51.51302727272727,-0.0617727272727272
W068652,2025-09-09,SW15,Diazepam C,Swipha,Yellow,Tablet,Oral,Relaxed,Diazepam,,51.45653333333333,-0.2306
W068574,2025-09-09,CH61,flualprazolam,LSD Express,White,Tablet,Not Stated,Not Stated,Alprazolam,,53.36262000000001,-3.1188
W068573,2025-09-09,CH61,Flualprazolam,xanax instagram,White,Tablet,Not Stated,Not Stated,Alprazolam,,53.36262000000001,-3.1188
W068639,2025-09-09,KT2,Diazepam,Dizpam-10,White,Tablet,Not Stated,Not Stated,Diazepam,,51.4186,-0.2904
W068672,2025-09-09,NE33,Alprazolam,Alprazolam,Blue,Tablet,Oral,Not Stated,Ethylbromazolam,,54.9986,-1.4323
W068579,2025-09-09,B26,Midazolam 7.5mg,Opsonin midolam midazolam 7.5mg,White,Tablet,Oral,"Euphoria, Empathy, Relaxed, Memory Loss",Midazolam,,52.45953333333333,-1.7873333333333334
W067936,2025-09-09,NE29,Diazepam elipam 10mg,Elilipam 10mg (diazepam) 10mg elkim healthcare private ltd,White,Tablet,Not Stated,Not Stated,Diazepam,,55.0165,-1.4493
W068437,2025-09-09,SG18,Xanax 0.5,Xanac 0.5,Purple,Tablet,Oral,Not Stated,Alprazolam,,52.07824545454545,-0.2732454545454545
W068603,2025-09-09,N16,valium/Diazepam 10mg,MSJ,Blue,Tablet,Not Stated,Not Stated,"Paracetamol, Bromazolam",,51.5625,-0.074
W068638,2025-09-09,L8,Valium,martin dow valium,Blue,Tablet,Oral,"Euphoria, Relaxed",Diazepam,,53.4106,-2.9779
W068735,2025-09-11,L13,Alprazolam tablet (1mg),Alprax-xr1 by UKpablo,Orange,Tablet,Not Stated,Not Stated,No Active Component Identified,,53.4179,-2.9206
W068490,2025-09-11,EH22,diazepam,Not Stated,White,Tablet,Oral,Not Stated,Clonazolam,,55.90278333333333,-3.078175
W068809,2025-09-11,S1,Diazepam,bensedin,White,Tablet,Not Stated,Not Stated,Ethylbromazolam,,53.383,-1.4659
W068824,2025-09-11,SW19,Xanax,Alprazolam 1mg,White,Tablet,Oral,"Increased Energy, Irregular Heartbeat",Alprazolam,,51.42343333333333,-0.1973333333333333
W068637,2025-09-11,EH22,diazepam,Not Stated,White,Tablet,Not Stated,"Increased Confidence, Relaxed, Irregular Heartbeat",Lorazepam,,55.90278333333333,-3.078175
W068633,2025-09-11,EH22,Xanax,Not Stated,Green,Tablet,Oral,Not Stated,Bromazolam,,55.90278333333333,-3.078175
W067898,2025-09-11,EH22,Diazepam,Not Stated,White,Tablet,Not Stated,Not Stated,No Active Component Identified,,55.90278333333333,-3.078175
W068834,2025-09-11,RH15,diazepam,galenika bensedin 10mg,White,Tablet,Not Stated,Not Stated,Ethylbromazolam,,50.9584,-0.1329
W068765,2025-09-11,S21,Alprazolam,Not Stated,Blue,Tablet,Oral,Relaxed,Ethylbromazolam,,53.3123,-1.3394
W068817,2025-09-11,BB5,Alprazolam,Rlam Alprazolam Batch 210554,White,Tablet,Not Stated,Not Stated,Tramadol,,53.7561875,-2.372
W068777,2025-09-11,S40,Diazepam,Sedil Diazepam,Yellow,Tablet,Not Stated,Not Stated,Diazepam,,53.234,-1.4462
W068762,2025-09-11,NW2,Diazepam,Not Stated,Blue,Tablet,Oral,Relaxed,Diazepam,,51.5608,-0.223325
W068794,2025-09-11,PL22,Diazepam,Not Stated,Blue,Tablet,Oral,"Relaxed, Depression",Ethylbromazolam,,50.39221111111111,-4.640277777777778
W068632,2025-09-11,EH22,Diazepam,Not Stated,Blue,Tablet,Not Stated,"Increased Confidence, Relaxed, Violence/Aggression",Diazepam,,55.90278333333333,-3.078175
000234462,2025-09-11,CF10,Diazepam,Bensedin,White,Tablet,Not Stated,Not Stated,Diazepam,,51.48,-3.18
W068815,2025-09-11,M22,Temazepam,Teva Temazepam,White,Tablet,Not Stated,Not Stated,Bromazolam,,53.3861,-2.2599
000234979,2025-09-11,CF40,Benzos,Diazepam,Blue,Tablet,Not Stated,Not Stated,Ethylbromazolam,,51.627316666666665,-3.461883333333333
W068700,2025-09-11,LL11,Diazepam,Not Stated,White,Tablet,Not Stated,Not Stated,Diazepam,,53.064506666666674,-3.052973333333333
000234978,2025-09-11,CF41,Valium,Not Stated,Blue,Tablet,Not Stated,Not Stated,Ethylbromazolam,,51.6543,-3.4913
W068919,2025-09-15,EH21,Xanax,Not Stated,Pink,Tablet,Oral,"No Effect, Euphoria, Auditory Hallucinations, Visual Hallucinations, Relaxed, Nausea, Vomiting, Memory Loss, Confusion, Panic Attack, Violence/Aggression, Insomnia, Suicidal Ideation","Caffeine, Clobromazolam",,55.94169999999999,-3.0499
W068923,2025-09-15,EH22,Xanax,Alprazolam,White,Tablet,Oral,"Euphoria, Increased Confidence, Relaxed",No Active Component Identified,,55.90278333333333,-3.078175
W068658,2025-09-15,WV6,diazepam 5mg,Diazepam 5mg Accord,Yellow,Tablet,Not Stated,Not Stated,Diazepam,,52.59424545454545,-2.2206454545454544
W068724,2025-09-15,SO41,10mg Diazepam,Galenika Bensedin 10mg Diazepam,White,Tablet,Not Stated,Not Stated,Diazepam,,50.75770625,-1.5713625
W068938,2025-09-15,TD1,Diazepam +pregabalin,Kaysols,"White, Red",Tablet,Oral,"Euphoria, Relaxed, Insomnia",Pregabalin,,55.66659333333334,-2.8606933333333333
W068967,2025-09-15,BS3,Etizolam,Etizolam,"White, Pink",Tablet,Not Stated,Not Stated,Etizolam,,51.4552,-2.5966
W068662,2025-09-15,WV6,Diazepam 10mg,Diazepam 10mg teva,Blue,Tablet,Not Stated,Not Stated,Diazepam,,52.59424545454545,-2.2206454545454544
W068663,2025-09-15,WV6,Diazepam 10mg,diazepam 10mg teva,Blue,Tablet,Not Stated,Not Stated,Diazepam,,52.59424545454545,-2.2206454545454544
W068656,2025-09-15,WV6,diazepam 5mg,diazepam 5mg teva,Yellow,Tablet,Not Stated,Not Stated,Diazepam,,52.59424545454545,-2.2206454545454544
W068924,2025-09-15,EH22,Xanax,alprazolam,Blue,Tablet,Oral,"Euphoria, Increased Confidence, Relaxed, Memory Loss",Alprazolam,,55.90278333333333,-3.078175
W068916,2025-09-15,TR2,valium 10g,Martin dow valium,Blue,Tablet,Not Stated,Not Stated,Diazepam,,50.22666071428572,-4.961603571428571
W068661,2025-09-15,WV6,Diazepam 5mg,Diazepam 5mg Almus,Yellow,Tablet,Not Stated,Not Stated,Diazepam,,52.59424545454545,-2.2206454545454544
W068894,2025-09-15,NR16,Accord 10mg diazepam,Accord 10mg diazepam,Blue,Tablet,Not Stated,Not Stated,Ethylbromazolam,,52.473336,1.032084
W068925,2025-09-15,BT47,alprazolam, Alprax 2mgs,White,Tablet,Not Stated,"Euphoria, Increased Confidence, Relaxed",Alprazolam,,54.94983333333333,-7.084177777777778
W068808,2025-09-15,L13,Lorazepam tablet,LB hemofarm lorazepam,Blue,Tablet,Not Stated,Not Stated,Lorazepam,,53.4179,-2.9206
W068941,2025-09-15,CR4,valium/Diazepam,Diazepam 10mg,"White, Pink",Tablet,Oral,Relaxed,"Bromazolam, Metonitazene",,51.3936,-0.163
W068659,2025-09-15,WV6,Diazepam 5mg,diazepam 4mg Accord,Yellow,Tablet,Not Stated,Not Stated,Diazepam,,52.59424545454545,-2.2206454545454544
W068914,2025-09-15,NG7,Clonazepam,Galenika rivotril,White,Tablet,Not Stated,Not Stated,Ethylbromazolam,,52.9536,-1.1505
W068844,2025-09-15,PR7,Diazepam,bensedin galenika Diazepam 10mg,White,Tablet,Not Stated,Not Stated,Ethylbromazolam,,53.64461428571428,-2.6670142857142856
W067937,2025-09-15,NE29,Elipam-10 diazepam 10mg elikem healthcare private ltd,diazepam 10mg/elipam-10,White,Tablet,Not Stated,Not Stated,Diazepam,,55.0165,-1.4493
W068935,2025-09-15,WN5,Diazepam 10mg,Diazepam 10mg,Blue,Tablet,Not Stated,Not Stated,Etizolam,,53.497899999999994,-2.7081
W068806,2025-09-15,TR7,valium,Diazepam,Blue,Tablet,Oral,Not Stated,Ethylbromazolam,,50.41865,-5.060475
W068819,2025-09-15,G74,Lorazepam,hemofarm lorazepam,Blue,Tablet,Not Stated,Not Stated,Lorazepam,,55.76583333333334,-4.1700333333333335
000231104,2025-09-15,CF10,Diazepam 10mg,Not Stated,Blue,Tablet,Oral,"Relaxed, Loss of consciousness",Diazepam,,51.48,-3.18
W068859,2025-09-15,NE3,Diazepam,Bensedin 10mg diazepam,White,Tablet,Oral,No Effect,Diazepam,,55.003175,-1.6339
W068850,2025-09-15,TR2,valium, Martin dow valium 10mg,Blue,Tablet,Not Stated,Not Stated,Diazepam,,50.22666071428572,-4.961603571428571
W068709,2025-09-15,NR31,diazepam 10mg,Galenika Bensedin,White,Tablet,Not Stated,Not Stated,Diazepam,,52.572785714285715,1.7042857142857142
W068738,2025-09-15,PL28,Diazepam,dizpam-10,White,Tablet,Oral,"Relaxed, Loss of consciousness",Diazepam,,50.5278,-4.9516875
W068883,2025-09-15,NN16,daizepam,diazepam matin dow 10mg,Blue,,Not Stated,Not Stated,Diazepam,,52.407900000000005,-0.7116000000000001
000238000,2025-09-15,CF37,valium,Valium,Blue,Tablet,Oral,Relaxed,Diazepam,,51.613815384615386,-3.3598076923076925
W068933,2025-09-15,NW1,Nitrazepam,5mg Nitrazepam acord ,White,Tablet,Not Stated,Not Stated,Nitrazepam,,51.52988181818182,-0.1471818181818182
W068926,2025-09-15,CF62,diazepam,diazepam,White,Tablet,Oral,"Empathy, Relaxed",Ethylbromazolam,,51.4027,-3.37145
W068930,2025-09-15,NW1,Diazepam,Accord 5mg,Yellow,Tablet,Not Stated,Not Stated,Diazepam,,51.52988181818182,-0.1471818181818182
W068847,2025-09-15,SA12,diazepam,Not Stated,Yellow,Tablet,Oral,Not Stated,Diazepam,,51.61181666666667,-3.7703
W068931,2025-09-15,NW1,Diazepam,martin dow valium,Blue,Tablet,Not Stated,Not Stated,Diazepam,,51.52988181818182,-0.1471818181818182
W068932,2025-09-15,NW1,Diazepam,martin dow Valium,Blue,Tablet,Not Stated,Not Stated,Diazepam,,51.52988181818182,-0.1471818181818182
W068889,2025-09-15,CR4,diazepam,Diazepam,Blue,Tablet,Oral,Relaxed,Ethylbromazolam,,51.3936,-0.163
W068657,2025-09-15,WV6,Diazepam 5mg,Diazepam 5mg teva,Yellow,Tablet,Not Stated,Not Stated,Diazepam,,52.59424545454545,-2.2206454545454544
W068664,2025-09-15,WV6,Xanax 1mg,Alprazolam 1mg Ksalol gelanika,"White, Grey",Tablet,Not Stated,Not Stated,Alprazolam,,52.59424545454545,-2.2206454545454544
W068921,2025-09-15,EH16,Diazepam,Not Stated,Orange,Tablet,Not Stated,Not Stated,Diazepam,,55.92249999999999,-3.1511333333333336
W068934,2025-09-15,WN5,Daizepam 10mg,Daizepam 10mg,Blue,Tablet,Not Stated,Not Stated,Etizolam,,53.497899999999994,-2.7081
W068904,2025-09-15,NW1,Diazepam,Bensedin Galenika,White,Tablet,Not Stated,Not Stated,Bromazolam,,51.52988181818182,-0.1471818181818182
W069046,2025-09-18,NP25,Diazepam,Diazepam Accord,Blue,Tablet,Oral,No Effect,"Paracetamol, Bromazolam",,51.8127,-2.7136
W068918,2025-09-18,CF72,Bensedin Diazepam,Galenika Bensedin,White,Tablet,Oral,"Empathy, Relaxed, Chest Pains, Vomiting, Depression",Bromazolam,,51.530146153846154,-3.408415384615384
W068979,2025-09-18,CF72,Diazepam,Accord Diazepam,Blue,Tablet,Oral,No Effect,Bromazolam,,51.530146153846154,-3.408415384615384
W068940,2025-09-18,CF72,Diazepam,Sedil Square,Yellow,Tablet,Oral,"Empathy, Relaxed, Memory Loss",Diazepam,,51.530146153846154,-3.408415384615384
000237868,2025-09-18,CF72,Diazepam,Diazepam,White,Tablet,Oral,Relaxed,Diazepam,,51.530146153846154,-3.408415384615384
W069079,2025-09-18,BR35,Alprazolam,Ksalol Alprazolam,Blue,Tablet,Not Stated,Not Stated,Ethylbromazolam,,51.4088,-0.0253
W068960,2025-09-18,WS15,Temazepam,Temazepam-CT,White,Capsule,Oral,"Euphoria, Memory Loss",Temazepam,,52.7576625,-1.90304375
W069034,2025-09-18,CF44,Lorazepam,Lorazepam,,Tablet,Oral,"Relaxed, Memory Loss, Loss of consciousness",Lorazepam,,51.7327125,-3.48293125
000233634,2025-09-18,CF10,MSJ,MSJ,Blue,Tablet,Oral,Not Stated,Ethylbromazolam,,51.48,-3.18
W069064,2025-09-18,SA2,Diazepam,Bensedin,White,Tablet,Not Stated,Not Stated,Ethylbromazolam,,51.61628,-4.04254
W069037,2025-09-18,HR9,nitrazepam,Not Stated,White,Tablet,Oral,No Effect,Nitrazepam,,51.908220588235295,-2.5675235294117646
W066235,2025-09-18,EH3,Diazepam,Not Stated,Blue,Tablet,Oral,Not Stated,Diazepam,,55.9521,-3.1965
W069013,2025-09-18,S10,Diazepam,acorrd Diazepam,Blue,Tablet,Not Stated,Not Stated,Bromazolam,,53.35,-1.55
W068867,2025-09-18,Unknown,Alprazolam,Alprazolam (alprax) 2mg,Yellow,Tablet,Not Stated,Not Stated,Alprazolam,,,
W068961,2025-09-18,SW22,diazepam 5mg tablet,diazepam 5mg tablet teva,Yellow,Tablet,Not Stated,Not Stated,Diazepam,,51.4548,-0.1158
W068728,2025-09-18,SW65,Accord 10mg Diazepam,Accord 10mg Diazepam,Blue,Tablet,Oral,Not Stated,Ethylbromazolam,,51.4803,-0.1993
W068944,2025-09-18,B26,hemofarm bromazepam,Hemofarm bromazepam 6mg batch 12skra,White,Tablet,Oral,"Euphoria, Increased Confidence, Relaxed",Bromazepam,,52.45953333333333,-1.7873333333333334
W068946,2025-09-18,B26,Midazolam,Opsonin Midaolam 7.5mg midazolam,White,Tablet,Oral,"Euphoria, Relaxed, Memory Loss, Confusion, Loss of consciousness",Midazolam,,52.45953333333333,-1.7873333333333334
W068945,2025-09-18,B26,Xanax/ alprazolam,Opsonin alprax 1mg alprazolam,"Pink, Orange",Tablet,Oral,"Euphoria, Increased Confidence, Empathy, Relaxed",Alprazolam,,52.45953333333333,-1.7873333333333334
W068655,2025-09-18,WV6,diazepam ,diazepam 5mg teva,Yellow,Tablet,Not Stated,Not Stated,Paracetamol,,52.59424545454545,-2.2206454545454544
W069009,2025-09-18,NW10,diazepam,Not Stated,White,Tablet,Not Stated,Not Stated,Diazepam,,51.53758571428572,-0.2431214285714285
W068984,2025-09-18,M21,Xanax/Alprazolam,alprazolam,Blue,Tablet,Oral,Not Stated,Ethylbromazolam,,53.4351,-2.2631
W069011,2025-09-18,PR29,diazepam,diazepam,White,Powder,Oral,"Euphoria, Relaxed, Memory Loss, Confusion",Methylclonazepam,,53.782979999999995,-2.69214
W068730,2025-09-18,SW65,Xanax 2mg bar,Xanax 2mg,White,Tablet,Oral,Confusion,Ethylbromazolam,,51.4803,-0.1993
W069000,2025-09-18,LS10,alprazolam,Alprazolam,White,Tablet,Not Stated,Not Stated,Tramadol,,53.7496,-1.5494
W069024,2025-09-18,WA12,Alprazolam,Alprazolam,Yellow,Tablet,Oral,Not Stated,Bromazolam,,53.45125,-2.6198
W068966,2025-09-22,N7,diazepam,diazepam,Blue,Tablet,Oral,"Relaxed, Memory Loss, Confusion",Clobromazolam,,51.5491,-0.1205142857142857
000236114,2025-09-22,CF62,CLONAZEPAM,CLONAZEPAM TABLETS I.P KLOZADS-2 MD,White,Tablet,Oral,"Relaxed, Memory Loss",Clonazepam,,51.4027,-3.37145
W068927,2025-09-22,CF72,MSJ DIAZEPAM,MSJ,Blue,Tablet,Oral,"No Effect, Nausea",Ethylbromazolam,,51.530146153846154,-3.408415384615384
W069018,2025-09-22,LN50,XANAX (ALPRAZOLAM) 2MG,PFIZER XANAZ XR ALPRAZOLAM EXTENDED-RELEASE TABLETS 2MG,White,Tablet,Not Stated,Not Stated,Ethylbromazolam,,53.11980555555555,-0.58195
W069129,2025-09-22,LE34,DIAZEPAM,DIAZEPAM,Yellow,Powder,Oral,Relaxed,Clobromazolam,,52.6325,-1.1869666666666667
W069140,2025-09-22,BT47,clonazepam ,Galenika Rivotril Klonazepam 2mg,White,Tablet,Oral,"Euphoria, Empathy, Relaxed",Clonazepam,,54.94983333333333,-7.084177777777778
W069139,2025-09-22,BT47,clonazepam,clonazepam novumgen 2mg,White,Tablet,Oral,"Euphoria, Empathy, Relaxed",Clonazepam,,54.94983333333333,-7.084177777777778
W069182,2025-09-22,EH16,ALPRAZOLAM,VIATRIS TRANKIMAZIN 2MG,White,Tablet,Not Stated,Not Stated,Alprazolam,,55.92249999999999,-3.1511333333333336
000234971,2025-09-22,CF39,DIAZEPAM,DIAZEPAM 10MG,Blue,Tablet,Not Stated,Not Stated,Ethylbromazolam,,51.5988125,-3.447975
W069061,2025-09-22,SK41,CLONAZEPAM,CLONAZEPAM,White,Tablet,Not Stated,Not Stated,No Active Component Identified,,53.4191,-2.1812
000237970,2025-09-22,CF39,BENSEDIN ,BENSEDIN 10MG,White,Tablet,Oral,Relaxed,Ethylbromazolam,,51.5988125,-3.447975
000234464,2025-09-22,CF10,MSJ,MSJ,Blue,Tablet,Oral,Relaxed,Ethylbromazolam,,51.48,-3.18
W069017,2025-09-22,LN50,xanax 1mg (alprazolam),ksalol alprazolam,Blue,Tablet,Not Stated,Not Stated,Ethylbromazolam,,53.11980555555555,-0.58195
W069062,2025-09-22,DY51,ALPRAZOLAM,KSALOL ALPRAZOLAM,Blue,Tablet,Oral,No Effect,Ethylbromazolam,,52.490875,-2.119025
W067940,2025-09-22,NE29,BENSIDIN 10MG (DIAZEPAM) GALENIKA DHTLS,BENSEDIN 10MG (DIAZEPAM) GALENIKA DHTLS ,White,Tablet,Not Stated,Not Stated,Diazepam,,55.0165,-1.4493
000237813,2025-09-22,CF31,diazepam,diazepam,Blue,Tablet,Not Stated,Not Stated,Diazepam,,51.507666666666665,-3.577733333333333
W069141,2025-09-22,BT47,alprazolam,alprazolam ksalol 1mg,Blue,Tablet,Oral,"Euphoria, Empathy, Relaxed",Alprazolam,,54.94983333333333,-7.084177777777778
W069151,2025-09-22,SW2,DIAZEPAM 5MG (ACCORD),DIAZEPAM 5MG (ACCORD),Yellow,Tablet,Not Stated,Not Stated,Diazepam,,51.4548,-0.1158
W069152,2025-09-22,SW2,DIAZEPAM 5MG ACCORD,DIAZEPAM 5MG ACCORD,Yellow,Tablet,Not Stated,Not Stated,Diazepam,,51.4548,-0.1158
W069133,2025-09-22,KT6,DIAZEPAM,BENSEDIN,White,Tablet,Oral,Relaxed,Diazepam,,51.38595,-0.2898
W069041,2025-09-22,BH14,DIAZEPAM 10MG,DIAZEPAM - 10 ,White,Tablet,Not Stated,Not Stated,Diazepam,,50.7299,-1.9449
W069021,2025-09-22,SA15,VALIUM,VALIUM,White,Tablet,Oral,Increased Energy,Diazepam,,51.74003,-4.187250000000001
W069240,2025-09-25,EH22,diazepam,valium v 10,White,Tablet,Oral,Not Stated,Clonazolam,,55.90278333333333,-3.078175
W069281,2025-09-25,N20,diazepam 10mg,accord diazepam 10mg,Blue,Tablet,Oral,"Relaxed, Memory Loss",Ethylbromazolam,,51.6333,-0.1833199999999999
W069298,2025-09-25,RG27,xanax,Not Stated,Orange,Tablet,Not Stated,Not Stated,No Active Component Identified,,51.304966666666665,-0.9510791666666668
W069239,2025-09-25,EH22,diazepam ,v-valium v 10,White,Tablet,Oral,"Increased Confidence, Relaxed, Memory Loss, Confusion",Clonazolam,,55.90278333333333,-3.078175
W069165,2025-09-25,OX15,"valium, 10mg ",valium (diazepam),Blue,Tablet,Oral,No Effect,"MDMA, Ketamine",,52.0376935483871,-1.419861290322581
W069127,2025-09-25,GU14,ALPRAZOLAM,ALAX-Z,,,Oral,Not Stated,Tramadol,,51.2955,-0.7908
W069296,2025-09-25,RG27,DIAZEPAM,Not Stated,Blue,Tablet,Not Stated,Not Stated,Ethylbromazolam,,51.304966666666665,-0.9510791666666668
000236296,2025-09-25,CF81,DIAZEPAM,DIAZEPAM,White,Tablet,Oral,Relaxed,Diazepam,,51.710483333333336,-3.265
W069266,2025-09-25,TR7,valium,diazepam,Blue,Tablet,Oral,Relaxed,Ethylbromazolam,,50.41865,-5.060475
W069241,2025-09-25,EH22,DIAZEPAM,VALIUM V 10,White,Tablet,Oral,"Increased Confidence, Relaxed, Memory Loss",Clonazolam,,55.90278333333333,-3.078175
W069111,2025-09-25,GU28,diazepam 5mg,diazepam 5mp accord blister pack,Yellow,Tablet,Not Stated,Not Stated,Diazepam,,50.9824,-0.6431333333333333
W069297,2025-09-25,RG27,XANAX,Not Stated,White,Tablet,Not Stated,Not Stated,Ethylbromazolam,,51.304966666666665,-0.9510791666666668
W069194,2025-09-25,NG34,alprazolam,Alxam-2 medicross pharma,White,Tablet,Not Stated,Not Stated,Tramadol,,52.960240909090906,-0.3849454545454545
000237971,2025-09-25,CF39,VALIUM - DIAZEPAM,DIAZEPAM 10MG,Blue,Tablet,Oral,Relaxed,Ethylbromazolam,,51.5988125,-3.447975
W069214,2025-09-25,S40,diazepam 5mg,teva diazepam 5mg,Yellow,Tablet,Not Stated,Not Stated,Diazepam,,53.234,-1.4462
W069247,2025-09-25,CT68,10 mg diazepam,teva 1mg diazepam,Blue,Tablet,Oral,No Effect,Diazepam,,51.36518888888889,1.1433444444444445
W069153,2025-09-25,LL18,diazepam,diazepam,Blue,Tablet,Oral,"Relaxed, Confusion",Diazepam,,53.291819999999994,-3.45482
W069128,2025-09-25,GU14,ALPRAZOLAM ,GALENIKA 1MG,White,Tablet,Oral,"Increased Confidence, Visual Hallucinations",Ethylbromazolam,,51.2955,-0.7908
W069083,2025-09-25,SR3,DIAZEPAM,ACCORD DIAZEPAM 10MG ,Blue,Tablet,Not Stated,Not Stated,Diazepam,,54.874233333333336,-1.4153666666666669
W068969,2025-09-25,W4,DIAZEPAM 10MG,DIAZEPAM 10MG,White,Tablet,Oral,"No Effect, Relaxed",Diazepam,,51.4927,-0.258
W069249,2025-09-25,SG7,diazepam,TEVA 5MG Diazepam,Yellow,Tablet,Not Stated,Not Stated,Diazepam,,52.01185555555555,-0.1739111111111111
W067939,2025-09-25,NE29,RIVOTRIL 2MG (CLONAZEPAM) GALENIKA PHTLS,ROVOTRIL 2MG (CLONAZEPAM) GALENIKA ,White,Tablet,Not Stated,Not Stated,Clonazepam,,55.0165,-1.4493
W068955,2025-09-25,MK15,diazepam,Not Stated,Blue,Tablet,Not Stated,Not Stated,Ethylbromazolam,,52.0641,-0.7231
W069250,2025-09-25,SG7,DIAZEPAM,ACCORD 10MG DIAZEPAM,Blue,,Not Stated,Not Stated,Diazepam,,52.01185555555555,-0.1739111111111111
W069357,2025-09-26,TD15,Diazepam,Not Stated,White,Tablet,Not Stated,Not Stated,Ethylbromazolam,,55.71179743589744,-2.051723076923077
W069264,2025-09-26,BS6,Diazepam,Diazepam Neurovision,White,Tablet,Oral,Relaxed,Diazepam,,51.465599999999995,-2.599066666666667
W069345,2025-09-26,WS15,Etizolam,Etizolam Etikem,Pink,Tablet,Oral,"Increased Confidence, Relaxed, Memory Loss",Etizolam,,52.7576625,-1.90304375
W069277,2025-09-26,CV12,Diazepam,Diazepam,White,Tablet,Not Stated,Not Stated,Diazepam,,52.478075,-1.4476
W069360,2025-09-26,CR7,Diazepam,Not Stated,Blue,Tablet,Not Stated,Not Stated,Diazepam,,51.3833,-0.1
W069346,2025-09-26,WS15,Xanax,Alprazolam Kern,White,Tablet,Oral,No Effect,Ethylbromazolam,,52.7576625,-1.90304375
W069728,2025-09-26,OX13,Valium (Diazepam),Not Stated,Blue,Tablet,Not Stated,Not Stated,Diazepam,,51.673544444444445,-1.3561166666666666
W069341,2025-09-26,CW9,Valium,Martin Dow B,Blue,Tablet,Not Stated,Not Stated,Diazepam,,53.264406666666666,-2.5003200000000003
W069340,2025-09-26,CW9,Valium,Martin Dow A,Blue,Tablet,Not Stated,Not Stated,Diazepam,,53.264406666666666,-2.5003200000000003
W069370,2025-10-02,MK12,Diazepam,Diazepam,White,Tablet,Not Stated,Not Stated,Alprazolam,,52.0625,-0.8166
W069469,2025-10-02,CM11,alprazolam,alprazolam,White,Powder,Oral,Not Stated,Alprazolam,,51.62107142857143,0.4470142857142857
W069470,2025-10-02,CM11,diazepam,diazepam ,White,Powder,Not Stated,Not Stated,Diazepam,,51.62107142857143,0.4470142857142857
000236871,2025-10-02,CF63,DIAZEPAM,DIAZEPAM,,Tablet,Oral,No Effect,Ethylbromazolam,,51.4172,-3.2614
W069433,2025-10-02,CF33,diazepam,diazepam,White,Tablet,Not Stated,Not Stated,Diazepam,,51.52158333333333,-3.6971833333333337
W069403,2025-10-02,M13,diazepam 10mg ,accord diazepam,Blue,Tablet,Not Stated,Not Stated,Ethylbromazolam,,53.4698,-2.2295
W069457,2025-10-02,OX37,XANAX,XANAX,White,,Not Stated,Not Stated,"Etizolam, Alprazolam",,51.78040000000001,-1.2171666666666667
W069291,2025-10-02,EH11,STREET BENZO,LOOSE,White,Tablet,Oral,Increased Confidence,Bromazolam,,55.9326,-3.2531
W069456,2025-10-02,OX37,ETIZOLAM,ETIZOLAM,Blue,Powder,Not Stated,Not Stated,Etizolam,,51.78040000000001,-1.2171666666666667
W069489,2025-10-02,LA13,clonazepam ,neuraxpharm,White,Tablet,Not Stated,Not Stated,Clonazepam,,54.11367142857143,-3.193485714285714
W069499,2025-10-02,SG11,Diazepam,diazepam mogadom,White,Tablet,Oral,"No Effect, Euphoria, Increased Energy, Increased Confidence, Enhanced Senses, Increased Stamina, Increased Libido, Increased Strength, Empathy, Auditory Hallucinations, Visual Hallucinations, Relaxed, Chest Pains, Irregular Heartbeat, Nosebleeds, Nausea, Vomiting, Paranoia, Memory Loss, Confusion, Panic Attack, Loss of consciousness, Agitation, Violence/Aggression, Insomnia, Depression, Suicidal Ideation",Nitrazepam,,51.89398461538462,0.0461076923076923
W069276,2025-10-02,LS74,DIAZEPAM 10MG,10MG BENSEDIN DIAZEPAM,White,Tablet,Oral,"No Effect, Relaxed",Ethylbromazolam,,53.829,-1.5383
000234252,2025-10-02,NP20,benzodiazepine,clonazipam,White,Tablet,Not Stated,Not Stated,Zopiclone,,51.5877,-2.9984
W069439,2025-10-02,DR9,Clonazepam,Klonazepam,White,Tablet,Oral,Not Stated,Ethylbromazolam,,,
W069382,2025-10-02,NR18,Alprazolam,Ksalol alprazolam 1mg,"White, Grey",Tablet,Oral,"Relaxed, Memory Loss, Confusion",Alprazolam,,52.57489230769231,1.0953538461538463
W069374,2025-10-02,IV02,Diazepam,Martin dow,Blue,Tablet,Not Stated,Not Stated,Diazepam,,,
W069431,2025-10-02,OX13,Diazepam,Martin dow,Blue,Tablet,Not Stated,Not Stated,Diazepam,,51.673544444444445,-1.3561166666666666
W069381,2025-10-02,WR18,Diazepam 10mg,Martin dow Valium 10mg,,Tablet,Oral,"Relaxed, Memory Loss, Confusion",Diazepam,,52.1894,-2.22
W069344,2025-10-02,NR7,Clonazepam,Not Stated,White,Tablet,Oral,"Euphoria, Memory Loss, Confusion",Diazepam,,52.64305,1.3373
000234253,2025-10-02,NP20,Diazepam,Clonazepam,White,Tablet,Not Stated,Not Stated,Zopiclone,,51.5877,-2.9984
W069378,2025-10-02,BT67,Diazepam 10mg,Diazepam 10mg,White,Tablet,Not Stated,Not Stated,Diazepam,,54.48503333333334,-6.287166666666667
W069368,2025-10-02,BN6,Xanax,Alprazolam Galenika Ksalol ,Blue,Tablet,Not Stated,Not Stated,Alprazolam,,50.92262,-0.14494
W069309,2025-10-02,WA12,Xanax alprazolam,Alprazolam,Blue,Tablet,Not Stated,Not Stated,No Active Component Identified,,53.45125,-2.6198
W069462,2025-10-02,TD10,DIAZEPAM,DIAZEPAM Almvs,Blue,Tablet,Not Stated,Not Stated,Diazepam,,55.7261,-2.4351
W069438,2025-10-02,CF23,martin dow Diazepam 10mg,Martin dow diazepam 10mg,Blue,Tablet,Oral,Not Stated,Diazepam,,51.5144,-3.1545
W069455,2025-10-02,OX37,etizolam,etizolam,Pink,Solid,Not Stated,Not Stated,Clobromazolam,,51.78040000000001,-1.2171666666666667
W069486,2025-10-03,LA13,CLONAZEPAM,NEURAXPHARM,White,Tablet,Not Stated,Not Stated,Clonazepam,,54.11367142857143,-3.193485714285714
W069491,2025-10-03,LA13,CLONAZEPAM,NEURAXPHARM,White,Tablet,Not Stated,Not Stated,Clonazepam,,54.11367142857143,-3.193485714285714
W069485,2025-10-03,LA13,CLONAZEPAM,NEURAXPHARM,White,Tablet,Not Stated,Not Stated,Clonazepam,,54.11367142857143,-3.193485714285714
W069490,2025-10-03,LA13,CLONAZEPAM,NEURAXPHARM,White,Tablet,Not Stated,Not Stated,Clonazepam,,54.11367142857143,-3.193485714285714
W069556,2025-10-03,PL4,XANAX,Not Stated,White,Tablet,Oral,Relaxed,xylazine,,50.3715,-4.143
W069484,2025-10-03,LA13,CLONAZEPAM,NEURAXPHARM,White,Tablet,Not Stated,Not Stated,Clonazepam,,54.11367142857143,-3.193485714285714
W069386,2025-10-03,NE16,clonazepam,GI GALENIKA RIVOTRIL,White,Tablet,Not Stated,Not Stated,"Paracetamol, Bromazolam",,54.930483333333335,-1.69105
W069472,2025-10-03,RM3,CLONAZEPAM,CLONAZEPAM,White,Tablet,Not Stated,Not Stated,Clonazepam,,51.5946,0.2329
W069488,2025-10-03,LA13,clonazepam,neuraxpharm,White,Tablet,Not Stated,Not Stated,Clonazepam,,54.11367142857143,-3.193485714285714
W069554,2025-10-03,SG40,ELONAZEPAM,"RIVOTRIL, GALENIKA KLONAZEPAM",White,Tablet,Oral,"No Effect, Euphoria, Increased Energy, Increased Confidence, Increased Libido, Increased Strength, Increased Stamina, Enhanced Senses, Empathy, Auditory Hallucinations, Visual Hallucinations, Relaxed, Chest Pains, Irregular Heartbeat, Nosebleeds, Nausea, Vomiting, Paranoia, Memory Loss, Confusion, Panic Attack, Loss of consciousness, Agitation, Violence/Aggression, Insomnia, Depression, Suicidal Ideation",Clonazepam,,51.913845,-0.2342449999999999
W069442,2025-10-03,SA18,DIAZEPAM,DIAZEPAM,Blue,Tablet,Not Stated,Not Stated,Bromazolam,,51.791845,-3.966785
W069531,2025-10-03,CF45,DIAZEPAM MSJ,MSJ,Blue,Tablet,Not Stated,No Effect,Ethylbromazolam,,51.66452,-3.3537
W069430,2025-10-03,OX13,DIAZEPAM,DIAZEPAM GALENIKA,Grey,Tablet,Oral,Relaxed,"Metonitazene, Bromazolam",,51.673544444444445,-1.3561166666666666
W069398,2025-10-03,CF40,MSJ,MSJ,Blue,Tablet,Oral,Not Stated,Ethylbromazolam,,51.627316666666665,-3.461883333333333
W069541,2025-10-03,SK4,CLONAZEPAM,CLONAZEPAM,White,Tablet,Not Stated,Not Stated,Ethylbromazolam,,53.4191,-2.1812
W069487,2025-10-03,LA13,CLONAZEPAM,NEURAZPHARM,White,Tablet,Not Stated,Not Stated,Clonazepam,,54.11367142857143,-3.193485714285714
W069445,2025-10-03,LS8,CLONAZEPAM,CLONAZEPAM (KLONAZEPAM),White,Tablet,Oral,"Relaxed, Confusion",Clonazepam,,53.8245,-1.5099
W069446,2025-10-03,LS8,DIAZEPAM ,DIAZEPAM (GALENIKA BENSEDIN),White,Tablet,Oral,"Relaxed, Memory Loss",Diazepam,,53.8245,-1.5099
W069562,2025-10-03,S64,diazepam,galenkia bensedin #68594072027,White,Tablet,Not Stated,Not Stated,Diazepam,,53.4826,-1.304275
W069566,2025-10-03,S64,diazepam,galenika bensedin #67724052027,White,Tablet,Not Stated,Not Stated,Diazepam,,53.4826,-1.304275
W069347,2025-10-03,KA3,Etizolam,Etizolam 10mg,Blue,Tablet,Not Stated,Not Stated,Etizolam,,55.64550714285714,-4.502764285714286
W069443,2025-10-03,SA13,DIAZEPAM,DIAZEPAM,Blue,Tablet,Not Stated,Not Stated,"Ethylbromazolam, Bromazolam",,51.63321111111111,-3.670888888888888
W069654,2025-10-07,BN6,XANAX,KSALOL 1MG ALPRAZOLAM,Blue,Tablet,Not Stated,Not Stated,Alprazolam,,50.92262,-0.14494
W069452,2025-10-07,ST19,alprazolam,alprazolam,White,Tablet,Oral,Relaxed,Tramadol,,52.71195,-2.1655833333333336
W069660,2025-10-07,LA12,diazepam,diazepam,White,Tablet,Oral,Not Stated,Diazepam,,54.20815897435897,-3.0659179487179484
000237815,2025-10-07,CF31,VALIUM 10MG,NO LABEL,Blue,Tablet,Oral,Relaxed,Ethylbromazolam,,51.507666666666665,-3.577733333333333
W069648,2025-10-07,TA1,DIAZEPAM,ACCORD 10MG,Blue,Tablet,Not Stated,Not Stated,Ethylbromazolam,,51.009225,-3.1091
W069646,2025-10-07,BR35,LORAZEPAM,LORUS 2MG,White,Tablet,Not Stated,Not Stated,Lorazepam,,51.4088,-0.0253
W069656,2025-10-07,CM18,ALPRAZOLAM,ALPRAZOLAM 0.5MG,Pink,Tablet,Not Stated,Not Stated,Alprazolam,,51.7766,0.1116
W069423,2025-10-07,G12,VALIUM 10MG,MARTIN DOW VALIUM (DIAZEPAM) 10MG TABLETS ,Blue,Tablet,Not Stated,Not Stated,Diazepam,,55.8804,-4.3007
W069424,2025-10-07,G12,XANAX 1MG,RLAM-1 ALPRAZOLAM TABLETS IP 1MG,White,Tablet,Not Stated,Not Stated,Tramadol,,55.8804,-4.3007
000234449,2025-10-07,CF15,DIAZEPAM,DIAZEPAM,Blue,Tablet,Oral,"Increased Strength, Relaxed, Nausea, Confusion, Memory Loss",Diazepam,,51.5337,-3.2721
W069597,2025-10-07,WS15,clonazepam,nozimz clonazepam,Blue,Tablet,Not Stated,Not Stated,Clonazepam,,52.7576625,-1.90304375
W069653,2025-10-07,KY13,DIAZEPAM,DIAZEPAM,White,,Oral,Loss of consciousness,Phenazepam,,56.205405263157886,-3.465305263157895
000233805,2025-10-07,NP20,valium,valium,Blue,Tablet,Oral,"Relaxed, Nausea, Vomiting, Memory Loss",Diazepam,,51.5877,-2.9984
W069595,2025-10-07,WS15,Alprazolam Xanax,Not Stated,Yellow,Tablet,Oral,"No Effect, Euphoria, Memory Loss",No Active Component Identified,,52.7576625,-1.90304375
W069543,2025-10-07,RG2,DIAZEPAM (10MG),ELIPAM DIAZEPAM 10MG,White,Tablet,Not Stated,Not Stated,Diazepam,,51.41552,-0.94632
W069602,2025-10-07,HG15,alprazelam (xanax),IP 1mg alprazelam,White,Tablet,Oral,"Enhanced Senses, Visual Hallucinations, Relaxed, Nausea, Vomiting, Memory Loss, Confusion, Insomnia",Alprazolam,,53.99700000000001,-1.5357666666666667
W069451,2025-10-07,ST19,DIAZEPAM,DIAZEPAM ,White,Tablet,Oral,Relaxed,Diazepam,,52.71195,-2.1655833333333336
000238479,2025-10-07,LD1,DIAZEPAM,DIAZEPAM,White,Tablet,Not Stated,Not Stated,Caffeine,Clobromazolam,52.2618,-3.3257903225806453
000238478,2025-10-07,LD1,DIAZEPAM,DIAZEPAM,White,Tablet,Not Stated,Not Stated,Diazepam,,52.2618,-3.3257903225806453
W069639,2025-10-07,CF62,Diazepam,Diazepam,White,Tablet,Oral,"Empathy, Relaxed",Ethylbromazolam,,51.4027,-3.37145
W069558,2025-10-07,CF10,Diazepam,Diazepam,Blue,Tablet,Oral,"Relaxed, Insomnia",Diazepam,,51.48,-3.18
W069421,2025-10-07,WS15,Midazolam,Dormicum,Blue,Tablet,Oral,No Effect,Midazolam,,52.7576625,-1.90304375
W069248,2025-10-07,EH1,Valium,Not Stated,Green,Tablet,Not Stated,Not Stated,Diazepam,,55.9521,-3.1965
W069651,2025-10-07,SW16,Diazepam,Not Stated,Blue,Tablet,Oral,"No Effect, Euphoria, Increased Energy, Relaxed",Diazepam,,51.42283333333334,-0.1242666666666666
W069689,2025-10-08,B77,Diazepam,Accord Diazepam,Yellow,Tablet,Not Stated,Not Stated,Diazepam,,52.6158,-1.666383333333333
W069688,2025-10-08,B77,Xanax,Xanax,White,Tablet,Not Stated,Not Stated,"Caffeine, Clobromazolam",,52.6158,-1.666383333333333
W069678,2025-10-08,HX39,Clonazepam,Rivotril (G Galenika),White,Tablet,Not Stated,Not Stated,Ethylbromazolam,,53.72608333333333,-1.8416
W069687,2025-10-08,B77,Xanax,Not Stated,Blue,Tablet,Not Stated,Not Stated,Unable to identify,,52.6158,-1.666383333333333
W069671,2025-10-08,B77,Diazepam,Bensedin Diazepam,White,Tablet,Not Stated,Not Stated,Diazepam,,52.6158,-1.666383333333333
W069679,2025-10-08,HX39,Nitrazepam,Nitrozep,White,Tablet,Not Stated,Not Stated,Nitrazepam,,53.72608333333333,-1.8416
W069121,2025-10-08,LU13,Temazepam,Not Stated,White,Tablet,Not Stated,Not Stated,Ethylbromazolam,,51.8693,-0.42528
W069232,2025-10-15,W2,Lorazepam,Ativan Lorazepam,White,Tablet,Oral,"Enhanced Senses, Auditory Hallucinations, Visual Hallucinations, Relaxed, Paranoia, Memory Loss, Confusion",Lorazepam,,51.51413636363636,-0.1886454545454545
000234322,2025-10-15,CF11,Lorazepam,Not Stated,Blue,Tablet,Oral,"Euphoria, Increased Confidence, Relaxed, Vomiting, Memory Loss, Confusion",Lorazepam,,51.48,-3.18
W068906,2025-10-15,NE29,Nitrazepam Nitzascan Assette Pharmaceuticals,Not Stated,White,Tablet,Not Stated,Not Stated,Nitrazepam,,55.0165,-1.4493
W069233,2025-10-15,W2,Lorazepam,Ativan Lorazepam,White,Tablet,Oral,"Enhanced Senses, Relaxed, Paranoia, Confusion, Panic Attack",Lorazepam,,51.51413636363636,-0.1886454545454545
000236109,2025-10-15,CF62,Clonazepam,Not Stated,White,Tablet,Not Stated,Not Stated,Clonazepam,,51.4027,-3.37145
W069756,2025-10-17,WV6,Diazepam,Diazepam Teva,Blue,Tablet,Not Stated,Not Stated,Diazepam,,52.59424545454545,-2.2206454545454544
W069749,2025-10-17,WV6,Diazepam,Diazepam Teva boxed,Blue,Tablet,Not Stated,Not Stated,Diazepam,,52.59424545454545,-2.2206454545454544
W069753,2025-10-17,WV6,Diazepam,Diazepam Teva,Yellow,Tablet,Oral,No Effect,Diazepam,,52.59424545454545,-2.2206454545454544
W069784,2025-10-17,SA12,Diazepam,Valium,Blue,Tablet,Not Stated,Not Stated,Diazepam,,51.61181666666667,-3.7703
W069761,2025-10-17,WV6,Diazepam,Diazepam Teva,Blue,Tablet,Not Stated,Not Stated,Diazepam,,52.59424545454545,-2.2206454545454544
W069710,2025-10-17,CW9,Valium,Bensedin,White,Tablet,Not Stated,Not Stated,Diazepam,,53.264406666666666,-2.5003200000000003
W069757,2025-10-17,WV6,Diazepam,Diazepam Teva,Blue,Tablet,Not Stated,Not Stated,Diazepam,,52.59424545454545,-2.2206454545454544
W069791,2025-10-17,SA12,Xanax,Ksalol,White,Tablet,Not Stated,Not Stated,Alprazolam,,51.61181666666667,-3.7703
W069708,2025-10-17,CW9,Alprazolam,Ksalol,"White, Blue",Tablet,Not Stated,Not Stated,Alprazolam,,53.264406666666666,-2.5003200000000003
W069754,2025-10-17,WV6,Diazepam,Diazepam Teva,Yellow,Tablet,Not Stated,Not Stated,Diazepam,,52.59424545454545,-2.2206454545454544
W069755,2025-10-17,WV6,Diazepam,Diazepam Teva,Yellow,Tablet,Not Stated,Not Stated,Diazepam,,52.59424545454545,-2.2206454545454544
W069721,2025-10-17,BN1,Xanax,Replek,Blue,Tablet,Oral,Nausea,Alprazolam,,50.8614,-0.1204166666666666
W069752,2025-10-17,WV6,Diazepam,Diazepam Teva boxed,Yellow,Tablet,Not Stated,Not Stated,Diazepam,,52.59424545454545,-2.2206454545454544
W069713,2025-10-17,WA7,Diazepam,Martin Dow,Blue,Tablet,Oral,"Increased Confidence, Relaxed",Diazepam,,53.324125,-2.7118
W069763,2025-10-17,WV6,Diazepam,Diazepam Teva,Blue,Tablet,Not Stated,Not Stated,Diazepam,,52.59424545454545,-2.2206454545454544
W069759,2025-10-17,WV6,Diazepam,Diazepam Teva,Blue,Tablet,Not Stated,Not Stated,Diazepam,,52.59424545454545,-2.2206454545454544
W069798,2025-10-17,EH1,Etizolam,Not Stated,Pink,Tablet,Not Stated,Not Stated,Clobromazolam,,55.9521,-3.1965
W069712,2025-10-17,L36,Valium,Diazepam,Blue,Tablet,Oral,"Relaxed, Confusion, Agitation",Diazepam,,53.4103,-2.8480499999999997
W069751,2025-10-17,WV6,Diazepam,Diazepam Teva boxed,Yellow,Tablet,Not Stated,Not Stated,Diazepam,,52.59424545454545,-2.2206454545454544
W069758,2025-10-17,WV6,Diazepam,Diazepam Teva,Blue,Tablet,Not Stated,Not Stated,Diazepam,,52.59424545454545,-2.2206454545454544
W069799,2025-10-17,SA15,Xanax,Not Stated,White,Tablet,Not Stated,Not Stated,Bromazolam,,51.74003,-4.187250000000001
W069723,2025-10-17,BN11,Xanax (Alprazolam),Alprazolam tablets Rlam-1 batch 210554,White,Tablet,Oral,No Effect,No Active Component Identified,,50.81425,-0.38285
W069760,2025-10-17,WV6,Diazepam,Diazepam Teva,Blue,Tablet,Not Stated,Not Stated,Diazepam,,52.59424545454545,-2.2206454545454544
W070068,2025-10-21,G63,xanax,blue boeing,"Blue, Blue",Tablet,Not Stated,Not Stated,Unable to identify,,56.03654399999999,-4.3500119999999995
W070055,2025-10-21,LA2,clonazepam ,Rnaze - 2,White,Tablet,Not Stated,Not Stated,Clonazepam,,54.05346590909091,-2.6209113636363637
W070056,2025-10-21,LA2,CLONAZEPAM,Rnaze - 2 ,White,Tablet,Not Stated,Not Stated,Clonazepam,,54.05346590909091,-2.6209113636363637
W070014,2025-10-21,MK41,DIAZEPAM,BENSEDIN - DIAZEPAM,White,Tablet,Not Stated,Not Stated,Diazepam,,52.15575,-0.450575
W069585,2025-10-21,CH43,DIAZEPAM, VALIUM,Blue,Tablet,Oral,"Relaxed, Irregular Heartbeat",Diazepam,,53.384233333333334,-3.0624333333333333
W070096,2025-10-21,SY21,DIAZEPAM,NEUROVISION,White,Tablet,Oral,"No Effect, Empathy, Relaxed",Diazepam,,52.670813513513515,-3.1976945945945947
W070018,2025-10-21,SY21,xanax,GREENHULK XANAX,Green,Tablet,Not Stated,Not Stated,Unable to identify,,52.670813513513515,-3.1976945945945947
W070054,2025-10-21,LA2,CLONAZEPAM,Rnaze-2,White,Tablet,Not Stated,Not Stated,Clonazepam,,54.05346590909091,-2.6209113636363637
W070070,2025-10-21,NW2,ALPRAZOLAM ,K SALOL ALPRAZOLAM ,White,Tablet,Oral,"Increased Energy, Chest Pains, Nausea, Paranoia, Agitation, Insomnia",Tramadol,,51.5608,-0.223325
W069704,2025-10-21,CH61,flualprazolam,adventure,White,Tablet,Not Stated,Not Stated,Alprazolam,,53.36262000000001,-3.1188
W069701,2025-10-21,CH61,flualprazolam,coffee shop,White,Tablet,Not Stated,Not Stated,Alprazolam,,53.36262000000001,-3.1188
W070094,2025-10-21,DN5,DIAZEPAM,DIAZEPAM,Blue,Tablet,Oral,Relaxed,Bromazolam,,53.53578181818182,-1.229072727272727
W069873,2025-10-21,SG4,ALPRAZOLAM,ALPRAZOLAM 1MG,White,Tablet,Not Stated,Not Stated,Alprazolam,,51.913845,-0.2342449999999999
W069892,2025-10-21,CF44,DIAZEPAM,BENSEDIN TABLETS,White,Tablet,Oral,"Increased Confidence, Increased Strength, Relaxed",Ethylbromazolam,,51.7327125,-3.48293125
W070046,2025-10-21,SK22,suspected diazepam tablet ,pale blue martin dow,Blue,Tablet,Not Stated,Not Stated,Diazepam,,53.3733,-1.9875
000032778,2025-10-21,CF63,valium,Not Stated,White,Tablet,Not Stated,Not Stated,Ethylbromazolam,,51.4172,-3.2614
W069702,2025-10-21,CH61,flualprazolam,mister M,White,Tablet,Not Stated,Not Stated,Alprazolam,,53.36262000000001,-3.1188
W069907,2025-10-21,RM7,Diazepam,Easium Diazepam,White,Tablet,Oral,Relaxed,Diazepam,,51.5602,0.1792
W069882,2025-10-21,M16,CLONAZEPAM,GALENKIA RIVOTRIL,White,Tablet,Not Stated,Not Stated,Bromazolam,,53.4551,-2.2645
W070044,2025-10-21,CR1,Alprazolam,Ksalol,Blue,Tablet,Oral,"Relaxed, Paranoia",Ethylbromazolam,,,
W069915,2025-10-21,B33,ALPRAZOLAM / XANAX 1MG,tAKSA LIFESCIENCE ALPRX-1 ALPRAZOLAM [BATCH NO: TLNTD-303],White,Tablet,Oral,"Euphoria, Relaxed, Memory Loss, Confusion",Unable to identify,,52.4804,-1.7883
W070067,2025-10-21,G63,Xanax,Red devil,Red,Tablet,Not Stated,Not Stated,"Caffeine, Clobromazolam",,56.03654399999999,-4.3500119999999995
W070082,2025-10-21,S21,Alprazolam (xanax),Xanax,White,Tablet,Not Stated,Not Stated,Bromazolam,,53.3123,-1.3394
W070083,2025-10-21,S21,Diazepam,Diazepam,"White, Blue",Tablet,Oral,Panic Attack,Ethylbromazolam,,53.3123,-1.3394
W069700,2025-10-21,PO39,Diazepam,Diazepam,Blue,Tablet,Not Stated,Not Stated,Diazepam,,50.6847,-1.5369
W069705,2025-10-21,PO39,Alprazolam,Alprazolam,Blue,Tablet,Not Stated,Not Stated,Ethylbromazolam,,50.6847,-1.5369
W070084,2025-10-21,SK5,Diazepam,Dizpam,White,Tablet,Not Stated,Not Stated,Diazepam,Atenolol,53.4418,-2.161
W070024,2025-10-21,WN8,Almus Lorazepam,Lorazepam,White,Tablet,Oral,No Effect,Lorazepam,,53.5623,-2.7659875
W070069,2025-10-21,NW2,Alprazolam,Alxan Alprazolam,White,Tablet,Oral,"Nausea, Agitation, Insomnia",Tramadol,,51.5608,-0.223325
W070064,2025-10-21,G63,Xanax,Yellow bars,Yellow,Tablet,Not Stated,Not Stated,Bromazolam,,56.03654399999999,-4.3500119999999995
W070095,2025-10-21,SY21,Xanax bar,Red devil,,,Not Stated,Not Stated,"Caffeine, Clobromazolam, Rilmazafone",,52.670813513513515,-3.1976945945945947
W070057,2025-10-21,LA2,Klonopin,Galenika,White,Tablet,Not Stated,Not Stated,Clonazepam,,54.05346590909091,-2.6209113636363637
W070066,2025-10-21,G63,Xanax,Green Mutant,Green,Tablet,Not Stated,Not Stated,Bromazolam,,56.03654399999999,-4.3500119999999995
W070058,2025-10-21,LA2,Klonopin,Galenika,White,Tablet,Not Stated,Not Stated,Clonazepam,,54.05346590909091,-2.6209113636363637
W070072,2025-10-21,SA1,Valium,Not Stated,Blue,Tablet,Not Stated,Not Stated,Bromazolam,,51.633979999999994,-3.94848
W070099,2025-10-21,EH66,Alprazolam,R-lam Alprazolam,White,Tablet,Not Stated,Not Stated,Tramadol,,55.9617,-3.1844
W069906,2025-10-21,RM7,Diazepam,Diazepam tablets Dizpam,White,Tablet,Not Stated,Not Stated,Diazepam,Zolpidem,51.5602,0.1792
W069917,2025-10-21,B33,alprazolam / xanax 2mg,medicross Alxan-2 Alprazolam [Batch no:MNT24036],White,Tablet,Oral,"Euphoria, Empathy, Relaxed, Memory Loss, Confusion, Loss of consciousness",No Active Component Identified,,52.4804,-1.7883
W069788,2025-10-21,G72,Valium,Diazepam,White,Tablet,Oral,"Memory Loss, Loss of consciousness, Confusion",Clonazolam,,55.80098,-4.12986
W069889,2025-10-21,RM12,DIAZEPAM 5MG,ALMUS DIAZEPAM 5MG,Yellow,Tablet,Oral,"Euphoria, Empathy, Relaxed, Chest Pains, Irregular Heartbeat, Memory Loss, Depression",Diazepam,,51.55323333333333,0.2085
W069857,2025-10-21,CH6,Clonazepam,Galenika Rivotril,White,Tablet,Oral,"Euphoria, Relaxed, Confusion",Clonazepam,,53.255125,-3.1489
W069884,2025-10-21,E5,Diazepam,Bensedin Diazepam,White,Tablet,Not Stated,Not Stated,Ethylbromazolam,,51.55991666666667,-0.0545166666666666
W069890,2025-10-21,E59,Diazepam,Accord Diazepam,Blue,Tablet,Not Stated,Not Stated,Diazepam,,,
W069887,2025-10-21,E59,Diazepam,Valium,Blue,Tablet,Not Stated,Not Stated,Bromazolam,,,
W069696,2025-10-21,CF43,Xanax,Xanax,White,Tablet,Oral,Relaxed,Bromazolam,,51.66792,-3.4671
W069783,2025-10-21,TA4,Diazepam,Accord Diazepam,Blue,Tablet,Oral,"Relaxed, Confusion",Ethylbromazolam,,51.08138936170213,-3.287942553191489
W069745,2025-10-21,LL30,Xanax,Not Stated,White,Tablet,Not Stated,Not Stated,Tramadol,,53.325,-3.8315
W069854,2025-10-21,SW20,Valium,Diazepam,Blue,Tablet,Not Stated,Not Stated,Diazepam,,51.4095,-0.22818
W069719,2025-10-21,SS9,Clonazepam,clonazepam Rnaze,White,Tablet,Not Stated,Not Stated,Clonazepam,,51.54885,0.65005
W069868,2025-10-21,SG19,Xanax,Alxan,White,Tablet,Not Stated,Not Stated,Alprazolam,,52.137609999999995,-0.188005
W069706,2025-10-21,DH1,Diazepam,Accord Diazepam,Yellow,Tablet,Not Stated,Not Stated,Diazepam,,54.77482,-1.56714
W069729,2025-10-21,CM1,Diazepam,Accord Diazepam tablets,Blue,Tablet,Oral,No Effect,"Paracetamol, Bromazolam",,51.76435714285714,0.4079
W069818,2025-10-21,CF63,Diazepam,Bensedin Diazepam,White,Tablet,Not Stated,Not Stated,Diazepam,,51.4172,-3.2614
W069814,2025-10-21,G72,Valium,Diazepam,White,Tablet,Oral,"Relaxed, Memory Loss, Confusion, Loss of consciousness",Phenazepam,,55.80098,-4.12986
W069958,2025-10-21,SK13,clonazepam 2mg,clonazepam neuraxpharma 2mg,White,Tablet,Not Stated,Not Stated,Clonazepam,,53.4433,-1.949
W069870,2025-10-21,SG19,Lorazepam,Lorus,White,Tablet,Not Stated,Not Stated,Lorazepam,,52.137609999999995,-0.188005
000236138,2025-10-21,CF62,Diazepam,Not Stated,Yellow,Tablet,Not Stated,Not Stated,Diazepam,,51.4027,-3.37145
W069871,2025-10-21,WD19,Klonazepam,Clonazepam,White,Tablet,Oral,Relaxed,Clonazepam,Quetiapine,51.6553,-0.396
W069727,2025-10-21,TN25,Clonazepam,Galenika Rivotril,White,Tablet,Not Stated,No Effect,Ethylbromazolam,,51.14642608695653,0.9393608695652174
W069959,2025-10-21,SK13,clonazepam,clonazepam novumgen 2mg,White,Tablet,Not Stated,Not Stated,Clonazepam,,53.4433,-1.949
000236137,2025-10-21,CF62,Alprazolam,Not Stated,Blue,Tablet,Not Stated,Not Stated,Alprazolam,,51.4027,-3.37145
W069856,2025-10-21,CH65,ALPRAZOLAM,ALPRAZOLAM ALPRAZ 1MG,White,Tablet,Oral,"Euphoria, Relaxed",Alprazolam,,53.2787,-2.9013
W069932,2025-10-21,WF2,diazepam,diazepam,White,Tablet,Oral,No Effect,Paracetamol,,53.66534,-1.51568
W069888,2025-10-21,BN1,diazepam 10mg,diazepam 10mg (Digital vision),White,Tablet,Oral,Not Stated,Diazepam,,50.8614,-0.1204166666666666
W069795,2025-10-21,BH14,DIAZEPAM, ROCHE VALIUM,Blue,Tablet,Oral,"Euphoria, Relaxed, Memory Loss",Diazepam,,50.7299,-1.9449
W069864,2025-10-21,WR10,DIAZEPAM,DIAZEPAM,White,Tablet,Not Stated,Not Stated,Ethylbromazolam,,52.11444545454546,-2.047613636363636
W069588,2025-10-21,CH49,diazepam,volume,White,Tablet,Oral,"Increased Confidence, Relaxed",Diazepam,,53.37539999999999,-3.0961
W069836,2025-10-21,YO8,Diazepam,Diazepam,White,Tablet,Not Stated,Not Stated,Diazepam,,53.77469393939394,-1.0269030303030302
W069881,2025-10-21,M16,DIAZEPAM,MARTIN DONS VALIUM,Black,Tablet,Not Stated,Not Stated,Diazepam,,53.4551,-2.2645
W069835,2025-10-21,YO8,Diazepam,Diazepam,White,Tablet,Not Stated,Not Stated,Ethylbromazolam,,53.77469393939394,-1.0269030303030302
W069833,2025-10-21,YO8,Diazepam,Not Stated,White,Tablet,Not Stated,Not Stated,Ethylbromazolam,,53.77469393939394,-1.0269030303030302
W069872,2025-10-21,EH54,Diazepam,Not Stated,Blue,Tablet,Oral,"Relaxed, Nausea, Paranoia, Agitation",Diazepam,,55.9029,-3.5226
W069703,2025-10-21,SR3,Diazepam,Accord Diazepam,Blue,Tablet,Not Stated,Not Stated,Diazepam,,54.874233333333336,-1.4153666666666669
W069820,2025-10-21,AL74,Accord Diazepam,Accord Diazepam,Blue,Tablet,Oral,"Euphoria, Increased Confidence, Relaxed, Confusion",Bromazolam,,51.7969,-0.1871
W069731,2025-10-21,TN25,Alprazolam,Rlam Alprazolam,White,Capsule,Not Stated,Not Stated,Tramadol,,51.14642608695653,0.9393608695652174
W069834,2025-10-21,YO8,Diazepam,Diazepam,Blue,Tablet,Oral,"Memory Loss, Confusion, Panic Attack",Diazepam,,53.77469393939394,-1.0269030303030302
W070132,2025-10-28,FK7,DIAZEPAM,DIAZEPAM 5MG,White,Tablet,Oral,Relaxed,Diazepam,,56.0861125,-3.9108875
W070195,2025-10-28,LS10,ALPRAZOLAM,ALPRAZOLAM,Blue,Tablet,Not Stated,Not Stated,Alprazolam,,53.7496,-1.5494
W070114,2025-10-28,EH25,ALPRAZOLAM 1MG,Not Stated,White,Tablet,Not Stated,Not Stated,Alprazolam,,55.8639,-3.17355
W070113,2025-10-28,EH525,ALPRAZOLAM 2MG x R,Not Stated,Yellow,Tablet,Not Stated,Not Stated,Alprazolam,,55.9757,-3.2217
W070150,2025-10-28,EX10,lorazepam, lora-2,White,Tablet,Oral,"Increased Confidence, Relaxed",Lorazepam,,50.70001666666667,-3.258891666666667
W070077,2025-10-28,EX10,xanax (alprazolam) ,1mg alprazolam tablets ,Blue,Tablet,Oral,No Effect,Ethylbromazolam,,50.70001666666667,-3.258891666666667
W070149,2025-10-28,EX20,clonazepam,rivotril 2mg,White,Tablet,Not Stated,"Increased Energy, Relaxed",Ethylbromazolam,,50.751713461538465,-4.0457230769230765
W070154,2025-10-28,BS6,diazepam,martin dow valium,Blue,Tablet,Not Stated,Not Stated,Diazepam,,51.465599999999995,-2.599066666666667
W069725,2025-10-28,SA6,XANAX BAR 2MG,XANAX BAR 2MG,White,Tablet,Not Stated,Not Stated,Ethylbromazolam,,51.6766,-3.9147
W070129,2025-10-28,SA1,alprazolam,alprazolam,White,Tablet,Not Stated,Not Stated,Alprazolam,,51.633979999999994,-3.94848
W070200,2025-10-28,TR18,DIAZEPAM 10MG,DIAZEPAM 10MG,Blue,Tablet,Not Stated,Not Stated,Ethylbromazolam,,50.120720000000006,-5.537180000000001
W070217,2025-10-28,LA4,CLONAZEPAM 2MG," CLONAZEPAM 2MG ""KLOZAB-2 HD"" DIGITAL VISION PHARMA ",White,Tablet,Oral,No Effect,Clonazepam,,54.06833333333333,-2.8470333333333335
W070143,2025-10-28,AL5,XANAX,XANAX,White,Tablet,Not Stated,Not Stated,"Caffeine, Clobromazolam",,51.8168,-0.3571
W070221,2025-10-28,SA1,XANAX 2MG / ALPRAZOLAM,ALPRAZOLAM 2MG ,White,Tablet,Oral,No Effect,Tramadol,,51.633979999999994,-3.94848
W070236,2025-10-28,CF62,diazepam,easium diazem BP 5mg,White,Tablet,Oral,Relaxed,Diazepam,,51.4027,-3.37145
W070183,2025-10-28,OX26,diazepam 10mg,diazepam 10mg,Blue,Tablet,Oral,"Increased Confidence, Empathy, Relaxed",Ethylbromazolam,,51.9,-1.1536
W070153,2025-10-28,BS5,alprazolam, alprax XR2,Yellow,Tablet,Not Stated,Not Stated,Alprazolam,,51.462,-2.5519
W070109,2025-10-28,NE65,DIAZEPAM,DIZPAM 10MG DIAZEPAM,White,Tablet,Not Stated,Not Stated,Diazepam,,55.318401851851846,-1.804414814814815
W070144,2025-10-28,BT47,Clonazepam,Clonazepam Galenika Rivotril,White,Tablet,Not Stated,Not Stated,Clonazepam,,54.94983333333333,-7.084177777777778
W070107,2025-10-28,NE65,Temazepam,Restomed Temazepam,"Purple, Blue",Capsule,Not Stated,Not Stated,Temazepam,,55.318401851851846,-1.804414814814815
000232938,2025-10-28,CF10,VALIUM,VALIUM,Blue,Tablet,Oral,"Auditory Hallucinations, Visual Hallucinations",Ethylbromazolam,,51.48,-3.18
W070138,2025-10-28,BT47,Clonazepam,Clonazepam Nouvagen,White,Tablet,Not Stated,Not Stated,Clonazepam,,54.94983333333333,-7.084177777777778
W070022,2025-10-28,RM7,Gifted Clonazepam,Clonazeapm Tehran Darou Co,White,Capsule,Not Stated,Not Stated,Clonazepam,,51.5602,0.1792
W070034,2025-10-28,PR3,Clonazepam,Neuraxpharm,White,Tablet,Not Stated,Not Stated,Clonazepam,,53.903882857142854,-2.707102857142857
W070033,2025-10-28,PR3,Clonazepam,Neuraxpharm,White,Tablet,Not Stated,Not Stated,Clonazepam,,53.903882857142854,-2.707102857142857
W070032,2025-10-28,PR3,Clonazepam,Neuraxpharm,White,Tablet,Not Stated,Not Stated,Clonazepam,,53.903882857142854,-2.707102857142857
W070023,2025-10-28,RM7,Alprazolam/Xanax,Opsomin Alprax XR2 Alprazolam ,White,Tablet,Not Stated,Not Stated,Alprazolam,,51.5602,0.1792
W070105,2025-10-28,L13,CLONAZEPAM 2MG TABLET ,GALENIKA RIVOTRIL 2MG (BY LOWCOSTMEDS),White,Tablet,Not Stated,Not Stated,Clonazepam,,53.4179,-2.9206
W070028,2025-10-28,WA6,Diazepam,Diazepam,Blue,Tablet,Oral,Relaxed,Ethylbromazolam,,53.26614166666667,-2.732791666666667
W070059,2025-10-28,LA2,Klonopin,Galenika,White,Tablet,Not Stated,Not Stated,Clonazepam,,54.05346590909091,-2.6209113636363637
W069815,2025-10-28,BT5,Diazepam,Galenika Bensedin Diazepam,White,Tablet,Not Stated,Not Stated,Diazepam,,54.58087142857143,-5.875314285714286
W070076,2025-10-28,W13,Diazepam,Bensedin Galenika Diazepam,White,Tablet,Not Stated,Not Stated,Ethylbromazolam,,51.5122,-0.311625
W070041,2025-10-28,BT67,Etizolam,Pharmacy2u Etizolam,Red,Tablet,Not Stated,Not Stated,Clobromazolam,,54.48503333333334,-6.287166666666667
W070185,2025-10-28,NE16,Clonazepam,Galenika,White,Tablet,Not Stated,Not Stated,"Paracetamol, Bromazolam",,54.930483333333335,-1.69105
W070130,2025-10-28,CF47,MSJ,Not Stated,Blue,Tablet,Oral,Relaxed,Ethylbromazolam,,51.7479,-3.3778
W069972,2025-10-28,CH2,Diazepam,Diazepam,Blue,Tablet,Oral,No Effect,Ethylbromazolam,,53.25357,-2.85961
W070035,2025-10-28,PR3,Clonazepam,Neuraxpharm,White,Tablet,Not Stated,Not Stated,Clonazepam,,53.903882857142854,-2.707102857142857
W070139,2025-10-28,B10,ALPRAZOLAM,ALXAN-1 ALPRAZOLAM BATCH MNT24038,White,Tablet,Not Stated,Not Stated,Tramadol,,52.4698,-1.8523
W068854,2025-10-28,PR7,DIAZEPAM,BENSEDIN GALENIKA DIAZEPAM 10MG,White,Tablet,Not Stated,Not Stated,Ethylbromazolam,,53.64461428571428,-2.6670142857142856
W070179,2025-10-28,GU15,ALPRAZOLAM,Rlam-Alpra 1mg,White,Capsule,Oral,"Euphoria, Increased Confidence, Empathy, Relaxed",Tramadol,,51.337,-0.7426
W070230,2025-10-28,B30,diazepam,bensedin (diazepam) 10mg,White,Tablet,Oral,No Effect,Ethylbromazolam,,52.4167,-1.9167
W069976,2025-10-28,CH42 OLA,diazepam,diazepam,Blue,Tablet,Oral,"Irregular Heartbeat, Panic Attack",Ethylbromazolam,,53.378899999999994,-3.0139666666666667
W070177,2025-10-28,GU14,DIAZEPAM 10MG,GALENIKA DIAZEPAM,White,Tablet,Oral,"Increased Confidence, Relaxed",Ethylbromazolam,,51.2955,-0.7908
W070134,2025-10-28,SA1,DIAZEPAM BENADIN,BENADIN 10MG (DIAZEPAM),White,Tablet,Oral,"Euphoria, Enhanced Senses, Relaxed, Nausea, Paranoia",Ethylbromazolam,,51.633979999999994,-3.94848
W070265,2025-10-28,DT40,DIAZEPAM,DIAZEPAM 2MG,White,Tablet,Oral,"Relaxed, Irregular Heartbeat, Nausea, Agitation",Diazepam,,50.60802,-2.4613799999999997
W070078,2025-10-28,B29,xanax (1mg),Rlam-1 Aplrazolam Tablets I.P. 1mg,White,Tablet,Oral,Relaxed,No Active Component Identified,,52.4393,-1.9402
W070332,2025-10-30,MI45,Alprazolam,Alprazolam 0.5mg gador,Blue,Tablet,Not Stated,Not Stated,Alprazolam,,,
W070320,2025-10-30,TA4,diazepam,Accord 10mg diazepam,Blue,Tablet,Oral,"Increased Confidence, Empathy, Relaxed, Confusion",Ethylbromazolam,,51.08138936170213,-3.287942553191489
W070374,2025-10-30,WF12,Diazepam,Msj,Blue,Tablet,Not Stated,Not Stated,Ethylbromazolam,,53.68023333333334,-1.6275333333333333
W070313,2025-10-30,BS4,Benzodiazepam,Benzodiazepam,Blue,Tablet,Not Stated,"Relaxed, No Effect",Diazepam,,51.4345,-2.55525
W070279,2025-10-30,YO32,diazepam,Bensedin,White,Tablet,Oral,Relaxed,Diazepam,,54.0114375,-1.0430625
W070270,2025-10-30,M18,diazepam,Not Stated,Blue,Tablet,Oral,"Relaxed, Irregular Heartbeat, Depression",Ethylbromazolam,,53.4667,-2.1667
W070338,2025-10-30,HV3,DIAZEPAM,ACCORD DIAZEPAM,Yellow,Tablet,Oral,Not Stated,Diazepam,,,
W070278,2025-10-30,Y032,diazepam,bensedin,White,Tablet,Oral,Relaxed,Diazepam,,,
W070276,2025-10-30,LL29,diazepam,diazepam,Blue,Tablet,Oral,Relaxed,Bromazolam,,53.283275,-3.6966
W070349,2025-10-30,LS18,DIAZEPAM 10MG,DIAZEPAM 10MG,Blue,Tablet,Not Stated,Not Stated,Diazepam,,53.838,-1.6404
W070394,2025-10-30,HR6,DIAZEPAM 10MG,BENSEDIN 10MG,White,Tablet,Oral,"Increased Confidence, Relaxed, Irregular Heartbeat",Diazepam,,52.215596363636365,-2.6785654545454545
W070229,2025-10-30,IM4,diazepam 10mg,accord diazepam,Blue,Tablet,Not Stated,Not Stated,Ethylbromazolam,,54.21202380952381,-4.712890476190476
W070377,2025-10-30,WF12,DIAZEPAM,Bensedin,White,,Not Stated,Not Stated,Diazepam,,53.68023333333334,-1.6275333333333333
W070234,2025-10-30,CM1,"DIAZEPAM, 10MG","ACCORD, DIAZEPAM TABLETS, 10MG",Blue,Tablet,Oral,No Effect,Ethylbromazolam,,51.76435714285714,0.4079
W070378,2025-10-30,WF12,DIAZEPAM,ACCORD DIAZEPAM,,Tablet,Not Stated,Not Stated,Ethylbromazolam,,53.68023333333334,-1.6275333333333333
W070375,2025-10-30,WF17,ALPRAZOLAM ,XANAX 2MG,White,Tablet,Not Stated,Not Stated,Ethylbromazolam,,53.7029,-1.6337
W070281,2025-10-30,SW4,xanx,medicines xanx,"White, Grey",Tablet,Oral,No Effect,Tramadol,,51.46758,-0.12912
W070262,2025-10-30,YO8,DIAZEPAM 10MG,DIAZEPAM 10MG,Blue,Tablet,Not Stated,Not Stated,Ethylbromazolam,,53.77469393939394,-1.0269030303030302
W070261,2025-10-30,YO8,DIAZEPAM 10MG,DIAZEPAM 10MG,White,Tablet,Not Stated,Not Stated,Diazepam,,53.77469393939394,-1.0269030303030302
W070248,2025-10-30,YO8,10MG DIAZEPAM ,DIAZEPAM 10MG,Blue,Tablet,Not Stated,Not Stated,Diazepam,,53.77469393939394,-1.0269030303030302
W070263,2025-10-30,TO8,DIAZEPAM 10MG,DIAZEPAM 10MG,White,Tablet,Not Stated,Not Stated,Diazepam,,,
W070250,2025-10-30,YO8,DIAZEPAM 10MG,DIAZEPAM 10MG,Blue,Tablet,Not Stated,Not Stated,Bromazolam,,53.77469393939394,-1.0269030303030302
W070073,2025-10-30,SO19,LORAZEPAM,LORAZEPAM,White,Tablet,Not Stated,Not Stated,Lorazepam,,50.8993,-1.3670749999999998
W070269,2025-10-30,SA15,diazepam, valium 10mg ,Blue,Tablet,Oral,Relaxed,Diazepam,,51.74003,-4.187250000000001
W070108,2025-10-30,NE65,ALPRAZOLAM,ALPZAR 1MG,White,Tablet,Not Stated,Not Stated,Alprazolam,,55.318401851851846,-1.804414814814815
W070314,2025-10-30,KY11,CLONAZEPAM (NEUROPHARMAX),CLONAZEPAM 2MG NEUROPHARMAX,White,Tablet,Oral,No Effect,Clonazepam,,56.037644444444446,-3.422588888888889
W070249,2025-10-30,YO8,DIAZEPAM 10MG,DIAZEPAM 10MG ,White,Tablet,Not Stated,Not Stated,Ethylbromazolam,,53.77469393939394,-1.0269030303030302
W070256,2025-11-05,G40,diaxium 10mg diazepam,diaxium,Blue,Tablet,Oral,"Euphoria, Relaxed, Memory Loss, Confusion, Delusions, Depression",Diazepam,,55.8485,-4.2235
W070624,2025-11-05,DH33,DIAZEPAM,DIAZEPAM,Blue,Tablet,Oral,Not Stated,Diazepam,,54.86006666666666,-1.5611666666666668
W070542,2025-11-05,M7,DIAZEPAM,DIAZEPAM P.PM,Blue,Tablet,Not Stated,Not Stated,Diazepam,,53.5056,-2.2623
W070557,2025-11-05,ME10 5JU,diazepam ,diazepam,White,Tablet,Oral,"No Effect, Increased Confidence, Enhanced Senses, Relaxed, Chest Pains, Irregular Heartbeat, Nosebleeds, Nausea, Paranoia, Memory Loss, Confusion, Panic Attack, Loss of consciousness, Violence/Aggression",Ethylbromazolam,,51.345,0.738475
W070175,2025-11-05,PH22,midazolam,midolam 7.5mg,White,Tablet,Not Stated,Not Stated,Midazolam,,57.190822222222224,-3.818822222222222
W070517,2025-11-05,SW34,XANAX,BL4CKSVEN KSALOL,Blue,Tablet,Not Stated,Not Stated,Alprazolam,,51.487975000000006,-0.165875
W070488,2025-11-05,BN2,DIAZEPAM,DIAZEPAM,White,Tablet,Not Stated,Not Stated,Diazepam,,50.823825,-0.082825
W070636,2025-11-05,SN6,diazepam 10mg,besiden,Colourless,Tablet,Oral,"No Effect, Relaxed",Diazepam,,51.61733809523809,-1.732504761904762
000237521,2025-11-05,CF47,VALIUM ,VALIUM (DIAZEPAM),Blue,Tablet,Oral,"No Effect, Relaxed",Ethylbromazolam,,51.7479,-3.3778
W070524,2025-11-05,BN10,valium,zolpidem,White,Tablet,Oral,"No Effect, Confusion",Zolpidem,,50.7927,-0.0065
W070254,2025-11-05,G40,clonaz (clonazepam),BP pase 2 clonaz (2mg (clonazepam),Yellow,Tablet,Oral,"Euphoria, Relaxed, Memory Loss, Confusion, Loss of consciousness",Clonazepam,,55.8485,-4.2235
W070454,2025-11-05,DN31,VALIUM,VALIUM,Blue,Tablet,Oral,"Relaxed, Confusion",Clobromazolam,,53.5702,-0.088
W070346,2025-11-05,RG31,xanax-alprazolam,xanax-alprax,Orange,Tablet,Oral,"Euphoria, Relaxed",Alprazolam,,51.4513,-1.046266666666667
W070611,2025-11-05,WA12,MK XANAX,MK XANAX,White,Tablet,Not Stated,Not Stated,"Caffeine, Clobromazolam",,53.45125,-2.6198
W070433,2025-11-05,CF43,xanax ,no packaging but labelled on tablet ,White,Tablet,Oral,"Relaxed, Confusion, Depression",Bromazolam,,51.66792,-3.4671
W070453,2025-11-05,DN31,XANAX ,XANAX,White,,Oral,"Relaxed, Irregular Heartbeat, Paranoia, Memory Loss, Confusion, Panic Attack, Loss of consciousness, Agitation, Violence/Aggression, Depression, Suicidal Ideation",Etizolam,,53.5702,-0.088
W070142,2025-11-05,DN31,ALPRAZALAM,ALPRAZALAM,White,Tablet,Oral,Relaxed,Alprazolam,,53.5702,-0.088
W070402,2025-11-05,SA13,valium,valium 10mg,Blue,Tablet,Oral,Relaxed,Diazepam,,51.63321111111111,-3.670888888888888
W070255,2025-11-05,G40,Alprazolam (Xanax),Alprox,Yellow,Tablet,Oral,"Relaxed, Memory Loss, Confusion, Loss of consciousness",Alprazolam,,55.8485,-4.2235
W070581,2025-11-05,TQ13,Diazepam,Diazepam Accord S012617010094,White,Tablet,Oral,Relaxed,Diazepam,,50.593135,-3.68865
W070585,2025-11-05,PL18,Diazepam,Bensedin Galenika Diazepam,White,Tablet,Oral,Relaxed,Bromazolam,,50.5103,-4.209883333333334
W070577,2025-11-05,LL30,Diazepam Rivotril,Rivotril,White,Tablet,Oral,Relaxed,Clonazepam,,53.325,-3.8315
W070391,2025-11-05,AB53,DIAZEPAM 5MG,STRIP (SEDDIL),Yellow,,Oral,"Euphoria, Increased Energy, Relaxed, Memory Loss",Diazepam,,57.52383064516129,-2.390117741935484
W070647,2025-11-05,B30,diazepam ,bensedin 10mg (diazepam),White,Tablet,Oral,"Enhanced Senses, Relaxed, Irregular Heartbeat",Ethylbromazolam,,52.4167,-1.9167
W070390,2025-11-05,AB53,AMAZAPAM 20MG,SAME,White,Liquid,Oral,"Increased Energy, Increased Confidence, Increased Stamina, Memory Loss",Ethylbromazolam,,57.52383064516129,-2.390117741935484
W070445,2025-11-05,SE1,DIAZEPAM ,DIAZEPAM,Blue,Tablet,Not Stated,Not Stated,Ethylbromazolam,,51.49874615384616,-0.0930384615384615
W070480,2025-11-05,TQ13,diazepam 5mg,diazepam 5mg UK ONLY,White,Tablet,Oral,"Relaxed, Relaxed",Diazepam,,50.593135,-3.68865
W070348,2025-11-05,DL12,DIAZEPAM,DIAZEPAM 10MG,Green,Tablet,Oral,Relaxed,Ethylbromazolam,,54.560157142857136,-1.9837321428571428
W070444,2025-11-05,SW22,DIAZEPAM 5MG TABLETS,DIAZEPAM 5MG TABLETS ACCORD,Yellow,Tablet,Not Stated,Not Stated,Diazepam,,51.4548,-0.1158
W070398,2025-11-05,HB6,ALPRAZOLAM 1MG,KSARLOL 1MG,White,Tablet,Oral,"Relaxed, Irregular Heartbeat, Memory Loss",Alprazolam,,,
W070395,2025-11-05,HR6,DIAZEPAM 10MG,MARTIN DOW 10MG,Blue,Tablet,Oral,"Relaxed, Irregular Heartbeat",Diazepam,,52.215596363636365,-2.6785654545454545
W070431,2025-11-05,NW1,DIAZEPAM,VALIUM,Blue,Tablet,Not Stated,Not Stated,Diazepam,,51.52988181818182,-0.1471818181818182
W070432,2025-11-05,NW1,DIAZEPAM ,BENSEDIN GALENIKA,White,Tablet,Not Stated,Not Stated,Diazepam,,51.52988181818182,-0.1471818181818182
W070532,2025-11-05,WR10,ALPRAZOLAM ,ALPRX - ALPRAZOLAM 1MG,White,Tablet,Not Stated,Not Stated,Alprazolam,,52.11444545454546,-2.047613636363636
W070430,2025-11-05,NW1,DIAZEPAM ,ACCORD 5MG,Yellow,Tablet,Not Stated,Not Stated,Diazepam,,51.52988181818182,-0.1471818181818182
W070458,2025-11-05,SS4,10mg diazepam, accord diazepam 10mg,Blue,Tablet,Oral,"No Effect, Euphoria, Relaxed",Bromazolam,,51.6009875,0.7213875000000001
W070456,2025-11-05,SS4,xanax 2mg bar,Not Stated,White,Tablet,Not Stated,"Euphoria, Relaxed",Ethylbromazolam,,51.6009875,0.7213875000000001
W070388,2025-11-05,M21,alprazolam ,alprazolam / ksalol,Blue,Tablet,Oral,"Euphoria, Relaxed",Alprazolam,,53.4351,-2.2631
W070387,2025-11-05,TN6,diazepam ,valium,Blue,Tablet,Oral,Relaxed,Diazepam,,51.05577777777778,0.2130888888888889
W070376,2025-11-05,WF12,alprazolam ,KSALOL,Blue,Tablet,Not Stated,Not Stated,Ethylbromazolam,,53.68023333333334,-1.6275333333333333
W070483,2025-11-05,EC1V,diazepam,accord diazepam 5mg / Lot DB845 / PC05012617010094 IN ACCORD BOX - UK ONLY ,Yellow,Tablet,Not Stated,Not Stated,Diazepam,,51.5265,-0.0986
W070472,2025-11-05,SA12,DIAZEPAM 'MSJ' tablet,MSJ,Blue,Tablet,Oral,"Euphoria, Relaxed, Irregular Heartbeat, Nausea, Vomiting, Agitation",Ethylbromazolam,,51.61181666666667,-3.7703
100004516,2025-11-05,CA12 5QE,neurovision diazepam 10mg,internet diazepam 10mg,White,Tablet,Oral,Not Stated,Diazepam,,54.58924117647059,-3.1629470588235296
W070471,2025-11-05,SA12,"diazepam ""MSJ"" tablet",MSJ,Blue,Tablet,Oral,"Euphoria, Relaxed, Irregular Heartbeat, Nausea, Vomiting, Agitation",Ethylbromazolam,,51.61181666666667,-3.7703
W070487,2025-11-05,OX13,valium (diazepam) 10mg,bensedin galenika 10mg,Grey,Tablet,Not Stated,Not Stated,"Bromazolam, Metonitazene",,51.673544444444445,-1.3561166666666666
W070485,2025-11-05,OX13,VALIUM (DIAZEPAM) 10MG,BENSEDIN 10MG (DIAZEPAM),White,Tablet,Oral,Insomnia,Ethylbromazolam,,51.673544444444445,-1.3561166666666666
000235452,2025-11-05,SY16,xanax ,alpraazolam tablets,White,Tablet,Oral,"Increased Energy, Increased Confidence, Enhanced Senses, Increased Stamina, Increased Libido, Empathy, Relaxed, Memory Loss",Tramadol,,52.50787647058824,-3.3015823529411765
W070486,2025-11-05,OX13,VALIUM (DIAZEPAM) 10MG,VALIUM (DIAZEPAM) 10MG MARTIN DOW,Blue,Tablet,Not Stated,Not Stated,Diazepam,,51.673544444444445,-1.3561166666666666
W070484,2025-11-05,OX13,VALIUM (DIAZEPAM) 10MG,VALIUM (DIAZEPAM) 10MG MARTIN DOW LIMITED ,Blue,Tablet,Not Stated,Not Stated,"Bromazolam, Metonitazene",,51.673544444444445,-1.3561166666666666
W070473,2025-11-05,SA12,DIAZEPAM 10MG,DIAZEPAM ,White,Tablet,Oral,"Euphoria, Relaxed, Irregular Heartbeat, Nausea, Vomiting, Agitation",Ethylbromazolam,,51.61181666666667,-3.7703
W070482,2025-11-05,EC1V,TEMAZEPAM 20MG,"TEMAZEPAM: TABLETS 20MG, MA holder: TEVA UK Ltd 84122-T / No box BN 517C946",White,Tablet,Oral,"No Effect, Relaxed",Ethylbromazolam,,51.5265,-0.0986
W070657,2025-11-12,S61,Diazepam,Not Stated,Grey,Tablet,Not Stated,Not Stated,Diazepam,,53.4567,-1.3738
W070714,2025-11-12,BS2,Lorazepam,Lorus,White,Tablet,Not Stated,No Effect,Lorazepam,,51.4552,-2.5966
W070697,2025-11-12,SW22,Diazepam tablets,Diazepam tablets Accord,Yellow,Tablet,Not Stated,Not Stated,Diazepam,,51.4548,-0.1158
W070721,2025-11-12,B90,Clonazepam,Rnaze,White,Tablet,Oral,"Empathy, Relaxed",Clonazepam,,52.4107,-1.8195
W070677,2025-11-12,DG2,Diazepam,Diazepam,Yellow,Tablet,Not Stated,Not Stated,Diazepam,,55.0759,-3.6539760869565217
W070731,2025-11-12,EN6,Diazepam,Accord,Yellow,Tablet,Not Stated,Not Stated,Diazepam,,51.69798000000001,-0.1830999999999999
W070543,2025-11-12,G63,Diazepam,Sri Lanken MSJ,"Green, Blue",Tablet,Not Stated,Not Stated,Diazepam,,56.03654399999999,-4.3500119999999995
W070720,2025-11-12,CH5,Bensedin Diazepam,Bensedin,White,Tablet,Not Stated,Not Stated,Diazepam,,53.19930000000001,-3.03614
000236898,2025-11-12,CF63,Diazepam,Not Stated,Yellow,Tablet,Not Stated,Not Stated,Diazepam,,51.4172,-3.2614
W070778,2025-11-12,SA12,Diazepam,Bensedin,White,Tablet,Not Stated,Not Stated,Diazepam,,51.61181666666667,-3.7703
W070713,2025-11-12,BS2,Xanax,Alprazolam,White,Tablet,Oral,"Increased Confidence, Relaxed",Alprazolam,,51.4552,-2.5966
W070429,2025-11-12,NW1,Diazepam,Galenika,White,Tablet,Not Stated,Not Stated,Diazepam,,51.52988181818182,-0.1471818181818182
W070621,2025-11-12,E5,Diazepam,Valium,Blue,Tablet,Not Stated,Not Stated,Bromazolam,,51.55991666666667,-0.0545166666666666
W070552,2025-11-12,KY81,Diazepam,Not Stated,White,Tablet,Oral,Relaxed,Clonazolam,,56.209568181818184,-2.9803318181818184
W070643,2025-11-12,S64,Nitrazepam,Pharmvit Nitrazepam,White,Tablet,Not Stated,Not Stated,Nitrazepam,,53.4826,-1.304275
W070649,2025-11-12,ST50,Diazepam,Not Stated,Brown,Powder,Oral,"Euphoria, Relaxed, Confusion",Clonazepam,,53.00718,-2.253533333333333
W070664,2025-11-12,IV2,Diazepam,Elipam Diazepam,White,Tablet,Not Stated,Not Stated,Diazepam,,57.4791,-4.224
000238652,2025-11-12,NP10,Diazepam,Diazepam,Blue,Tablet,Oral,"Increased Confidence, Relaxed",Ethylbromazolam,,51.5877,-2.9984
W070555,2025-11-12,ME10,Lorazepam,Lorazepam/Nerodelm,Yellow,Tablet,Oral,"Euphoria, Increased Confidence, Relaxed, Breathlesness, Chest Pains, Irregular Heartbeat, Nosebleeds, Nausea, Paranoia, Memory Loss, Confusion, Loss of consciousness, Violence/Aggression","Diazepam, Lorazepam, Citalopram, Tapentadol",,51.345,0.738475
W070597,2025-11-12,PO20,Accord Diazepam,Not Stated,Blue,Tablet,Oral,"Relaxed, Chest Pains, Irregular Heartbeat",Ethylbromazolam,,50.801327586206895,-0.7736275862068966
W070638,2025-11-12,SM4,Diazepam,Martin Dow Diazepam,Blue,Tablet,Not Stated,Not Stated,Diazepam,,51.394866666666665,-0.1992
W070637,2025-11-12,SM3,Valium (Diazepam),Valium (Diazepam),Blue,Tablet,Not Stated,Not Stated,Bromazolam,,51.3579,-0.2162
000237973,2025-11-12,CF37,Diazepam,Diazepam,White,Tablet,Oral,Euphoria,Ethylbromazolam,,51.613815384615386,-3.3598076923076925
W070797,2025-11-14,WV12,Xanax Alprazolam XR,Xanax XR,White,Tablet,Oral,"Increased Confidence, Relaxed, Memory Loss, Confusion",Ethylbromazolam,,52.606,-2.0406
W070744,2025-11-14,WN5,Diazepam,Not Stated,Blue,Tablet,Not Stated,"Increased Confidence, Relaxed",Etizolam,,53.497899999999994,-2.7081
W070888,2025-11-14,N16,Valium,Bensedin Galenika,White,Tablet,Oral,Relaxed,Diazepam,,51.5625,-0.074
W070918,2025-11-14,WA9,Alprazolam,Rlam Alprazolam,White,Tablet,Not Stated,Not Stated,Alprazolam,,53.426433333333335,-2.7348666666666666
W070992,2025-11-14,CH5,Xanax,Xanax,White,Tablet,Not Stated,Not Stated,Bromazolam,,53.19930000000001,-3.03614
W070903,2025-11-14,DN58,Diazepam,Valium Diazepam,Blue,Tablet,Not Stated,Not Stated,Diazepam,,53.53578181818182,-1.229072727272727
W070734,2025-11-14,L36,Diazepam,Valium,Blue,Tablet,Oral,"Increased Confidence, Relaxed",Ethylbromazolam,,53.4103,-2.8480499999999997
W070913,2025-11-14,M16,Diazepam,Elipam Diazepam,White,Tablet,Not Stated,Not Stated,Diazepam,,53.4551,-2.2645
W070886,2025-11-14,ST59,Xanax,Xanax Upjohn,Pink,Tablet,Not Stated,Not Stated,Alprazolam,,53.00718,-2.253533333333333
W070775,2025-11-14,WD17,Clonazepam,Clonazepam,White,Tablet,Oral,No Effect,Clonazepam,,51.6553,-0.396
W070746,2025-11-14,WN5,Diazepam,Diazepam,Blue,Tablet,Not Stated,Not Stated,Etizolam,,53.497899999999994,-2.7081
W070586,2025-11-14,PL18,Diazepam,Galenika bensedin Diazepam,White,Tablet,Oral,Relaxed,Bromazolam,,50.5103,-4.209883333333334
W070733,2025-11-14,WA7,Valium,Not Stated,Blue,Tablet,Oral,"Relaxed, Confusion",Ethylbromazolam,,53.324125,-2.7118
W070902,2025-11-14,DN58,Lorazepam,Lorazepam,White,Tablet,Not Stated,Not Stated,Lorazepam,,53.53578181818182,-1.229072727272727
W070745,2025-11-14,WN5,Diazepam,Diazepam,Blue,Tablet,Not Stated,Not Stated,Etizolam,,53.497899999999994,-2.7081
W070966,2025-11-14,EH54,Clonazepam,Clonazepam,White,Tablet,Oral,Not Stated,Clonazepam,,55.9029,-3.5226
W070991,2025-11-14,SE9,Diazepam,Profarma,White,Tablet,Not Stated,Not Stated,Diazepam,,51.44698000000001,0.0542799999999999
W070799,2025-11-14,WV12,Valium Diazepam,Diazepam MSj,Blue,Tablet,Oral,"Relaxed, Memory Loss, Confusion",Ethylbromazolam,,52.606,-2.0406
W070965,2025-11-14,EH54,Clonazepam,Clonazepam,White,Tablet,Oral,Not Stated,Clonazepam,,55.9029,-3.5226
W070618,2025-11-14,SY7,Xanax,Alprazolam,White,Tablet,Not Stated,Not Stated,Alprazolam,,52.436390540540536,-2.832714864864865
W070931,2025-11-14,CO7,Clonazepam,Rivotril (LCM),White,Tablet,Not Stated,Not Stated,Clonazepam,,51.887447826086955,1.0088478260869564
W070933,2025-11-14,FK11,Diazepam,Not Stated,White,Tablet,Oral,Relaxed,Diazepam,,56.1514,-3.8547
W070759,2025-11-14,DL12,Diazepam,Diazepam,Blue,Tablet,Oral,"Euphoria, Increased Confidence, Relaxed, Irregular Heartbeat",Diazepam,,54.560157142857136,-1.9837321428571428
W070961,2025-11-14,N2,Xanax,Not Stated,Blue,Tablet,Oral,"Relaxed, Vomiting, Memory Loss",Alprazolam,,51.59,-0.1531
000237702,2025-11-14,CF39,Diazepam,Accord Diazepam,Yellow,Tablet,Not Stated,"Enhanced Senses, Relaxed",Diazepam,,51.5988125,-3.447975
W070983,2025-11-14,SN1,Clonazepam,Rnaze,White,Tablet,Oral,Relaxed,Clonazepam,,51.558,-1.7812
W070949,2025-11-14,YO8,Diazepam,Diazepam Bensedin,White,Tablet,Not Stated,Not Stated,Diazepam,,53.77469393939394,-1.0269030303030302
W070950,2025-11-14,YO8,Diazepam,Diaezpam Bensedin,White,Tablet,Not Stated,Not Stated,Diazepam,,53.77469393939394,-1.0269030303030302
W070988,2025-11-14,SE9,Diazepam,Martin Dow,Blue,Tablet,Not Stated,Not Stated,Ethylbromazolam,,51.44698000000001,0.0542799999999999
W071041,2025-11-18,OX11,Alprazolam,Alxan,White,Tablet,Oral,"Confusion, Panic Attack, Agitation, Insomnia, Headache, Tinnitus, Dizziness",Tramadol,,51.58721666666667,-1.2355166666666666
W070627,2025-11-18,PO30,Diazepam,Not Stated,White,Tablet,Not Stated,Not Stated,Diazepam,,50.68416538461538,-1.3289153846153847
W070309,2025-11-18,E27,Lorazepam,Not Stated,Pink,Tablet,Not Stated,Not Stated,Lorazepam,,,
000042544,2025-11-18,NP18,Diazepam,Diazepam,Blue,Tablet,Oral,"Increased Energy, Increased Confidence, Empathy, Relaxed, Chest Pains, Irregular Heartbeat, Vomiting, Agitation, Insomnia",Diazepam,,51.6084,-2.9435
W071073,2025-11-18,CF24,Alprazolam,Not Stated,White,Tablet,Oral,No Effect,Tramadol,,51.48,-3.18
W071083,2025-11-18,NW1,Diazepam,Teva,White,Tablet,Not Stated,Not Stated,Diazepam,,51.52988181818182,-0.1471818181818182
W069781,2025-11-18,EH11,Bromazolam,Not Stated,White,Powder,Not Stated,Not Stated,Etizolam,,55.9326,-3.2531
W071085,2025-11-18,NW1,Diazepam,Bensedin Galenika,White,Tablet,Not Stated,Not Stated,Diazepam,,51.52988181818182,-0.1471818181818182
W070712,2025-11-18,IM4,Diazepam,Not Stated,Blue,Tablet,Not Stated,Not Stated,Diazepam,,54.21202380952381,-4.712890476190476
W070928,2025-11-18,NG13,Diazepam,Accord Diazepam,Blue,Tablet,Not Stated,Not Stated,Bromazolam,,52.952565517241375,-0.8941689655172415
W070953,2025-11-18,YO8,Diazepam,Diazepam Bensedin,White,Tablet,Not Stated,Not Stated,Ethylbromazolam,,53.77469393939394,-1.0269030303030302
W070997,2025-11-18,ML6,Diazepam,Not Stated,White,Tablet,Oral,"Relaxed, Paranoia, Memory Loss, Confusion, Loss of consciousness",Medetomidine,,55.876992307692305,-3.925407692307692
W070989,2025-11-18,DH1,Diaezpam,Accord Diazepam,Blue,Tablet,Not Stated,Not Stated,Diazepam,,54.77482,-1.56714
W070705,2025-11-18,CO1,Diazepam,Accord,Blue,Tablet,Not Stated,Not Stated,Ethylbromazolam,,51.8892,0.9042
W070926,2025-11-18,KY13,Diazepam,German,White,Tablet,Oral,"Breathlesness, Irregular Heartbeat, Loss of consciousness",Ethylbromazolam,,56.205405263157886,-3.465305263157895
W071029,2025-11-18,BN32,Diazepam,Elipam,White,Tablet,Not Stated,Not Stated,Diazepam,,50.836725,-0.179625
W071002,2025-11-18,W4,Diazepam,Not Stated,Blue,Tablet,Not Stated,Not Stated,Clobromazolam,,51.4927,-0.258
W070521,2025-11-18,NE2,Alprazolam,Alprx1,White,Tablet,Not Stated,Not Stated,Alprazolam,,54.9867,-1.592
W070982,2025-11-18,IV2,Diazepam,martin Dow Diazepam,Blue,Tablet,Not Stated,Not Stated,Diazepam,,57.4791,-4.224
W071048,2025-11-18,BN43,Diazepam,Not Stated,White,Tablet,Not Stated,Not Stated,Diazepam,,50.8341,-0.2743
W070753,2025-11-18,EH14,Diazepam,Easium Diazepam BP,White,Tablet,Not Stated,Not Stated,Diazepam,,55.894733333333335,-3.3110166666666667
W071044,2025-11-18,BS15,Diazepam,Martin Dow Diazepam,Blue,Tablet,Not Stated,Not Stated,Diazepam,,51.4528,-2.5083
W071049,2025-11-18,SE1,Diazepam,Bensedin Galenika,White,Tablet,Not Stated,Not Stated,Diazepam,,51.49874615384616,-0.0930384615384615
000233427,2025-11-18,LL55,Diazepam,Not Stated,Blue,Tablet,Oral,"Relaxed, Irregular Heartbeat, Confusion, Loss of consciousness",Diazepam,,53.12915357142857,-4.195053571428572
W070959,2025-11-18,DE12,Diazepam,Sedil,Yellow,Tablet,Oral,"Relaxed, Vomiting, Panic Attack",Diazepam,,52.720485,-1.5762
W071084,2025-11-18,NN1,Valium,Martin Dow,Blue,Tablet,Not Stated,Not Stated,Diazepam,,52.25,-0.8833
W071086,2025-11-18,NW1,Diazepam,Bensedin Galenika,White,Tablet,Not Stated,Not Stated,Diazepam,,51.52988181818182,-0.1471818181818182
W071051,2025-11-18,SE1,Diazepam,Bensedin Galenika,White,Tablet,Not Stated,Not Stated,Diazepam,,51.49874615384616,-0.0930384615384615
W070680,2025-11-18,SA11,Xanax,Not Stated,White,Tablet,Not Stated,Not Stated,Bromazolam,,51.70800714285714,-3.6944071428571426
W071088,2025-11-18,NW1,Nitrazepam,Nitrazepam,White,Tablet,Not Stated,Not Stated,Nitrazepam,,51.52988181818182,-0.1471818181818182
W071077,2025-11-18,PL97,Martin dow Diazepam,Not Stated,Blue,Tablet,Oral,Relaxed,Diazepam,,50.34709090909091,-4.0945
W070999,2025-11-18,GU15,Alprazolam,Alprazolam,White,Tablet,Oral,"Euphoria, Relaxed, Confusion",Tramadol,,51.337,-0.7426
W071053,2025-11-18,KA11,Nitrazepam,Nevedol,Colourless,Tablet,Oral,"Euphoria, Increased Energy, Increased Confidence, Enhanced Senses, Increased Strength",Nitrazepam,,55.613125,-4.617725
W071093,2025-11-18,CO7,Alprazolam,Ksalol ,"White, Blue",Tablet,Not Stated,Not Stated,Alprazolam,,51.887447826086955,1.0088478260869564
W071043,2025-11-18,OX11,Clonazepam,Galenika Rivotril,White,Tablet,Oral,Relaxed,Ethylbromazolam,,51.58721666666667,-1.2355166666666666
W071056,2025-11-18,SE9,Diazepam,martin Dow Diazepam,Blue,Tablet,Not Stated,Not Stated,Diazepam,,51.44698000000001,0.0542799999999999
W070752,2025-11-18,SS9,Clonazepam,Clonazepam Rnaze,White,Tablet,Not Stated,Not Stated,Clonazepam,,51.54885,0.65005
000236480,2025-11-18,NP4,Benzodiazepine,Not Stated,Blue,Tablet,Not Stated,Not Stated,Diazepam,,51.718515789473685,-3.030521052631579
W071087,2025-11-18,NW1,Valium,martin dow,Blue,Tablet,Not Stated,Not Stated,Diazepam,,51.52988181818182,-0.1471818181818182
W071301,2025-11-24,G53,Diazepam,Bensedin,White,Tablet,Oral,"Empathy, Relaxed, Paranoia, Depression",Ethylbromazolam,,55.8141,-4.3606
W071300,2025-11-24,G53,Diazepam,Bensedin,White,Tablet,Oral,"Increased Confidence, Relaxed, Agitation, Depression",Ethylbromazolam,,55.8141,-4.3606
W071150,2025-11-24,DD2,CLONAZEPAM,RIVOTRIL 2MG,White,Tablet,Oral,No Effect,Ethylbromazolam,,56.47777692307693,-3.0589461538461538
W071149,2025-11-24,DD2,ALPRAZOLAM,Alprax 1mg XR,Orange,Tablet,Oral,"Euphoria, Increased Energy, Increased Stamina, Relaxed, Irregular Heartbeat",Alprazolam,,56.47777692307693,-3.0589461538461538
W071279,2025-11-24,NE26,ALPRAZOLAM KSALOL ALPRAZOLAM ,Not Stated,White,Tablet,Not Stated,Not Stated,Bromazolam,,55.054950000000005,-1.457775
W071253,2025-11-24,SW22,diazepam 5mg tablets,diazepam 5mg tablets accord ,Yellow,Tablet,Not Stated,Not Stated,Diazepam,,51.4548,-0.1158
W071169,2025-11-24,OX2,Diazepam,Sedil,Orange,Tablet,Not Stated,Not Stated,Diazepam,,51.76277,-1.28794
W071101,2025-11-24,SY21,DIAZEPAM 5MG,DIAZEPAM 5MG ACCORD,Yellow,Tablet,Not Stated,Not Stated,Diazepam,,52.670813513513515,-3.1976945945945947
W071344,2025-11-24,SR47,Diazepam valium,Sedil Diazepam,Yellow,Tablet,Oral,"Increased Confidence, Relaxed, Memory Loss",Diazepam,,54.9004,-1.4255
W071147,2025-11-24,DD2,clonazepam,pase 2mg,Yellow,Tablet,Oral,"Euphoria, Increased Energy, Increased Confidence, Empathy, Relaxed",Clonazepam,,56.47777692307693,-3.0589461538461538
W071256,2025-11-24,EH47,Diazepam tablets,Valium tablets (Diazepam),Blue,Tablet,Not Stated,Not Stated,Diazepam,,55.85647142857143,-3.669085714285714
W071170,2025-11-24,OX2,Diazepam,Teva,Yellow,Tablet,Not Stated,Not Stated,Diazepam,,51.76277,-1.28794
W071164,2025-11-24,NR33,Diazepam,Diazepam,White,Tablet,Oral,Relaxed,Diazepam,,52.439275,1.7061875
W071154,2025-11-24,EH54,Clonazepam,Clonazepam,White,Tablet,Oral,"Increased Confidence, Relaxed",Clonazepam,,55.9029,-3.5226
W071254,2025-11-24,L3,Xanax,Not Stated,Pink,Tablet,Oral,No Effect,Caffeine,Clobromazolam,53.4106,-2.9779
W071231,2025-11-24,M16,Clonazepam,Elikem Nozim,Blue,Tablet,Not Stated,Not Stated,Clonazepam,,53.4551,-2.2645
W071232,2025-11-24,M16,Diazepam,Martin Dows Valium,Blue,Tablet,Not Stated,Not Stated,Diazepam,,53.4551,-2.2645
W071141,2025-11-24,KY11,Alprazolam,Alprazolam,White,Tablet,Oral,Relaxed,"Tramadol, Tramadol",,56.037644444444446,-3.422588888888889
W071153,2025-11-24,EH54,Clonazepam,Not Stated,White,Tablet,Oral,"Increased Confidence, Relaxed",Diazepam,,55.9029,-3.5226
W071267,2025-11-24,SP2,Alprazolam,Alprx Taksa,White,Tablet,Oral,"Increased Confidence, Relaxed",Alprazolam,,51.094766666666665,-1.8667555555555555
W071219,2025-11-24,SE17,Valium (Diazepam),Diazepam,"White, Blue",Tablet,Not Stated,Not Stated,Diazepam,,51.48563333333333,-0.1028333333333333
000231265,2025-11-24,SA43,Diazepam,Not Stated,Blue,Tablet,Oral,"Increased Confidence, Relaxed, Memory Loss",Diazepam,,52.07603076923077,-4.6376
W071172,2025-11-24,ML54,Temazepam,Not Stated,Yellow,Capsule,Oral,"Relaxed, Breathlesness, Loss of consciousness",Etizolam,,55.8782,-4.035433333333334
000236436,2025-11-24,NP20,Diazepam,Martin Dow,Blue,Tablet,Oral,"Relaxed, Memory Loss, Depression",Diazepam,,51.5877,-2.9984
W071241,2025-11-24,CV9,Diazepam,Valium Diazepam,Blue,Tablet,Not Stated,Not Stated,Diazepam,,52.593988888888894,-1.561288888888889
W071042,2025-11-24,G74,Diazepam,Not Stated,Blue,Tablet,Oral,No Effect,Bromazolam,,55.76583333333334,-4.1700333333333335
W071163,2025-11-24,CH2,Alprazolam,Alprazolam,White,Tablet,Oral,Relaxed,Bromazolam,,53.25357,-2.85961
W070897,2025-11-24,W7G,XANAX,ALXAN 1 BATCH MNT24035 MRG 05/2024,White,Tablet,Oral,"Tiredness, Increased Confidence, Fatigue, Depression, Memory Loss",Alprazolam,,,
W071174,2025-11-24,CW9,Valium,Bensedin A,White,Tablet,Not Stated,Not Stated,Diazepam,,53.264406666666666,-2.5003200000000003
W071175,2025-11-24,CW9,Valium,Bensedin B,White,Tablet,Not Stated,Not Stated,Diazepam,,53.264406666666666,-2.5003200000000003
W071208,2025-11-24,GL53,alprazollan,alprazolam replek 1mg,Blue,,Not Stated,Relaxed,Alprazolam,,51.8192,-2.05427
W071224,2025-11-24,NG5,Alprazolam,Alxan,White,Tablet,Not Stated,Not Stated,Alprazolam,,53.0006,-1.1315
W071092,2025-11-24,KY12,diazepam,Not Stated,White,Tablet,Not Stated,Not Stated,Diazepam,,56.087095,-3.539235
W071068,2025-11-24,DN14,alprazolam ,ALPRX-1,White,Tablet,Oral,No Effect,Alprazolam,,53.7121625,-0.9026825
W071126,2025-11-24,GU22,xanax,alprazolam,White,Tablet,Not Stated,Not Stated,"Tramadol, Tramadol",,51.3157,-0.535
W071097,2025-11-24,S241,diazepam 10mg,diazepam 10mg teva,Black,Tablet,Not Stated,Not Stated,Diazepam,,,
W071096,2025-11-24,S421,diazepam 5mg,diazepam 5mg Almus ,Yellow,Tablet,Not Stated,Not Stated,Diazepam,,53.21066,-1.4471733333333332
W071171,2025-11-24,SY13,Diazepam,Diazepam,Blue,Tablet,Not Stated,Not Stated,Ethylbromazolam,,52.94580322580645,-2.675132258064516
W071139,2025-11-24,CF62,Diazepam,Diazepam,Blue,Tablet,Not Stated,Not Stated,Diazepam,,51.4027,-3.37145
000236417,2025-11-24,NP20,Benzo,Benzo,Blue,Tablet,Not Stated,Not Stated,Diazepam,,51.5877,-2.9984
W071130,2025-11-24,NE34,Alprazolam,Alprazolam,White,Tablet,Oral,"Relaxed, Dizziness, Stomach pains",Tramadol,,54.9667,-1.4
W071166,2025-11-24,PO19,Clonazepam,Clonazepam,White,Tablet,Not Stated,Not Stated,Clonazepam,,50.8373,-0.77915
W071188,2025-11-24,KT12,Xanax,Alprazolam,White,Tablet,Not Stated,Not Stated,Alprazolam,,51.3765,-0.4111
W071104,2025-11-24,SY21,Diazepam,Diazepam,Yellow,Tablet,Not Stated,Not Stated,Diazepam,,52.670813513513515,-3.1976945945945947
W071185,2025-11-24,W6,Diazepam,Bensedin Diazepam,White,Tablet,Not Stated,Not Stated,Ethylbromazolam,,51.49248333333333,-0.2204
W070898,2025-11-24,W1G,Xanax,rlam,White,Tablet,Not Stated,Not Stated,Tramadol,,51.5085,-0.1257
W071064,2025-11-24,GU22,ALPRAZOLAM,XANAXS,White,Tablet,Not Stated,Not Stated,Bromazolam,,51.3157,-0.535
W071209,2025-11-24,GL53,Diazepam 10mg,Diazepam 10mg martin dow ,Blue,,Not Stated,Not Stated,Diazepam,,51.8192,-2.05427
W071384,2025-11-27,CF62,diazepam ,diazepam ,Blue,Tablet,Oral,"Empathy, Relaxed",Diazepam,,51.4027,-3.37145
W071355,2025-11-27,WS3,DIAZEPAM 5MG,DIAZEPAM 5MG,Yellow,Tablet,Oral,Relaxed,Diazepam,,52.6236,-1.9858333333333336
W071242,2025-11-27,LL11,XANAX,XANAX,White,Tablet,Not Stated,Not Stated,Alprazolam,,53.064506666666674,-3.052973333333333
W071262,2025-11-27,GL56,ALPRAZOLAM,ALXAN-2,White,Tablet,Not Stated,Not Stated,Tramadol,,51.985225,-1.69868
W071204,2025-11-27,G75,xanax / alprazolam,Not Stated,White,Tablet,Oral,"Nausea, Memory Loss, Confusion, Loss of consciousness",Flualprazolam,,55.7511,-4.1977
W071357,2025-11-27,WS3,diazepam 5mg tablet,diazepam 5mg,Yellow,Tablet,Not Stated,Not Stated,Diazepam,,52.6236,-1.9858333333333336
W071359,2025-11-27,WS3,diazepam 5mg,diazepam 5mg ,Yellow,Tablet,Not Stated,Not Stated,Diazepam,,52.6236,-1.9858333333333336
W071360,2025-11-27,WS3,diazepam 5mg,diazepam 5mg ,Yellow,Tablet,Not Stated,Not Stated,Diazepam,,52.6236,-1.9858333333333336
W071358,2025-11-27,WS3,diazepam 5mg,diazepam 5mg,Yellow,Tablet,Not Stated,Not Stated,Diazepam,,52.6236,-1.9858333333333336
W071398,2025-11-27,SW34,DIAZEPAM,DIAZEPAM,Green,Tablet,Oral,"Relaxed, Relaxed, Confusion, Confusion",Ethylbromazolam,,51.487975000000006,-0.165875
W071348,2025-11-27,LS12,diazepam,galenika - bensedin 10mg diazepam ,White,Tablet,Not Stated,Not Stated,Diazepam,,53.7913,-1.5972
W071399,2025-11-27,SW34,alprazolam,alprazolam,Blue,Tablet,Oral,"Relaxed, Relaxed, Memory Loss, Memory Loss",Ethylbromazolam,,51.487975000000006,-0.165875
W071351,2025-11-27,ME10 5JU,LORAZEPAM 2MG,LORAZEPAM / ATIVAN 2MG ,Orange,Tablet,Oral,"Increased Confidence, Relaxed, Chest Pains, Irregular Heartbeat, Confusion, Memory Loss",Lorazepam,,51.345,0.738475
W071369,2025-11-27,N16,lorazepam,lorazepam ,Blue,Tablet,Not Stated,Not Stated,Lorazepam,,51.5625,-0.074
W071393,2025-11-27,TR1,ALPRAZOLAM 1MG,Not Stated,White,Tablet,Not Stated,Not Stated,Alprazolam,,50.2637,-5.06268
W071392,2025-11-27,TR1,DIAZEPAM 10MG,MARTIN DOW,Blue,Tablet,Not Stated,Not Stated,Diazepam,,50.2637,-5.06268
W071349,2025-11-27,BT11,diazepam,valium martin dow ,Blue,Tablet,Oral,Relaxed,Diazepam,,54.58096666666667,-5.9665
W071491,2025-11-28,SP2,Alprazolam,Rlam-I Hr Nice,White,Tablet,Oral,No Effect,Tramadol,,51.094766666666665,-1.8667555555555555
W067835,2025-11-28,BN14,Alprazolam,Alprazolam RLAM-1,White,Tablet,Oral,Relaxed,Tramadol,,50.841075,-0.386625
W070951,2025-11-28,BA21,Diazepam,Accord Diazepam,Blue,Tablet,Not Stated,Not Stated,Paracetamol,Bromazolam,50.9743,-2.6077
W071469,2025-11-28,YO10,Lorazepam,Neurodelm-2 Lorazepam,Yellow,Tablet,Not Stated,Not Stated,Unable to identify,,53.9576,-1.0827
W071389,2025-11-28,HX7,Diazepam,Not Stated,Blue,Tablet,Oral,"No Effect, Memory Loss, Loss of consciousness, Insomnia",Zopiclone,,53.734109090909094,-2.0200181818181817
W071454,2025-11-28,LU13,Valium,Valium,Blue,,Not Stated,Not Stated,Ethylbromazolam,,51.8693,-0.42528
W071372,2025-11-28,PA10,Lorazepam,Lorazepam,White,Tablet,Oral,Relaxed,Lorazepam,,55.8316,-4.544733333333333
W071467,2025-11-28,E96J,Diazepam,Accord Diazepam,Blue,Tablet,Oral,No Effect,Ethylbromazolam,,,
W071251,2025-11-28,CF63,"Midazolam ""Incepta Pharmacy""",Hypofast Midazolam,White,Tablet,Not Stated,Not Stated,Midazolam,,51.4172,-3.2614
W071227,2025-11-28,WA7,Diazepam,Diazepam,White,Tablet,Oral,"Euphoria, Increased Confidence, Relaxed",Diazepam,,53.324125,-2.7118
W071376,2025-11-28,NW10,Lorazepam,Lorazepam,White,Tablet,Not Stated,Not Stated,Lorazepam,,51.53758571428572,-0.2431214285714285
W071409,2025-11-28,HP22,Clonazepam,Galenika,White,Tablet,Oral,Not Stated,Clonazepam,,51.83288095238095,-0.786652380952381
W071456,2025-11-28,NE41,Clonazepam,Rivotril,White,Tablet,Not Stated,Not Stated,Ethylbromazolam,,54.9765,-1.8219
W071446,2025-11-28,EN2,Valium (Diazepam),Diazepam,Yellow,Tablet,Not Stated,Not Stated,Diazepam,,51.6515,-0.085
W071325,2025-11-28,PA67,Diazepam,Teva,Yellow,Tablet,Oral,Relaxed,Diazepam,,56.3143,-6.232785714285714
W071505,2025-12-03,B77,Diazepam,Diazepam,Blue,Tablet,Oral,Relaxed,Diazepam,,52.6158,-1.666383333333333
W071025,2025-12-03,TR27,Diazepam,Not Stated,Blue,Tablet,Not Stated,Not Stated,Clobromazolam,,50.18621538461538,-5.3943076923076925
W071610,2025-12-03,TW7,Alprazolam,Alprax XR2 Alprazolam,"White, Yellow",Tablet,Not Stated,Not Stated,Alprazolam,,51.4752,-0.3425
W071503,2025-12-03,GL56,Alprazolam,Galenika ksalol,Blue,Tablet,Not Stated,Not Stated,Ethylbromazolam,,51.985225,-1.69868
000034689,2025-12-03,SA15,Xanax/Alprazolam,Not Stated,White,Tablet,Oral,"Euphoria, Increased Confidence, Relaxed, Paranoia, Memory Loss, Insomnia, Depression",Ethylbromazolam,,51.74003,-4.187250000000001
W071518,2025-12-03,KG12,Valium,Loose,Blue,Tablet,Oral,No Effect,Ethylbromazolam,,,
W071228,2025-12-03,WA8,Valium,Diazepam,Blue,Tablet,Oral,Relaxed,Ethylbromazolam,,53.36992857142857,-2.7397142857142858
W071450,2025-12-03,NG5,Valium (Diazepam),Elipam,White,Tablet,Oral,"Empathy, Relaxed",Diazepam,,53.0006,-1.1315
W071350,2025-12-03,ME10,Diazepam,Diazepam,Yellow,Granules,Oral,"Increased Confidence, Relaxed, Breathlesness, Chest Pains, Irregular Heartbeat, Memory Loss, Confusion",Diazepam,,51.345,0.738475
W071488,2025-12-03,RH1,Rivotril,Galnieka rivotril,White,Tablet,Oral,"Enhanced Senses, Relaxed, Memory Loss",Clonazepam,,51.2289125,-0.1439625
000234499,2025-12-03,CF10,Diazepam,Not Stated,White,Tablet,Oral,"Euphoria, Increased Confidence, Relaxed, Irregular Heartbeat, Memory Loss, Confusion, Loss of consciousness, Panic Attack",Diazepam,,51.48,-3.18
W071603,2025-12-03,SK12,Diazepam,Sedil Diazepam,White,Tablet,Not Stated,Not Stated,Diazepam,,53.351884210526315,-2.0920947368421055
W071487,2025-12-03,RH1,Valium/Diazepam,Kern prodes Diazepam,White,Tablet,Oral,No Effect,Diazepam,,51.2289125,-0.1439625
000234331,2025-12-03,CF11,Clonazepam,Clonazepam,White,Tablet,Not Stated,Relaxed,Clonazepam,,51.48,-3.18
W071538,2025-12-03,GL54,Clonazepam,Rivotril Galenika,White,Tablet,Oral,Nausea,Paracetamol,Bromazolam,51.88724642857143,-1.8609214285714288
W071557,2025-12-03,NP22,Diazepam,Accord Diaezpem tabelt,Blue,Tablet,Not Stated,Not Stated,Ethylbromazolam,,51.7725,-3.2468
W071537,2025-12-03,GL54,Diazepam,Dow Pakistan,Blue,Tablet,Oral,"Euphoria, Empathy, Visual Hallucinations, Memory Loss",Diazepam,,51.88724642857143,-1.8609214285714288
W071594,2025-12-03,M44,Diazepam tabs,Not Stated,Blue,Tablet,Oral,"Increased Confidence, Relaxed, Tiredness, Headache",Ethylbromazolam,Bromazolam,53.4425,-2.4232
W071726,2025-12-09,HA3,Diazepam,Diazepam,Blue,Tablet,Not Stated,Not Stated,Diazepam,,51.59936666666667,-0.3307333333333333
W071788,2025-12-09,NG10,Diazepam,Valium,Blue,Tablet,Not Stated,Not Stated,Diazepam,,52.901475,-1.287175
W071632,2025-12-09,PL14,Alprazolam,Rlam-1 Alprazolam,White,Tablet,Oral,"Relaxed, Depression",Tramadol,,50.46451290322581,-4.464809677419355
W071767,2025-12-09,G43,Diazepam,Diazepam Bensedin,White,Tablet,Not Stated,Not Stated,Diazepam,,55.8242,-4.2962
W071645,2025-12-09,CF11,Xanax,Xanax,Blue,Tablet,Not Stated,Not Stated,Alprazolam,,51.48,-3.18
W071661,2025-12-09,DL3,Diazepam,Not Stated,Blue,Tablet,Oral,Memory Loss,Ethylbromazolam,,54.5243,-1.5504
W071621,2025-12-09,SA18,Diazepam,Diazepam,Blue,Tablet,Oral,"Increased Confidence, Relaxed",Ethylbromazolam,,51.791845,-3.966785
W071751,2025-12-09,FK9,Valium/Diazepam,Not Stated,Blue,Tablet,Not Stated,Not Stated,Diazepam,,56.1436875,-3.9315
W071750,2025-12-09,FK17,Xanax/Alprazolam,Alprazolam,White,Tablet,Not Stated,Not Stated,Alprazolam,,56.24021578947369,-4.219905263157895
W071749,2025-12-09,FK10,Xanax/Alprazolam,Alprazolam,White,Tablet,Not Stated,Not Stated,Alprazolam,,56.10687777777778,-3.7534
W071666,2025-12-09,MK18,Xanax,Xanax,White,Tablet,Not Stated,Not Stated,Alprazolam,,51.968651515151514,-0.965221212121212
W071677,2025-12-09,SK14,Diazepam,Easium,White,Tablet,Not Stated,Not Stated,Diazepam,,53.45065,-2.04802
W071608,2025-12-09,ML3,Diazepam,V-10 Diazepam,White,Tablet,Oral,"Increased Confidence, Relaxed, Confusion",Clonazolam,,55.76254285714286,-4.045457142857143
W071667,2025-12-09,MK18,Xanax,Xanax,White,Tablet,Not Stated,Not Stated,Alprazolam,,51.968651515151514,-0.965221212121212
W071590,2025-12-09,B29,Lorazepam,Lorazepam,White,Tablet,Not Stated,Not Stated,Lorazepam,,52.4393,-1.9402
W071572,2025-12-09,AL5,Diazepam,Diazepam,Blue,Tablet,Not Stated,Not Stated,Flualprazolam,,51.8168,-0.3571
W071636,2025-12-09,AB,Diazepam,Diazepam,Yellow,Tablet,Oral,"Euphoria, Increased Confidence, Empathy, Relaxed",Diazepam,,,
W071633,2025-12-09,BT12,Alprazolam,Alxan,White,Tablet,Oral,"Relaxed, Confusion",Alprazolam,,54.583299999999994,-5.9333
W071663,2025-12-09,AL5,Diazepam,MBL Dextripam,Blue,Tablet,Not Stated,Not Stated,Flualprazolam,,51.8168,-0.3571
W071634,2025-12-09,IV2,Diazepam,Accord,Blue,Tablet,Not Stated,Not Stated,Ethylbromazolam,,57.4791,-4.224
W071609,2025-12-09,ML3,Diazepam,Cambodian Diazepam,Blue,Tablet,Oral,"Euphoria, Increased Confidence, Relaxed, Memory Loss, Confusion",Diazepam,,55.76254285714286,-4.045457142857143
W071706,2025-12-09,HA3,Xanax,Ksalol Galenika,White,Tablet,Not Stated,Not Stated,Alprazolam,,51.59936666666667,-0.3307333333333333
W071676,2025-12-09,SK14,Midazolam,Benquil Midazolam,White,Tablet,Not Stated,Not Stated,Midazolam,,53.45065,-2.04802
W071552,2025-12-11,E2,Alprazolam,Rlam-1,"White, Grey",Tablet,Oral,No Effect,Tramadol,,51.5386,-0.055525
W071699,2025-12-11,TF13,diazepam,diaz,Blue,Tablet,Not Stated,Not Stated,Clobromazolam,,52.56572857142857,-2.602778571428572
W071618,2025-12-11,CH51,bensedin,Not Stated,White,Tablet,Not Stated,Not Stated,Diazepam,,53.19930000000001,-3.03614
W071718,2025-12-11,SR3,Diazepam,teva diazepam 10mg,Blue,Tablet,Not Stated,Not Stated,Diazepam,,54.874233333333336,-1.4153666666666669
W071702,2025-12-11,SY21,diazepam,loos diaz,Blue,Tablet,Oral,"Euphoria, Relaxed, Memory Loss",Clobromazolam,,52.670813513513515,-3.1976945945945947
W071551,2025-12-11,E2,Diazepam,Accord diazepam n6x30 2w1,Blue,Tablet,Oral,Relaxed,Ethylbromazolam,,51.5386,-0.055525
W071653,2025-12-11,B601,xanax ,xanax phizer 4mg,White,Tablet,Oral,"Relaxed, Chest Pains, Irregular Heartbeat, Nausea, Paranoia, Memory Loss",No Active Component Identified,,52.32154545454546,-2.0438
W070689,2025-12-11,OX26,Diazepam,acod diazepam,Blue,Tablet,Not Stated,Not Stated,Diazepam,,51.9,-1.1536
W071693,2025-12-11,SA15,xanax 2mg,xanax,White,Tablet,Oral,"Relaxed, Loss of consciousness","Ethylbromazolam, Bromazolam",,51.74003,-4.187250000000001
W071692,2025-12-11,SA15,xanax 1mg,alprazolam ,White,Tablet,Oral,"Relaxed, Loss of consciousness",Alprazolam,,51.74003,-4.187250000000001
W071660,2025-12-11,PL28,Diazepam,diazepam,Blue,Tablet,Oral,"Relaxed, Loss of consciousness",Clobromazolam,,50.5278,-4.9516875
W071643,2025-12-11,SK4,Diazepam,Diazepam,Blue,Tablet,Not Stated,Not Stated,Ethylbromazolam,,53.4191,-2.1812
W071546,2025-12-11,ST15,diazepam 10mg,diazepam 10mg,Blue,Tablet,Oral,Fatigue,Diazepam,,52.90192307692307,-2.122292307692308
W071708,2025-12-11,HA3,Xanax,Ksalol Galenika,White,Tablet,Not Stated,Not Stated,Alprazolam,,51.59936666666667,-0.3307333333333333
W071729,2025-12-11,HA3,Alprazolam,Xanax (alprazolam) Viatris,Pink,Tablet,Not Stated,Not Stated,Alprazolam,,51.59936666666667,-0.3307333333333333
W071721,2025-12-11,G15,scoobs valium,Valium,White,Tablet,Oral,Memory Loss,Clonazolam,,55.9102,-4.3733
W071961,2025-12-16,CW9,valium,bensedin ,White,Tablet,Not Stated,Not Stated,Diazepam,,53.264406666666666,-2.5003200000000003
W071790,2025-12-16,LE11,Diazepam,UKpablo easium 5mg diaz,White,Tablet,Oral,"Increased Confidence, Relaxed, Memory Loss, Confusion",Diazepam,,52.76669999999999,-1.2
W071796,2025-12-16,LE11,Alprazolam 1mg tablet,ukpablo alprx 1,White,Tablet,Oral,No Effect,Alprazolam,,52.76669999999999,-1.2
W071800,2025-12-16,LE11,Nitrazepam 10mg tabs,nitrabit nitrazepam 10mg,White,Tablet,Oral,"Increased Energy, Increased Confidence, Relaxed, Memory Loss",Nitrazepam,,52.76669999999999,-1.2
W071799,2025-12-16,LE11,Alprazolam,ksalol,Blue,Tablet,Oral,Not Stated,Alprazolam,,52.76669999999999,-1.2
W071744,2025-12-16,L25,Red devil xanax,r666 ghost,Red,,Not Stated,Not Stated,"Clobromazolam, Caffeine",,53.374,-2.8699999999999997
W072003,2025-12-16,CF62,diazepam,Bensedin,White,Tablet,Oral,"Empathy, Relaxed",Diazepam,,51.4027,-3.37145
W071798,2025-12-16,LE11,diazepam ,Sedil 5mg Diaz,Yellow,Tablet,Oral,Relaxed,Diazepam,,52.76669999999999,-1.2
W071734,2025-12-16,S40,Diazepam,Diazepam accord 5mg,Yellow,Tablet,Not Stated,Not Stated,Diazepam,,53.234,-1.4462
W071942,2025-12-16,LS18,Diazepam 10mg,diazepam 10mg,Blue,Tablet,Not Stated,Not Stated,Diazepam,,53.838,-1.6404
W072020,2025-12-16,SN25,xanax 4mg,xanax 4mg,Blue,Tablet,Oral,Not Stated,Bromazolam,,51.558,-1.7812
W071949,2025-12-16,W2,Diazepam 10mg,Diazepam prodes 10mg,Blue,Tablet,Not Stated,Not Stated,Ethylbromazolam,,51.51413636363636,-0.1886454545454545
W071741,2025-12-16,L25,diazepam 10mg,ghost diazepam,Blue,Tablet,Not Stated,Not Stated,Clobromazolam,,53.374,-2.8699999999999997
W071803,2025-12-16,SW1,Alprazolam,Alxan-1 alprazolam,White,Tablet,Not Stated,Not Stated,Tramadol,,51.495583333333336,-0.1417916666666666
W071898,2025-12-16,BT28,Diazepam,MSJ 10mg,Blue,Tablet,Oral,"Increased Confidence, Relaxed, Memory Loss, Confusion, Violence/Aggression, Depression",Ethylbromazolam,,54.5421,-6.1562
W071934,2025-12-16,PO13,Diazepam,Bensedin,White,Tablet,Oral,"Relaxed, Memory Loss, Confusion, Panic Attack, Insomnia",Ethylbromazolam,,50.8144,-1.1886666666666663
W071890,2025-12-16,PA67,diazepam,diazepam 5mg,White,Tablet,Oral,"Euphoria, Relaxed",Diazepam,,56.3143,-6.232785714285714
W071946,2025-12-16,EX9,diazepam 10mg valium,diazepam 10mg valium,Blue,Tablet,Oral,"Increased Energy, Relaxed",Ethylbromazolam,,50.6475,-3.3131
W070779,2025-12-16,NE10,Diazepam ,Diazepam/ Zopiclone,Blue,Tablet,Oral,"Increased Stamina, Relaxed, Memory Loss, Confusion, Panic Attack, Agitation",Zopiclone,,54.953,-1.5715
W071736,2025-12-16,S40,Diazepam,Diazepam accord 5mg,Yellow,Tablet,Not Stated,Not Stated,Diazepam,,53.234,-1.4462
W071896,2025-12-16,NG18,Diazepam,martin dow,Blue,Tablet,Not Stated,Not Stated,Diazepam,,53.1333,-1.2
W071827,2025-12-16,M16,CLONAZEPAM,MARTIN DOWN RIVOTRIL,White,Tablet,Not Stated,Not Stated,Clonazepam,,53.4551,-2.2645
W071928,2025-12-16,KT1,Gelenika rivotril 2mg,Batch 56265,White,Tablet,Oral,"Increased Confidence, Relaxed",Clonazepam,,51.4126,-0.2974
W071970,2025-12-16,KT3,Diazepam,bensedin,White,Tablet,Oral,Relaxed,Diazepam,,51.3992,-0.2556
W071739,2025-12-16,PE19,clonazepam,clonazepam - Rivotril (dark amazon),White,Tablet,Not Stated,Not Stated,Clonazepam,,52.23200555555556,-0.2409666666666666
W071738,2025-12-16,PE19,diazepam,diazepam - bensedin (breakololy),White,Tablet,Not Stated,Not Stated,Diazepam,,52.23200555555556,-0.2409666666666666
W071740,2025-12-16,PE19,diazepam,diazepam - bensedin (dark amazon),White,Tablet,Oral,Relaxed,Diazepam,,52.23200555555556,-0.2409666666666666
W071813,2025-12-16,G53,DIAZEPAM,DIAZEPAM / MARTIN DOW,Black,Tablet,Oral,"Relaxed, Relaxed",Diazepam,,55.8141,-4.3606
W071814,2025-12-16,G53,NITRAZEPAM,NITRAZEPAM,White,Tablet,Oral,"Euphoria, Relaxed, Relaxed",Nitrazepam,,55.8141,-4.3606
W071782,2025-12-16,N5,CLONAZEPAM 2MG ,NEURAX PHARM,White,Tablet,Not Stated,Not Stated,Clonazepam,,51.55,-0.1
W071536,2025-12-16,IP8,LORAZEPAM,LORAZEPAM,White,Tablet,Not Stated,Not Stated,Lorazepam,,52.072692307692314,1.0596
W071828,2025-12-16,M16,CLONAZEPAM,GALENIKA RIVOTRIL,White,Tablet,Not Stated,Not Stated,Ethylbromazolam,,53.4551,-2.2645
W071938,2025-12-16,G82,Street valium,Not Stated,White,Tablet,Not Stated,Not Stated,Clonazolam,,55.954800000000006,-4.5815222222222225
W071783,2025-12-16,CB2,ALPRAZOLAM,KSALOL GALENIKA 1MG ,Blue,Tablet,Oral,No Effect,Ethylbromazolam,,52.18965000000001,0.1240214285714285
W071662,2025-12-16,DN58,Lorazepam 2mg,Lorazepam,Yellow,Tablet,Not Stated,Not Stated,Lorazepam,,53.53578181818182,-1.229072727272727
W071863,2025-12-16,FK1,Valium street,valium,White,Tablet,Oral,"Relaxed, Nausea, Confusion",Medetomidine,,55.96849090909091,-3.796481818181818
W071630,2025-12-16,N7,diazepam,Not Stated,Blue,Tablet,Not Stated,Not Stated,Ethylbromazolam,,51.5491,-0.1205142857142857
W071753,2025-12-16,LL11,Alprazolam 1mg,alprazolam 1mg,Blue,Tablet,Not Stated,Not Stated,Alprazolam,,53.064506666666674,-3.052973333333333
W071821,2025-12-16,PA67,Diazpam (valium),Valium 10mg,Blue,Tablet,Oral,Relaxed,Diazepam,,56.3143,-6.232785714285714
000237704,2025-12-16,CF39,Diazepam,10mg Accord Diazepam,Blue,,Not Stated,Not Stated,Bromazolam,,51.5988125,-3.447975
W071912,2025-12-16,NP19,Bromazolam,Geen hulk 4mg,Green,Tablet,Oral,"No Effect, Insomnia",Bromazolam,,51.5888,-2.9638
W071913,2025-12-16,NP19,Xanax,Red devil 6mg (clobromolam),Red,Tablet,Oral,Insomnia,Caffeine,"Clobromazolam, Rilmazafone",51.5888,-2.9638
W071891,2025-12-16,TS27,Temazepam,Temaepam,Yellow,Capsule,Oral,"Relaxed, Breathlesness, Irregular Heartbeat, Memory Loss, Confusion","Etizolam, Phenacetin",,54.714422222222225,-1.3049
W071843,2025-12-16,WF2,MIDAZOLAM ,HYDNOFAST - MIDAZOLAM,White,Tablet,Not Stated,Not Stated,Midazolam,,53.66534,-1.51568
W071804,2025-12-16,SW1,Lorazepam,nerodelm-1 lorazepam,White,Tablet,Not Stated,Not Stated,"Propranolol, Lorazepam, Paracetamol",,51.495583333333336,-0.1417916666666666
W071794,2025-12-16,LE11,Lorazepam,UKpablo hemofarm lorazepam,Blue,Tablet,Oral,"Increased Confidence, Relaxed",Lorazepam,,52.76669999999999,-1.2
000233073,2025-12-19,G82,Temazepam Jellies,Not Stated,Yellow,Capsule,Oral,Relaxed,Etizolam,,55.954800000000006,-4.5815222222222225
W072039,2025-12-19,EH1,Diazepam,Not Stated,Blue,Tablet,Not Stated,Not Stated,Diazepam,,55.9521,-3.1965
W071971,2025-12-19,BT67,Diazepam,Accord Diazepam- Pharmachoice,Yellow,Tablet,Not Stated,Not Stated,Diazepam,,54.48503333333334,-6.287166666666667
W072078,2025-12-19,BT9,Xanax,Alxan,White,Tablet,Oral,"Euphoria, Increased Confidence, Relaxed, Loss of consciousness",Alprazolam,,54.575,-5.925
W072147,2025-12-19,BN1,Alprazolam,Galenika Ksalol Xanax,Blue,Tablet,Not Stated,Not Stated,Alprazolam,,50.8614,-0.1204166666666666
W071932,2025-12-19,OX26,Xanax,Xanax,"White, Blue",Tablet,Not Stated,Not Stated,Bromazolam,,51.9,-1.1536
W072030,2025-12-19,NE23,Xanax,Pfizer Alprazolam,Pink,Tablet,Not Stated,Relaxed,Alprazolam,,55.067877777777774,-1.560788888888889
W072027,2025-12-19,NE23,Diazepam,Accord Diazepam,Blue,Tablet,Oral,Relaxed,Diazepam,,55.067877777777774,-1.560788888888889
W072004,2025-12-19,SR3,Bromazolam,Not Stated,"White, Grey",Powder,Not Stated,"Euphoria, Increased Energy, Increased Confidence, Relaxed, Memory Loss, Confusion",Bromazolam,,54.874233333333336,-1.4153666666666669
W072084,2025-12-19,BT47,Diazepam,Diazepam Roche Ltd,Blue,Tablet,Not Stated,Not Stated,Diazepam,,54.94983333333333,-7.084177777777778
W072082,2025-12-19,BT47,Clonazepam,Clonazepam Novumgem,White,Tablet,Not Stated,Not Stated,Ethylbromazolam,,54.94983333333333,-7.084177777777778
W072081,2025-12-19,BT47,Clonazepam,Clonazepam Tehran,White,Tablet,Not Stated,Not Stated,Clonazepam,,54.94983333333333,-7.084177777777778
W072047,2025-12-19,SE5,Valium,Not Stated,White,Tablet,Oral,Relaxed,Ethylbromazolam,,51.474575,-0.090125
W072048,2025-12-19,SE5,Xanax,Alprazolam,White,Tablet,Oral,No Effect,Tramadol,Paracetamol,51.474575,-0.090125
W071885,2025-12-19,SE9,Diazepam 2mg tablet,Diazepam 2mg tablet,White,Tablet,Not Stated,Not Stated,Diazepam,,51.44698000000001,0.0542799999999999
W072090,2025-12-19,SA4,Diazepam,Not Stated,Blue,Tablet,Not Stated,Not Stated,Diazepam,,51.670225,-4.059125
W072033,2025-12-19,NE23,Clonazepam,Not Stated,White,Tablet,Not Stated,Not Stated,Clonazepam,,55.067877777777774,-1.560788888888889
W072085,2025-12-19,NE24,Xanax,Ksalol,Blue,Tablet,Not Stated,Not Stated,Alprazolam,,55.12894,-1.53142
W071830,2025-12-19,SW22,Diazepam tablets,Diazepam tablets TEVA,Yellow,Tablet,Not Stated,Not Stated,Diazepam,,51.4548,-0.1158
W071964,2025-12-19,G63,Alprazolam,Ksalol,"Blue, Grey",Tablet,Not Stated,Not Stated,Alprazolam,,56.03654399999999,-4.3500119999999995
W071963,2025-12-19,G63,Diazepam,Bensedin,White,Tablet,Not Stated,Not Stated,Diazepam,,56.03654399999999,-4.3500119999999995
W071998,2025-12-19,AB24,Diazepam,Bensedin,White,Tablet,Oral,"Memory Loss, Shaking/Shivering",Diazepam,,57.1437,-2.0981
W071941,2025-12-19,GG13,Xanax Bars,Tankimazim,White,,Not Stated,Not Stated,Alprazolam,,,
W071768,2025-12-19,EX10,Lorazepam tablets,Subzentu,White,Tablet,Oral,No Effect,Lorazepam,,50.70001666666667,-3.258891666666667
W071330,2025-12-19,KA18,Xanax,Not Stated,White,Tablet,Not Stated,Not Stated,Sertraline,,55.459129999999995,-4.2176599999999995
W071329,2025-12-19,KA18,Valium,Not Stated,Blue,Tablet,Oral,"Increased Confidence, Increased Stamina, Auditory Hallucinations, Visual Hallucinations, Relaxed, Breathlesness, Irregular Heartbeat, Nausea, Paranoia, Memory Loss, Confusion, Panic Attack, Loss of consciousness, Agitation, Violence/Aggression, Insomnia, Depression, Suicidal Ideation",Bromazolam,,55.459129999999995,-4.2176599999999995
W071568,2025-12-19,TN39,Diazepam,Valium,Blue,Tablet,Oral,"Increased Confidence, Relaxed, Memory Loss, Increased appetite, Tiredness",Diazepam,,50.851925,0.450875
W072046,2025-12-19,HG15,Diazepam,Valium,Blue,Tablet,Oral,"Euphoria, Relaxed, Irregular Heartbeat, Nausea, Panic Attack",Diazepam,,53.99700000000001,-1.5357666666666667
W072023,2025-12-19,SG14,Lorazepam,Not Stated,Yellow,Tablet,Oral,"Increased Confidence, Relaxed, Nausea, Paranoia, Memory Loss, Confusion, Loss of consciousness, Agitation, Insomnia, Depression, Suicidal Ideation","Lorazepam, Propanolol",,51.811775,-0.11705
W071955,2025-12-19,OX10,Alprazolam,Alprx,White,Tablet,Oral,No Effect,"Tramadol, Alprazolam",,51.61514705882353,-1.1267411764705884
W071990,2025-12-19,BS70,Diazepam,Valium,Blue,Tablet,Not Stated,No Effect,Diazepam,,51.4767,-2.5572
W071939,2025-12-19,GG13,Diazepam,Not Stated,Blue,Tablet,Not Stated,Not Stated,Zolpidem,,,
W071973,2025-12-22,BT67,Diazepam,Accord Diazepam PharmaChoice,Blue,Tablet,Not Stated,Not Stated,Diazepam,,54.48503333333334,-6.287166666666667
000235198,2025-12-22,CF24,Diazepam,Diazepam,Blue,Tablet,Oral,"Relaxed, Depression",Ethylbromazolam,,51.48,-3.18
W072061,2025-12-22,CR7,Diazepam,Not Stated,Blue,Tablet,Not Stated,Not Stated,Diazepam,,51.3833,-0.1
W071745,2025-12-22,L25,Xanax,Nexgen Xanax,White,,Not Stated,Not Stated,"Etizolam, Alprazolam",,53.374,-2.8699999999999997
W072063,2025-12-22,GU31,Xanax,Xanax,White,Tablet,Oral,No Effect,Ethylbromazolam,,50.9863,-0.87712
W071770,2025-12-22,EX10,Nitrazepam,Nitrazepam,White,Tablet,Oral,Relaxed,Nitrazepam,,50.70001666666667,-3.258891666666667
W072152,2025-12-22,BT28,Diazepam,Martin Dow Roche,Blue,Powder,Oral,"Increased Confidence, Relaxed, Memory Loss, Pain Relief",Diazepam,,54.5421,-6.1562
W072080,2025-12-22,NG3,Diazepam,Diazepam Accord,Blue,Tablet,Oral,"Relaxed, Paranoia",Ethylbromazolam,,52.9536,-1.1505
W071982,2025-12-22,W4,Diazepam,Valium,Blue,Tablet,Not Stated,Not Stated,Diazepam,,51.4927,-0.258
W072115,2025-12-22,N7,Diazepam,Diazepam,Blue,Tablet,Not Stated,Not Stated,Ethylbromazolam,,51.5491,-0.1205142857142857
W071363,2025-12-22,EX39,Diazepam,Bensedin,White,Tablet,Oral,"Euphoria, Empathy, Relaxed, Chest Pains, Irregular Heartbeat, Paranoia, Confusion, Agitation, Insomnia, Depression, Suicidal Ideation",Diazepam,,50.99405869565218,-4.261958695652174
W072138,2025-12-22,BS2,Valium/Diazepam,Not Stated,Blue,Tablet,Oral,No Effect,Diazepam,,51.4552,-2.5966
W072121,2025-12-22,CA1,Xanax,Xanax Alprazolam IP Rlam,"Grey, White",Tablet,Not Stated,Not Stated,Tramadol,,54.89065,-2.92565
W071940,2025-12-22,G61,Alprazolam,Not Stated,Yellow,Tablet,Not Stated,Not Stated,Alprazolam,,55.9154,-4.3328
W072106,2025-12-22,LS10,Alprazolam,Not Stated,Blue,Tablet,Not Stated,Not Stated,Alprazolam,,53.7496,-1.5494
W072109,2025-12-22,SG40,Clonazepam,Clonazepam,Orange,Tablet,Oral,Relaxed,Clonazepam,,51.913845,-0.2342449999999999
W072117,2025-12-22,OX10,Alprazolam,Alprox XR1,Orange,Tablet,Not Stated,Not Stated,Alprazolam,,51.61514705882353,-1.1267411764705884
W072123,2025-12-22,S11,Alprazolam,Galenika Ksalol Alprazolam,White,Tablet,Not Stated,Not Stated,Alprazolam,,53.3608,-1.5084
W071769,2025-12-23,EX10,Diazepam,Bensedin  Diazepam,White,Tablet,Oral,No Effect,Ethylbromazolam,,50.70001666666667,-3.258891666666667
W072245,2025-12-23,BS20,Pure Bromazolam,Bromazolam powder,White,Powder,Oral,"Euphoria, Increased Energy, Increased Confidence, Relaxed, Memory Loss",Bromazolam,,51.47297999999999,-2.73821
W072192,2025-12-23,S3,Diazepam (Valium),Diazepam,Blue,Tablet,Oral,Relaxed,Diazepam,,53.383,-1.4659
W072198,2025-12-23,SK11,Alprazolam,Ksalol,Blue,Tablet,Not Stated,Not Stated,Alprazolam,,53.229638461538464,-2.14891923076923
W072197,2025-12-23,SK11,Diazepam,Valium,Blue,Tablet,Not Stated,Not Stated,Diazepam,,53.229638461538464,-2.14891923076923
W071975,2025-12-23,SK12,Martin Dow Diazepam,Martin Dow Diazepam,Colourless,Tablet,Oral,"Empathy, Relaxed",Diazepam,,53.351884210526315,-2.0920947368421055
W071887,2025-12-23,FK4,Valium,Not Stated,White,Tablet,Oral,"Increased Confidence, Relaxed, Breathlesness, Irregular Heartbeat, Vomiting, Memory Loss, Confusion, Panic Attack, Loss of consciousness",Medetomidine,,55.99558,-3.9131
W072167,2025-12-23,SA13,Clonazepam,Phase 2,Yellow,Tablet,Not Stated,Not Stated,Clonazepam,,51.63321111111111,-3.670888888888888
W071974,2025-12-23,SK12,Martin Dow Diazepam,martin Dow Diazepam,White,Tablet,Oral,"Empathy, Relaxed",Diazepam,,53.351884210526315,-2.0920947368421055
W071771,2025-12-23,EX10,Lroazepam,Lorazepam,Yellow,Tablet,Oral,Relaxed,Nitrazepam,,50.70001666666667,-3.258891666666667
W072164,2025-12-23,G82,Temazepam,Not Stated,Yellow,Capsule,Oral,Relaxed,Etizolam,,55.954800000000006,-4.5815222222222225
W071832,2025-12-23,OX27,Alprazolam,Alprazolam Kern Pharma,White,Tablet,Oral,No Effect,Ethylbromazolam,,51.9,-1.1536
W072208,2025-12-23,SA12,Valium/MSJ,Not Stated,Blue,Tablet,Oral,"Euphoria, Increased Confidence, Relaxed, Confusion",Ethylbromazolam,,51.61181666666667,-3.7703
W068908,2025-12-23,NE29,Lorazepam Hemopharm,Lorazepam Hemopharmaceuticals,Blue,Tablet,Not Stated,Not Stated,Lorazepam,,55.0165,-1.4493
W072040,2025-12-23,KY8,Valium,Not Stated,White,Tablet,Oral,"Relaxed, Paranoia, Confusion, Insomnia, Suicidal Ideation",Clonazolam,,56.209568181818184,-2.9803318181818184
000239666,2025-12-23,NP4,Xanax,Not Stated,White,Tablet,Not Stated,Not Stated,Ethylbromazolam,,51.718515789473685,-3.030521052631579
000239667,2025-12-23,NP4,Xanax,Not Stated,"Green, Green",Tablet,Not Stated,Not Stated,Bromazolam,,51.718515789473685,-3.030521052631579
W072206,2025-12-23,EH17,Temazepam,Not Stated,Yellow,Capsule,Oral,"Auditory Hallucinations, Visual Hallucinations, Relaxed, Memory Loss, Loss of consciousness, Agitation, Depression",Etizolam,,55.9084,-3.128
W072272,2025-12-24,KY11,Diazepam,Martin Dow Valium,Blue,Tablet,Oral,"Increased Confidence, Relaxed, Memory Loss",Diazepam,,56.037644444444446,-3.422588888888889
W072019,2025-12-24,TN39,Diazepam,Valium,Blue,Tablet,Oral,"Euphoria, Increased Energy, Increased Confidence, Enhanced Senses, Relaxed, Loss of consciousness, Agitation, Violence/Aggression",Diazepam,,50.851925,0.450875
W072241,2025-12-24,E17,Diazepam,Bensedin Diazepam,White,Tablet,Not Stated,Not Stated,Diazepam,,51.58758,-0.02048
W072055,2025-12-24,S42,Diazepam,Teva Diazepam,Blue,Tablet,Not Stated,Not Stated,Diazepam,,53.21066,-1.4471733333333332
W072268,2025-12-24,HA3,Xanax Alprazolam,Ksalol Galenika,White,Tablet,Not Stated,Not Stated,Alprazolam,,51.59936666666667,-0.3307333333333333
W072242,2025-12-24,E17,Diazepam,Bensedin Diazepam,White,Tablet,Not Stated,Not Stated,Diazepam,,51.58758,-0.02048
W072273,2025-12-24,AL5,Martin Dow Diazepam,Not Stated,Blue,Tablet,Not Stated,Not Stated,Diazepam,,51.8168,-0.3571
W072239,2025-12-24,GL53,Lorazepam,Lorazepam Nerodelm,Yellow,Tablet,Not Stated,Not Stated,"Citalopram, Lorazepam",,51.8192,-2.05427
W072237,2025-12-24,RH19,Valium,Not Stated,Blue,Tablet,Oral,"Relaxed, Confusion, Depression",Diazepam,,51.11741818181818,-0.0221727272727272
W072249,2025-12-24,GU23,Valium,Valium,Blue,Tablet,Not Stated,Not Stated,Diazepam,,51.30242,-0.48888
W072267,2025-12-24,HA3,Xanax Alprazolam,Ksalol Galenika,White,Tablet,Not Stated,Not Stated,Alprazolam,,51.59936666666667,-0.3307333333333333
W072275,2025-12-24,BG2,Clonazepam,Clonazepam Auden,White,Tablet,Oral,"Empathy, Relaxed",Clonazepam,,,
W072165,2025-12-24,SE14,Diazepam,Diazepam (Martin Dow),Blue,Tablet,Not Stated,Not Stated,Diazepam,,51.47646666666666,-0.0322333333333333
W072365,2025-12-31,NW3,Diazepam,Martin Dow Valium,Blue,Tablet,Not Stated,Not Stated,Ethylbromazolam,,51.5462,-0.168075
W072230,2025-12-31,B26,Diazepam,Martin Dow Valium Diazepam,Blue,Tablet,Oral,"Euphoria, Increased Confidence, Empathy, Relaxed, Confusion",Diazepam,,52.45953333333333,-1.7873333333333334
W072231,2025-12-31,B26,Alprazolam/Xanax,Galenika Ksalol Alprazolam,"White, Blue",Tablet,Oral,"Euphoria, Increased Confidence, Relaxed, Memory Loss",Alprazolam,,52.45953333333333,-1.7873333333333334
W072397,2025-12-31,BT17,Diazepam,Accord Diazepam,Blue,Tablet,Oral,"Relaxed, Tiredness",Ethylbromazolam,,54.56660000000001,-5.9648
W072391,2025-12-31,HA3,Lorazepam,Lorazepam (genesis),White,Tablet,Not Stated,Not Stated,Lorazepam,,51.59936666666667,-0.3307333333333333
W072440,2025-12-31,CF64,MSJ,Not Stated,Blue,Tablet,Oral,Not Stated,Ethylbromazolam,,51.42878,-3.21045
000231855,2025-12-31,LL53,diazepam,valium (diazepam) 10mg tablets ,Blue,Tablet,Oral,"Relaxed, Paranoia, Confusion, Agitation",Diazepam,,52.89524166666667,-4.493856666666668
W072344,2025-12-31,G63,4MG ALPRAZOLAM ,4MG XANAX (SUPER),White,Tablet,Not Stated,Not Stated,Ethylbromazolam,,56.03654399999999,-4.3500119999999995
W072373,2025-12-31,PR8,Diazepam,Diazepam,White,Tablet,Not Stated,Not Stated,Medetomidine,,53.62538333333333,-3.0201
000236271,2025-12-31,CF83,VALIUM (MSJ) ,SUSPECTED VALIUM DIAZEPAM,Blue,Tablet,Oral,"Increased Confidence, Relaxed",Ethylbromazolam,,51.59288333333333,-3.2333833333333337
W072303,2025-12-31,G63,Diazepam,Sedil Diazepam,Yellow,Tablet,Not Stated,Not Stated,Diazepam,,56.03654399999999,-4.3500119999999995
W072317,2025-12-31,DD1,Diazepam,Not Stated,White,Tablet,Oral,"Enhanced Senses, Relaxed, Breathlesness, Chest Pains, Nausea, Paranoia, Memory Loss, Confusion, Loss of consciousness",Medetomidine,,56.461,-2.9766
W072306,2025-12-31,G63,Diazepam,bensedin Diazepam,White,Tablet,Not Stated,Not Stated,Diazepam,,56.03654399999999,-4.3500119999999995
W072298,2025-12-31,OX10,Alprazolam,UK Medicals Ksalol,Blue,Tablet,Oral,No Effect,Ethylbromazolam,,51.61514705882353,-1.1267411764705884
W072334,2025-12-31,AB16,Clonazepam,Klonazepam,White,Tablet,Oral,"Euphoria, Increased Confidence, Increased Libido, Empathy, Relaxed, Memory Loss, Confusion, Loss of consciousness",Clonazepam,,57.16,-2.1567
W072309,2025-12-31,G74,Alprazolam,Bl4cksven,Blue,Tablet,Not Stated,Not Stated,Alprazolam,,55.76583333333334,-4.1700333333333335
W072350,2025-12-31,BT17,Diazepam,Accord Diazepam,Blue,Tablet,Oral,"Relaxed, Tiredness",Ethylbromazolam,,54.56660000000001,-5.9648
W072332,2025-12-31,EH25,Diazepam,Sedil Diazepam,Pink,Tablet,Not Stated,Not Stated,Diazepam,,55.8639,-3.17355
W072278,2025-12-31,KA11,Street Valium,10 v Valium,White,Tablet,Oral,"Increased Energy, Increased Confidence, Increased Stamina, Relaxed, Insomnia",Clonazolam,,55.613125,-4.617725
W072367,2025-12-31,OX4,Diazepam,Diazepam,Blue,Tablet,Not Stated,Not Stated,Ethylbromazolam,,51.723725,-1.224375
W072279,2025-12-31,KA11,Alprazolam XR,Alprax,Yellow,Tablet,Oral,"Euphoria, Increased Confidence, Memory Loss, Depression",Alprazolam,,55.613125,-4.617725
W072495,2026-01-04,B240,Clonazepam 2mg,Clonazepam,White,Tablet,Not Stated,Not Stated,Clonazepam,,52.526349999999994,-1.809
W072431,2026-01-04,NN56,Diazepam ,accord diazepam 5mg,Yellow,Tablet,Oral,"Euphoria, Increased Energy, Increased Confidence, Relaxed",Diazepam,,52.242575,-0.93795
W072491,2026-01-05,SE1,DIAZEPAM,DIAZEPAM,White,Tablet,Not Stated,Not Stated,Diazepam,,51.49874615384616,-0.0930384615384615
W072479,2026-01-05,SE17,VALIUM,VALIUM,"White, Blue",Liquid,Not Stated,Not Stated,Diazepam,,51.48563333333333,-0.1028333333333333
W072432,2026-01-05,N67,TRMAZEPAM,REMESTAN,Colourless,Capsule,Not Stated,Not Stated,Temazepam,,,
W072454,2026-01-05,GU15,alprazolam ,alprex 1mg,White,Tablet,Not Stated,Not Stated,Alprazolam,,51.337,-0.7426
W072478,2026-01-05,S427,DIAZEPAM,BENSEDIN DIAZEPAM 10MG,White,Tablet,Not Stated,Not Stated,Diazepam,,53.21066,-1.4471733333333332
W072470,2026-01-05,S40,DIAZEPAM 10MG,DIAZEPAM 10MG (BENSEDIN),White,Tablet,Not Stated,Not Stated,Ethylbromazolam,,53.234,-1.4462
W072471,2026-01-05,S40,diazepam 10mg,diazepam 10mg (bensedin),White,Tablet,Not Stated,Not Stated,Ethylbromazolam,,53.234,-1.4462
100004525,2026-01-05,EX32,DIAZEPAM 10MG,BENSEDIN 10MG (DIAZEPAM),White,Tablet,Not Stated,"Empathy, Relaxed",Diazepam,,51.07364,-3.97823
W072428,2026-01-05,G63,ALPRAZOLAM (XANAX-4MG),4MG XANAX,White,Tablet,Not Stated,Not Stated,Ethylbromazolam,,56.03654399999999,-4.3500119999999995
W072433,2026-01-05,N67,TENAZEPAM,TEMAZAP-CT,"Colourless, White",Capsule,Not Stated,Not Stated,Temazepam,,,
W072489,2026-01-05,DL2,xanax,xanax 1mg (alprx-1),White,Tablet,Oral,No Effect,Alprazolam,,54.53115,-1.624575
W072546,2026-01-06,M14,clonazepam,Neurazpharm,White,Tablet,Not Stated,Not Stated,Clonazepam,,53.4482,-2.2257
W072504,2026-01-06,B9,Diazepam,Diazepam bensedin 10mg,White,Tablet,Not Stated,Not Stated,Diazepam,,52.4783,-1.8506
W072494,2026-01-06,B240,Clonazepam 2mg,Clonazepm 2mg alison,White,Tablet,Not Stated,Not Stated,Clonazepam,,52.526349999999994,-1.809
W072496,2026-01-06,B240,Clonazepam 2mg,clonazepam neuraexppharm 2mg,White,Tablet,Not Stated,Not Stated,Clonazepam,,52.526349999999994,-1.809
W072548,2026-01-06,M14,Diazepam ,martin dow valium,Blue,Tablet,Not Stated,Not Stated,Diazepam,,53.4482,-2.2257
W072503,2026-01-06,B9,Diazepam ,Diazepam elioam 10mg,White,Tablet,Not Stated,Not Stated,Diazepam,,52.4783,-1.8506
W072547,2026-01-06,M14,Clonazepam,Elikem nozim,Blue,Tablet,Not Stated,Not Stated,Clonazepam,,53.4482,-2.2257
W072459,2026-01-06,N128,alprazolam (xanax),Alprazolam,White,Tablet,Oral,"Increased Confidence, Relaxed, Memory Loss, Agitation",Tramadol,,51.6077,-0.166
W072618,2026-01-08,NR4,diazepam,Martin dow,Blue,Tablet,Not Stated,Not Stated,Diazepam,,52.61646,1.24368
W072456,2026-01-08,BN3,Diazepam 5mg,diazepam 5mg accord,Yellow,Tablet,Oral,Relaxed,Diazepam,,50.836725,-0.179625
W072527,2026-01-08,PL26,10g Diazepam,Accord diazepam tablet 10mg,Blue,Tablet,Not Stated,Not Stated,Ethylbromazolam,,50.34738918918919,-4.827086486486486
000234107,2026-01-08,NP20,Diazepam,Not Stated,White,Tablet,Not Stated,Not Stated,Diazepam,,51.5877,-2.9984
W072599,2026-01-08,CM11,Diazepam 10mg,accord diazepam 10mg,Blue,Tablet,Not Stated,Not Stated,Diazepam,,51.62107142857143,0.4470142857142857
000234115,2026-01-08,NP20,Diazepam,Not Stated,Blue,Tablet,Not Stated,Not Stated,Bromazolam,,51.5877,-2.9984
000237877,2026-01-08,CF32,Diazepam 10mg,Diazepam 10mg,Blue,Tablet,Not Stated,Not Stated,Ethylbromazolam,,51.536704166666674,-3.5931333333333337
W072453,2026-01-08,CV22,Accord Diazepa 10mg,Diazepam accord 10mg,Blue,Tablet,Oral,Relaxed,Diazepam,,52.349,-1.2838
W072559,2026-01-08,OX26,Diazepam,Diazepam,White,Tablet,Not Stated,Not Stated,Ethylbromazolam,,51.9,-1.1536
W072449,2026-01-08,SG14,Lorazepam 2mg ,Lorazepam/nerodelm,Yellow,Tablet,Not Stated,Not Stated,"Citalopram, Lorazepam",,51.811775,-0.11705
W072593,2026-01-08,SA3,Galenika Diazepam 10mg,galeniika bensedin Diazepam 10mg,White,Tablet,Oral,"Relaxed, Headache, Memory Loss",Diazepam,,51.59142222222222,-4.136385185185185
W072429,2026-01-08,NW10,Alprazolam 1mg,ksalol galenika 1mg alprazolam,Blue,Tablet,Oral,No Effect,Ethylbromazolam,,51.53758571428572,-0.2431214285714285
W072617,2026-01-08,NR4,Diazepam,Martin dow,Blue,Tablet,Not Stated,Not Stated,Diazepam,,52.61646,1.24368
W072616,2026-01-08,NR4,Diazepam,Martin dow,Blue,Tablet,Not Stated,Not Stated,Diazepam,,52.61646,1.24368
W072615,2026-01-08,NR4,diazepam,martin dow,Blue,Tablet,Not Stated,Not Stated,Diazepam,,52.61646,1.24368
W072549,2026-01-08,BN6,Klonazepam,galenika rivotril 2mg klonazepam,White,Tablet,Not Stated,Not Stated,Clonazepam,,50.92262,-0.14494
W072614,2026-01-08,NR4,Diazepam,martin dow,Blue,Tablet,Not Stated,Not Stated,Diazepam,,52.61646,1.24368
W072619,2026-01-08,NR4,Diazepam,martin dow,Blue,Tablet,Not Stated,Not Stated,Diazepam,,52.61646,1.24368
W072592,2026-01-08,SA3,Diazepam 5mg,sedil diazpam BP 5mg,Orange,Tablet,Oral,"Memory Loss, Relaxed",Diazepam,,51.59142222222222,-4.136385185185185
W072522,2026-01-13,BT51,diazepam ,martin dow diazepam,Blue,Tablet,Not Stated,Not Stated,Diazepam,,55.064172727272734,-6.6975181818181815
W072700,2026-01-13,BT47,clorazepam,clorazepam rivotril 2mg,White,Tablet,Oral,"Euphoria, Relaxed",Clonazepam,,54.94983333333333,-7.084177777777778
W072630,2026-01-13,W7,alprazolam,alprazolam,Blue,Tablet,Not Stated,Not Stated,Ethylbromazolam,,51.5118,-0.3358999999999999
W072621,2026-01-13,NE35,valium,Not Stated,White,Tablet,Not Stated,Not Stated,Diazepam,,54.9503,-1.469
W072682,2026-01-13,BH14,Diazepam,Diazepam-10,White,Tablet,Not Stated,Not Stated,Diazepam,,50.7299,-1.9449
W072663,2026-01-13,L8,diazepam,accord diazepam tablets ,White,Tablet,Not Stated,Not Stated,Diazepam,,53.4106,-2.9779
W072545,2026-01-13,NE27,diazepam 10mg,bensedin 10mg (diazepam),White,Tablet,Oral,"Increased Confidence, Empathy, Relaxed, Agitation",Diazepam,,55.0339,-1.51085
W072567,2026-01-13,DH1,diazepam,accord diazepam 5mg,Yellow,Tablet,Not Stated,Not Stated,Diazepam,,54.77482,-1.56714
W072666,2026-01-13,PR7,clonazepam,clonazepam neuraxpharm 2mg,White,Tablet,Not Stated,Not Stated,Clonazepam,,53.64461428571428,-2.6670142857142856
W072703,2026-01-13,RG12,diazepam,martin dow,Blue,Tablet,Not Stated,Not Stated,Diazepam,,51.4007,-0.7635
W072702,2026-01-13,RG12,diazepam,martin dow,Blue,Tablet,Not Stated,Not Stated,Diazepam,,51.4007,-0.7635
W072686,2026-01-13,LA2,klonopin,galenika,White,Tablet,Not Stated,Not Stated,Clonazepam,,54.05346590909091,-2.6209113636363637
W072785,2026-01-13,G74,alprazolam,ALP,White,Powder,Oral,"Euphoria, Relaxed",Ethylbromazolam,,55.76583333333334,-4.1700333333333335
W072786,2026-01-13,G74,etizolam,Not Stated,White,Powder,Oral,No Effect,Ethylbromazolam,,55.76583333333334,-4.1700333333333335
W072687,2026-01-13,LA2,klonopin,galenika,White,Tablet,Not Stated,Not Stated,Clonazepam,,54.05346590909091,-2.6209113636363637
W072629,2026-01-13,CH65,Clonazepam,ritotril 2mg,White,Tablet,Not Stated,"Euphoria, Confusion",Clonazepam,,53.2787,-2.9013
W072597,2026-01-13,RM13,CLONAZEPAM,CLONAZEPAM,White,Tablet,Not Stated,Not Stated,Clonazepam,,51.5223,0.1936999999999999
W072667,2026-01-13,PR7,diazepam,diazepam 10mg teva,Blue,Tablet,Not Stated,Not Stated,Diazepam,,53.64461428571428,-2.6670142857142856
W072708,2026-01-13,CV9,Diazepam,Diazepam valium,Blue,Tablet,Oral,"No Effect, Agitation",Diazepam,,52.593988888888894,-1.561288888888889
W072631,2026-01-13,CH65,Clonazepam 2mg,pase 2 BP2 me,Yellow,Tablet,Oral,"Euphoria, Confusion",Clonazepam,,53.2787,-2.9013
W072660,2026-01-13,LS18,Diazepam 10mg,Diazepam 10mg,Blue,Tablet,Not Stated,Not Stated,Diazepam,,53.838,-1.6404
W072569,2026-01-13,SR3,Diazepam,Accord Diazepam 5mg,Yellow,Tablet,Not Stated,Not Stated,Diazepam,,54.874233333333336,-1.4153666666666669
W072718,2026-01-13,BH89,Diazepam,Zeepam (diazepam),Blue,Tablet,Not Stated,Not Stated,Diazepam,,50.7568,-1.8194
W072649,2026-01-13,LA13,Clonazepam,Galenika Rivotril,White,Tablet,Not Stated,Not Stated,Clonazepam,,54.11367142857143,-3.193485714285714
W072651,2026-01-13,LA13,Clonazepam,galenika Rivotril,White,Tablet,Not Stated,Not Stated,Clonazepam,,54.11367142857143,-3.193485714285714
W072650,2026-01-13,LA13,Clonazepam,galenika rivotril,White,Tablet,Not Stated,Not Stated,Clonazepam,,54.11367142857143,-3.193485714285714
W072603,2026-01-13,FK7,valium,Valium,Blue,Tablet,Oral,"Relaxed, Breathlesness, Nausea, Confusion, Insomnia, Stomach pains, Dry nose",Ethylbromazolam,,56.0861125,-3.9108875
W072648,2026-01-13,LA13,Clonazepam,Galenika rivotril,White,Tablet,Not Stated,Not Stated,Clonazepam,,54.11367142857143,-3.193485714285714
W068910,2026-01-13,NE29,ksalol aprazolam 1mg ,alprazolam galenika pharmacaticacs,Blue,Tablet,Not Stated,Not Stated,Alprazolam,,55.0165,-1.4493
000234330,2026-01-13,CF10,Diazepam 10mg,Diazepam 10mg,Blue,Tablet,Not Stated,Relaxed,Ethylbromazolam,,51.48,-3.18
W072690,2026-01-13,TS80,Diazepam,Bensedin 10mg,White,Tablet,Not Stated,Not Stated,Diazepam,,54.51546,-1.24278
W072501,2026-01-13,NG86,diazepam,teva diazepam 10mg,Blue,,Not Stated,Not Stated,Diazepam,,52.9648,-1.2132
W072595,2026-01-13,TN22,Diazepam valium 10mg,valium 10mg,White,Tablet,Oral,Not Stated,Diazepam,,50.97995714285714,0.0973238095238095
W072596,2026-01-13,TN22,Diazepam 5mg,Valium 5mg,White,Tablet,Oral,Relaxed,Diazepam,,50.97995714285714,0.0973238095238095
W072517,2026-01-13,RG18,Diazepam,teva 10mg diazepam,Blue,Tablet,Oral,"Empathy, Relaxed",Diazepam,,51.4469,-1.244711111111111
W072534,2026-01-13,ML3,Diazepam,bensedin 10mg,White,Tablet,Oral,"Increased Confidence, Relaxed, Memory Loss",Diazepam,,55.76254285714286,-4.045457142857143
W072693,2026-01-15,KA14,Diazepam,Not Stated,,,Not Stated,Not Stated,Diazepam,,55.7393,-4.6776
W072830,2026-01-15,DD1,DIAZEPAM,Not Stated,White,Tablet,Not Stated,Not Stated,Medetomidine,,56.461,-2.9766
W072723,2026-01-15,PR3,CLONAZEPAM,GALENIKA RIVO 2MG,White,Tablet,Not Stated,Not Stated,Clonazepam,,53.903882857142854,-2.707102857142857
W072810,2026-01-15,BN25,VALIUM,MARTIN DOW,Blue,Tablet,Not Stated,Not Stated,"Metonitazene, Bromazolam",,50.7807,0.095625
W072779,2026-01-15,BR2,Diazepam,Bensedin (Diazepam),White,Tablet,Oral,No Effect,"Ethylbromazolam, Bromazolam",,51.370025,0.02375
W072685,2026-01-15,LA2,Klonopin,Galenika,White,Tablet,Not Stated,Not Stated,Clonazepam,,54.05346590909091,-2.6209113636363637
W072638,2026-01-15,HA3,Xanax,Ksalol Galenika,White,Tablet,Not Stated,Not Stated,Alprazolam,,51.59936666666667,-0.3307333333333333
W072714,2026-01-15,N14,Valium,accord Diazepam,Blue,Tablet,Not Stated,Not Stated,Ethylbromazolam,,51.63298,-0.13062
W072766,2026-01-15,CW9,Alprazolam,Ksalol,Blue,Tablet,Not Stated,Not Stated,Alprazolam,,53.264406666666666,-2.5003200000000003
W072715,2026-01-15,N14,Rivotril,Not Stated,White,Tablet,Not Stated,Not Stated,Ethylbromazolam,,51.63298,-0.13062
W072639,2026-01-15,HA3,Xanax,Ksalol Galenika,White,Tablet,Not Stated,Not Stated,Alprazolam,,51.59936666666667,-0.3307333333333333
W072834,2026-01-19,SE16,Xanax Alprazolam 0.5mg,Not Stated,Pink,Tablet,Not Stated,Not Stated,Alprazolam,,51.49742,-0.0528
W072976,2026-01-19,PA23,benzodiazepam 10mg,valium 10mg martin dow,Blue,Tablet,Oral,"Itching, Relaxed",Diazepam,,55.988997142857144,-4.98592
000236830,2026-01-19,CF63,Midazolam,7.5mg,White,Capsule,Oral,"Relaxed, Confusion, Panic Attack",Midazolam,,51.4172,-3.2614
W072983,2026-01-19,G40,Diazepam,Not Stated,Blue,Tablet,Oral,"Relaxed, Memory Loss, Depression",Bromazolam,,55.8485,-4.2235
000234771,2026-01-19,CF37,Valium,Valium,Blue,Tablet,Oral,"Relaxed, Breathlesness, Paranoia, Confusion, Loss of consciousness",Ethylbromazolam,,51.613815384615386,-3.3598076923076925
W072855,2026-01-19,CF14,Clonazepam,Clonazepam alissa 2mg,White,Tablet,Not Stated,Not Stated,Clonazepam,,51.5199,-3.204
W072895,2026-01-19,EH52,Street diazepam,Not Stated,White,Tablet,Oral,Not Stated,Paracetamol,Etizolam,55.9358,-3.4882625
W072645,2026-01-19,HU3,Diazepam 5mg,accord 5mg diazepam,Yellow,Tablet,Not Stated,Not Stated,Diazepam,,53.7446,-0.3353
W072816,2026-01-19,ML3,Valium,valium,White,Tablet,Oral,"Increased Confidence, Increased Stamina, Empathy, Relaxed, Memory Loss",Clonazolam,,55.76254285714286,-4.045457142857143
W072851,2026-01-19,UB5,Xanax,Xanax,Red,Tablet,Oral,"Increased Confidence, Relaxed, Memory Loss",Caffeine,Rilmazafone,51.5486,-0.3678
W072868,2026-01-19,S40,diazepam,Diazepam 5mg (teva),Yellow,Tablet,Not Stated,Not Stated,Diazepam,,53.234,-1.4462
000234118,2026-01-19,NP20,Diazepam,Not Stated,White,Tablet,Not Stated,Not Stated,Diazepam,Phenacetin,51.5877,-2.9984
W072892,2026-01-19,BN6,klonazepam,Rivotril galenika klonazepam,White,Tablet,Not Stated,Not Stated,Clonazepam,,50.92262,-0.14494
W072783,2026-01-19,E2,Alprazolam,alprazolam,White,Tablet,Oral,No Effect,UR-144,,51.5386,-0.055525
W072869,2026-01-19,M14,Diazepam,Accord Diazepam,Blue,Tablet,Not Stated,Not Stated,Ethylbromazolam,,53.4482,-2.2257
W072910,2026-01-19,DD83,Xanax,Not Stated,Orange,Tablet,Not Stated,Not Stated,Alprazolam,,56.61369895833334,-2.9763291666666665
W072986,2026-01-23,M16,Diazepam,martin dows,Blue,Tablet,Not Stated,Not Stated,Diazepam,,53.4551,-2.2645
W072987,2026-01-23,M16,Alprazolam,Ksalol,Blue,Tablet,Not Stated,Not Stated,Ethylbromazolam,,53.4551,-2.2645
W072984,2026-01-23,SE4,Diazepam,Diazepam wispa,Blue,Tablet,Not Stated,Not Stated,Diazepam,,51.46099999999999,-0.0352
000236469,2026-01-23,NP4,Diazepam,Not Stated,Blue,Tablet,Oral,Not Stated,Ethylbromazolam,,51.718515789473685,-3.030521052631579
W073059,2026-01-23,PA12,Blues,Bensedin,White,Tablet,Not Stated,Not Stated,Diazepam,,55.7952,-4.6303
W072508,2026-01-23,BT16,Alprazolam,Alprazolam,White,Tablet,Not Stated,Not Stated,Alprazolam,,54.58765,-5.8656500000000005
000236829,2026-01-23,CF64,Xanax,alprazolam,White,Tablet,Not Stated,Relaxed,Alprazolam,,51.42878,-3.21045
000236826,2026-01-23,CF64,diazepam 10mg,Bensedin,White,Tablet,Not Stated,No Effect,Bromazolam,,51.42878,-3.21045
W073041,2026-01-23,SA43,Diazepam,Diazepam,Blue,Tablet,Not Stated,Not Stated,Bromazolam,Metonitazene,52.07603076923077,-4.6376
W072864,2026-01-23,SE15,valium,valium,Blue,Tablet,Not Stated,Not Stated,Diazepam,,51.470175,-0.060325
W073008,2026-01-23,NG18,Diazepam 10mg,Galenika bensedin bl4cksven ,White,Tablet,Oral,"Increased Confidence, Relaxed, Memory Loss",Diazepam,,53.1333,-1.2
W072961,2026-01-23,BT28,MSJ,MSJ,Yellow,Tablet,Not Stated,Increased Strength,Methylclonazepam,,54.5421,-6.1562
W067941,2026-01-23,NR4,Alprazolam,Alprazolam,Yellow,Tablet,Not Stated,Not Stated,Alprazolam,,52.61646,1.24368
000239601,2026-01-23,CF10,Valium,Valium,Blue,Tablet,Oral,Not Stated,Ethylbromazolam,Bromazolam,51.48,-3.18
W071540,2026-01-23,ST16,Diazepam 10mg,Diazepam 10mg accord,Blue,Tablet,Not Stated,Not Stated,Diazepam,,52.8052,-2.1164
000237878,2026-01-23,CF41,Diazepam,Not Stated,Blue,Tablet,Oral,"Paranoia, Confusion",Ethylbromazolam,,51.6543,-3.4913
W073042,2026-01-23,SA11,Diazepam,MSJ,Blue,Tablet,Oral,Relaxed,Ethylbromazolam,,51.70800714285714,-3.6944071428571426
W071542,2026-01-23,ST16,Diazepam 10mg,Diazepam 10mg accord,Blue,Tablet,Not Stated,Not Stated,Diazepam,,52.8052,-2.1164
W072971,2026-01-23,TN35,Alprazolam,ksalol alprazolam 1mg,Blue,Tablet,Not Stated,Not Stated,Alprazolam,,50.88907777777777,0.6249888888888889
W072876,2026-01-23,NN56,Accord Diazepam,Accord Diazepam,Yellow,Tablet,Oral,"Euphoria, Increased Confidence, Enhanced Senses",Diazepam,,52.242575,-0.93795
W072897,2026-01-23,PL97,Midazolam 7.5mg,Midazolam benquil 7.5mg,White,Tablet,Oral,"Relaxed, Memory Loss, Confusion",Midazolam,,50.34709090909091,-4.0945
W072881,2026-01-23,OX26,Xanax,Xanax,White,Tablet,Not Stated,Not Stated,"Caffeine, Clobromazolam",,51.9,-1.1536
W072926,2026-01-23,CA48,Diazepam,martin dow pakistani diazepam,Black,Tablet,Not Stated,Not Stated,Diazepam,,54.845034375,-2.7998625
W072951,2026-01-23,NN56,Diazepam 5mg,Accord diazepam 5mg,Yellow,Tablet,Oral,"Euphoria, Increased Energy, Increased Confidence, Relaxed",Diazepam,,52.242575,-0.93795
W072903,2026-01-23,CF45,Diazepam,Diazepam,Blue,Tablet,Not Stated,Relaxed,Diazepam,,51.66452,-3.3537
W073048,2026-01-23,BS6,Diazepam 10mg,Diazepam 10mg,Blue,Tablet,Oral,Relaxed,Diazepam,,51.465599999999995,-2.599066666666667
W073021,2026-01-23,PA67,Diazepam 10mg,diazepam 10mg,Blue,Tablet,Oral,"Euphoria, Increased Energy, Increased Confidence, Empathy",Diazepam,,56.3143,-6.232785714285714
W071543,2026-01-23,ST16,diazepam 5mg accord,diazepam 5mg accord,Yellow,Tablet,Not Stated,Not Stated,Diazepam,,52.8052,-2.1164
W073047,2026-01-23,BS6,Diazepam 10mg,Diazepam 10mg,Blue,Tablet,Oral,Relaxed,Diazepam,,51.465599999999995,-2.599066666666667
W071544,2026-01-23,ST16,Diazepam 10mg accord,diazepam 10mg accord,Blue,Tablet,Not Stated,Not Stated,Diazepam,,52.8052,-2.1164
000236459,2026-01-23,NP4,Diazepam,Diazepam,Blue,Tablet,Not Stated,Not Stated,Diazepam,,51.718515789473685,-3.030521052631579
W073046,2026-01-26,TR18,Diazepam,Diazepam,Blue,Tablet,Not Stated,Not Stated,Diazepam,,50.120720000000006,-5.537180000000001
W073202,2026-01-26,B32,Diazepam ,Martin dow Valium,Blue,Tablet,Not Stated,Not Stated,Diazepam,,52.4326,-1.99735
W073212,2026-01-26,WA4,Diazepam 10mg,Martin dow diazepam,Blue,Tablet,Oral,"Increased Confidence, Nausea",Diazepam,,53.34801875,-2.583875
W073222,2026-01-26,E9,Diazepam,diazepam,White,Tablet,Not Stated,Not Stated,Diazepam,,51.5394,-0.0414
W073117,2026-01-26,LD8,Valium,Not Stated,Yellow,Tablet,Oral,"Relaxed, Anxiety",Diazepam,,52.262570833333335,-3.0537541666666663
W073143,2026-01-26,SW33,Diazepam 10mg,diazepam 10mg,White,Tablet,Oral,No Effect,Ethylbromazolam,,51.487975000000006,-0.165875
W073138,2026-01-26,PL18,Diazepam,Valium (diazepam),Blue,Tablet,Oral,Relaxed,Diazepam,,50.5103,-4.209883333333334
W073136,2026-01-26,SA12,valium,Bensedin,White,Tablet,Not Stated,Not Stated,Diazepam,,51.61181666666667,-3.7703
W073164,2026-01-26,TD9,diazepam,Diazepam,White,Tablet,Oral,"Euphoria, Relaxed",Diazepam,,55.39354782608696,-2.707571739130435
W073144,2026-01-26,LD8,valium,Diazepam,White,Tablet,Oral,Relaxed,Diazepam,,52.262570833333335,-3.0537541666666663
W073103,2026-01-26,NP20,Xanax,Not Stated,Grey,Tablet,Oral,Not Stated,Alprazolam,,51.5877,-2.9984
W073113,2026-01-26,W3,Xanax,Maprazax/ alprazolam,Grey,Tablet,Oral,Not Stated,Alprazolam,,51.51048333333333,-0.2657166666666666
W073150,2026-01-26,D11,Xanax /alprazolam,Rlam,White,Tablet,Not Stated,Not Stated,Methylclonazepam,,,
W073125,2026-01-26,LL11,Xanax ( alprazolam),Not Stated,White,Tablet,Not Stated,Not Stated,Ethylbromazolam,,53.064506666666674,-3.052973333333333
W073167,2026-01-26,DD8,Alprazolam,Alprazolam (rlam-1),White,Tablet,Not Stated,Not Stated,Alprazolam,,56.61369895833334,-2.9763291666666665
W073156,2026-01-26,BH14,Diazepam,Diazepam,Blue,Tablet,Not Stated,Not Stated,Diazepam,,50.7299,-1.9449
W073116,2026-01-26,LO8,Valium,Diazepam,Blue,Tablet,Oral,Relaxed,Diazepam,,,
W073184,2026-01-26,SE14,Diazepam,Diazepam,Blue,Tablet,Not Stated,Not Stated,Diazepam,,51.47646666666666,-0.0322333333333333
W073056,2026-01-26,B14,Clonazepam,ritotril 2mg (radiant pharma),White,Tablet,Not Stated,Not Stated,Clonazepam,,52.4174,-1.8898
000236824,2026-01-26,CF63,diazepam,Not Stated,Blue,Tablet,Oral,Chest Pains,Diazepam,,51.4172,-3.2614
W073129,2026-01-26,AL5,Diazepam,Diazepam (bensedin 10mg),White,Tablet,Oral,Relaxed,Diazepam,,51.8168,-0.3571
W073011,2026-01-26,DE22,10mg Diazepam,Diazepam 10mg kade 10,White,Tablet,Not Stated,Not Stated,Diazepam,,52.9531,-1.521125
W073026,2026-01-26,CR01,Xanax,Ksalol xanax 1mg,Blue,Tablet,Not Stated,Not Stated,Alprazolam,,51.3703,-0.060975
W073054,2026-01-26,B14,Clonazepam,Galenika clonazepam 2mg,White,Tablet,Not Stated,Not Stated,Clonazepam,,52.4174,-1.8898
W073086,2026-01-26,CH35,Diazepam,Bensedin galenika 10mg,White,Tablet,Oral,Not Stated,Diazepam,,53.154448571428574,-2.80734
000238680,2026-01-26,NP22,diazepam,Diazepam,Blue,Tablet,Oral,"Visual Hallucinations, Breathlesness, Chest Pains, Memory Loss, Loss of consciousness",Diazepam,,51.7725,-3.2468
W073102,2026-01-26,BN25,Valium,Martin dow,Blue,Tablet,Oral,Relaxed,"Metonitazene, Bromazolam",,50.7807,0.095625
W073108,2026-01-26,ML66,10mg valium,valium 10mg martin dow,Blue,Tablet,Not Stated,Not Stated,Diazepam,,55.876992307692305,-3.925407692307692
W073165,2026-01-26,M263,Diazepam 10mg,MSJ 10mg Diazepam,Blue,Tablet,Not Stated,Not Stated,Ethylbromazolam,,53.55,-2.3333
W073107,2026-01-26,ML66,10mg valium,10mg valium martin dow,Blue,Tablet,Not Stated,Not Stated,Diazepam,,55.876992307692305,-3.925407692307692
W073072,2026-01-26,ML66,Lorazepam 2mg,Lorazepam 2mg Lora-2,White,Tablet,Not Stated,Not Stated,Lorazepam,,55.876992307692305,-3.925407692307692
W073071,2026-01-26,ML66,Lorazepam 2mg,"lorazepam 2mg, lora-2",White,Tablet,Not Stated,Not Stated,Lorazepam,,55.876992307692305,-3.925407692307692
W073065,2026-01-26,ML66,valium martin dow,10mg diazepam valium,Blue,Tablet,Not Stated,Not Stated,Diazepam,,55.876992307692305,-3.925407692307692
W073066,2026-01-26,ML66,Valium martin dow,10mg diazepam,Blue,Tablet,Not Stated,Not Stated,Diazepam,,55.876992307692305,-3.925407692307692
W073064,2026-01-26,ML66,Valium 10mg,valium matrin dow,Blue,Tablet,Oral,Relaxed,Diazepam,,55.876992307692305,-3.925407692307692
W073122,2026-01-26,KA14,Xanax (alprazolam),Xanax (alprazolam),Pink,Tablet,Not Stated,Not Stated,Alprazolam,,55.7393,-4.6776
W073166,2026-01-26,M263,Xanax 1mg,Xanax 1mg,White,Tablet,Not Stated,Not Stated,Ethylbromazolam,,53.55,-2.3333
W073082,2026-01-26,EX46,Valium b6,b6,White,Tablet,Oral,Relaxed,No Active Component Identified,,50.73776,-3.5296999999999996
W073106,2026-01-26,ML66,10mg valium,10mg valium martin dow,Blue,Tablet,Not Stated,Not Stated,Diazepam,,55.876992307692305,-3.925407692307692
W073134,2026-01-26,SA1,Xanax,Ksalol,White,Tablet,Not Stated,Not Stated,Alprazolam,,51.633979999999994,-3.94848
000239602,2026-01-26,NP1,Valium ,valium 10mg,Blue,Tablet,Oral,"Increased Energy, Increased Confidence, Relaxed",Diazepam,,,
W073259,2026-01-26,FY3,Valium,Not Stated,Blue,Tablet,Not Stated,Not Stated,Alprazolam,,53.8119,-3.0226
W073286,2026-01-28,DG1,Diazepam 5mg,Diazepam 5mg (protarma),White,Tablet,Not Stated,Not Stated,Diazepam,,55.0743962962963,-3.5466296296296296
W073251,2026-01-28,HA3,Alprazolam,Ksalol galenika,White,Tablet,Not Stated,Not Stated,Alprazolam,,51.59936666666667,-0.3307333333333333
W072942,2026-01-28,SE13,Diazepam 10mg,Diazepam 10mg,Blue,Tablet,Not Stated,Not Stated,Diazepam,,51.4643,-0.0119
W073345,2026-01-28,NP20,valium/diazepam,bensedin,White,Tablet,Not Stated,Not Stated,Diazepam,,51.5877,-2.9984
W073333,2026-01-28,CW9,Valium,martin dow ,Blue,Tablet,Not Stated,Not Stated,Diazepam,,53.264406666666666,-2.5003200000000003
W073292,2026-01-28,WV10,Diazepam,Crescent diazepam 10mg,Blue,Tablet,Not Stated,Not Stated,Diazepam,,52.651114285714286,-2.101428571428571
W073223,2026-01-28,DD4,Diazepam ,Not Stated,White,Tablet,Oral,"Euphoria, Increased Energy, Increased Confidence, Increased Stamina, Increased Strength, Relaxed, Memory Loss, Confusion, Panic Attack",Bromazolam,,56.490550000000006,-2.9407833333333335
W073249,2026-01-28,PA11,diazepam,5mg diazepam,Yellow,Tablet,Oral,"Increased Energy, Increased Confidence, Enhanced Senses, Increased Strength, Empathy, Irregular Heartbeat, Memory Loss, Confusion, Agitation, Insomnia",Diazepam,,55.85,-4.5833
W073131,2026-01-28,NG10,diazepam,valium,Blue,Tablet,Not Stated,Not Stated,Diazepam,,52.901475,-1.287175
W073121,2026-01-28,EX39,Diazepam 10mg,Diazepam 10mg,Blue,Tablet,Oral,"Increased Energy, Empathy, Relaxed",Diazepam,,50.99405869565218,-4.261958695652174
W073188,2026-01-28,E2,Diazepam 10mg,accord Diazepam 10mg,Blue,Tablet,Oral,Relaxed,Diazepam,,51.5386,-0.055525
W073307,2026-01-28,BN11,Diazepam (valiume),Diazepam (valiume),Blue,Tablet,Oral,Relaxed,Diazepam,,50.81425,-0.38285
W073172,2026-01-28,CO11,diazepam 10mg,Bensein tablet 10mg galenika,White,Tablet,Not Stated,Not Stated,Ethylbromazolam,,51.93195,1.0912416666666669
W073037,2026-01-28,N8,diazepam,Elikem elipam,White,Tablet,Not Stated,Not Stated,Diazepam,,51.58336666666667,-0.1158333333333333
W073201,2026-01-28,CM23,diazepam,martin dow valium,Blue,Tablet,Not Stated,Not Stated,Diazepam,,51.89539,0.15618
W073216,2026-01-28,BD4,Diazepam ,valium 10mg,Blue,Tablet,Oral,Not Stated,Diazepam,,53.770725,-1.729375
000231927,2026-01-28,SY22,Diazepam 10mg,Bensedin,White,Tablet,Oral,"Increased Confidence, Increased Stamina, Increased Libido, Increased Strength, Confusion",Ethylbromazolam,,52.72475,-3.2291958333333337
W073221,2026-01-28,GU16,temazepam,teva temazepam 20mg,White,Tablet,Not Stated,Not Stated,Ethylbromazolam,,51.298275,-0.71955
W073252,2026-01-28,HA3,Alprazolam,Ksalol galenika,White,Tablet,Not Stated,Not Stated,Alprazolam,,51.59936666666667,-0.3307333333333333
W073234,2026-01-28,AB25,Diazepam,diazepam,White,Tablet,Not Stated,Not Stated,Diazepam,,57.1437,-2.0981
W073119,2026-01-28,RG31,Diazepam,Diazepam (accord),Yellow,Tablet,Oral,"Relaxed, No Effect",Diazepam,,51.4513,-1.046266666666667
W068911,2026-01-28,NE29,alprazolam 1mg,Ksaol alprazolam 1mg galenika pharmacuticals,Blue,Tablet,Not Stated,Not Stated,Alprazolam,,55.0165,-1.4493
W073197,2026-01-28,E18,Alprazolam,ER Pfizer Xanax Xr-2mg,White,Tablet,Oral,"Euphoria, Relaxed, Memory Loss",Ethylbromazolam,,51.5923,0.0225
000234124,2026-01-28,NP20,Diazepam,Not Stated,White,Tablet,Not Stated,Not Stated,Diazepam,,51.5877,-2.9984
W073448,2026-02-03,NW10,Diazepam,Not Stated,Blue,Tablet,Not Stated,Not Stated,Diazepam,,51.53758571428572,-0.2431214285714285
W073440,2026-02-03,NW1,Valium,Bensedin Galenika,White,Tablet,Not Stated,Not Stated,Diazepam,,51.52988181818182,-0.1471818181818182
W073437,2026-02-03,YO43,Diazepam,Bensedin Galenika,White,Tablet,Oral,No Effect,Ethylbromazolam,,53.825199999999995,-0.64142
000236844,2026-02-03,CF10,Valium,Valium,Blue,Tablet,Oral,Not Stated,Diazepam,,51.48,-3.18
W073422,2026-02-03,SW1V,Alprazolam,Xanax tablets,White,Tablet,Oral,No Effect,Alprazolam,,51.5085,-0.1257
W073402,2026-02-03,SA12,Valium,Bensedin,White,Tablet,Not Stated,Not Stated,Diazepam,,51.61181666666667,-3.7703
W073394,2026-02-03,N8,Alprazolam,Alprazolam,White,Tablet,Not Stated,Not Stated,Tramadol,,51.58336666666667,-0.1158333333333333
W073316,2026-02-03,CH5,Diazepam,Diazepam,Blue,Tablet,Not Stated,Not Stated,Ethylbromazolam,,53.19930000000001,-3.03614
W073418,2026-02-03,WA9,Diazepam,Roche Diazepam,Blue,Tablet,Not Stated,Not Stated,Diazepam,,53.426433333333335,-2.7348666666666666
W073442,2026-02-03,NW1,Valium,Martin Roche Valium,Blue,Tablet,Not Stated,Not Stated,Diazepam,,51.52988181818182,-0.1471818181818182
100004531,2026-02-03,WA14,Diazepam,ACCORD diazepam 10mg,Blue,Tablet,Oral,"Tiredness, Relaxed",Ethylbromazolam,,53.38524,-2.36554
W073441,2026-02-03,NW1,Diazepam ,martin roche valium,Blue,Tablet,Not Stated,Not Stated,Diazepam,,51.52988181818182,-0.1471818181818182
W073410,2026-02-03,W84B,Lorazepam 2mg,Not Stated,White,Tablet,Not Stated,Not Stated,Lorazepam,,,
W073446,2026-02-03,NW10,Diazepam,Not Stated,White,Tablet,Not Stated,Not Stated,Diazepam,,51.53758571428572,-0.2431214285714285
W073317,2026-02-03,CH5,Clonazepam,Clonazepam,White,Tablet,Not Stated,Not Stated,Clonazepam,,53.19930000000001,-3.03614
W073370,2026-02-03,SS0,Diazepam,Diazepam,Yellow,Tablet,Not Stated,Not Stated,Diazepam,,51.54745,0.6974
W073346,2026-02-03,CM1,Xanax,Not Stated,White,Tablet,Not Stated,Not Stated,Ethylbromazolam,,51.76435714285714,0.4079
W073287,2026-02-03,LE15,Clobromazolam Raw Powder,UK Logistics TOR,Yellow,Powder,Not Stated,Not Stated,Clobromazolam,,52.64713725490195,-0.6979862745098039
W073553,2026-02-03,OL42,Xanax,Alpzar,White,Tablet,Not Stated,Not Stated,Alprazolam,,53.54999999999999,-2.0667
W073556,2026-02-03,OL42,Xanax,Alpzar,White,Tablet,Not Stated,Not Stated,Alprazolam,,53.54999999999999,-2.0667
W073445,2026-02-03,NE6,Diazepam,Bensedin,White,Tablet,Not Stated,Not Stated,Diazepam,,54.9775,-1.5656
000236213,2026-02-03,CF83,Xanax,Xanax Alprazolam,Pink,Tablet,Oral,"Euphoria, Relaxed",Alprazolam,,51.59288333333333,-3.2333833333333337
W073485,2026-02-03,GL53,Lorazepam,Lora-2,White,Tablet,Not Stated,Not Stated,Lorazepam,,51.8192,-2.05427
W073414,2026-02-03,SA1,Diazepam 10mg,diazepam 10mg,Blue,Tablet,Oral,"Increased Confidence, Relaxed, Chest Pains, Irregular Heartbeat",Diazepam,,51.633979999999994,-3.94848
W073486,2026-02-03,PL26,Diazepam,Galenika Bensedin Diazepam,White,Tablet,Not Stated,Not Stated,Diazepam,,50.34738918918919,-4.827086486486486
W073358,2026-02-03,PH1,Valium,Not Stated,Blue,Tablet,Not Stated,Not Stated,Bromazolam,,56.43174736842105,-3.4980552631578945
W073369,2026-02-03,SS0,Diazepam,Diazepam,Yellow,Tablet,Not Stated,Not Stated,Diazepam,,51.54745,0.6974
W073403,2026-02-03,GU16,Temazepam,Teva Temazepam,White,Tablet,Not Stated,Not Stated,Ethylbromazolam,,51.298275,-0.71955
000236845,2026-02-03,CF63,Bensedin,Bensedin,White,Tablet,Oral,Relaxed,Diazepam,,51.4172,-3.2614
000237880,2026-02-03,CF72,Diazepam,Accord Diazepam,Blue,Tablet,Oral,"Relaxed, Agitation",Bromazolam,,51.530146153846154,-3.408415384615384
000237884,2026-02-03,CF72,Diazepam,Diazepam Elipam,White,Tablet,Oral,"Relaxed, Paranoia, Agitation, Tiredness",Diazepam,,51.530146153846154,-3.408415384615384
W073433,2026-02-03,BN10,Alprazolam,Alprazolam,Blue,Tablet,Not Stated,Not Stated,Alprazolam,,50.7927,-0.0065
W073491,2026-02-03,E97R,Alprazolam,Ksalol Alprazolam,Blue,Tablet,Not Stated,Not Stated,Ethylbromazolam,,,
W073180,2026-02-03,SS0,Xanax,Xanax,Pink,Tablet,Not Stated,Not Stated,Alprazolam,,51.54745,0.6974
W073374,2026-02-03,HU3,10mg Diazepam,Galenika Bensedin Diazepam,White,Tablet,Not Stated,Not Stated,Diazepam,,53.7446,-0.3353
W073542,2026-02-03,S70,Diazepam,Diazepam Accord,Blue,Tablet,Oral,"Euphoria, Empathy, Relaxed, Depression",Ethylbromazolam,,53.53123333333334,-1.4773333333333334
W073416,2026-02-03,SA1,Alprazolam xanax 1mg,Alprazolam xanax 1mg,Blue,Tablet,Not Stated,"Euphoria, Auditory Hallucinations, Relaxed, Paranoia, Memory Loss",Alprazolam,,51.633979999999994,-3.94848
W073367,2026-02-03,W7,Alprazolam,Alprazolam,"White, Yellow",Tablet,Not Stated,Not Stated,Alprazolam,,51.5118,-0.3358999999999999
W073393,2026-02-03,N8,Diazepam,Diazepam,White,Tablet,Not Stated,Not Stated,Bromazolam,,51.58336666666667,-0.1158333333333333
W072980,2026-02-03,SA1,valium,MSJ,Blue,,Not Stated,Not Stated,Ethylbromazolam,,51.633979999999994,-3.94848
W073382,2026-02-03,OL42,Xanax 1mg,Alpzar 1mg,White,Tablet,Oral,"Euphoria, Relaxed, Memory Loss","Chlorpheniramine, Diazepam",,53.54999999999999,-2.0667
000239603,2026-02-03,NP23,Valium,Not Stated,White,Tablet,Not Stated,Not Stated,Ethylbromazolam,,51.7771,-3.2079
000238824,2026-02-03,CF83,Suspected valium,Valium diazepam,Blue,,Oral,"No Effect, Relaxed, Breathlesness",Ethylbromazolam,,51.59288333333333,-3.2333833333333337
W073415,2026-02-03,SA1,Lorazepam 2mg,Lorazpem 2mg,Blue,Tablet,Oral,"Empathy, Relaxed, Irregular Heartbeat, Confusion",Lorazepam,,51.633979999999994,-3.94848
W073342,2026-02-03,PR4,Diazepam,Accord Diazepam,Blue,Tablet,Not Stated,Not Stated,Ethylbromazolam,,53.755025714285715,-2.8387542857142853
W073254,2026-02-03,N16,Diazepam,Not Stated,White,Tablet,Not Stated,Not Stated,Diazepam,,51.5625,-0.074
W073294,2026-02-03,BN3,Diazepam,Diazepam,Blue,Tablet,Oral,"Relaxed, Memory Loss",Diazepam,,50.836725,-0.179625
W073270,2026-02-03,PR4,Diazepam 10mg,Bensedin,"White, Purple",Tablet,Oral,"Euphoria, Relaxed, Breathlesness, Paranoia, Loss of consciousness, Agitation",No Active Component Identified,,53.755025714285715,-2.8387542857142853
W073271,2026-02-03,PR4,Diazepam 10mg,Diazpam 10mg,White,Tablet,Oral,"Euphoria, Relaxed",Ethylbromazolam,,53.755025714285715,-2.8387542857142853
W073274,2026-02-03,SK23,valium,diazepam,White,Tablet,Not Stated,Not Stated,Diazepam,,53.33156666666667,-1.9448333333333336
W073313,2026-02-03,E3,Xanax/ alprazolam,Not Stated,White,Tablet,Not Stated,Not Stated,"Bromazolam, Tramadol",,51.527657142857144,-0.0265714285714285
W073311,2026-02-03,E34,Valium diazpeam,Not Stated,Blue,Tablet,Not Stated,Not Stated,Ethylbromazolam,,,
W073350,2026-02-03,DH1,Diazepam,Accord diazepam 5mg,Yellow,Tablet,Not Stated,Not Stated,Diazepam,,54.77482,-1.56714
W073233,2026-02-03,LS6,Alprazolam,Aprax xr2,Yellow,Tablet,Oral,"Increased Confidence, Relaxed",Alprazolam,,53.8201,-1.5704
000238823,2026-02-03,CF83,Suspected valium,valium,Blue,Tablet,Not Stated,"Relaxed, Breathlesness, Chest Pains",Ethylbromazolam,,51.59288333333333,-3.2333833333333337
W073330,2026-02-03,SW17,Diazepam,Bensedin (diazepam),White,Tablet,Not Stated,Not Stated,Diazepam,,51.4307,-0.1647
W073281,2026-02-03,BS40,Clonzaepam rivotril 2mg,Clonazepam ritotril 2mg,White,Tablet,Not Stated,Not Stated,Clonazepam,,51.3467,-2.6912
W073427,2026-02-03,E8,Diazepam,Diazepam,Blue,Tablet,Oral,"Increased Confidence, Enhanced Senses, Relaxed, Memory Loss, Confusion",Diazepam,,51.548,-0.0629
W073439,2026-02-03,NW1,Diazepam,Accord,Yellow,Tablet,Not Stated,Not Stated,Diazepam,,51.52988181818182,-0.1471818181818182
W072425,2026-02-03,IP15,Diazepam,Diazepam (martin dow),Blue,Tablet,Oral,Anxiety,Diazepam,,52.1526,1.6012
W073430,2026-02-03,TS12,Alprazolam 1mg,Alprazolam 1mg,White,Tablet,Oral,"Chest Pains, Irregular Heartbeat, Paranoia, Confusion, Panic Attack",Tramadol,,54.5516,-0.963011111111111
W073379,2026-02-03,OL42,diazepam 10,diazepam 10,White,Tablet,Oral,"Euphoria, Increased Confidence, Relaxed, Memory Loss",Diazepam,,53.54999999999999,-2.0667
W073392,2026-02-03,SA15,Diazepam,Not Stated,Blue,Tablet,Oral,Loss of consciousness,Ethylbromazolam,,51.74003,-4.187250000000001
W073434,2026-02-03,CF30,Xanax 1mg,Alprazolam 1mg,White,Tablet,Oral,"Increased Confidence, Relaxed",Tramadol,,51.5196,-3.1196
W072981,2026-02-03,SA1,Sedil valium,sedil,Yellow,Tablet,Oral,No Effect,Diazepam,,51.633979999999994,-3.94848
W073381,2026-02-03,OL42,Xanax 1mg,Alpzar 1mg,White,Tablet,Oral,"Euphoria, Relaxed, Memory Loss",Tramadol,,53.54999999999999,-2.0667
W073323,2026-02-03,DE22,Diazepam,Kade diazepam 10mg,White,Tablet,Not Stated,Not Stated,Diazepam,,52.9531,-1.521125
W073192,2026-02-03,SE3,Diazepam,Diazepam accord 10mg,Blue,Tablet,Not Stated,Not Stated,Diazepam,,51.46596666666667,0.0175
W073329,2026-02-03,NE6,diazepam,Martin dow valium,Blue,Tablet,Not Stated,Not Stated,Diazepam,,54.9775,-1.5656
000236840,2026-02-03,CF63,Mirtazapine,Not Stated,White,Tablet,Not Stated,Relaxed,Mirtazapine,,51.4172,-3.2614
000236841,2026-02-03,CF63,Mirtazapine,Not Stated,Brown,Tablet,Oral,Not Stated,Mirtazapine,,51.4172,-3.2614
W073084,2026-02-03,CH5,Diazepam,Not Stated,Blue,Tablet,Oral,"Increased Confidence, Relaxed",Ethylbromazolam,,53.19930000000001,-3.03614
W073482,2026-02-06,AL4,Diazepam,diazepam,Blue,Tablet,Oral,"Increased Confidence, Relaxed",Diazepam,,51.776783333333334,-0.2842833333333333
W073580,2026-02-06,FK3,Valium,Diazepam 10mg,Blue,Tablet,Oral,"Relaxed, Memory Loss",Diazepam,,56.0114,-3.7218
W073604,2026-02-06,BT67,Diazepam ,mymedsgb- accord 10mg diazepam,Blue,Tablet,Not Stated,Not Stated,Methamphetamine,Ethylbromazolam,54.48503333333334,-6.287166666666667
W073632,2026-02-06,S70,Diazepam,Diazepam,Blue,Tablet,Oral,"Euphoria, Empathy, Relaxed, Memory Loss, Depression",Ethylbromazolam,,53.53123333333334,-1.4773333333333334
W073643,2026-02-06,SO19,Alprazolam,Xanax / alprazolam 500mg,Pink,Tablet,Not Stated,Not Stated,Alprazolam,,50.8993,-1.3670749999999998
W073603,2026-02-06,BT67,Diazepam,Not Stated,Blue,Tablet,Not Stated,Not Stated,Ethylbromazolam,,54.48503333333334,-6.287166666666667
W073668,2026-02-06,NE32,Xanax,Bensedin,White,Tablet,Not Stated,Not Stated,Diazepam,,54.974050000000005,-1.4842499999999998
W073649,2026-02-06,LS14,Alprazolam 1mg,Alprazolam 1mg,White,Tablet,Not Stated,"Enhanced Senses, Increased Libido, Nausea, Depression",Ethylbromazolam,,53.8486,-1.4444333333333332
W073142,2026-02-06,CB2,Alprazolam 1mg,Taska life sciences alprx-1,White,Tablet,Not Stated,Not Stated,Alprazolam,,52.18965000000001,0.1240214285714285
W073530,2026-02-06,ME12,Diazepam,Valium (diazepam)10mg tablets,Blue,Tablet,Oral,"Relaxed, Confusion",Diazepam,,51.41452857142857,0.8513999999999999
W073531,2026-02-06,ME12,Lorazepam,Lorazepam HF 2.5mg HF-Hemofarm,Blue,,Oral,Relaxed,Lorazepam,,51.41452857142857,0.8513999999999999
W073273,2026-02-06,EH52,Diazepam 10mg,Valium (diazepam 10mg) ,Blue,Tablet,Oral,"Increased Energy, Increased Confidence, Relaxed, Memory Loss, Confusion, Insomnia",Diazepam,,55.9358,-3.4882625
W073070,2026-02-06,CB2,Xanax,Galenika ksalol 1mg,White,Tablet,Oral,Relaxed,Alprazolam,,52.18965000000001,0.1240214285714285
W073458,2026-02-06,PA67,diazepam,Diazepam 5mg,Yellow,Tablet,Oral,"Euphoria, Relaxed",Diazepam,,56.3143,-6.232785714285714
W083630,2026-02-06,G42,diazepam ,accord diazepam 10mg,Blue,Tablet,Oral,Not Stated,Ethylbromazolam,,55.8322,-4.2576
W073633,2026-02-06,KT3,Diazepam,Bensedin diazepam 10mg,White,Tablet,Oral,Relaxed,Diazepam,,51.3992,-0.2556
W073576,2026-02-06,BN3,Diazepam 10mg,Diazepam 10m,Blue,Tablet,Not Stated,Not Stated,Diazepam,,50.836725,-0.179625
W073543,2026-02-06,LS14,Xanax bar 1mg,xanax bar 1mg,White,Tablet,Not Stated,Not Stated,Ethylbromazolam,,53.8486,-1.4444333333333332
W073545,2026-02-06,LS14,Valium 10mg,Valium 10mg,Blue,Tablet,Not Stated,Not Stated,Diazepam,,53.8486,-1.4444333333333332
000023779,2026-02-06,CF63,valium,Not Stated,Blue,Tablet,Not Stated,Not Stated,Ethylbromazolam,,51.4172,-3.2614
W073501,2026-02-06,TR2,Diazepam,Bensedin 10mg,Blue,Tablet,Not Stated,Not Stated,Alprazolam,,50.22666071428572,-4.961603571428571
W073551,2026-02-06,OL42,Diazepam 10mg,Diazepam 10mg,White,Tablet,Not Stated,Not Stated,Diazepam,,53.54999999999999,-2.0667
W073555,2026-02-06,WF2,Xanax,Xanax,Green,Tablet,Not Stated,Not Stated,Bromazolam,,53.66534,-1.51568
W073354,2026-02-06,CM1,Eppam clonazepam 2mg,Not Stated,White,Tablet,Not Stated,Not Stated,Clonazepam,,51.76435714285714,0.4079
W073428,2026-02-06,FK3,Diazepam,d/5 JHL,Yellow,Tablet,Oral,Relaxed,Diazepam,,56.0114,-3.7218
W073540,2026-02-06,LS14,Xanax 2mg,xanax 2mg,White,Tablet,Not Stated,Not Stated,Ethylbromazolam,,53.8486,-1.4444333333333332
W073464,2026-02-06,TR2,Diazepam ,Martin dow Valium,Blue,Tablet,Not Stated,Not Stated,Diazepam,,50.22666071428572,-4.961603571428571
W073338,2026-02-06,DN31,Alprazolam,alprazolam,Orange,Tablet,Oral,Relaxed,Alprazolam,,53.5702,-0.088
W073535,2026-02-06,NP19,Diazepam,Bensedin galenika diazepam,White,Tablet,Not Stated,Not Stated,Diazepam,,51.5888,-2.9638
W073577,2026-02-06,FK3,Lorazpam,Not Stated,White,Tablet,Oral,"Relaxed, Nausea",Nitrazepam,,56.0114,-3.7218
W073578,2026-02-06,WA73,Temazepam,Not Stated,Yellow,Capsule,Not Stated,Not Stated,Methylclonazepam,,53.324125,-2.7118
W073519,2026-02-06,ML3,Xanax,xanax,White,Tablet,Not Stated,Not Stated,No Active Component Identified,,55.76254285714286,-4.045457142857143
W073566,2026-02-06,AL5,diazepam,diazepam,White,Tablet,Oral,Relaxed,Diazepam,,51.8168,-0.3571
W073421,2026-02-06,SN3,Valium,valium,Blue,Tablet,Oral,Relaxed,Diazepam,,51.5892,-1.7194
W073590,2026-02-06,TS01,Diazepam,martin dow,Blue,Tablet,Not Stated,Not Stated,Diazepam,,,
W073800,2026-02-10,TR2,Diazepam 10mg,diazepam 10mg martin dow,Blue,Tablet,Not Stated,Not Stated,Diazepam,,50.22666071428572,-4.961603571428571
W073648,2026-02-10,BT20,Diazepam,Bensedin 10mg diazepam,White,Tablet,Not Stated,Not Stated,Diazepam,,54.6534,-5.6689
W073621,2026-02-10,WN5,Diazepam,Valium (diazepam),Blue,Tablet,Oral,"Headache, Increased Energy, Insomnia",Diazepam,,53.497899999999994,-2.7081
W073754,2026-02-10,SY21,Ksalol xanax,ksalol,White,Tablet,Not Stated,Not Stated,Alprazolam,,52.670813513513515,-3.1976945945945947
W073742,2026-02-10,OL42,Xanax,Aprazolam,White,Tablet,Not Stated,"Euphoria, Enhanced Senses, Relaxed, Memory Loss, Confusion, Agitation",Alprazolam,,53.54999999999999,-2.0667
W073764,2026-02-10,SY21,Xanax 6mg,red devils,Red,Tablet,Not Stated,Not Stated,Caffeine,Clobromazolam,52.670813513513515,-3.1976945945945947
W073740,2026-02-10,OL42,Xanax,Alpzar,White,Tablet,Oral,"Euphoria, Increased Confidence, Relaxed, Paranoia, Confusion",Alprazolam,,53.54999999999999,-2.0667
W073763,2026-02-10,SY21,Xanax 4mg,green hulk,Green,Tablet,Not Stated,Not Stated,No Active Component Identified,,52.670813513513515,-3.1976945945945947
W073853,2026-02-10,SW11,Bromazolam,bromazolam,White,Blotter paper,Not Stated,Not Stated,Bromazolam,Medetomidine,51.469166666666666,-0.1619333333333333
000239610,2026-02-10,NP12,Benzo,Diazepam,Blue,Tablet,Not Stated,Not Stated,Diazepam,,51.6678,-3.2075
W073663,2026-02-10,OX41,Diazepam,Kern diazepam,"White, Blue",Tablet,Not Stated,Not Stated,Ethylbromazolam,,51.723725,-1.224375
W073770,2026-02-10,CO11,Diazepam 10mg,prodes diazepam 10mg,White,Tablet,Not Stated,Not Stated,Diazepam,,51.93195,1.0912416666666669
W073720,2026-02-10,SA12,MSJ,Not Stated,Blue,,Oral,Not Stated,Ethylbromazolam,,51.61181666666667,-3.7703
W073653,2026-02-10,M25,Diazepam,Valium,Blue,Tablet,Not Stated,Not Stated,Diazepam,,53.5333,-2.2833
W073683,2026-02-10,HG1,Diazepam,diazepam,White,Tablet,Oral,Relaxed,Ethylbromazolam,,53.99700000000001,-1.5357666666666667
W073568,2026-02-10,BN1,Valium/ diazpeam,Bensedin diazepam 10mg,White,Tablet,Oral,"Breathlesness, Chest Pains, Agitation, Dizziness",Ethylbromazolam,,50.8614,-0.1204166666666666
000236112,2026-02-10,CF63,Diazepam,Diazepam,Blue,Tablet,Not Stated,Not Stated,Diazepam,,51.4172,-3.2614
W067760,2026-02-10,KY11,Valium,Not Stated,Yellow,Tablet,Oral,"Euphoria, Relaxed",Diazepam,,56.037644444444446,-3.422588888888889
000235515,2026-02-10,NP12,Valium,Valium,Blue,Tablet,Not Stated,Not Stated,Diazepam,,51.6678,-3.2075
W073651,2026-02-10,LS14,Alprazolam 2mg,alprazolam 2mg,White,Tablet,Oral,"Increased Energy, Increased Libido, Increased Strength, Irregular Heartbeat, Memory Loss, Paranoia, Confusion","Ethylbromazolam, Diazepam",,53.8486,-1.4444333333333332
W073687,2026-02-10,BT67,Diazepam,Pharmachoice-almus diazepam 10mg,Blue,Tablet,Not Stated,Not Stated,Diazepam,,54.48503333333334,-6.287166666666667
W073652,2026-02-10,LS14,Diazepam 10mg,Diazepam 10mg,Blue,Tablet,Oral,"Euphoria, Increased Confidence, Relaxed, Headache",Diazepam,,53.8486,-1.4444333333333332
W073657,2026-02-10,GU14,Diazepam,10mg martin dow,Blue,Tablet,Oral,"Euphoria, Increased Confidence, Relaxed",Diazepam,,51.2955,-0.7908
W073710,2026-02-10,WC1,Alprazolam,ksalol,Blue,Tablet,Oral,Relaxed,Alprazolam,,51.525485714285715,-0.1222999999999999
W073658,2026-02-10,GU14,Diazepam,Galenika 10mg,White,Tablet,Not Stated,Not Stated,Ethylbromazolam,,51.2955,-0.7908
W073667,2026-02-10,KY1,Diazepam,Not Stated,Blue,Tablet,Not Stated,Not Stated,Diazepam,,56.1345,-3.121411111111111
W073660,2026-02-10,GU14,Lorazepam,Lorazepam,White,Tablet,Oral,"Euphoria, Relaxed",Lorazepam,,51.2955,-0.7908
W073659,2026-02-10,GU14,Alprazolam,Ksala 1mg,Blue,Tablet,Oral,Euphoria,Ethylbromazolam,,51.2955,-0.7908
W073858,2026-02-11,BT47,Clonazepam,ritotril clonazepam,White,Tablet,Not Stated,"Euphoria, Increased Confidence, Empathy, Relaxed",Clonazepam,,54.94983333333333,-7.084177777777778
W073801,2026-02-11,TR2,Alprazolam 1mg,Alprazolam 1mg,White,Tablet,Not Stated,Not Stated,Tramadol,,50.22666071428572,-4.961603571428571
W073860,2026-02-11,BT47,Lorazpam,Lorazpam,Blue,Tablet,Not Stated,"Euphoria, Empathy, Relaxed",Lorazepam,,54.94983333333333,-7.084177777777778
W073859,2026-02-11,BT47,Alprazolam,Alprazolam alpzar 1mg,White,Tablet,Not Stated,"Euphoria, Empathy, Relaxed",Alprazolam,,54.94983333333333,-7.084177777777778
W073805,2026-02-11,TF11,Diazepam,Valium,Blue,Tablet,Oral,No Effect,Diazepam,,52.64842631578947,-2.346763157894737
W073741,2026-02-11,OL42,Xanax,Not Stated,White,Tablet,Not Stated,Not Stated,Alprazolam,,53.54999999999999,-2.0667
W073788,2026-02-11,W8,Diazepam,Diazepam,White,Tablet,Not Stated,Not Stated,Diazepam,,51.501125,-0.1985
W073791,2026-02-11,W8,Diazepam 5mg,Diazepam 5mg,White,Tablet,Not Stated,Not Stated,Diazepam,,51.501125,-0.1985
W073768,2026-02-11,CO11,Diazepam 10mg,pepson diazepam 10mg,Blue,Tablet,Not Stated,Not Stated,Diazepam,,51.93195,1.0912416666666669
W073827,2026-02-11,HA63,Diazepam 10mg,Accord Daizepam,Blue,Tablet,Not Stated,Not Stated,Diazepam,,51.6116,-0.4230333333333333
W073777,2026-02-11,SY21,Xanax,Alprax xr1,Orange,Tablet,Not Stated,Not Stated,Alprazolam,,52.670813513513515,-3.1976945945945947
W073765,2026-02-11,EN3,Diazepam,Martin dow valium,Blue,Tablet,Not Stated,Not Stated,Diazepam,,51.6445,-0.0465
W073775,2026-02-11,SY21,Martin dows,Martin dows diaz,Blue,Tablet,Not Stated,Not Stated,Diazepam,,52.670813513513515,-3.1976945945945947
W073724,2026-02-11,SA15,10mg diazepam,10mg diazepam,White,Tablet,Oral,"Euphoria, Relaxed",Diazepam,,51.74003,-4.187250000000001
W073774,2026-02-11,SY21,Loose blues,Diaz,Blue,Tablet,Not Stated,Not Stated,Clobromazolam,,52.670813513513515,-3.1976945945945947
W073789,2026-02-11,W8,Clonazepam 2mg,clonazepam neurazpharm 2mg,White,Tablet,Not Stated,Not Stated,Clonazepam,,51.501125,-0.1985
W073734,2026-02-13,DE22,DIAZEPAM,DIAZEPAM,Blue,Tablet,Oral,No Effect,Diazepam,,52.9531,-1.521125
W073856,2026-02-13,SR4,diazepam,accord diazepam 5mg,Yellow,Tablet,Not Stated,Not Stated,Diazepam,,54.9004,-1.4255
000237976,2026-02-13,CF44,diazepam,Not Stated,White,Tablet,Oral,Not Stated,"Ethylbromazolam, Caffeine",Amphetamine,51.7327125,-3.48293125
000237705,2026-02-13,CF44,DIAZEPAM,DIAZEPAM 10MG,Blue,Tablet,Oral,Relaxed,Diazepam,,51.7327125,-3.48293125
W073844,2026-02-13,G82,DIAZEPAM,DIAZEPAM,Blue,Tablet,Oral,Not Stated,Diazepam,,55.954800000000006,-4.5815222222222225
W073855,2026-02-13,SR4,DIAZEPAM,SEDIL DIAZEPAM 5MG,Orange,Tablet,Not Stated,Not Stated,Diazepam,,54.9004,-1.4255
W073841,2026-02-13,G83,DIAZEPAM,DIAZEPAM ACCORD 5MG,Yellow,Tablet,Not Stated,Not Stated,Diazepam,,56.03989166666666,-4.6006583333333335
W073887,2026-02-13,TA4,NITRAZEPAM 10MG,NITCENT NACENT LIFE SCIENCES ,White,Tablet,Not Stated,Not Stated,Nitrazepam,,51.08138936170213,-3.287942553191489
W064027,2026-02-13,EH11,APRAZOLAM 1MG,APRAZOLAM 1MG,White,Tablet,Oral,"Relaxed, Vomiting, Agitation",Bromazolam,,55.9326,-3.2531
W073817,2026-02-13,M28,DIAZEPAM,DIAZEPAM ACCORD 10MG,Blue,Tablet,Not Stated,Not Stated,Ethylbromazolam,,53.50606666666667,-2.3990666666666667
W073819,2026-02-13,M28,DIAZEPAM,GALENIKA BENSEDIN 10MG,White,Tablet,Not Stated,Not Stated,Diazepam,,53.50606666666667,-2.3990666666666667
W073638,2026-02-13,BS5,DIAZEPAM,SAME,Blue,Tablet,Oral,Not Stated,Ethylbromazolam,,51.462,-2.5519
W073807,2026-02-13,WF1,Alprazolam 1mg,Xanax 1mg,White,Tablet,Oral,"Relaxed, Memory Loss",Bromazolam,,53.69246666666667,-1.4771
W073812,2026-02-13,BN11,Diazepam ,diazepam ,White,Tablet,Not Stated,Not Stated,Diazepam,,50.81425,-0.38285
W073460,2026-02-13,WF1,Alprazolam ,Xanax 2mg,White,Tablet,Oral,"Euphoria, Relaxed, Memory Loss, Confusion, Suicidal Ideation",Ethylbromazolam,,53.69246666666667,-1.4771
W073534,2026-02-13,DN5,Temazepam 10mg,temazepam 10mg,White,Tablet,Oral,"Euphoria, Relaxed",Etizolam,,53.53578181818182,-1.229072727272727
W073808,2026-02-13,WF12,Diazepam 10mg,Diazepam 10mg,White,Tablet,Oral,Relaxed,Bromazolam,,53.68023333333334,-1.6275333333333333
W073462,2026-02-13,WF1,Diazepam 10mg,diazepam valium,Blue,Tablet,Not Stated,"Euphoria, Relaxed, Memory Loss",Ethylbromazolam,,53.69246666666667,-1.4771
W073781,2026-02-13,M44,Diazepam ,Martin dow,Blue,Tablet,Oral,Not Stated,Ethylbromazolam,,53.4425,-2.4232
W073848,2026-02-13,SY23,Diazepam,Diazepam,Blue,Tablet,Not Stated,Not Stated,Diazepam,,52.34458541666667,-3.9885
W073943,2026-02-17,SE18,Valium,Valium Diazepam 10mg,Blue,Tablet,Oral,Relaxed,Diazepam,,51.48716666666667,0.0740666666666666
W073861,2026-02-17,HR3,Xanax Xr1,Not Stated,White,Liquid,Not Stated,Not Stated,No Active Component Identified,,52.08754242424242,-3.049269696969697
W073940,2026-02-17,KA18,Valium,Not Stated,White,Tablet,Oral,"Increased Confidence, Enhanced Senses, Relaxed, Auditory Hallucinations, Visual Hallucinations, Memory Loss, Confusion, Panic Attack, Loss of consciousness, Violence/Aggression, Insomnia, Depression, Suicidal Ideation",Phenazepam,,55.459129999999995,-4.2176599999999995
W074045,2026-02-17,SW49,Valium 10mg,Valium 10mg,Blue,Tablet,Not Stated,Not Stated,Bromazolam,,51.46758,-0.12912
W073886,2026-02-17,YO31,Lorezepam,Not Stated,White,Tablet,Oral,Not Stated,Lorazepam,,53.9576,-1.0827
W073880,2026-02-17,OX13,Valium,Not Stated,White,Powder,Not Stated,Not Stated,"Ketamine, Paracetamol",,51.673544444444445,-1.3561166666666666
W073947,2026-02-17,LE9,Alprazolam ,Alpz-1 ,White,Tablet,Oral,"Increased Confidence, Relaxed, Memory Loss, Confusion",Alprazolam,,52.57717727272728,-1.273977272727273
W073942,2026-02-17,KA18,Valium blues,Not Stated,Blue,,Oral,"Increased Confidence, Enhanced Senses, Increased Libido, Relaxed, Paranoia, Memory Loss, Panic Attack, Violence/Aggression",Bromazolam,,55.459129999999995,-4.2176599999999995
W073877,2026-02-17,OX13,Valium,Not Stated,White,Tablet,Not Stated,Not Stated,Zopiclone,,51.673544444444445,-1.3561166666666666
W073751,2026-02-17,NE13,Diazepam,Martin dow diazepam,Blue,Tablet,Oral,"Euphoria, Increased Confidence, Memory Loss",Diazepam,,55.0523,-1.6473666666666666
W073932,2026-02-17,WA14,diazepam 10mg,accord diazepam 10mg ,Blue,Tablet,Oral,"No Effect, Relaxed",Ethylbromazolam,,53.38524,-2.36554
W073918,2026-02-17,ML6,Diazepam 10mg,MArtin dow diazepam,Blue,Tablet,Oral,"Euphoria, Increased Confidence, Empathy, Relaxed, Irregular Heartbeat, Agitation, Depression",Diazepam,,55.876992307692305,-3.925407692307692
W073952,2026-02-17,NG34,Valium,Valium,Blue,Tablet,Not Stated,Not Stated,Diazepam,,52.960240909090906,-0.3849454545454545
W073991,2026-02-17,CF24,valium,SEDIL,Yellow,Tablet,Not Stated,Not Stated,Diazepam,,51.48,-3.18
W073889,2026-02-17,EH8,street valium,loose,White,Tablet,Oral,"Euphoria, Increased Confidence, Relaxed",Bromazolam,,55.9489,-3.1632
W073990,2026-02-17,E2,clonazepam,clonazepam neurax pharma 2mg,White,Tablet,Not Stated,Not Stated,Clonazepam,,51.5386,-0.055525
W073798,2026-02-17,EH7,Diazepam,Diazepam,Yellow,Tablet,Oral,No Effect,Diazepam,,55.9521,-3.1965
W073995,2026-02-17,E2,clonazepam,clonazepam ceux 2mg,White,Tablet,Not Stated,"Empathy, Relaxed",Clonazepam,,51.5386,-0.055525
W073963,2026-02-17,AB25,diazepam,diazepam 10mg bensedin,White,Tablet,Oral,"Increased Energy, Increased Confidence, Relaxed, Violence/Aggression",Diazepam,,57.1437,-2.0981
W073994,2026-02-17,E2,xanax,ksaloc alprazolam 1mg ,Blue,Tablet,Oral,"Relaxed, Loss of consciousness",Alprazolam,,51.5386,-0.055525
W073895,2026-02-17,CF72,DIAZEPAM,'3',Blue,Tablet,Oral,Not Stated,Alprazolam,,51.530146153846154,-3.408415384615384
W074195,2026-02-18,PR4,Alprazolam 1mg/ Xanax,Alprazolam 1mg,White,Tablet,Oral,"Euphoria, Relaxed, Nausea, Confusion, Headache",Tramadol,,53.755025714285715,-2.8387542857142853
W074113,2026-02-18,SE1,Diazepam,Diazepam Przodes,"White, Blue",Tablet,Oral,Relaxed,Ethylbromazolam,,51.49874615384616,-0.0930384615384615
W074132,2026-02-18,BH89,Valium (diazepam),10mg valium diazepam/ martin dow ltd,Blue,Tablet,Not Stated,Not Stated,Diazepam,,50.7568,-1.8194
000237891,2026-02-18,CF31,Valium 10mg,Not Stated,Yellow,Tablet,Not Stated,Not Stated,Diazepam,,51.507666666666665,-3.577733333333333
W074039,2026-02-18,TS27,Temazepam,Teva Temazepam 20mg,White,Tablet,Oral,"Relaxed, Irregular Heartbeat, Memory Loss",No Active Component Identified,,54.714422222222225,-1.3049
W074049,2026-02-18,NN56,Diazepam 5mg,Almus Diazepam 5mg,Yellow,Tablet,Oral,"Euphoria, Increased Confidence, Increased Energy, Relaxed",Diazepam,,52.242575,-0.93795
W074050,2026-02-18,NN56,Diazepam 5mg,Almus Diazepam 5mg,Yellow,Tablet,Oral,"Euphoria, Increased Energy, Increased Confidence, Relaxed",Diazepam,,52.242575,-0.93795
W074119,2026-02-18,FK10,Valium,Not Stated,Blue,Tablet,Oral,"Relaxed, Nausea, Paranoia",Bromazolam,,56.10687777777778,-3.7534
W074073,2026-02-18,PE8,Diazepam,Diazepam,White,Tablet,Not Stated,Not Stated,Diazepam,,52.509825,-0.4508083333333333
W074074,2026-02-18,PE8,Valium/diazepam,Diazepam 10mg,Blue,Tablet,Not Stated,Not Stated,"Ethylbromazolam, Bromazolam",,52.509825,-0.4508083333333333
W074040,2026-02-18,BS6,Alpprazolam 2mg,Alpraz,Orange,Tablet,Not Stated,Not Stated,Alprazolam,,51.465599999999995,-2.599066666666667
W073965,2026-02-18,BS40,Clonazepam 2mg Alissa,Clonzepam 2mg Alissa,White,Tablet,Not Stated,Not Stated,Clonazepam,,51.3467,-2.6912
W073902,2026-02-18,SW5,Xanax 500 microgram,xanax,Orange,Tablet,Not Stated,Not Stated,Alprazolam,,51.487,-0.1909999999999999
W073987,2026-02-18,NW5,temazepam,temazepam,White,,Oral,Insomnia,Ethylbromazolam,,51.5517,-0.1413
W074076,2026-02-18,PE8,Lorazepam,Lorazepam,White,Tablet,Not Stated,Not Stated,Lorazepam,,52.509825,-0.4508083333333333
W074071,2026-02-18,PE8,Valium,Valium,Blue,Tablet,Not Stated,Not Stated,Diazepam,,52.509825,-0.4508083333333333
W074025,2026-02-18,KT13,Diazepam,Diazepam,White,Tablet,Oral,Not Stated,Ethylbromazolam,,51.3722,-0.453
W074145,2026-02-20,NW9,Clonazepam,Klonazepama,White,Tablet,Not Stated,Not Stated,Ethylbromazolam,,51.5894,-0.25692
W074178,2026-02-20,CF14,Diazepam,galenika bensedin 10mg,White,Tablet,Oral,"Euphoria, Increased Confidence, Relaxed, Memory Loss, Confusion",Diazepam,,51.5199,-3.204
W074222,2026-02-20,CF32,valium,Not Stated,Blue,Tablet,Oral,Relaxed,Clobromazolam,,51.536704166666674,-3.5931333333333337
W074238,2026-02-20,CF32,Xanax,Red devil,Red,Tablet,Oral,Relaxed,Caffeine,Clobromazolam,51.536704166666674,-3.5931333333333337
W074200,2026-02-20,EX5,Alprazolam 1mg,Alprazolam rlam-1,White,Tablet,Oral,Relaxed,Alprazolam,,50.77390714285714,-3.44315
W073905,2026-02-20,FY7,Diazepam,Not Stated,Blue,Tablet,Oral,Not Stated,Ethylbromazolam,,53.9253,-3.0109
W074225,2026-02-20,WR9,Clonazepam,Clonazepam,White,Tablet,Oral,"Relaxed, Loss of consciousness, Memory Loss",Clonazepam,,52.26260476190476,-2.1635809523809524
W074186,2026-02-20,HA3,Xanax,ksalol galenika,White,Tablet,Not Stated,Not Stated,Alprazolam,,51.59936666666667,-0.3307333333333333
W074185,2026-02-20,G83,Diazepam,valium Martin dow,Blue,Tablet,Not Stated,Not Stated,Diazepam,,56.03989166666666,-4.6006583333333335
W074136,2026-02-20,CF14,Daizepam,Accord 10mg,Blue,Tablet,Oral,No Effect,Ethylbromazolam,,51.5199,-3.204
W074146,2026-02-20,NW9,Lorazepam,Lorazepam Tablet IP,White,Tablet,Not Stated,Not Stated,Lorazepam,,51.5894,-0.25692
W074193,2026-02-20,PR4,Diazepam 10mg,bensedin,Purple,Tablet,Oral,"Irregular Heartbeat, Paranoia, Panic Attack, Agitation",Bromazolam,,53.755025714285715,-2.8387542857142853
W074019,2026-02-20,PH37,Temazepam,Not Stated,Yellow,,Oral,"Visual Hallucinations, Paranoia, Memory Loss, Insomnia",Etizolam,,56.83154,-5.51138
W070356,2026-02-20,MK40,Xanax,Alpra X xri Alprazolam Bp1 MG,Pink,Tablet,Oral,"Relaxed, Memory Loss, Confusion, Lethargy",Alprazolam,,52.13655,-0.4866
W074122,2026-02-20,LL29,Diazepam,Diazepam,Blue,Tablet,Oral,Not Stated,Diazepam,,53.283275,-3.6966
W074197,2026-02-20,PR4,Diazepam 10mg,Bensedin 10mg,White,Tablet,Not Stated,"Euphoria, Increased Confidence, Relaxed",Ethylbromazolam,,53.755025714285715,-2.8387542857142853
W074148,2026-02-20,NW9,Diazepam,bensedin 10mg Diazepam,White,Tablet,Not Stated,Not Stated,Ethylbromazolam,,51.5894,-0.25692
W074194,2026-02-20,PR4,Lorazpam 2mg,Lorazpam 2mg,Yellow,Tablet,Oral,"Increased Confidence, Relaxed, Agitation",Unable to identify,,53.755025714285715,-2.8387542857142853
W074117,2026-02-20,TN22,Lorazepam 2mg,Lorazepam 2mg,,Tablet,Not Stated,Not Stated,Lorazepam,,50.97995714285714,0.0973238095238095
W074258,2026-02-25,M33,Diazepam,Accord ,Yellow,Tablet,Not Stated,Not Stated,Diazepam,,53.4252,-2.3244
W074304,2026-02-25,BS13,Valium,Martin dow,Blue,Tablet,Oral,"Euphoria, Relaxed, Enhanced Senses",Diazepam,,51.4121,-2.612
W074358,2026-02-25,NW5,Diazepam 10mg,Diazepam (galenika bensedin) 10mg,White,Tablet,Not Stated,Not Stated,Diazepam,,51.5517,-0.1413
W074349,2026-02-25,CR01,Xanax,4mg xanax yellow r039,Yellow,Tablet,Oral,Not Stated,Bromazolam,,51.3703,-0.060975
W074268,2026-02-25,NR16,1mg ksalol,Ksalol Alprazolam,White,Tablet,Oral,Not Stated,Alprazolam,,52.473336,1.032084
W073522,2026-02-25,B179,Diazepam 10mg,Daizepam 10mg accord,Blue,Tablet,Not Stated,Not Stated,Diazepam,,52.4585,-1.9573
W074131,2026-02-25,W128,Lorazepam 1mg,lorazepam 1mg,Blue,Tablet,Oral,Not Stated,Lorazepam,,51.505,-0.2211
W074343,2026-02-25,E9,Alprazolam ,alprazolam Procalm,White,Tablet,Not Stated,Not Stated,Alprazolam,,51.5394,-0.0414
W073570,2026-02-25,B179,Diazepam 10mg,Diazepam 10mg,Blue,Tablet,Not Stated,Not Stated,Diazepam,,52.4585,-1.9573
W074353,2026-02-25,NW5,Nitrazepam,nitrazepam,White,Tablet,Oral,"No Effect, Insomnia",Nitrazepam,,51.5517,-0.1413
W074263,2026-02-25,NR16,Diazepam 10mg,diazepam,Blue,Tablet,Oral,Relaxed,Bromazolam,"Flubromazolam, Flubromazepam",52.473336,1.032084
W074295,2026-02-25,KA3,Diazepam,Diazepam,Blue,Tablet,Oral,Not Stated,Diazepam,,55.64550714285714,-4.502764285714286
W074289,2026-02-25,HX39,Valium 10mg,Martin dow ltd 10mg valium,White,Tablet,Not Stated,Not Stated,Diazepam,,53.72608333333333,-1.8416
W074281,2026-02-25,W7,Alprazolam,Alprazolam,White,Tablet,Not Stated,Not Stated,Alprazolam,,51.5118,-0.3358999999999999
W074340,2026-02-25,B39,Diazepam 10mg,Diazepam 10mg,Blue,Tablet,Oral,"Increased Energy, Breathlesness, Irregular Heartbeat, Memory Loss, Paranoia, Confusion, Agitation, Insomnia",Ethylbromazolam,,,
W074250,2026-02-25,G4,Diazepam,Not Stated,Blue,Tablet,Not Stated,Not Stated,Bromazolam,,55.8651,-4.2576
000239552,2026-02-25,NP22,Diazepam,Valium,Blue,Tablet,Oral,"Euphoria, Relaxed, Breathlesness, Irregular Heartbeat, Paranoia, Confusion, Agitation, Insomnia, Depression, Suicidal Ideation",Diazepam,,51.7725,-3.2468
W074367,2026-02-25,B44,Diazepam,Valium,Blue,Tablet,Not Stated,Not Stated,Diazepam,,52.5457,-1.8851
W074279,2026-02-25,BT67,Diazepam 10mg,Diazepam 10,Blue,Tablet,Not Stated,Not Stated,Diazepam,,54.48503333333334,-6.287166666666667
W074181,2026-02-25,CV9,Alprazolam 2mg,Alprazolam 2mg,Yellow,Tablet,Oral,Not Stated,Alprazolam,,52.593988888888894,-1.561288888888889
W074192,2026-02-25,ME1,Clonazepam,Galenika rivotril 2mg ,White,Tablet,Oral,Relaxed,Ethylbromazolam,,51.36095,0.482575
W074262,2026-02-25,NR16,2mg xanax,2mg xanax,White,,Oral,Relaxed,Bromazolam,,52.473336,1.032084
W074283,2026-02-25,LS6,Valium 10mg,Diazepam accord 10mg,Blue,Tablet,Not Stated,Not Stated,Diazepam,,53.8201,-1.5704
W074094,2026-02-25,DD2,Nitrazepam 5mg,Noctin 5mg (UKP),White,Tablet,Oral,Relaxed,Nitrazepam,,56.47777692307693,-3.0589461538461538
W074231,2026-02-25,B10,Diazepam 10mg,"Elipam -10 Elikem, Diazepam 10mg",White,Tablet,Oral,"Increased Confidence, Enhanced Senses, Relaxed",Diazepam,,52.4698,-1.8523
W074115,2026-02-25,CH1,Xanax,Alpraz xr2 Alprazolam 2mg,White,Tablet,Not Stated,Not Stated,Alprazolam,,53.2239,-2.9434428571428577
000234468,2026-02-25,,Alprazolam,Alprazolam,Blue,,Oral,Not Stated,Alprazolam,,0,0
W074215,2026-02-25,ME12,Diazepam 10mg,bensedin 10mg diazepam tablet galenika,White,Tablet,Oral,"No Effect, Empathy, Relaxed",Diazepam,,51.41452857142857,0.8513999999999999
W074216,2026-02-25,ME12,Lorazepam 2.5mg,hemofarm lorazepam HF 2.5mg,Blue,Tablet,Oral,"Relaxed, Nausea, Agitation",Lorazepam,,51.41452857142857,0.8513999999999999
W074187,2026-02-25,HA3,Xanax,ksalol galenika,White,Tablet,Not Stated,Not Stated,Alprazolam,,51.59936666666667,-0.3307333333333333
W074210,2026-02-25,EN7,diazepam,Diazepam (valium),Blue,Tablet,Not Stated,Not Stated,Diazepam,,51.7119,-0.0689
W074184,2026-02-25,G83,Diazepam 10mg,Diazepam martin dow 10mg,Blue,Tablet,Not Stated,Not Stated,Diazepam,,56.03989166666666,-4.6006583333333335
000233429,2026-02-25,LL55,Diazepam 10mg,bensedn (diazepam 10mg),White,Tablet,Oral,Stomach pains,Diazepam,,53.12915357142857,-4.195053571428572
W073917,2026-02-25,BT1,Clonazepam 2mg,Psicofarm clonazepam 2mg,White,Tablet,Not Stated,Not Stated,Clonazepam,,54.5833,-5.9333
W074220,2026-02-25,SW1,Diazepam,Accord diazepam 5mg,Yellow,Tablet,Oral,Not Stated,Diazepam,,51.495583333333336,-0.1417916666666666
W074099,2026-02-25,DD2,Bromazepam 6mg,Hemofarm bromazepam HF 6mg (UKP),White,Tablet,Oral,"Relaxed, Euphoria",Bromazolam,,56.47777692307693,-3.0589461538461538
W074098,2026-02-25,DD2,Alprazolam,Alprx-1 UKP,White,Tablet,Not Stated,"No Effect, Relaxed",Alprazolam,,56.47777692307693,-3.0589461538461538
W074097,2026-02-25,DD2,Diazepam ,Easium 5mg UkP,White,,Oral,"Increased Confidence, Relaxed",Diazepam,,56.47777692307693,-3.0589461538461538
W074096,2026-02-25,DD2,Diazepam,Valium 10mg Martin dow (UKP),Blue,Tablet,Oral,Relaxed,Diazepam,,56.47777692307693,-3.0589461538461538
W074091,2026-02-25,DD2,Diazepam,Bensedin 10mg (UK Pablo),White,Tablet,Oral,No Effect,Diazepam,,56.47777692307693,-3.0589461538461538
W074239,2026-02-25,TW7,Lozicum lorazepam 1mg,Lozicum lorazepam 1mg,"White, Blue",Tablet,Not Stated,Not Stated,Lorazepam,,51.4752,-0.3425
W073849,2026-02-25,SA15,valium,Diazepam,Blue,Tablet,Oral,Relaxed,Diazepam,,51.74003,-4.187250000000001
W074309,2026-02-25,CF14,diazepam,Bensedin 10mg,White,Tablet,Oral,"Empathy, Relaxed, Memory Loss",Diazepam,,51.5199,-3.204
W074249,2026-02-26,M16,Diazepam,Martin dows valium,Blue,Tablet,Not Stated,Not Stated,Diazepam,,53.4551,-2.2645
000236814,2026-02-26,CF64,Diazepam,Diazepam,White,Tablet,Not Stated,Not Stated,No Active Component Identified,,51.42878,-3.21045
W074248,2026-02-26,M16,Clonazepam,Radiant rivotril clonazepam,White,Tablet,Not Stated,Not Stated,Clonazepam,,53.4551,-2.2645
W074435,2026-02-27,BS5,Valium/ diazepam, diazepam/ watson lab,White,Tablet,Oral,"Relaxed, Insomnia",Bromazolam,,51.462,-2.5519
000236813,2026-02-27,CF64,Diazepam,Diazepam,White,Tablet,Oral,Relaxed,Diazepam,,51.42878,-3.21045
W074330,2026-02-27,CF24,Xanax,Not Stated,White,Tablet,Not Stated,Not Stated,Alprazolam,,51.48,-3.18
000236811,2026-02-27,CF64,Diazepam,Diazepam,White,Tablet,Not Stated,Not Stated,No Active Component Identified,,51.42878,-3.21045
W074451,2026-02-27,AB42,Diazepam,Diazepam,White,Tablet,Oral,"Loss of consciousness, Overdose",Bromazolam,,57.48231142857143,-1.924825714285714
000236812,2026-02-27,CF64,Diazepam,Diazepam,Yellow,Tablet,Not Stated,Not Stated,Oxandrolone,,51.42878,-3.21045
000239553,2026-02-27,NP22,Xanax,Not Stated,White,Tablet,Oral,Not Stated,Methylclonazepam,,51.7725,-3.2468
000043985,2026-02-27,CF64,Diazepam,Diazepam,Blue,Tablet,Not Stated,Not Stated,Diazepam,,51.42878,-3.21045
W074175,2026-02-27,ML75,Valium,Not Stated,Blue,Tablet,Oral,"Memory Loss, Confusion, Agitation, Loss of consciousness",Bromazolam,,55.8296,-3.7961818181818185
W074444,2026-02-27,WV10,Diazepam,Diazepam Martin dow 10mg,Blue,Tablet,Not Stated,Not Stated,Diazepam,,52.651114285714286,-2.101428571428571
W074355,2026-02-27,BD14,Diazepam,Diazepam (gelanika),White,Tablet,Not Stated,Not Stated,Ethylbromazolam,,53.7667,-1.8167
000232758,2026-02-27,CF83,"Morpine, lorazepam, zopiclone",Not Stated,Blue,Tablet,Oral,"Memory Loss, Confusion, Loss of consciousness",Lorazepam,,51.59288333333333,-3.2333833333333337
000232757,2026-02-27,CF83,"Morphine, lorazepam, zopiclone",Not Stated,White,Tablet,Oral,"Memory Loss, Confusion, Loss of consciousness",Zopiclone,,51.59288333333333,-3.2333833333333337
W074438,2026-02-27,TS5,Diazepam,Diazepam (accord),Blue,Tablet,Not Stated,Not Stated,Ethylbromazolam,,54.5507,-1.2521
W074439,2026-02-27,TS5,Lorazepam,Lorazepam (almus),White,Tablet,Not Stated,Not Stated,Lorazepam,,54.5507,-1.2521
W074440,2026-02-27,TS5,Diazepam,Diazepam (martin dows),Blue,Tablet,Not Stated,Not Stated,Diazepam,,54.5507,-1.2521
W074448,2026-02-27,B807,Clonazepam,Clonzepam/ martin dow rivotril,White,Tablet,Not Stated,Not Stated,Clonazepam,,52.27168,-1.88216
W074442,2026-02-27,TS5,Diazepam,Diazepam (galenika),White,Tablet,Not Stated,Not Stated,Diazepam,,54.5507,-1.2521
W074357,2026-02-27,L36,Diazepam,Not Stated,Blue,Tablet,Oral,"Euphoria, Increased Confidence, Relaxed",Diazepam,,53.4103,-2.8480499999999997
W073571,2026-02-27,B179,Diazepam 10mg,Diazepam 10mg accord,Blue,Tablet,Not Stated,Not Stated,Diazepam,,52.4585,-1.9573
100004533,2026-02-27,NE10,Diazepam,Diazepam,Blue,Tablet,Not Stated,Not Stated,"Cocaine, Bromazolam",,54.953,-1.5715
W074306,2026-02-27,E3,Diazepam,Galenika bensedin 10mg,White,Tablet,Not Stated,Not Stated,Diazepam,,51.527657142857144,-0.0265714285714285
W074373,2026-02-27,BN23,Diazepam 5mg,Not Stated,,,Oral,Relaxed,Diazepam,,50.7977,0.3125
W073569,2026-02-27,B179,Diazepam 10mg,Diazepam 10mg accord ,Blue,Tablet,Not Stated,Not Stated,Diazepam,,52.4585,-1.9573
W074447,2026-02-27,TS5,Diazepam,Diazepam (galenika),White,Tablet,Not Stated,Not Stated,Diazepam,,54.5507,-1.2521
000233432,2026-02-27,LL54,Diazepam 10mg,Bensedin,White,Tablet,Oral,Not Stated,Diazepam,,53.01643928571429,-4.2483
W074416,2026-02-27,YO23,Valium Martin dow diazepam 10mg,Martin dow diazepam,Blue,Tablet,Not Stated,Not Stated,Diazepam,,53.914883333333336,-1.1672333333333331
W074433,2026-02-27,G59,Diazepam,Not Stated,White,Tablet,Oral,Relaxed,Bromazolam,,,
W074371,2026-02-27,LE2,Xanax,Xanax,Grey,Tablet,Not Stated,Not Stated,Alprazolam,,52.60181666666667,-1.1167166666666668
W074461,2026-02-27,AB51,Diazepam,Sedil 5mg,Orange,Tablet,Oral,"Anxiety, Euphoria, Paranoia, Memory Loss, Confusion, Agitation",Diazepam,,57.276892045454545,-2.442275
W073573,2026-02-27,B783,Diazepam,Valium 10mg,Blue,Tablet,Not Stated,Not Stated,Diazepam,,52.60483333333334,-1.6935888888888888
W074374,2026-02-27,E2,Xanax,Alprazolam trman 1mg,Blue,Tablet,Not Stated,Not Stated,Alprazolam,,51.5386,-0.055525
W074310,2026-02-27,B240,Rivotril 2mg,Galenika rivotril,White,Tablet,Not Stated,Not Stated,Clonazepam,,52.526349999999994,-1.809
W074467,2026-02-27,KT7,10mg Diazepam,martin dow,Blue,Tablet,Not Stated,Not Stated,Diazepam,,51.3896,-0.3393
W074630,2026-03-09,SW1,Lorazepam,genus Lorazepam 1mg,Purple,Tablet,Not Stated,Not Stated,Lorazepam,,51.495583333333336,-0.1417916666666666
W074496,2026-03-09,KT24,Roche/ martin dow 10mg diaz/valium,Not Stated,Blue,Tablet,Not Stated,Not Stated,Diazepam,,51.26846666666667,-0.4284666666666667
000235893,2026-03-09,CF10,MSJ,MSJ,Yellow,Tablet,Not Stated,Not Stated,Methylclonazepam,,51.48,-3.18
W074414,2026-03-09,SG7,Diazepam 5mg,Accord 5mg diazepam,Yellow,Tablet,Not Stated,Not Stated,Diazepam,,52.01185555555555,-0.1739111111111111
000236493,2026-03-09,NP4,Valium,Not Stated,Blue,Tablet,Not Stated,Not Stated,Zopiclone,,51.718515789473685,-3.030521052631579
W074598,2026-03-09,G403,Xanax,Alprazolam 1mg,Orange,Tablet,Not Stated,Not Stated,Alprazolam,,55.8485,-4.2235
000235586,2026-03-09,NP12,Xanax,Xanax,Blue,Tablet,Oral,"Relaxed, Memory Loss, Confusion",Bromazolam,,51.6678,-3.2075
W074589,2026-03-09,YO8,Diazepam,Diazepam,White,Tablet,Not Stated,Not Stated,Diazepam,,53.77469393939394,-1.0269030303030302
W074624,2026-03-09,BT67,Diazepam 10mg,Diazepam 10,Blue,Tablet,Not Stated,Not Stated,Diazepam,,54.48503333333334,-6.287166666666667
W074572,2026-03-09,BN6,Xanax,Kaslol 1mg alprazolam,Blue,Tablet,Not Stated,Not Stated,Alprazolam,,50.92262,-0.14494
W074413,2026-03-09,SG7,Xanax 0.5mg,Viatris Xanax 500 microgram,Pink,Tablet,Not Stated,Not Stated,Alprazolam,,52.01185555555555,-0.1739111111111111
W074615,2026-03-09,G7,alprazolam,Ksalol,Blue,Tablet,Not Stated,Not Stated,Alprazolam,,,
W074594,2026-03-09,CA1,diazepam,Not Stated,White,Tablet,Not Stated,Not Stated,Medetomidine,,54.89065,-2.92565
W074632,2026-03-09,SW1,Diazepam,Martin dow valium,Purple,Tablet,Not Stated,Not Stated,Diazepam,,51.495583333333336,-0.1417916666666666
W074622,2026-03-09,CV6,Diazepam,Not Stated,White,Tablet,Oral,Not Stated,Diazepam,,52.4414,-1.4998714285714283
W074617,2026-03-09,GL51,Diazepam,Digital vision dizpam-10 (diazepam),White,Tablet,Oral,Relaxed,Diazepam,,51.90277692307692,-2.1239538461538463
W074633,2026-03-09,BH8,Alprazolam RLAM 1mg,Alprazolam Rlam 1mg,White,Tablet,Not Stated,Not Stated,Tramadol,,50.7568,-1.8194
W074628,2026-03-09,BS05,Diazepam,Diazepam,White,Tablet,Not Stated,Not Stated,Diazepam,,51.4646,-2.5636
000235891,2026-03-09,CF10,Valium,Not Stated,Yellow,Tablet,Not Stated,Not Stated,Diazepam,,51.48,-3.18
W074551,2026-03-09,OX1,Diazepam,Bensedin diazepam 10mg,White,Tablet,Oral,Relaxed,Ethylbromazolam,,51.72478,-1.275
000239671,2026-03-09,NP4,Diazepam,Diazepam,White,Tablet,Not Stated,Not Stated,Diazepam,,51.718515789473685,-3.030521052631579
W074593,2026-03-09,LS16,Diazepam,Diazepam,White,Tablet,Oral,Not Stated,Diazepam,,53.868475,-1.5981
000238661,2026-03-09,NP22,Diazepam,Diazepam,Pink,Tablet,Oral,"Increased Confidence, Relaxed, Chest Pains, Memory Loss",Diazepam,,51.7725,-3.2468
000239672,2026-03-09,NP4,Diazepam/Valium,diazepam,White,Tablet,Not Stated,Not Stated,Diazepam,,51.718515789473685,-3.030521052631579
000235835,2026-03-09,CF10,MSJ,MSJ,Yellow,Tablet,Not Stated,Not Stated,Methylclonazepam,,51.48,-3.18
000235836,2026-03-09,CF10,MSJ,MSJ,Yellow,Tablet,Not Stated,Not Stated,Methylclonazepam,,51.48,-3.18
000037722,2026-03-09,CF63,Diazepam,Diazepam,Blue,Tablet,Oral,Relaxed,Ethylbromazolam,,51.4172,-3.2614
W074465,2026-03-09,HA3,Xanax ,Xanax Ksalol Galenika,White,Tablet,Not Stated,Not Stated,Alprazolam,,51.59936666666667,-0.3307333333333333
000234837,2026-03-09,SA69,Xanax,Alprax xr2 opsonin,Yellow,Tablet,Oral,"Increased Energy, Increased Confidence, Relaxed, Memory Loss, Depression",Alprazolam,,51.7106,-4.7014
W074462,2026-03-09,EH10,Alprazolam - alprx1,Alprazolam alprx1,White,Tablet,Oral,No Effect,Alprazolam,,55.91466666666667,-3.2046333333333337
W074326,2026-03-09,CF10,MSJ,Not Stated,Yellow,Tablet,Not Stated,Not Stated,Methylclonazepam,,51.48,-3.18
W074491,2026-03-09,KT24,Roche/martin diaz/valium,10mg,Blue,Tablet,Not Stated,Not Stated,Diazepam,,51.26846666666667,-0.4284666666666667
W074518,2026-03-09,ML3,Diazepam,sedil 5mg Diazepam,Yellow,Tablet,Oral,"Increased Confidence, Relaxed, Memory Loss",Diazepam,,55.76254285714286,-4.045457142857143
000233253,2026-03-09,CF10,Valium,Not Stated,Yellow,Tablet,Not Stated,Not Stated,"Cocaine, Methylclonazepam",,51.48,-3.18
W074457,2026-03-09,EH54,valium,Not Stated,White,Powder,Oral,"Euphoria, Relaxed, Loss of consciousness",Etizolam,,55.9029,-3.5226
000236992,2026-03-09,CF45,Valium,Not Stated,Blue,,Oral,"Euphoria, Relaxed",Diazepam,,51.66452,-3.3537
W074530,2026-03-09,PA26,diazepam,valium (diazepam),Blue,Tablet,Not Stated,Not Stated,Diazepam,,56.25834285714286,-4.9370714285714286
W074409,2026-03-09,TS01,Alprazolam,Alpzar 1,White,Tablet,Not Stated,Not Stated,"Chlorpheniramine, Paracetamol",,,
W074492,2026-03-09,KT2,5MG TEVA DIAZEPAM,Not Stated,Yellow,Tablet,Not Stated,Not Stated,Diazepam,,51.4186,-0.2904
W074495,2026-03-09,KT24,Galenika ksalol 1mg alprazolam,Not Stated,"White, Blue",Tablet,Not Stated,Not Stated,Alprazolam,,51.26846666666667,-0.4284666666666667
000233255,2026-03-10,CF10,VALIUM,Not Stated,Yellow,Tablet,Not Stated,Not Stated,Methylclonazepam,,51.48,-3.18
W074676,2026-03-10,BN1,ALPRAZOLAM,ALPRASFE 1MG,White,Tablet,Oral,"Relaxed, Nausea",Alprazolam,,50.8614,-0.1204166666666666
W074775,2026-03-10,S40,diazepam,diazepam 5mg (accord),Yellow,Tablet,Not Stated,Not Stated,Diazepam,,53.234,-1.4462
W074705,2026-03-10,TR2,alprazolam 1mg,replek alprazolam 1mg,Blue,Tablet,Not Stated,Not Stated,Alprazolam,,50.22666071428572,-4.961603571428571
W074609,2026-03-10,TF42,DIAZEPAM 10MG ACCORD,DIAZEPAM TABLETS 10MG ACCORD,Blue,Tablet,Not Stated,Not Stated,Diazepam,,52.66903333333334,-2.4797666666666665
W074610,2026-03-10,TF42,DIAZEPAM 10MG,DIAZEPAM 10MG ACCORD ,Blue,Tablet,Oral,No Effect,Diazepam,,52.66903333333334,-2.4797666666666665
W074672,2026-03-10,RG14,XANAX 1MG,TEHRAN DAROU 1MG XANAX,Blue,Tablet,Oral,"Euphoria, Relaxed",Alprazolam,,51.407383333333335,-1.3243833333333337
W074716,2026-03-10,SR3,DIAZEPAM ,ACCORD DIAZEPAM 5MG,Yellow,Tablet,Not Stated,Not Stated,Diazepam,,54.874233333333336,-1.4153666666666669
W074686,2026-03-10,YO22,diazepam,Not Stated,Yellow,Tablet,Oral,Relaxed,Diazepam,,54.44505294117647,-0.6422294117647058
W074719,2026-03-10,SR4,DIAZEPAM,SEDIL DIAZEPAM 5MG,Orange,Tablet,Not Stated,Not Stated,Diazepam,,54.9004,-1.4255
W074613,2026-03-10,CF23,DIAZEPAM,ACCORD DIAZEPAM TABLETS 10MG,Blue,Tablet,Oral,"No Effect, Relaxed",Ethylbromazolam,,51.5144,-3.1545
W074776,2026-03-10,S40,DIAZEPAM ,DIAZEPAM 5MG (ACCORD),Yellow,Tablet,Not Stated,Not Stated,Diazepam,,53.234,-1.4462
W074777,2026-03-10,S40,diazepam,diazepam 5mg (accord),Yellow,Tablet,Not Stated,Not Stated,Diazepam,,53.234,-1.4462
W074612,2026-03-10,TF42,diazepam 10mg,valium 10mg NOT BOXED STRIPS FOREIGN WRITING ,Blue,Tablet,Oral,"Relaxed, Memory Loss",Diazepam,,52.66903333333334,-2.4797666666666665
W074718,2026-03-10,SR4,diazepam,accord diazepam 5mg,Yellow,Tablet,Not Stated,Not Stated,Diazepam,,54.9004,-1.4255
W074611,2026-03-10,TF42,DIAZEPAM 5MG,DIAZEPAM 5MG ACCORD ,Yellow,Tablet,Oral,No Effect,Diazepam,,52.66903333333334,-2.4797666666666665
W074660,2026-03-10,E27N,DIAZEPAM 10MG,DIAZEPAM 10MG,Blue,Tablet,Oral,"Relaxed, Loss of consciousness",Diazepam,,,
W074680,2026-03-10,FK10,VALIUM,Not Stated,White,Tablet,Not Stated,Not Stated,Tapentadol,,56.10687777777778,-3.7534
000235585,2026-03-10,NP12,clonazepam,clonazepam,White,Tablet,Oral,"Relaxed, Memory Loss, Confusion",Clonazepam,,51.6678,-3.2075
W073391,2026-03-10,BT67,DIAZEPAM 10MG,DIAZEPAM 10MG,Blue,Tablet,Not Stated,Not Stated,Diazepam,,54.48503333333334,-6.287166666666667
W074747,2026-03-10,NE13,MARTIN DOW DIAZEPAM ,MARTIN DOW DIAZEPAM,Blue,Tablet,Oral,"Euphoria, Increased Confidence, Relaxed, Memory Loss",Diazepam,,55.0523,-1.6473666666666666
W074768,2026-03-10,S427,ALPRAZOLAM 2MG,ALXAN-2 ALPRAZOLAM 2MG,White,Tablet,Not Stated,Not Stated,Zopiclone,,53.21066,-1.4471733333333332
W074382,2026-03-10,FK10,VALIUM,Not Stated,Blue,Tablet,Oral,"Relaxed, Vomiting",Bromazolam,,56.10687777777778,-3.7534
000235587,2026-03-10,NP12,DIAZEPAM,DIAZEPAM,Yellow,Tablet,Oral,Not Stated,Diazepam,,51.6678,-3.2075
000234140,2026-03-10,NP23,DIAZEPAM,Not Stated,Blue,Tablet,Not Stated,Not Stated,Diazepam,,51.7771,-3.2079
W074684,2026-03-10,B240,CLONAZEPAM ENURAXPHARM 2MG,CLONAZEPAM NEURAXPHARM 2MG,White,Tablet,Oral,"Relaxed, Nausea, Memory Loss, Suicidal Ideation",Clonazepam,,52.526349999999994,-1.809
W074668,2026-03-10,CW9,DIAZEPAM,BENSEDIN,White,Tablet,Not Stated,Not Stated,Diazepam,,53.264406666666666,-2.5003200000000003
W074713,2026-03-10,N1,XANAX,KSALOL 7MG,White,Tablet,Oral,Relaxed,Bromazolam,,51.53669,-0.0944
W074701,2026-03-10,AL71,VALIUM,ZEPAM 10MG,Blue,Tablet,Oral,"Euphoria, Increased Confidence, Relaxed",Diazepam,,51.7969,-0.1871
W074677,2026-03-10,KY12,NITRAZEPAM,NITRAZEPAM,White,Tablet,Oral,Relaxed,Nitrazepam,,56.087095,-3.539235
W074693,2026-03-10,FK2,DIAZEPAM,DIAZEPAM,White,Tablet,Oral,Relaxed,Ethylbromazolam,,56.01717272727273,-3.755472727272727
W074683,2026-03-10,NE31,DIAZEPAM,DIAZEPAM,Blue,Tablet,Oral,Relaxed,Diazepam,,54.973,-1.5155
W073828,2026-03-10,EH52,DIAZEPAM (10MG),STRIP OF 10 WITH VALIUM 10MG WRITTEN ON THE STRIP,Blue,Tablet,Oral,"Increased Energy, Increased Confidence, Relaxed, Memory Loss",Diazepam,,55.9358,-3.4882625
W074678,2026-03-10,NG10,XANAX,XANAX,White,Tablet,Not Stated,Not Stated,Ethylbromazolam,,52.901475,-1.287175
W074567,2026-03-10,CF14,ksaloalprazolam 1mg,galenika ksalon 1mg,Blue,Tablet,Oral,"Increased Confidence, Empathy, Relaxed, Memory Loss, Confusion",Alprazolam,,51.5199,-3.204
W074661,2026-03-10,HP13,DIAZEPAM,DIAZEPAM,Blue,Tablet,Not Stated,Not Stated,Diazepam,,51.6374,-0.7626
W074658,2026-03-10,L8,DIAZEPAM,ACCORD DIAZEPAM 5MG,Yellow,Tablet,Not Stated,Not Stated,Diazepam,,53.4106,-2.9779
W074662,2026-03-10,HP13,DIAZEPAM,DIAZEPAM,White,Tablet,Not Stated,Not Stated,Diazepam,,51.6374,-0.7626
W074651,2026-03-10,SA16DR,DIAZEPAM,YES,Blue,Tablet,Oral,"Relaxed, Irregular Heartbeat, Panic Attack",Ethylbromazolam,,51.633979999999994,-3.94848
W074808,2026-03-13,SLO,DIAZEPAM,DIAZEPAM / VALIUM,Blue,Tablet,Not Stated,Not Stated,Diazepam,,,
000237524,2026-03-13,CF48,VALIUM / DIAZEPAM,VALIUM / DIAZEPAM,Blue,Tablet,Not Stated,Not Stated,Diazepam,,51.73028000000001,-3.37198
W074812,2026-03-13,W2,ALPRAZOLAM ,GALENIKA KSALOL,Blue,Tablet,Not Stated,Not Stated,Alprazolam,,51.51413636363636,-0.1886454545454545
W074809,2026-03-13,CO15,DIAZEPAM,VALLIUM,Blue,Tablet,Not Stated,Not Stated,Diazepam,,51.8002,1.168175
W074811,2026-03-13,W2,DIAZEPAM,GALENIKA BENSEDIN,White,Tablet,Not Stated,Not Stated,Diazepam,,51.51413636363636,-0.1886454545454545
000239670,2026-03-13,NP4GB,VALIUM,VALIUM (DIAZEPAM),Blue,Tablet,Oral,"Increased Confidence, Increased Stamina, Relaxed, Chest Pains, Paranoia, Confusion, Agitation, Violence/Aggression",Diazepam,,51.718515789473685,-3.030521052631579
W074851,2026-03-13,BN1,CLONAZEPAM,MSJ,White,,Not Stated,Not Stated,Bromazolam,,50.8614,-0.1204166666666666
W074697,2026-03-13,G12,DIAZEPAM 10MG,BENSEDIN - 69364,White,Powder,Not Stated,Not Stated,Diazepam,,55.8804,-4.3007
W074849,2026-03-13,BN1,XANAX,"""XANAX 2MG""",White,Tablet,Not Stated,Not Stated,Methylclonazepam,,50.8614,-0.1204166666666666
W074859,2026-03-13,WF2,DIAZEPAM ,ACCORD DIAZEPAM 10MG,"Blue, Pink",Tablet,Oral,"Relaxed, Nausea, Agitation",Ethylbromazolam,,53.66534,-1.51568
W074850,2026-03-13,BN1,DIAZEPAM ,"'DIAZEPAM 10MG""",Blue,Tablet,Not Stated,Not Stated,Clobromazolam,,50.8614,-0.1204166666666666
W074821,2026-03-13,B56,DIAZEPAM 10MG,GALENIKA BENSEDIN,White,Tablet,Oral,Relaxed,Ethylbromazolam,,,
W074826,2026-03-13,B56,DIAZEPAM 10MG,VALIUM (MARTIN DOW / ROCHE),Blue,Tablet,Not Stated,Not Stated,Diazepam,,,
W074757,2026-03-13,GL50,diazepam,diazpam 10 oigital vision diazepam,White,Tablet,Oral,"Euphoria, Increased Confidence, Empathy, Relaxed",Diazepam,,51.9,-2.0833
W074931,2026-03-17,BS37 5EV,XANAX + KETAMINE,2 CLEAN ,"White, Grey",Crystalline,Snort / Sniff,"Euphoria, Empathy, Auditory Hallucinations, Visual Hallucinations, Chest Pains, Irregular Heartbeat, Nosebleeds, Nausea, Paranoia, Memory Loss, Confusion, Panic Attack, Agitation, Depression, Insomnia, Suicidal Ideation",Ketamine,,51.53419375,-2.4391125
W074957,2026-03-17,LS14,xanax,Not Stated,White,Tablet,Oral,"Increased Confidence, Enhanced Senses, Relaxed, Violence/Aggression",Bromazolam,,53.8486,-1.4444333333333332
W073796,2026-03-17,BS13,valium,martin dow,Blue,Tablet,Oral,"Euphoria, Empathy, Relaxed, Confusion",Diazepam,,51.4121,-2.612
000236542,2026-03-17,CF37,benzodiazepine: clonazepam,clonazepam,Yellow,Tablet,Oral,Not Stated,Clonazepam,,51.613815384615386,-3.3598076923076925
W075010,2026-03-17,OX13,diazepam,valium (diazepam) 10mg martin dow,Blue,Tablet,Not Stated,Not Stated,Diazepam,,51.673544444444445,-1.3561166666666666
W075027,2026-03-17,EH7,xanax,xanax,White,Tablet,Oral,No Effect,Ethylbromazolam,,55.9521,-3.1965
W074857,2026-03-17,DT4,DIAZEPAM,DIAZEPAM,Blue,Tablet,Not Stated,Not Stated,Diazepam,,50.60802,-2.4613799999999997
W074951,2026-03-17,N66D,DIAZEPAM 10MG,NO MARKING ON TABLET,White,Tablet,Oral,"No Effect, Relaxed",Ethylbromazolam,,,
W074871,2026-03-17,BT1,CLONAZEPAM 2MG,PSICOFARMA CLONAZEPAM 2MG,White,Tablet,Not Stated,Not Stated,Clonazepam,,54.5833,-5.9333
W074965,2026-03-17,KA14,NITRAZAPAM,NITRAZAPAM (ACCORD),White,Tablet,Not Stated,Not Stated,Nitrazepam,,55.7393,-4.6776
W074945,2026-03-17,FK7,DIAZEPAM,DIAZEPAM,Yellow,Tablet,Not Stated,Not Stated,Diazepam,,56.0861125,-3.9108875
W074926,2026-03-17,KY12,DIAZEPAM,Not Stated,White,Tablet,Oral,"Increased Confidence, Relaxed, Paranoia, Memory Loss, Confusion",Diazepam,,56.087095,-3.539235
W074969,2026-03-17,DE1,DIAZEPAM 10MG,DIAZEPAM TERPIA 10MG COMPRIMATE,White,Tablet,Oral,Relaxed,No Active Component Identified,,52.9228,-1.4766
W074956,2026-03-17,S21,alprax xr2 alprazolam 2mg,alprax xr2 alprazolam BP 2mg ,Yellow,Tablet,Oral,Not Stated,Alprazolam,,53.3123,-1.3394
W074918,2026-03-17,CF48,xanax 2mg,Not Stated,White,Tablet,Not Stated,Not Stated,Methylclonazepam,,51.73028000000001,-3.37198
W074968,2026-03-17,DE1,diazepam 10mg,accord diazepam 10mg,Blue,Tablet,Oral,Relaxed,Bromazolam,,52.9228,-1.4766
W074970,2026-03-17,DE1,diazepam 10mg,Not Stated,Blue,Tablet,Oral,Relaxed,Diazepam,,52.9228,-1.4766
W074923,2026-03-17,PA67,DIAZEPAM ,DIAZEPAM 5MG,Yellow,Tablet,Not Stated,Relaxed,Diazepam,,56.3143,-6.232785714285714
W074868,2026-03-17,EH15 2RG,LORAZEPAM 2MG,LORAZEPAM 2MG,Pink,Tablet,Oral,Relaxed,Lorazepam,,55.948033333333335,-3.1120666666666668
W074902,2026-03-17,SK22,DIAZEPAM,BLUE MARTIN DOWE,Blue,,Not Stated,Not Stated,Diazepam,,53.3733,-1.9875
W074886,2026-03-17,P197,MARTIN DOW DIAZEPAM 10MG,MARTIN DOW DIAZEPAM 10MG,Blue,,Oral,"Euphoria, Empathy, Relaxed, Memory Loss",Diazepam,,,
W074884,2026-03-17,KT12,DIAZEPAM,DIAZPAM-10 (DIGITAL VISION),White,Tablet,Not Stated,Not Stated,Diazepam,,51.3765,-0.4111
W074916,2026-03-17,BS2,benzodiazepine,loose,Blue,Tablet,Not Stated,Not Stated,Bromazolam,,51.4552,-2.5966
W072613,2026-03-17,FK4,valium,valium,Blue,Tablet,Oral,Not Stated,"Bromazolam, N-ethylpentedrone",,55.99558,-3.9131
W074913,2026-03-17,SA1,DIAZEPAM,NO LABEL,Blue,Tablet,Oral,"Relaxed, Memory Loss, Confusion, Loss of consciousness",Ethylbromazolam,,51.633979999999994,-3.94848
W074922,2026-03-17,GU16,alprazolam,galenika ksaslol 1mg,Blue,Tablet,Not Stated,Not Stated,No Active Component Identified,,51.298275,-0.71955
W074870,2026-03-17,BT1,CLONAZEPAM 2MG,PSICOFARMA CLONAZEPAM 2MG,White,Tablet,Not Stated,Not Stated,Clonazepam,,54.5833,-5.9333
W075016,2026-03-18,LS6,ALPRAZOLAM,ALPRAZ XR2,Yellow,Tablet,Oral,"Increased Confidence, Relaxed",No Active Component Identified,,53.8201,-1.5704
W075063,2026-03-18,SK13,DIAZEPAM,ACCORD 10MG DIAZEPAM ,Blue,Tablet,Not Stated,Not Stated,Diazepam,,53.4433,-1.949
W075059,2026-03-18,W55J,DIAZEPAM,Not Stated,White,,Not Stated,Not Stated,Paracetamol,,,
W075025,2026-03-18,BS2,DIAZEPAM,BENSIDIN,White,Tablet,Oral,"Increased Confidence, Relaxed",Ethylbromazolam,,51.4552,-2.5966
W075054,2026-03-18,SR20,diazepam,martin dow roche,Blue,Tablet,Not Stated,Not Stated,Diazepam,,54.8792,-1.37365
W075026,2026-03-18,BS2,DIAZEPAM,BENSIDIN,White,Tablet,Oral,"Increased Confidence, Relaxed",Ethylbromazolam,,51.4552,-2.5966
W075081,2026-03-20,PR76,Diazepam,diazepam,White,Tablet,Not Stated,Not Stated,Diazepam,,53.64461428571428,-2.6670142857142856
W075076,2026-03-20,SW1,Diazepam,Not Stated,White,Tablet,Not Stated,Not Stated,Zopiclone,,51.495583333333336,-0.1417916666666666
W075041,2026-03-20,HD4,daizepam,Diazpam accord 10mg,Blue,Tablet,Not Stated,Not Stated,Diazepam,,53.6239,-1.7485
W075157,2026-03-20,SA13,diazepam 10mg,diazepam 10mg,Blue,Tablet,Oral,Relaxed,Diazepam,,51.63321111111111,-3.670888888888888
W074911,2026-03-20,NE63,Diazepam 10mg martin dow,diazepam 10mg martin dow,Blue,Tablet,Oral,Relaxed,Diazepam,,55.16816666666667,-1.5594
W075120,2026-03-20,BT47,bensedin diazepam,bensedin diazepam,White,Tablet,Oral,"Relaxed, Memory Loss, Confusion, Loss of consciousness",Diazepam,,54.94983333333333,-7.084177777777778
W074788,2026-03-20,TS12,Diazepam,Bensedin diazepam 10mg,White,Tablet,Not Stated,Not Stated,Diazepam,,54.5516,-0.963011111111111
W075125,2026-03-20,NN11,Diazepam, Actavis 10mg,Blue,Tablet,Oral,"Relaxed, Memory Loss, Confusion",MDMA,Paracetamol,52.21614,-1.179288
W075062,2026-03-20,SA12,Valium,Not Stated,Blue,Tablet,Oral,Not Stated,Diazepam,,51.61181666666667,-3.7703
W075052,2026-03-20,LE2,Xanax,Xanax,Yellow,Tablet,Oral,No Effect,Chlorpheniramine,,52.60181666666667,-1.1167166666666668
W075078,2026-03-20,NW10,Diazepam,Diazepam,"White, Blue",Tablet,Oral,No Effect,Ethylbromazolam,,51.53758571428572,-0.2431214285714285
W075064,2026-03-20,KT9,DIAZEPAM,BENSEDIN,White,Tablet,Oral,Relaxed,Diazepam,,51.365199999999994,-0.3054
000237895,2026-03-20,CF72,diazepam,valium,Blue,Tablet,Oral,"Relaxed, Paranoia, Agitation",Diazepam,,51.530146153846154,-3.408415384615384
W075077,2026-03-20,SW17,valium (diazepam) ,valium (diazepam) martin dow limited,Blue,Tablet,Not Stated,Not Stated,Diazepam,,51.4307,-0.1647
W075112,2026-03-20,EH10,alprazolam - 1mg,alprazolam - 1mg,Colourless,Tablet,Not Stated,Not Stated,Alprazolam,,55.91466666666667,-3.2046333333333337
W075113,2026-03-20,EH10,diazepam - 10mg,diazepam - 10mg,,Tablet,Not Stated,Not Stated,Diazepam,,55.91466666666667,-3.2046333333333337
W075105,2026-03-20,LL11,Diazepam,bensedin,White,Tablet,Oral,"Increased Confidence, Relaxed, Chest Pains, Irregular Heartbeat, Paranoia, Agitation",Diazepam,,53.064506666666674,-3.052973333333333
W075189,2026-03-24,YO11,Diazepam 5mg,diazepam 5mg,Yellow,Tablet,Oral,Relaxed,Diazepam,,54.23711428571429,-0.3853571428571428
W075101,2026-03-24,PR3,Klonopin,rivotril 2mg,White,Tablet,Not Stated,Not Stated,Clonazepam,,53.903882857142854,-2.707102857142857
W075235,2026-03-24,CF14,Lorazepam ,nerodelm-z lorazepam,Yellow,Tablet,Not Stated,Not Stated,Lorazepam,,51.5199,-3.204
W075238,2026-03-24,KT24,10mg diazepam,roche/martin dow,Blue,Tablet,Not Stated,Not Stated,Diazepam,,51.26846666666667,-0.4284666666666667
W075260,2026-03-24,CW9,lorazepam 2.5mg,hemofarm,Blue,,Not Stated,Not Stated,Lorazepam,,53.264406666666666,-2.5003200000000003
W075223,2026-03-24,CB10,Alprazolam 1mg,LCm xanax 1mg,Blue,Tablet,Oral,Relaxed,Alprazolam,,52.03342941176471,0.2682294117647059
W075259,2026-03-24,CW9,Valium,Martin dow -b,Blue,,Not Stated,Not Stated,Diazepam,,53.264406666666666,-2.5003200000000003
W075227,2026-03-24,KT24,1mg alprazolam,Galenika ksalol,"White, Blue",Tablet,Not Stated,Not Stated,Alprazolam,,51.26846666666667,-0.4284666666666667
W075233,2026-03-24,KT24,1mg alprazolam,Galenika ksalol,"White, Blue",Tablet,Not Stated,Not Stated,Alprazolam,,51.26846666666667,-0.4284666666666667
W075226,2026-03-24,KT24,10mg diazepam,galenika bensedin,White,Tablet,Not Stated,Not Stated,Diazepam,,51.26846666666667,-0.4284666666666667
W075214,2026-03-24,L8,Diazepam,Diazepam accord 5mg,Yellow,Tablet,Oral,"Relaxed, Dizziness",Diazepam,,53.4106,-2.9779
W075240,2026-03-24,KT24,10mg valium,roche/marin dow,Blue,Tablet,Not Stated,Not Stated,Diazepam,,51.26846666666667,-0.4284666666666667
W075258,2026-03-24,CW9,valium,martin dow -a,Blue,,Not Stated,Not Stated,Diazepam,,53.264406666666666,-2.5003200000000003
W075103,2026-03-24,PR3,Klonapin,Rivotril 2mg,White,Tablet,Not Stated,Not Stated,Clonazepam,,53.903882857142854,-2.707102857142857
W075231,2026-03-24,KT24,10mg diazepam,Galenika bensedin,White,Tablet,Not Stated,Not Stated,Diazepam,,51.26846666666667,-0.4284666666666667
W075188,2026-03-24,LU6,Xanax 500 Microgram,Xanax Alprazolam viatris 500 microgram,Pink,Tablet,Not Stated,Not Stated,Alprazolam,,51.8686,-0.5463600000000001
000236135,2026-03-24,CF62,Daizepam,Diazepam tablets,Blue,Tablet,Oral,Not Stated,Ethylbromazolam,,51.4027,-3.37145
W075150,2026-03-24,BS2,Clonazepam,Clonazepam,Yellow,Tablet,Not Stated,Not Stated,Clonazepam,,51.4552,-2.5966
W075109,2026-03-24,N128,Alprazolam,Alprazolam,White,Tablet,Not Stated,"Relaxed, Memory Loss, Agitation",Tramadol,,51.6077,-0.166
W075142,2026-03-24,HU55,MSJ diazepam,Msj,Blue,Tablet,Oral,Not Stated,Ethylbromazolam,,53.7603,-0.3758
W075196,2026-03-24,PE28,klonopin,Clonazepam,White,Tablet,Oral,"Euphoria, Increased Confidence, Relaxed, Nausea, Dizziness",Clonazepam,,52.3305,-0.1865
W075033,2026-03-24,F31E,Alprazolam,Not Stated,Blue,,Not Stated,Not Stated,Alprazolam,,,
W075175,2026-03-24,SO51,diazepam,Pingu valium,Blue,Tablet,Not Stated,Not Stated,Ethylbromazolam,,51.01539047619048,-1.494095238095238
W075049,2026-03-24,PR76,Diazepam,Diazepam,Blue,Tablet,Not Stated,Not Stated,Ethylbromazolam,,53.64461428571428,-2.6670142857142856
W075032,2026-03-24,F31E,Diazepam,Not Stated,Blue,Tablet,Not Stated,Not Stated,Diazepam,,,
W075161,2026-03-24,SA12,Daizepam 10mg MSJ,Diazepam 10mg MSJ,Blue,Tablet,Oral,"Relaxed, Nausea, Memory Loss, Confusion",Ethylbromazolam,,51.61181666666667,-3.7703
W075159,2026-03-24,SA12,Diazepam 10mg MSJ,MSj,Blue,Tablet,Oral,Relaxed,Ethylbromazolam,,51.61181666666667,-3.7703
W075201,2026-03-25,MK18,Diazepam,Diazepam,Yellow,Tablet,Not Stated,Not Stated,Diazepam,,51.968651515151514,-0.965221212121212
W075254,2026-03-25,GU14,diazepam,valium 10mg,Blue,Tablet,Not Stated,"Euphoria, Relaxed",Diazepam,,51.2955,-0.7908
W075239,2026-03-25,CV2,galenika ksalol 1mg,Not Stated,Blue,Tablet,Oral,"Euphoria, Increased Confidence, Increased Energy",Alprazolam,,52.424525,-1.459175
W075247,2026-03-25,CV2,bensedin diazepam 10mg,Not Stated,White,Tablet,Oral,"Euphoria, Increased Confidence, Enhanced Senses, Increased Energy",Diazepam,,52.424525,-1.459175
W075317,2026-03-25,B30,Valium (diazepam),Martin dow,Blue,Tablet,Not Stated,Not Stated,Diazepam,,52.4167,-1.9167
W075316,2026-03-25,B30,Alprazolam,Replek,Blue,Tablet,Not Stated,Not Stated,Alprazolam,,52.4167,-1.9167
W075225,2026-03-25,PA23,valium,Martin dow 10mg,Blue,Tablet,Oral,"Relaxed, Chest Pains",Diazepam,,55.988997142857144,-4.98592
W075100,2026-03-25,PR3,Klonopin,Rivotril 2mg,White,Tablet,Not Stated,Not Stated,Clonazepam,,53.903882857142854,-2.707102857142857
W075229,2026-03-25,CV2,Clonazepam 2mg,Not Stated,White,Tablet,Oral,"Euphoria, Relaxed",Clonazepam,,52.424525,-1.459175
W075230,2026-03-25,CV1,galenika rivotril 2mg,Not Stated,White,Tablet,Oral,"Euphoria, Increased Confidence",Clonazepam,,52.4066,-1.5122
W075129,2026-03-25,LA1,Clonazepam,clonazepam,White,Tablet,Not Stated,Not Stated,Clonazepam,,54.0316,-2.7915
W075299,2026-03-25,NW5,temazepam,temazepam,White,Tablet,Oral,Not Stated,Ethylbromazolam,,51.5517,-0.1413
W075253,2026-03-25,GU14,alprazolam ,alprazolam 2mg,White,Tablet,Oral,Not Stated,Lorazepam,,51.2955,-0.7908
W075228,2026-03-26,CV2,galenika ksalol 1mg,galenika kslol 1mg,Black,Tablet,Not Stated,"Euphoria, Increased Energy, Increased Confidence, Increased Strength, Relaxed",Alprazolam,,52.424525,-1.459175
W075296,2026-03-27,W36,Xanax (alpazolam),Xanax (aplazolam),Grey,Tablet,Oral,Not Stated,Alprazolam,,,
W075325,2026-03-27,OX49,valium,valium,Blue,Tablet,Not Stated,Not Stated,Ethylbromazolam,,51.6433,-1.0045
W075355,2026-03-31,KA18,valium,diazepam 10,Blue,Tablet,Oral,"Euphoria, Increased Energy, Increased Confidence, Relaxed, Memory Loss",Diazepam,,55.459129999999995,-4.2176599999999995
W075455,2026-03-31,NP7,Xanax 500 micro,Xanax 500 mico viatris,Purple,Tablet,Not Stated,Not Stated,Alprazolam,,51.851292105263155,-3.0386236842105263
W075330,2026-03-31,PL15,Alprazolam,Alprazolam,"White, Green",Tablet,Oral,Not Stated,Alprazolam,,50.636073333333336,-4.411035
W075376,2026-03-31,SR3,Diazepam,Sedil diazepam 5mg,Orange,Tablet,Not Stated,Not Stated,Diazepam,,54.874233333333336,-1.4153666666666669
W075389,2026-03-31,CV32,Diazepam,Diazepam,Yellow,Tablet,Not Stated,Not Stated,Diazepam,,52.303333333333335,-1.5231666666666666
000237709,2026-03-31,CF45,Valium,Valium 10mg,Blue,,Oral,Not Stated,Diazepam,,51.66452,-3.3537
W074758,2026-04-01,B26,Midazolam,Hypnofast 7.5mg ineepta,White,Tablet,Not Stated,Not Stated,Midazolam,,52.45953333333333,-1.7873333333333334
W075468,2026-04-01,AL74,Valium,Teva 10mg Valium,Blue,Tablet,Oral,"Euphoria, Increased Confidence, Relaxed",Diazepam,,51.7969,-0.1871
W075337,2026-04-01,OL8,Xanax,Xanax 250 micro gram,White,Tablet,Not Stated,Not Stated,Alprazolam,,53.526,-2.1173
000236129,2026-04-01,CF63,Diazepam,Diazepam,Blue,Tablet,Oral,"Increased Confidence, Relaxed, Loss of consciousness",Ethylbromazolam,,51.4172,-3.2614
W075438,2026-04-01,B26,Xanax,Xanax/2 (chill pharma),White,Tablet,Not Stated,"Increased Confidence, Confusion, Memory Loss",No Active Component Identified,,52.45953333333333,-1.7873333333333334
W074759,2026-04-01,B26,Bromazepam,Bromazepam 6mg Hemofarm Batch 14 SKRA (UKP),White,Tablet,Not Stated,Not Stated,No Active Component Identified,,52.45953333333333,-1.7873333333333334
W075467,2026-04-07,L39,Diazepam,Diazepam,Blue,Tablet,Not Stated,Not Stated,Diazepam,,53.555600000000005,-2.9094100000000003
W075436,2026-04-07,BS6,Xanax,Xanax 1.0,Blue,Tablet,Not Stated,Not Stated,No Active Component Identified,,51.465599999999995,-2.599066666666667
W075530,2026-04-07,BD39,Xanax/alprazolam,Xanax/Alprazolam,White,Tablet,Oral,"Increased Confidence, Empathy, Relaxed, Memory Loss","Caffeine, Clobromazolam",,53.7939,-1.7521
W075531,2026-04-07,SS9,Diazepam 10mg,Diazepam 10mg,Blue,Tablet,Not Stated,Not Stated,Diazepam,,51.54885,0.65005
W075209,2026-04-07,E8,Diazepam,Valium,,Tablet,Not Stated,"Relaxed, Chest Pains, Memory Loss",Diazepam,,51.548,-0.0629
W075272,2026-04-07,RG31,Alprazolam xanax,Ksasol alprazolam,"White, Blue",Tablet,Oral,Relaxed,Alprazolam,,51.4513,-1.046266666666667
W075385,2026-04-07,BN24,Diazepam,martin dows,Blue,Tablet,Oral,"Relaxed, Irregular Heartbeat, Nausea",Diazepam,,50.81635,0.3384666666666667
W075511,2026-04-07,M16,Clonazepam,Pase Clonazepam,"Colourless, Yellow",Tablet,Not Stated,Not Stated,Clonazepam,,53.4551,-2.2645
W075510,2026-04-07,M16,Clonazepam,elikem nozim,Blue,Tablet,Not Stated,Not Stated,Clonazepam,,53.4551,-2.2645
W075437,2026-04-07,BS6,Diazepam,Martin dow valium 10 (chillpharma),Blue,Tablet,Oral,"Euphoria, Increased Confidence, Breathlesness",Ethylbromazolam,,51.465599999999995,-2.599066666666667
W074760,2026-04-07,B26,Diazepam,MSj,Blue,Tablet,Not Stated,Not Stated,Bromazolam,,52.45953333333333,-1.7873333333333334
W075335,2026-04-07,DL8,Lorazepam,Lorazpam 1mg genesis europe,White,Tablet,Not Stated,Not Stated,Lorazepam,,54.28331891891891,-1.841241891891892
W075378,2026-04-07,AB43,Diazepam 5mg,JHL D5,Yellow,Tablet,Not Stated,Not Stated,Diazepam,,57.65489545454545,-2.046884090909091
W075462,2026-04-07,BT15,Diazepam,Daizepam,Blue,Tablet,Not Stated,Not Stated,Diazepam,,54.5833,-5.9333
W075440,2026-04-07,OL8,Diazepam,Diazepam 5mg Almus,Yellow,Tablet,Not Stated,Not Stated,Diazepam,,53.526,-2.1173
W075452,2026-04-07,G65,Diazepam,Nitrazepam,White,Tablet,Not Stated,Not Stated,Nitrazepam,,55.97357000000001,-4.05812
W075459,2026-04-08,DEAT,diazepam 10mg,Elipam diazepam 10mg,White,Tablet,Oral,Relaxed,Diazepam,,,
W075548,2026-04-08,DY7,Clonazepam 2mg,Clonazepam rudharjack,Orange,Tablet,Oral,"No Effect, Nausea",Clonazepam,,52.479425,-2.243125
W075575,2026-04-08,PH2,Alprazolam,Alprazolam,Blue,Tablet,Not Stated,Not Stated,Ethylbromazolam,,56.37225438596491,-3.356345614035088
W075504,2026-04-08,EH53,valium,Not Stated,Yellow,Tablet,Not Stated,Relaxed,Diazepam,,55.897575,-3.479025
W075551,2026-04-08,BH25,Xanax 2mg,Xanax 2mg,White,Tablet,Not Stated,Not Stated,Ethylbromazolam,,50.75084,-1.66298
W075484,2026-04-08,YO8,diazepam,diazepam,White,Tablet,Not Stated,Not Stated,Diazepam,,53.77469393939394,-1.0269030303030302
W075571,2026-04-08,S11,Lorazepam,Lorazepam,Orange,Tablet,Not Stated,Not Stated,Lorazepam,,53.3608,-1.5084
W075543,2026-04-08,KT2,Lorazepam 2mg,Nerodelm-2,Yellow,Tablet,Not Stated,Not Stated,"Citalopram, Lorazepam, Tapentadol, Amisulpride, Quetiapine","Diazepam, Propranolol, Atenolol, Chlordiazepoxide, Amitriptyline",51.4186,-0.2904
W075582,2026-04-08,DG1,alprazolam 1mg,Alprazolam 1mg,Blue,Tablet,Oral,"Relaxed, Panic Attack, Agitation, Insomnia",Alprazolam,,55.0743962962963,-3.5466296296296296
W075464,2026-04-08,HA3,Xanax,Ksalol Galenika,White,Tablet,Not Stated,Not Stated,Alprazolam,,51.59936666666667,-0.3307333333333333
W075587,2026-04-08,TS12,Clonazepam,Rivotril 2mg,White,Tablet,Not Stated,Not Stated,Clonazepam,,54.5516,-0.963011111111111
W075273,2026-04-08,RG31,Valium Diazepam,Marin dow valium (diazepam),Blue,Tablet,Oral,Relaxed,Diazepam,,51.4513,-1.046266666666667
000238485,2026-04-08,CF10,Valium,Not Stated,Yellow,Tablet,Not Stated,Not Stated,Diazepam,,51.48,-3.18
W075502,2026-04-08,B37,"Alazipan, nitrozipan, pregablin",Not Stated,,Tablet,Oral,Not Stated,Nitrazepam,,52.4685,-1.7482
W075550,2026-04-08,BH25,MSJ 10mg Valium,MSj 10mg Valium,Blue,Tablet,Oral,Not Stated,Methylclonazepam,,50.75084,-1.66298
W075634,2026-04-09,N36,Diazepam,Diazepam 10mg,Blue,Tablet,Oral,Relaxed,Diazepam,,,
W075684,2026-04-09,ML66,Valium,martin dow 10mg diazepam,Blue,Tablet,Oral,Increased Confidence,Diazepam,,55.876992307692305,-3.925407692307692
W075683,2026-04-09,ML66,10mg diazepam,10mg diazepam martin dow,Blue,Tablet,Not Stated,Not Stated,Diazepam,,55.876992307692305,-3.925407692307692
W075641,2026-04-09,SY4,diazepam,Diazepam - accord 5mg,Yellow,Tablet,Not Stated,Not Stated,Diazepam,,52.7651,-2.7190144927536233
W075640,2026-04-09,SY4,diazepam,Diazepam accord 5mg,Yellow,Tablet,Not Stated,Not Stated,Diazepam,,52.7651,-2.7190144927536233
W075643,2026-04-09,SY4,Diazepam,Daizepam - accord 5mg,Yellow,Tablet,Not Stated,Not Stated,Diazepam,,52.7651,-2.7190144927536233
W075644,2026-04-09,SY4,Diazepam,Diazepam accord 5mg,Yellow,Tablet,Not Stated,Not Stated,Diazepam,,52.7651,-2.7190144927536233
W075508,2026-04-09,CF64,10mg Diazepam,Not Stated,Blue,Tablet,Oral,Relaxed,Diazepam,,51.42878,-3.21045
W075492,2026-04-09,AL1,Alprazolam,Not Stated,White,Tablet,Not Stated,Not Stated,Alprazolam,,51.75,-0.3333
W075593,2026-04-09,HP4,Diazepam,Diazepam,White,Tablet,Not Stated,Not Stated,Diazepam,,51.774116666666664,-0.56985
W075588,2026-04-09,TS12,Ksalol galenika alprazolam 1mg,Not Stated,Blue,Tablet,Oral,"No Effect, Breathlesness, Chest Pains, Panic Attack",Ethylbromazolam,,54.5516,-0.963011111111111
W075487,2026-04-09,AL1,Diazepam,Not Stated,Blue,Tablet,Not Stated,Not Stated,Diazepam,,51.75,-0.3333
W075656,2026-04-09,B33,Diazepam,Martin dow Valium 10mg,Blue,Tablet,Not Stated,Not Stated,Ethylbromazolam,,52.4804,-1.7883
W075203,2026-04-09,EX39,Diazepam,Martin dow 10mg Diazepam,Blue,Tablet,Oral,"Increased Confidence, Relaxed",Diazepam,,50.99405869565218,-4.261958695652174
W075580,2026-04-09,SS71,Diazepam 40mg,Diazepam 10mg,White,Tablet,Not Stated,Not Stated,Ethylbromazolam,,51.55652,0.58128
W075639,2026-04-09,SY4,diazepam,Diazepam accord 5mg,Yellow,Tablet,Not Stated,Not Stated,Diazepam,,52.7651,-2.7190144927536233
W075652,2026-04-09,SY4,Diazepam,Diazepam -teva 5mg,Yellow,Tablet,Not Stated,Not Stated,Diazepam,,52.7651,-2.7190144927536233
W075540,2026-04-09,SE9,Diazepam,Not Stated,Blue,Powder,Not Stated,Not Stated,Diazepam,,51.44698000000001,0.0542799999999999
W075367,2026-04-09,FK3,Clonazepam 2mg,Novumgen,White,Tablet,Oral,"Empathy, Relaxed, Confusion",Clonazepam,,56.0114,-3.7218
W075650,2026-04-09,SY4,Diazepam,Diazepam teva 5mg,Yellow,Tablet,Not Stated,Not Stated,Diazepam,,52.7651,-2.7190144927536233
W075645,2026-04-13,SY4,diazepam,Diazepam- accord 5mg,Yellow,Tablet,Not Stated,Not Stated,Diazepam,,52.7651,-2.7190144927536233
W075648,2026-04-13,SY4,Diazepam,Diazepam teva 5mg,Yellow,Tablet,Not Stated,Not Stated,Diazepam,,52.7651,-2.7190144927536233
W075632,2026-04-13,BN16,Alprazolam,Rlam-1 alprazolam batch 210523,White,Tablet,Oral,"Irregular Heartbeat, Nausea, Memory Loss, Confusion, Agitation, Insomnia",Tramadol,,50.81518,-0.4855
W075696,2026-04-13,CF43,Diazepam (valium) 10mg,Valium 10mg,Blue,Tablet,Oral,Not Stated,Diazepam,,51.66792,-3.4671
000234428,2026-04-13,CF10,diazepam,diazepam,Blue,Tablet,Not Stated,Not Stated,Ethylbromazolam,,51.48,-3.18
W075642,2026-04-13,SY4,Diazepam,Diazepam accord 5mg,Yellow,Tablet,Not Stated,Not Stated,Diazepam,,52.7651,-2.7190144927536233
W075651,2026-04-13,SY4,diazepam,diazepam teva 5mg,Yellow,Tablet,Not Stated,Not Stated,Diazepam,,52.7651,-2.7190144927536233
W075736,2026-04-13,ML11,Lorazepam,Lorazepam,White,Tablet,Oral,Not Stated,Lorazepam,,55.68366041666667,-3.720560416666667
W075716,2026-04-13,WA15,Diazepam,Diazepam,White,Tablet,Not Stated,Not Stated,Diazepam,,53.3761,-2.3331
W075685,2026-04-13,SY23,Xanax bars,White xanax,White,Tablet,Not Stated,Not Stated,Caffeine,Clobromazolam,52.34458541666667,-3.9885
W075661,2026-04-13,SA19,Clonazepam 2mg,Clonzepam 2mg,White,Tablet,Oral,Not Stated,Clonazepam,,51.92279722222222,-3.9509833333333337
W075649,2026-04-13,SY4,Diazepam,Diazepam teva 5mg,Yellow,Tablet,Not Stated,Not Stated,Diazepam,,52.7651,-2.7190144927536233
W075638,2026-04-13,SY4,Diazepam,Diazepam accord 5mg,Yellow,Tablet,Not Stated,Not Stated,Diazepam,,52.7651,-2.7190144927536233
W075646,2026-04-13,SY4,Diazepam,Diazepam accord 5mg,Yellow,Tablet,Not Stated,Not Stated,Diazepam,,52.7651,-2.7190144927536233
W075647,2026-04-13,SY4,Diazepam,Diazepam teva 5mg,Yellow,Tablet,Not Stated,Not Stated,Diazepam,,52.7651,-2.7190144927536233
000234838,2026-04-13,SA62,MSJ,Not Stated,Blue,Tablet,Not Stated,Not Stated,Ethylbromazolam,,51.84974583333334,-5.031407291666667
W075666,2026-04-13,G83,street valium,Not Stated,White,Tablet,Oral,"Relaxed, Nausea, Memory Loss",Clonazolam,,56.03989166666666,-4.6006583333333335
W075653,2026-04-13,SY4,Diazepam,Diazepam teva 5mg,Yellow,Tablet,Not Stated,Not Stated,Diazepam,,52.7651,-2.7190144927536233
W075701,2026-04-14,N66,Xanax,galenika alprozolam 1mg,White,Tablet,Not Stated,Not Stated,Bromazolam,,,
W075692,2026-04-14,PR76,diazepam,Diazepam,Blue,Tablet,Not Stated,Not Stated,Diazepam,,53.64461428571428,-2.6670142857142856
W075779,2026-04-14,G4,diazepam,Diazepam,Yellow,Tablet,Not Stated,Not Stated,Diazepam,,55.8651,-4.2576
W075726,2026-04-14,HP13,Alprazolam,ksalol 1mg alprazolam,Blue,Tablet,Not Stated,Not Stated,Alprazolam,,51.6374,-0.7626
W075784,2026-04-14,BN17,Alprazolam,r-lam,White,Tablet,Not Stated,Not Stated,Tramadol,,50.81636,-0.5498000000000001
W075818,2026-04-14,WA6,Diazepam,Diazepam 10mg,Blue,Tablet,Oral,Relaxed,Diazepam,,53.26614166666667,-2.732791666666667
W075665,2026-04-14,KY14,10mg diazepam,martin dow valium,Blue,Tablet,Not Stated,Not Stated,Diazepam,,56.3091,-3.2373083333333335
W075657,2026-04-14,W8,Clonazepam rivotril 2mg,Clonazepam Neuraxpharm 2mg,White,Tablet,Not Stated,Not Stated,Clonazepam,,51.501125,-0.1985
W075742,2026-04-14,PL14,Valium (diazepam),martin dow valium,Blue,Tablet,Not Stated,Not Stated,Diazepam,,50.46451290322581,-4.464809677419355
W075921,2026-04-14,LS28,Diazepam,martin dow 10mg,Blue,Tablet,Not Stated,Not Stated,Diazepam,,53.81066666666667,-1.6737
W075667,2026-04-14,G82,diazepam,Not Stated,White,Tablet,Oral,Not Stated,No Active Component Identified,,55.954800000000006,-4.5815222222222225
W075700,2026-04-14,GU16,Alprazolam 1mg,Ksaslol 1mg,Blue,Tablet,Not Stated,Not Stated,Ethylbromazolam,,51.298275,-0.71955
W075622,2026-04-14,N156,Diazepam,valium Martin dow,Blue,Tablet,Not Stated,Not Stated,Diazepam,,51.584300000000006,-0.073
W075786,2026-04-14,BN17,Kern alprozolam,kern,White,Tablet,Not Stated,Not Stated,Ethylbromazolam,,50.81636,-0.5498000000000001
W075687,2026-04-14,SY23,Red devil xanax,red devil,Red,Tablet,Oral,Not Stated,"Caffeine, Diazepam",Clobromazolam,52.34458541666667,-3.9885
W075669,2026-04-14,KY14,accord nitrazepam 5mg,acord nitrazepam tablet 5mg NA1668,White,Tablet,Not Stated,Not Stated,Nitrazepam,,56.3091,-3.2373083333333335
W075735,2026-04-14,G7,valium,Not Stated,White,Tablet,Oral,"Paranoia, Memory Loss, Confusion, Loss of consciousness",Clonazolam,,,
W075668,2026-04-14,G8,Diazepam,Not Stated,White,Tablet,Oral,Not Stated,Bromazolam,,,
W075785,2026-04-14,BN17,Diazepam,Elipam,White,Tablet,Not Stated,Not Stated,Diazepam,,50.81636,-0.5498000000000001
W075795,2026-04-14,PE28,Xanax,Alprazolam,White,Tablet,Not Stated,Not Stated,Alprazolam,,52.3305,-0.1865
W075833,2026-04-14,DH9,Neurapharm clonazepam,Not Stated,White,Tablet,Oral,Relaxed,Clonazepam,,54.867425,-1.7116
W075930,2026-04-14,DE7,Accord Diazepam,Diazepam 10mg,Blue,Tablet,Not Stated,Not Stated,Ethylbromazolam,,52.96913846153846,-1.3667846153846157
W075686,2026-04-14,SY23,Xanax 1mg,Alprazolam,White,Tablet,Oral,Not Stated,Chlorpheniramine,,52.34458541666667,-3.9885
W075717,2026-04-15,SA67,Diazepam,Not Stated,Blue,Tablet,Oral,Relaxed,Ethylbromazolam,,51.782536842105266,-4.7388315789473685
000232424,2026-04-15,SY21,Diazepam,diazepam 10mg,Blue,Tablet,Oral,Not Stated,Ethylbromazolam,,52.670813513513515,-3.1976945945945947
W075811,2026-04-15,SE26,Diazepam,Diazepam,White,Tablet,Oral,Relaxed,Diazepam,,51.422775,-0.0665
W075919,2026-04-15,AL5,Valium,Martin dow 10mg,Blue,Tablet,Not Stated,Not Stated,Diazepam,,51.8168,-0.3571
W075828,2026-04-15,DD2,valium,valium,Blue,Tablet,Oral,"Increased Confidence, Increased Strength, Relaxed, Memory Loss",Diazepam,,56.47777692307693,-3.0589461538461538
W075830,2026-04-15,CT68,10mg diazepam,martin dow valium 10mg,Blue,Tablet,Oral,"Empathy, Relaxed, Tiredness",Diazepam,,51.36518888888889,1.1433444444444445
W075920,2026-04-15,LS28,Alprazolam,ksalol,Blue,Tablet,Not Stated,Not Stated,Alprazolam,,53.81066666666667,-1.6737
W075341,2026-04-15,SA15,Diazepam,Valium,Blue,Tablet,Oral,"Relaxed, Memory Loss, Confusion",Diazepam,,51.74003,-4.187250000000001
W075970,2026-04-16,SR3,Diazepam,Sedil diazepam 5mg,Yellow,Tablet,Not Stated,Not Stated,Diazepam,,54.874233333333336,-1.4153666666666669
W075982,2026-04-16,BL00,Diazepam,Diazepam,White,Tablet,Not Stated,Not Stated,Diazepam,,53.654875,-2.312775
W075998,2026-04-16,England,Lorazepam,Not Stated,White,Tablet,Not Stated,Not Stated,Lorazepam,,,
W075967,2026-04-16,SR3,Diazepam,Accord diazepam,Yellow,Tablet,Not Stated,Not Stated,Diazepam,Paracetamol,54.874233333333336,-1.4153666666666669
W076000,2026-04-16,S11,Lorazepam 2mg,Lorazepam,Orange,Tablet,Not Stated,Not Stated,Lorazepam,,53.3608,-1.5084
W075775,2026-04-16,PH1,Diazepam,Roche 10,White,Tablet,Oral,"Chest Pains, Breathlesness, Nausea, Vomiting, Memory Loss, Confusion, Loss of consciousness",Bromazolam,,56.43174736842105,-3.4980552631578945
000234170,2026-04-17,NP20,diazepam,Not Stated,Blue,Tablet,Not Stated,Not Stated,Diazepam,,51.5877,-2.9984
W075922,2026-04-17,SW1,Lorazepam,Lorazepam 2.5mg,Blue,Tablet,Not Stated,Not Stated,Lorazepam,,51.495583333333336,-0.1417916666666666
000234167,2026-04-17,CF10,Diazepam,Not Stated,White,Tablet,Not Stated,Not Stated,Diazepam,,51.48,-3.18
000234156,2026-04-17,NP20,diazepam,accord,Blue,Tablet,Oral,Not Stated,Bromazolam,,51.5877,-2.9984
W075953,2026-04-17,ZE2,Valium,Valium (diazepam) 10mg,Blue,Tablet,Not Stated,Not Stated,Diazepam,,60.381213580246914,-1.2736148148148148
W075999,2026-04-17,HA3,Lorazepam,Not Stated,White,Tablet,Not Stated,Not Stated,Lorazepam,,51.59936666666667,-0.3307333333333333
W075988,2026-04-17,CF48,Diazepam,Diazepam 10mg,Blue,Tablet,Oral,Relaxed,Diazepam,,51.73028000000001,-3.37198
W076117,2026-04-22,L8,Diazepam,Galenika besedin 10mg diazepam,White,Tablet,Oral,"Not stated,  ",Diazepam,,53.4106,-2.9779
W076160,2026-04-22,M16,Clonazepam,Novugen,White,Tablet,Not stated,"Not stated,  ",Clonazepam,,53.4551,-2.2645
W076159,2026-04-22,M16,Diazepam,Martin dows,Blue,Tablet,Not stated,"Not stated,  ",Diazepam,,53.4551,-2.2645
W076099,2026-04-22,SW2,Diazepam 5mg,Almus accord strip,Yellow,Tablet,Not Stated,Not Stated,Diazepam,,51.4548,-0.1158
W075723,2026-04-22,BN43,Alprazolam,alprazolam,Blue,Tablet,Not Stated,Not Stated,Ethylbromazolam,,50.8341,-0.2743
W076069,2026-04-22,B772,Diazepam,bensedin 10mg bs,White,Tablet,Not Stated,Not Stated,Diazepam,,52.6158,-1.666383333333333
W076071,2026-04-22,B772,Diazepam,Valium martin dow,Blue,Tablet,Not Stated,Not Stated,Ethylbromazolam,,52.6158,-1.666383333333333
W076076,2026-04-22,AB43,Nitrazepam,Not Stated,White,Tablet,Not Stated,Not Stated,Nitrazepam,,57.65489545454545,-2.046884090909091
W076091,2026-04-22,TF1,Diazepam,Valium,Blue,Tablet,Oral,Relaxed,Diazepam,,52.7,-2.5
W076060,2026-04-22,SA13,martin dow valium diazepam 10mg,Not Stated,Blue,Tablet,Oral,Relaxed,Diazepam,,51.63321111111111,-3.670888888888888
W076121,2026-04-22,DA16,Xanax,Xanax,Pink,Tablet,Oral,"Not stated,  ",Alprazolam,,51.4625,0.1075999999999999
W076073,2026-04-22,FK10,Valium,Martin dow,Blue,Tablet,Oral,Not Stated,Diazepam,,56.10687777777778,-3.7534
W075929,2026-04-22,NW1,temazepam,temazepam,White,Tablet,Not Stated,Not Stated,Ethylbromazolam,,51.52988181818182,-0.1471818181818182
W076096,2026-04-22,B7,Diazepam,Diazepam,Blue,Tablet,Oral,"Relaxed, Irregular Heartbeat",Diazepam,,52.4941,-1.8726
W076042,2026-04-22,BL64,Alprazolam,alprazolam,White,Tablet,Not Stated,Not Stated,Alprazolam,,53.608,-2.5757
W076050,2026-04-22,Unknown,Diazepam,Not Stated,White,Tablet,Oral,"Increased Confidence, Relaxed, Memory Loss, Confusion",Diazepam,,,
W076130,2026-04-22,TA2,Diazepam 10mg,Not Stated,Blue,Tablet,Not Stated,Not Stated,No Active Component Identified,,51.04662,-3.08832
W076053,2026-04-22,B19,valium 10mg,Bensedin,Blue,Tablet,Oral,"Increased Confidence, Relaxed, Memory Loss",Clobromazolam,,52.4814,-1.8998
W076172,2026-04-22,M1,Diazepam,Bensedin,White,Tablet,Oral,"Not stated,  ",Ethylbromazolam,,53.4809,-2.2374
W076041,2026-04-22,BL6,Diazepam,Diazepam,Yellow,Tablet,Not Stated,Not Stated,Diazepam,,53.608,-2.5757
W076080,2026-04-22,W139,Xanax (alprazolam),Alprazolam,Blue,Tablet,Not Stated,Not Stated,Alprazolam,,51.5122,-0.311625
W075931,2026-04-22,NW1,Diazepam,bensedin,White,Tablet,Not Stated,Not Stated,Diazepam,,51.52988181818182,-0.1471818181818182
W076119,2026-04-22,LE85,Diazepam,Elikem elipam-10 diazepam,White,Tablet,Not Stated,Not Stated,Diazepam,,52.54881176470588,-1.0493705882352942
W076105,2026-04-22,B77,Diazepam,Diazepam,Blue,Tablet,Oral,"Relaxed, Irregular Heartbeat",Diazepam,,52.6158,-1.666383333333333
W076090,2026-04-22,B26,Bensedin diazepam,Galenika bensedin 10mg diazepam,White,Tablet,Oral,"Euphoria, Increased Confidence, Empathy, Relaxed",Diazepam,,52.45953333333333,-1.7873333333333334
W075679,2026-04-22,B26,Martin dow 10mg,Martin dow valium 10mg,Blue,Tablet,Oral,"Euphoria, Increased Confidence, Relaxed",Ethylbromazolam,,52.45953333333333,-1.7873333333333334
W076128,2026-04-22,TA2,Alprazolam 1mg,Not Stated,White,Tablet,Not Stated,Not Stated,Tramadol,,51.04662,-3.08832
W076129,2026-04-22,TA2,Diazepam 10mg,Not Stated,Blue,Tablet,Not Stated,Not Stated,Ethylbromazolam,,51.04662,-3.08832
W076028,2026-04-22,SA10,Diazepam,Not Stated,Blue,Tablet,Oral,Not Stated,Ethylbromazolam,,51.71421818181818,-3.720372727272728
W076032,2026-04-22,EH67,Diazepam,Roche 10,White,Tablet,Oral,Not Stated,Bromazolam,,55.9617,-3.1844
000234329,2026-04-22,CF10,Diazepam,Diazepam,Blue,Tablet,Oral,No Effect,Diazepam,,51.48,-3.18
W076059,2026-04-22,SA13,Bensedin Galenika Diazepam 10mg,Not stated,White,Tablet,Oral,Relaxed,Diazepam,,51.63321111111111,-3.670888888888888
W076072,2026-04-22,ML11,Diazepam,Diazepam,White,Tablet,Oral,Relaxed,Bromazolam,,55.68366041666667,-3.720560416666667
W076054,2026-04-22,RG12,Alprazolam,Xanax 2,White,Tablet,Oral,Not Stated,No Active Component Identified,,51.4007,-0.7635
W076158,2026-04-22,M16,Clonazepam,Elikem Nozim,Blue,Tablet,Not stated,"Not stated,  ",Clonazepam,,53.4551,-2.2645
000233407,2026-04-22,LL54,Diazepam,Valium diazepam,Blue,Tablet,Oral,Relaxed,Diazepam,,53.01643928571429,-4.2483
W076200,2026-04-24,CF32,Lorazepam,Lorazepam,White,Tablet,Not stated,"Not stated,  ",Lorazepam,,51.536704166666674,-3.5931333333333337
W100155,2026-04-26,SY4,Diazepam,Diazepam roche 10mg,Blue,Tablet,Not stated,"Not stated,  ",Diazepam,,52.7651,-2.7190144927536233
W100055,2026-04-27,CW9,valium,martin dow -b,Blue,Tablet,Not stated,"Not stated,  ",Diazepam,,53.264406666666666,-2.5003200000000003
W100054,2026-04-28,CW9,valium,marin dow- a,Blue,Tablet,Not stated,"Not stated,  ",Diazepam,,53.264406666666666,-2.5003200000000003
W100020,2026-04-28,SR3,Diazepam,Accord Diazepam 5mg,Yellow,Tablet,Not stated,"Not stated,  ",Diazepam,,54.874233333333336,-1.4153666666666669
W075740,2026-04-28,HU3,Diazepam,martin dow valium 10mg,Blue,Tablet,Not stated,"Not stated,  ",Diazepam,,53.7446,-0.3353
W076186,2026-04-28,M11,Diazepam,valium 10mg (diazepam),Blue,Tablet,Oral,"Relaxed, Irregular heartbeat, Insomnia, Depression, Violence, Panic attack",Diazepam,,53.479,-2.1818
000233414,2026-04-28,LL54,Valium Diazepam 10mg,Martin dow diazepam,Blue,Tablet,Oral,"Not stated,  ",Diazepam,,53.01643928571429,-4.2483
W076149,2026-04-28,KY8,Diazepam,Not stated,White,Tablet,Not stated,"Not stated,  ",Diazepam,,56.209568181818184,-2.9803318181818184
W076116,2026-04-28,L1,Diazepam,Accord diazepam tablet 10mg,Blue,Tablet,Not stated,"Not stated,  ",Diazepam,,53.4106,-2.9779
W076201,2026-04-28,PL52,Diazepam,Martin dow Valium,Blue,Tablet,Not stated,"Not stated,  ",Diazepam,,50.4143,-4.16135
W076197,2026-04-28,NW10,Diazepam,martin dow 10mg,Blue,Tablet,Not stated,"Not stated,  ",Diazepam,,51.53758571428572,-0.2431214285714285
W076184,2026-04-28,N22,Diazepam,Diazepam,Blue,Tablet,Not stated,"Not stated,  ",Diazepam,,51.6,-0.1167
W076183,2026-04-28,EH1,Diazepam,Diazepam,White,Tablet,Not stated,"Not stated,  ",Diazepam,,55.9521,-3.1965
000232000,2026-04-28,SY16,Nitrazepam,Nitrazepam,White,Tablet,Oral,"Not stated,  ",Nitrazepam,,52.50787647058824,-3.3015823529411765
W076179,2026-04-28,NW1,Valium,accord,Yellow,Tablet,Not stated,"Not stated,  ",Diazepam,,51.52988181818182,-0.1471818181818182
W076070,2026-04-28,B77,Diazepam,bensedin 10mg BS,White,Tablet,Not stated,"Not stated,  ",Diazepam,,52.6158,-1.666383333333333
W100036,2026-04-28,BR1,Xanax,Ksalol,Blue,Tablet,Oral,Relaxed,Alprazolam,,51.4037,0.0305
W076150,2026-04-28,KY81,Diazepam,Not stated,White,Tablet,Not stated,"Increased confidence, Relaxed",Bromazolam,,56.209568181818184,-2.9803318181818184
W076178,2026-04-28,NW1,Nitrazepam,Nitrazepam,White,Tablet,Not stated,"Not stated,  ",Diazepam,,51.52988181818182,-0.1471818181818182
W100066,2026-04-28,CF32,alprazolam,alprazolam,White,Tablet,Not stated,"Not stated,  ",Tramadol,,51.536704166666674,-3.5931333333333337
W076151,2026-04-28,KY81,Valium,Not stated,White,Tablet,Not stated,"Euphoria, Relaxed",No active compound identified,,56.209568181818184,-2.9803318181818184
W076162,2026-04-28,KY81,Diazepam,Not stated,White,Tablet,Not stated,"Not stated,  ",Clonazolam,,56.209568181818184,-2.9803318181818184
W076152,2026-04-28,KY81,Xanax bar,Not stated,White,Tablet,Not stated,"Increased confidence, Relaxed",Buprenorphine,Naloxone,56.209568181818184,-2.9803318181818184
W075797,2026-04-28,S6,Alprazolam,alprazolam,White,Tablet,Oral,"Euphoria, Increased confidence, Empathy, Relaxed, Memory loss",Bromazolam,,53.3931,-1.5452
W075928,2026-04-28,NW1,Diazepam,Martin roche,Blue,Tablet,Not stated,"Not stated,  ",Diazepam,,51.52988181818182,-0.1471818181818182
W075927,2026-04-28,NW1,Diazepam,bensedin,White,Tablet,Not stated,"Not stated,  ",Diazepam,,51.52988181818182,-0.1471818181818182
W100016,2026-04-28,NE35,Valium,Valium,White,Tablet,Not stated,"Not stated,  ",Diazepam,,54.9503,-1.469
W076195,2026-04-28,GL88,Xanax,Not stated,White,Tablet,Oral,Relaxed,"Caffeine, Clonazolam",,51.6456705882353,-2.1885529411764706
W073581,2026-04-29,EK8,XANAX,Not stated,Blue,Tablet,Oral,Relaxed,Alprazolam,,,
W075753,2026-04-29,NE29,BENSEDIN 10MG (DIAZEPAM 10MG),GALENIKA PHARMACUTICAL'S BENSEDIN 10MG (DIAZEPAM),White,Tablet,Not stated,"Not stated,  ",Diazepam,,55.0165,-1.4493
W100022,2026-04-29,EH1,LORAZEPAM,LORAZEPAM,White,Tablet,Not stated,"Not stated,  ",Diazepam,,55.9521,-3.1965
W100100,2026-04-29,PH1,VALIUM,Not stated,White,Tablet,Not stated,"Not stated,  ",Dihydrocodeine,,56.43174736842105,-3.4980552631578945
W076141,2026-04-29,BH6,DIAZEPAM,Not stated,Blue,Tablet,Oral,"Increased stamina, Relaxed, Depression",Diazepam,,50.72485,-1.7821
W100109,2026-04-29,NE21,DIAZAPAM 5MG,DIAZAPAM 5MG,Yellow,Tablet,Not stated,"Not stated,  ",Diazepam,,54.9583,-1.718925
W100102,2026-04-29,PH1,VALIUM,Not stated,White,Tablet,Oral,"Chest pains, Irregular heartbeat, Memory loss, Confusion, Loss of consciousness",No active compound identified,,56.43174736842105,-3.4980552631578945
W075756,2026-04-29,NE29,NITRAZEPAM 5MG (ACCORD PHARMACUTICAL'S),NITRAZEPAM 5MG ACCORD PHARMACUTICAL'S,White,Tablet,Not stated,"Not stated,  ",Nitrazepam,,55.0165,-1.4493
W100123,2026-04-30,BN6,LORAZAPAM 2.5MG,HEMOFARM LORAZEPAM 2.5MG,Blue,Tablet,Not stated,"Not stated,  ",Lorazepam,,50.92262,-0.14494
W100145,2026-04-30,SY4,LORAZEPAM,Not stated,Blue,Tablet,Not stated,"Not stated,  ",Lorazepam,,52.7651,-2.7190144927536233
W100091,2026-04-30,Not stated,ALPRAZOLAM BP 1MG,Not stated,Colourless,Tablet,Oral,Euphoria,No active compound identified,,,
W075755,2026-04-30,NE29,LORAZEPAM 1MG (GENUS),LORAZEPAM 1MG GENUS PHARMACUTICALS,Blue,Tablet,Not stated,"Not stated,  ",Lorazepam,,55.0165,-1.4493
W100110,2026-04-30,SN25,XANAX,NONE,Pink,Tablet,Oral,Relaxed,Bromazepam,,51.558,-1.7812
W100146,2026-04-30,SY4,LORAZEPAM,Not stated,Blue,Tablet,Not stated,"Not stated,  ","Diazepam, Lorazepam",,52.7651,-2.7190144927536233
W100171,2026-04-30,SW9,ALPRAZOLAM,SUBZENTUS LABOTORIES - ALPZAR 1MG ALPRAZOLAM,Colourless,Tablet,Not stated,"Not stated,  ",Chlorpheniramine,,51.474,-0.1168
W100199,2026-04-30,ST10,REPLEK XANAX,ALPRAZOLAM,Blue,Tablet,Not stated,"Not stated,  ",Alprazolam,,52.994534615384616,-1.9419576923076924
W100180,2026-04-30,SE1,DIAZEPAM,BENSEDIN BRAND DIAZEPAM,White,Tablet,Oral,"Euphoria, Increased confidence, Relaxed",Ethylbromazolam,,51.49874615384616,-0.0930384615384615
W100166,2026-04-30,BD19,ALPRAZOLAM,ALPRAZOLAM,White,Tablet,Not stated,"Not stated,  ",Alprazolam,,53.72745,-1.70145
W100064,2026-04-30,M25,10MG DIAZEPAM TABLETS,10MG DIAZEPAM TABLETS,Blue,Tablet,Oral,"Increased energy, Increased confidence, Increased senses, Empathy",Diazepam,,53.5333,-2.2833
000237208,2026-04-30,CF36,valium,Msj,Blue,Tablet,Not stated,"Not stated,  ",Ethylbromazolam,,51.48453333333333,-3.6951
W100144,2026-04-30,SY4,LORAZEPAM,Not stated,Blue,Tablet,Not stated,"Not stated,  ",Lorazepam,,52.7651,-2.7190144927536233
W100098,2026-04-30,LL49,Diazepam,martin dow,Blue,Tablet,Oral,"Not stated,  ",Diazepam,,52.942910000000005,-4.16
W075754,2026-04-30,NE29,Alprazolam,Alprax-2-xr Alprazolam 2mg Opsogn pharmacuticals,Yellow,Tablet,Not stated,"Not stated,  ",Alprazolam,,55.0165,-1.4493
W100153,2026-04-30,SY4,ALPRAZOLAM,Not stated,Blue,Tablet,Not stated,"Not stated,  ",Alprazolam,,52.7651,-2.7190144927536233
000236133,2026-04-30,CF63,DIAZEPAM 10MG,DIAZEPAM 10MG,Yellow,Tablet,Not stated,"Not stated,  ",Diazepam,,51.4172,-3.2614
W100156,2026-04-30,SY4,DIAZEPAM,DIAZEPAM - ROCHE 10MG,Blue,Tablet,Not stated,"Not stated,  ",Diazepam,,52.7651,-2.7190144927536233
W100165,2026-04-30,SY4,DIAZEPAM,DIAZEPAM - ROCHE 10MG,Blue,Tablet,Not stated,"Not stated,  ",Diazepam,,52.7651,-2.7190144927536233
W100159,2026-04-30,SY4,DIAZEPAM,DIAZEPAM - ROCHE 10MG,Blue,Tablet,Not stated,"Not stated,  ",Diazepam,,52.7651,-2.7190144927536233
W100140,2026-04-30,SY4,ALPRAZOLAM,Not stated,Blue,Tablet,Not stated,"Not stated,  ",Alprazolam,,52.7651,-2.7190144927536233
W100142,2026-04-30,SY4,ALPRAZOLAM,Not stated,Blue,Tablet,Not stated,"Not stated,  ",Alprazolam,,52.7651,-2.7190144927536233
W100095,2026-04-30,SE9,DIAZEPAM 5MG,DIAZEPAM 5MG,Yellow,Tablet,Not stated,"Not stated,  ",Diazepam,,51.44698000000001,0.0542799999999999
W076067,2026-04-30,OX49,VALIUM,VALIUM,Blue,Tablet,Not stated,"Not stated,  ",Diazepam,,51.6433,-1.0045
W100097,2026-04-30,SE9,DIAZEPAM 5MG,DIAZEPAM 5MG,Yellow,Tablet,Not stated,"Not stated,  ",Diazepam,,51.44698000000001,0.0542799999999999
W100197,2026-04-30,ST10,ROCHE VALIUM,DIAZEPAM,Blue,Tablet,Not stated,"Not stated,  ",Diazepam,,52.994534615384616,-1.9419576923076924
W100126,2026-04-30,W68,DIAZEPAM,CRESCENT DIAZEPAM 10MG A/278,Blue,Tablet,Not stated,"Not stated,  ",Diazepam,,,
W100198,2026-04-30,ST10,NOZIM CLONAZEPAM,2MG CLONAZEPAM,Blue,Tablet,Not stated,"Not stated,  ",Clonazepam,,52.994534615384616,-1.9419576923076924
W100026,2026-04-30,PA23,valium 10mg,Diazepam 10mg bensidine,White,Tablet,Oral,"Relaxed, Chest pains",Diazepam,,55.988997142857144,-4.98592
W100215,2026-05-01,TN1,Daizepam,valium diazepam,Blue,Tablet,Not stated,"Not stated,  ",Diazepam,,51.1325,0.2633
W100154,2026-05-01,SY4,Lorazepam,Not stated,Blue,Tablet,Not stated,"Not stated,  ",Lorazepam,,52.7651,-2.7190144927536233
W100223,2026-05-01,ML3,Martin dow valium 10mg,martin dow 10mg,Blue,Tablet,Not stated,"Not stated,  ",Diazepam,,55.76254285714286,-4.045457142857143
W100201,2026-05-01,LE1,Ksalol xanax fresh stock,ksalol xanax fresh stock,Blue,Tablet,Not stated,"Not stated,  ",Alprazolam,,52.6386,-1.1317
W100204,2026-05-01,CV6,Ksalol xanax 1mg fresh stock,ksalol xanax 1mg fresh stock,Blue,Tablet,Not stated,"Not stated,  ",Alprazolam,,52.4414,-1.4998714285714283
W100161,2026-05-01,SY4,Diazepam,Diazepam roche 10mg,Blue,Tablet,Not stated,"Not stated,  ",Diazepam,,52.7651,-2.7190144927536233
W100163,2026-05-01,SY4,Diazepam,Diazepam roche 10mg,Blue,Tablet,Not stated,"Not stated,  ",Diazepam,,52.7651,-2.7190144927536233
W100107,2026-05-01,AB25,Xanax,Ksalol,White,Tablet,Oral,Relaxed,Alprazolam,,57.1437,-2.0981
000234328,2026-05-01,CF11,Lorazepam,Neuroxpharm,White,Tablet,Oral,"Euphoria, Increased confidence, Relaxed, Vomiting, Memory loss, Confusion, Suicidal ideation",Lorazepam,,51.48,-3.18
W100206,2026-05-01,CV7,ksadol xanax 1mg lcm,ksaol xanax 1mg lcm,Blue,Tablet,Not stated,"Not stated,  ",Alprazolam,,52.44593888888889,-1.5487333333333335
W100160,2026-05-01,SY4,Diazepam,Diazepam roche 10mg,Blue,Tablet,Not stated,"Not stated,  ",Diazepam,,52.7651,-2.7190144927536233
W100139,2026-05-01,SY4,Alprazolam,Not stated,Blue,Tablet,Not stated,"Not stated,  ",Alprazolam,,52.7651,-2.7190144927536233
W100242,2026-05-01,BT38,Diazepam,10mg valium martin dow,Blue,Tablet,Oral,"Increased confidence, Relaxed",Diazepam,,54.73284,-5.7809
W100151,2026-05-01,BS8,Lorazepam,lorazepam,White,Tablet,Oral,"Not stated,  ",Lorazepam,,51.450199999999995,-2.65032
W076078,2026-05-01,KY7,Valium,Not stated,White,Tablet,Oral,"Euphoria, Increased energy, Increased confidence, Increased senses, Relaxed, Memory loss",Clonazolam,,56.19679,-3.1358
W076146,2026-05-01,KA14,Xanax,Xanax viatris,Pink,Tablet,Not stated,"Not stated,  ",Alprazolam,,55.7393,-4.6776
W100147,2026-05-01,SY4,Lorazpam,Not stated,Blue,Tablet,Not stated,"Not stated,  ",Lorazepam,,52.7651,-2.7190144927536233
W100148,2026-05-01,SY4,Lorazepam,Not stated,Blue,Tablet,Not stated,"Not stated,  ",Lorazepam,,52.7651,-2.7190144927536233
W100164,2026-05-01,SY4,Diazepam,Diazepam roche 10mg,Blue,Tablet,Not stated,"Not stated,  ",Diazepam,,52.7651,-2.7190144927536233
W100195,2026-05-01,ST10,Galenika ksalol,Xanax,Blue,Tablet,Not stated,"Not stated,  ",Alprazolam,,52.994534615384616,-1.9419576923076924
W100152,2026-05-01,SY4,Alprazolam,Not stated,Blue,Tablet,Not stated,"Not stated,  ",Alprazolam,,52.7651,-2.7190144927536233
W100150,2026-05-01,SY4,Lorazepam,Not stated,Blue,Tablet,Not stated,"Not stated,  ",Lorazepam,,52.7651,-2.7190144927536233
000234327,2026-05-01,CF11,Lorazepam,MA holder genethics europe ltd,White,Tablet,Oral,"Euphoria, Increased confidence, Relaxed, Vomiting, Memory loss, Confusion, Suicidal ideation",Lorazepam,,51.48,-3.18
W100202,2026-05-01,LE2,Kaslol xanax 1mg,ksalol xanax 1mg,Blue,Tablet,Not stated,"Not stated,  ",Alprazolam,,52.60181666666667,-1.1167166666666668
W100162,2026-05-01,SY4,Diazepam,Diazepam roche 10mg,Blue,Tablet,Not stated,"Not stated,  ",Diazepam,,52.7651,-2.7190144927536233
W100143,2026-05-01,SY4,Lorazepam,Not stated,Blue,Tablet,Not stated,"Not stated,  ",Lorazepam,,52.7651,-2.7190144927536233
W100149,2026-05-01,SY4,Lorazepam,Not stated,Blue,Tablet,Not stated,"Not stated,  ",Lorazepam,,52.7651,-2.7190144927536233
000232925,2026-05-01,Not stated,Diazepam,Not stated,Blue,Tablet,Oral,Loss of consciousness,Diazepam,,,
W100255,2026-05-01,TQ46,Diazepam,Elikem elipam-10,White,Tablet,Not stated,"Not stated,  ",Diazepam,,50.424,-3.5713
W100137,2026-05-01,SY4,Alprazolam,Not stated,Blue,Tablet,Not stated,"Not stated,  ",Alprazolam,,52.7651,-2.7190144927536233
000039757,2026-05-01,LL65,diazepam,10,Blue,Tablet,Oral,Relaxed,Diazepam,,53.289686206896555,-4.534455172413793
W100253,2026-05-01,TN1,Diazepam,Diazepam (eatium 5mg),White,Tablet,Not stated,"Not stated,  ",Diazepam,,51.1325,0.2633
W100272,2026-05-01,G6,Bensedins,bensedin 10mg,White,Tablet,Oral,"Euphoria, Increased confidence, Empathy, Memory loss, Agitation, Panic attack",Diazepam,,,
W100138,2026-05-01,SY4,Alprazolam,Not stated,Blue,Tablet,Not stated,"Not stated,  ",Alprazolam,,52.7651,-2.7190144927536233
W100157,2026-05-01,SY4,Diazepam,Diazepam roche 10mg,Blue,Tablet,Not stated,"Not stated,  ",Diazepam,,52.7651,-2.7190144927536233
W100158,2026-05-01,SY4,Diazepam,Diazepam roche 10mg,Blue,Tablet,Not stated,"Not stated,  ",Diazepam,,52.7651,-2.7190144927536233
W076147,2026-05-01,KA14,Diazepam,Diazepam accord,Blue,Tablet,Not stated,"Not stated,  ",Diazepam,,55.7393,-4.6776
W076148,2026-05-01,KA14,Diazepam,Diazepam accord,Blue,Tablet,Not stated,"Not stated,  ",Diazepam,,55.7393,-4.6776
W100257,2026-05-01,TN1,Diazepam,Bensedin 10mg,White,Tablet,Not stated,"Not stated,  ",Diazepam,,51.1325,0.2633
000236134,2026-05-06,CF63,Diazepam 10mg,diazepam 10mg,Blue,Tablet,Not stated,"Not stated,  ",Cocaine,"Promethazine, Ethylbromazolam",51.4172,-3.2614
W100346,2026-05-06,SO17,Valium,Not stated,Blue,Tablet,Not stated,"Not stated,  ",Clobromazolam,Rilmazafone,50.927,-1.394
W100372,2026-05-06,DN5,Diazepam,Diazepam,White,Tablet,Oral,Relaxed,Ethylbromazolam,,53.53578181818182,-1.229072727272727
W076211,2026-05-06,SP7,Xanax,alprazolam tablet 1mg,White,Tablet,Oral,No effect,Chlorpheniramine,,50.99635,-2.1566636363636364
W100366,2026-05-06,G83,Street valium,Not stated,Brown,Capsule,Oral,"Euphoria, Increased confidence, Increased senses, Auditory hallucinations, Visual hallucinations, Relaxed, Memory loss, Confusion, Agitation, Suicidal ideation, Violence",No active compound identified,,56.03989166666666,-4.6006583333333335
W100329,2026-05-06,BB11,Diazepam,Diazepam,Blue,Tablet,Not stated,"Euphoria, No effect",Diazepam,,53.79165,-2.275
W100392,2026-05-06,BA6,Xanax,Alprazolam,White,Tablet,Oral,No effect,Tramadol,,51.140458333333335,-2.708916666666666
W100264,2026-05-06,Not stated,Diazepam and dihydrocodeine,Not stated,White,Tablet,Not stated,"Not stated,  ",Dihydrocodeine,,,
W100362,2026-05-06,KY4,Diazepam,Diazepam,White,Tablet,Not stated,"Not stated,  ",Diazepam,,56.10405,-3.363725
W100371,2026-05-06,EH22,Diazepam,diazepam,Blue,Tablet,Not stated,"Not stated,  ",Diazepam,,55.90278333333333,-3.078175
W100428,2026-05-06,DH99,Clonazepam 2mg neuraxpharm,Not stated,White,Tablet,Not stated,"Not stated,  ",Clonazepam,,54.786,-1.5566
W100398,2026-05-06,W7,Diazepam 10mg,Diazepam Ip 10mg,White,Tablet,Oral,No effect,Diazepam,,51.5118,-0.3358999999999999
W100430,2026-05-06,DH99,Clonazepam 2mg neuraxphram,clonazepam,White,Tablet,Not stated,"Not stated,  ",Clonazepam,,54.786,-1.5566
W100311,2026-05-06,Not stated,Diazepam,Not stated,Blue,Tablet,Oral,"Euphoria, Relaxed",Ethylbromazolam,,,
W100426,2026-05-06,DH99,Clonazepam 2mg neuraxpharm,clonazepam 2mg neuraxpharm,White,Tablet,Not stated,"Not stated,  ",Clonazepam,,54.786,-1.5566
W100332,2026-05-06,LS18,Diazepam 10mg,bensedin 10mg diazepam,White,Tablet,Not stated,"Not stated,  ",Ethylbromazolam,,53.838,-1.6404
W100429,2026-05-06,DH99,Clonazepam 2mg neuraxpharm,Clonazepam neauraxpham,White,Tablet,Not stated,"Not stated,  ",Clonazepam,,54.786,-1.5566
W100445,2026-05-07,PH2,Diazepam,valium martin dow,Blue,Tablet,Not stated,"Not stated,  ",Diazepam,,56.37225438596491,-3.356345614035088
W100382,2026-05-07,KY12,Diazepam,Diazepam,Blue,Tablet,Oral,"Relaxed, Confusion",Diazepam,,56.087095,-3.539235
W100408,2026-05-07,S63,Alprazolam,xanax,White,Tablet,Not stated,"Not stated,  ",Ethylbromazolam,,53.50789999999999,-1.34018
W076236,2026-05-07,LL12,diazepam,diazepam,White,Powder,Oral,"Euphoria, Relaxed",Paracetamol,,53.104020000000006,-3.0036
W100467,2026-05-07,E8,valium,Diazepam 10mg,White,Tablet,Not stated,"Not stated,  ",Diazepam,,51.548,-0.0629
W100409,2026-05-07,S63,Diazepam,Diazepam,Blue,Tablet,Not stated,"Not stated,  ",Diazepam,,53.50789999999999,-1.34018
W100468,2026-05-07,E8,2mg ativan lorazepam,pfizer ativan lorazepam 2mg,Brown,Tablet,Not stated,"Not stated,  ",Lorazepam,,51.548,-0.0629
W100344,2026-05-07,B22,Galenika ksalol 1mg,Galenika ksalol 1mg,Blue,Tablet,Not stated,"Not stated,  ",Alprazolam,,,
W076220,2026-05-07,SE25,Diazepam,Bensedin diazepam,White,Tablet,Not stated,"Not stated,  ",Diazepam,,51.398325,-0.06895
W100381,2026-05-07,CT1,diazepam,Diazepam,Yellow,Tablet,Not stated,"Not stated,  ",Diazepam,,51.27405,1.06835
W076241,2026-05-07,BN21,Diazepam,Not stated,White,Tablet,Not stated,"Not stated,  ",Diazepam,,50.7687,0.2845
W100380,2026-05-07,CT1,diazepam,diazepam,Yellow,Tablet,Not stated,"Not stated,  ",Diazepam,,51.27405,1.06835
W076223,2026-05-07,HD1,Diazepam 5mg,Diazepam 5mg accord,Yellow,Tablet,Not stated,"Not stated,  ",Diazepam,,53.649,-1.7842
W100328,2026-05-07,NW9,Diazepam,valium/ diazepam,Blue,Tablet,Not stated,"Not stated,  ",Diazepam,,51.5894,-0.25692
W076225,2026-05-07,WR10,Alprazolam,alprazolam,White,Tablet,Not stated,"Not stated,  ",Chlorpheniramine,,52.11444545454546,-2.047613636363636
W100336,2026-05-07,B22,Galenika rivotril 2mg,galenika rivotril 2mg,White,Tablet,Not stated,"Not stated,  ",Clonazepam,,,
W100499,2026-05-07,BL6,Diazepam,Diazepam,Yellow,Tablet,Not stated,"Not stated,  ",Diazepam,,53.608,-2.5757
W100359,2026-05-07,G15,diazepam,Not stated,White,Tablet,Not stated,"Not stated,  ",Diazepam,,55.9102,-4.3733
W100493,2026-05-11,BA10,xanax (alprazolam),Alprazolam 1mg Alxan-1 medicross,White,Tablet,Oral,No effect,Tramadol,,51.11111428571429,-2.4373142857142858
W100578,2026-05-11,EH32,Etizolam,Not stated,Pink,Powder,Snort / Sniff,"Increased confidence, Increased stamina, Increased libido, Increased strength, Auditory hallucinations, Chest pains, Vomiting, Memory loss","Ketamine, MDMA",Cocaine,55.97811428571429,-2.9193571428571423
W100549,2026-05-11,FK77,Diazepam,Not stated,White,Tablet,Oral,"Chest pains, Memory loss, Loss of consciousness",Medetomidine,,56.0861125,-3.9108875
W100518,2026-05-11,FK10,Valium,Not stated,White,Tablet,Not stated,"Increased senses, Relaxed, Paranoia, Memory loss, Confusion, Agitation, Depression, Loss of consciousness",Medetomidine,,56.10687777777778,-3.7534
W076221,2026-05-11,OX11,xanax 2mg,xanax 2mg,White,Tablet,Oral,"Relaxed, Memory loss",Medetomidine,,51.58721666666667,-1.2355166666666666
W100517,2026-05-11,FK10,valium,Not stated,White,Tablet,Not stated,"Relaxed, Memory loss, Confusion, Agitation, Loss of consciousness",Medetomidine,,56.10687777777778,-3.7534
W100507,2026-05-11,FK7,valium,Not stated,White,Tablet,Oral,"Relaxed, Confusion, Panic attack, Loss of consciousness",Medetomidine,,56.0861125,-3.9108875
W100508,2026-05-11,FK10,Valium,Not stated,White,Tablet,Oral,"Relaxed, Panic attack, Loss of consciousness",Medetomidine,,56.10687777777778,-3.7534
W100595,2026-05-11,SA14,Clonazepam 2mg,galenika rivotril clonazepam,White,Tablet,Not stated,"Not stated,  ","Ethylbromazolam, Promethazine",,51.76378235294118,-4.089482352941177
W100528,2026-05-11,LU6,Diazepam 5mg,Accord diazepam 5mg,Yellow,Tablet,Not stated,"Not stated,  ",Diazepam,,51.8686,-0.5463600000000001
W100509,2026-05-11,FK9,valium,Not stated,White,Tablet,Oral,"Relaxed, Loss of consciousness",Diazepam,,56.1436875,-3.9315
W100587,2026-05-11,AB1,Clonazepam,Clonazepam,White,Tablet,Oral,"Euphoria, Relaxed",Clonazepam,,,
W100538,2026-05-11,M14,Alprazolam,uptohn xanax alprazolam,Pink,Tablet,Not stated,"Not stated,  ",Alprazolam,,53.4482,-2.2257
W100581,2026-05-11,SA73,lorazepam 2mg,lorazepam tablets lora-2,White,Tablet,Not stated,"Not stated,  ",Lorazepam,,51.719835714285715,-4.983364285714286
W100450,2026-05-11,B24,Clonazepam 2mg,Not stated,White,Tablet,Not stated,"Not stated,  ",Clonazepam,,52.526349999999994,-1.809
W100571,2026-05-11,Not stated,Valium,Not stated,White,Tablet,Not stated,Relaxed,Diazepam,,,
W100590,2026-05-11,TN16,Diazepam,Diazepam accord,Yellow,Tablet,Not stated,"Not stated,  ",Diazepam,,51.2871,0.0597833333333333
W100536,2026-05-11,M14,alprazolam,gelenika ksalol alprazolam,White,Tablet,Not stated,"Not stated,  ",Alprazolam,,53.4482,-2.2257
W100537,2026-05-11,M14,diazepam,galenika bensedin (diazepam),White,Tablet,Not stated,"Not stated,  ",Diazepam,,53.4482,-2.2257
W100582,2026-05-11,AB1,Diazepam,Diazepam,Blue,Tablet,Oral,"Euphoria, Relaxed",Diazepam,,,
W100588,2026-05-11,AB1,Clonazepam,Clonazepam,White,Tablet,Oral,"Euphoria, Relaxed",Clonazepam,,,
W100592,2026-05-13,TD9,Diazepam,Accord diazepam 10mg,Blue,Tablet,Oral,No effect,Ethylbromazolam,,55.39354782608696,-2.707571739130435
W076247,2026-05-13,CR4,Xanax / alprazolam,1mg ksalol xanax alprazolam,Blue,Tablet,Not stated,"Not stated,  ",Alprazolam,,51.3936,-0.163
W100567,2026-05-13,GL12,diazepam,bensedin galenika,White,Tablet,Not stated,"Not stated,  ",Diazepam,,51.62172777777778,-2.3947055555555554
W100621,2026-05-13,SY23,Diazepam,Diazepam,White,Tablet,Oral,Relaxed,Diazepam,,52.34458541666667,-3.9885
W100557,2026-05-13,WA9,diazepam,Martin dow diazepam,White,Tablet,Not stated,"Not stated,  ",Diazepam,,53.426433333333335,-2.7348666666666666
W100579,2026-05-13,CF40,DIAZEPAM,DOW,Blue,Tablet,Not stated,"Not stated,  ",Diazepam,,51.627316666666665,-3.461883333333333
W100606,2026-05-13,SN2,TEMAZEPAM,TEMAZEPAM TEVA,Colourless,Tablet,Not stated,"Not stated,  ",Ethylbromazolam,,51.58286666666667,-1.7952333333333332
W100564,2026-05-13,CR4,Xanax alprazolam,2mg xanax alprazolam,White,Powder,Snort / Sniff,No effect,Caffeine,Clobromazolam,51.3936,-0.163
W100607,2026-05-13,SN2,ALPRAZOLAM,KERN ALPROZOLAM,Colourless,Tablet,Oral,"Relaxed, Nausea, Confusion, Agitation, No effect",Ethylbromazolam,,51.58286666666667,-1.7952333333333332
W100619,2026-05-13,Not stated,Xanax,Not stated,White,Tablet,Not stated,"Memory loss, Confusion",Tramadol,,,
W100617,2026-05-14,SN1,DIAZEPAM,EUPAM 10,White,Tablet,Not stated,Relaxed,Diazepam,,51.558,-1.7812
W072611,2026-05-14,FK1,DIAZEPAM,Not stated,White,Tablet,Oral,"Auditory hallucinations, Memory loss, Confusion, Loss of consciousness",Medetomidine,,55.96849090909091,-3.796481818181818
W100744,2026-05-14,EH1,DIAZEPAM 10MG,VALIUM 10MG,Blue,Tablet,Not stated,"Not stated,  ",Diazepam,,55.9521,-3.1965
W076269,2026-05-14,HA3,ALPRAZOLAM,KSALOL GALENIKA,White,Tablet,Not stated,"Not stated,  ",Alprazolam,,51.59936666666667,-0.3307333333333333
W100679,2026-05-14,SW99,DIAZEPAM,VALIUM DIAZEPAM,Blue,Tablet,Not stated,"Not stated,  ",Diazepam,,51.474,-0.1168
W075681,2026-05-14,CT14,XANAX,ALPRAZOLAM,White,Tablet,Not stated,"Not stated,  ",Alprazolam,,51.21555714285714,1.369478571428571
W100701,2026-05-14,W8,DIAZEPAM,DIAZEPAM,Blue,Tablet,Not stated,"Not stated,  ",Diazepam,,51.501125,-0.1985
W100745,2026-05-14,LS12,BROMAZOLAM,BROMAZOLAM,Purple,Tablet,Not stated,"Euphoria, Increased confidence, Relaxed, Memory loss",Bromazolam,,53.7913,-1.5972
W100688,2026-05-14,G4,VALIUM,Not stated,White,Tablet,Not stated,"Not stated,  ",Bromazolam,,55.8651,-4.2576
W076263,2026-05-14,W6,CLONAZEPAM,CLONOTROL 2MG TABLETS,Red,Tablet,Not stated,"Not stated,  ",Clonazepam,,51.49248333333333,-0.2204
W100686,2026-05-14,WA10,RIVOTRIL 2MG,CLONAZEPAM,White,Tablet,Oral,Loss of consciousness,Clonazepam,,53.45000000000001,-2.7583
W100721,2026-05-14,G82,DIAZEPAM,Not stated,White,Tablet,Not stated,"Not stated,  ",Bromazolam,,55.954800000000006,-4.5815222222222225
W100743,2026-05-14,G82,STREET VALIUM,Not stated,White,Solid,Not stated,"Relaxed, Violence, Agression",Bromazolam,,55.954800000000006,-4.5815222222222225
W075962,2026-05-14,SK12,MARTIN DOW VALIUM,MARTIN DOW VALIUM,Blue,Tablet,Oral,"Euphoria, Increased confidence, Empathy",Diazepam,,53.351884210526315,-2.0920947368421055
W100622,2026-05-14,W6,CLONAZEPAM,RIVOTRIL 2MG,White,Tablet,Oral,"Relaxed, Nausea, Memory loss",Clonazepam,,51.49248333333333,-0.2204
W100675,2026-05-14,SW99,ALPRAZOLAM,ALPRAZOLAM,White,Tablet,Not stated,"Not stated,  ",Tramadol,,51.474,-0.1168
W100546,2026-05-14,EH6,DIAZEPAM,DIAZEPAM,White,Tablet,Not stated,"Not stated,  ",Diazepam,,55.9617,-3.1844
W100720,2026-05-14,G82,DIAZEPAM,Not stated,White,Tablet,Not stated,"Not stated,  ",Diazepam,,55.954800000000006,-4.5815222222222225
W100547,2026-05-14,EH6,DIAZEPAM,DIAZEPAM,Blue,Tablet,Not stated,"Not stated,  ",Diazepam,,55.9617,-3.1844
W100646,2026-05-14,EH6,DIAZEPAM,DIAZEPAM,Blue,Tablet,Not stated,"Not stated,  ",Diazepam,,55.9617,-3.1844
W100647,2026-05-14,EH6,DIAZEPAM,DIAZEPAM,Blue,Tablet,Not stated,"Not stated,  ",Diazepam,,55.9617,-3.1844
W100648,2026-05-14,EH6,DIAZEPAM,DIAZEPAM,Blue,Tablet,Not stated,"Not stated,  ",Diazepam,,55.9617,-3.1844
W100699,2026-05-14,L10,DIAZEPAM,DIAZEPAM,Yellow,Tablet,Not stated,"Not stated,  ",Diazepam,,53.4754,-2.952
W100625,2026-05-14,W6,DIAZEPAM,BENSEDIN 10MG,White,Tablet,Not stated,"Relaxed, Memory loss",Diazepam,,51.49248333333333,-0.2204
W076264,2026-05-14,W6,XANAX,ALPRAZOLAM 1MG,Blue,Tablet,Oral,Relaxed,Alprazolam,,51.49248333333333,-0.2204
W100645,2026-05-14,EH6,DIAZEPAM,DIAZEPAM,Blue,Tablet,Not stated,"Not stated,  ",Diazepam,,55.9617,-3.1844
W076265,2026-05-14,EH6,DIAZEPAM,DIAZEPAM,White,Tablet,Not stated,"Not stated,  ",Diazepam,,55.9617,-3.1844
W100545,2026-05-14,EH6,DIAZEPAM,DIAZEPAM,Yellow,Tablet,Not stated,"Not stated,  ",Diazepam,,55.9617,-3.1844
W075963,2026-05-14,SK12,MARTIN DOW VALIUM,MARTIN DOW VALIUM,Blue,Tablet,Oral,"Euphoria, Increased confidence, Empathy",Diazepam,,53.351884210526315,-2.0920947368421055
W100552,2026-05-14,BH22,DIAZEPAM 10MG,BENSEDIN 10MG GALENIKA,White,Tablet,Not stated,"Not stated,  ",Diazepam,,50.798257142857146,-1.8945142857142856
W100732,2026-05-14,NN12,VALIUM 10MG,,White,Tablet,Not stated,"Not stated,  ",Diazepam,,52.12114285714286,-1.03124
W100689,2026-05-14,G4,CLONAZEPAM,RIVOTRIL,White,Tablet,Not stated,"Not stated,  ",Clonazepam,,55.8651,-4.2576
W100717,2026-05-14,G82,DIAZEPAM,Not stated,White,Tablet,Oral,"Not stated,  ",Diazepam,,55.954800000000006,-4.5815222222222225
W100685,2026-05-14,WA10,ALPRAZ XR 2MG,ALPRAZOLAM,Yellow,Tablet,Oral,Loss of consciousness,Alprazolam,,53.45000000000001,-2.7583
W100865,2026-05-19,LA13,clonazepam,Galenika,White,Tablet,Not stated,"Not stated,  ",Clonazepam,,54.11367142857143,-3.193485714285714
W100874,2026-05-19,LU7,Alprazolam,Rlam-1,White,Tablet,Oral,"Euphoria, Relaxed",Tramadol,,51.89277307692308,-0.6581499999999999
W100945,2026-05-19,BT67,Diazepam 10mg,Bensedin 10,White,Tablet,Not stated,"Not stated,  ",Diazepam,,54.48503333333334,-6.287166666666667
W100909,2026-05-19,G8,Diazepam 5mg,Diazepam accord/almus,Yellow,Tablet,Not stated,"Not stated,  ",Diazepam,,,
W100946,2026-05-19,IV36,Xanax (alprazolam),Alprazolam 1mg,White,Tablet,Oral,Relaxed,Chlorpheniramine,,57.61094054054054,-3.6021297297297297
W076273,2026-05-19,BS48,Diazepam 10mg,Bensedin,White,Tablet,Oral,Relaxed,Diazepam,,51.4253,-2.7484
W100936,2026-05-19,PR3,klonopin,rivotril,White,Tablet,Not stated,"Not stated,  ",Clonazepam,,53.903882857142854,-2.707102857142857
W100964,2026-05-19,FK10,Valium,Not stated,Blue,Tablet,Oral,"Not stated,  ",Bromazolam,,56.10687777777778,-3.7534
W100937,2026-05-19,PR3,Klonopin,Rivotril,White,Tablet,Not stated,"Not stated,  ",Clonazepam,,53.903882857142854,-2.707102857142857
W100935,2026-05-19,PR3,Klonopin,Rivotril,White,Tablet,Not stated,"Not stated,  ",Clonazepam,,53.903882857142854,-2.707102857142857
W076288,2026-05-19,BS48,Nitrazepam,Not stated,White,Tablet,Not stated,"Not stated,  ",Nitrazepam,,51.4253,-2.7484
W073583,2026-05-19,FK10,Diazepam,Diazepam,White,Tablet,Oral,Relaxed,"Bromazolam, Caffeine",,56.10687777777778,-3.7534
W076272,2026-05-19,BS48,Nitrazepam 10mg,Not stated,White,Tablet,Not stated,"Not stated,  ",Nitrazepam,,51.4253,-2.7484
W100875,2026-05-19,TS25,temazepam 20mg egg,Not stated,Yellow,Tablet,Oral,"Increased energy, Increased confidence, Relaxed, Confusion, Loss of consciousness",Tadalafil,,54.6515,-1.2128
W100900,2026-05-19,L15,Xanax,Viatris trankimazin Xanax,White,Tablet,Not stated,"Not stated,  ",Alprazolam,,53.3975,-2.9206
W076289,2026-05-19,BS48,temazepam,Not stated,Purple,Tablet,Not stated,"Not stated,  ",Temazepam,,51.4253,-2.7484
W100737,2026-05-19,BT2,alprazolam 2mg,Not stated,White,Tablet,Oral,"Euphoria, Increased confidence, Increased strength, Relaxed, Memory loss, Confusion",Tramadol,,54.5833,-5.9333
000039753,2026-05-19,LL77,DIAZEPAM,Not stated,White,Tablet,Oral,"Not stated,  ",Diazepam,,53.27263333333334,-4.3066
W100682,2026-05-19,PR32,BLUES,VALIUM,White,Tablet,Not stated,"Not stated,  ",Diazepam,,53.903882857142854,-2.707102857142857
W076283,2026-05-19,PL97,XANAX,ALPRX-1 ALPRAZOLAM,White,Tablet,Not stated,"Not stated,  ",Alprazolam,,50.34709090909091,-4.0945
W100747,2026-05-19,WV10,GALENIKA BENSEDIN,BENSEDIN,White,Tablet,Oral,"Not stated,  ",Diazepam,,52.651114285714286,-2.101428571428571
W100784,2026-05-19,BD4,VALIUM 10MG,VALIUM 10MG,Blue,Tablet,Not stated,"Not stated,  ",Diazepam,,53.770725,-1.729375
000239691,2026-05-19,NP4,SUSPECTED DIAZEPAM,Not stated,White,Tablet,Not stated,"Not stated,  ",Ethylbromazolam,,51.718515789473685,-3.030521052631579
W100770,2026-05-19,SO40,DIAZEPAM,ACCORD DIAZEPAM 5MG,Yellow,Tablet,Oral,"Not stated,  ",Diazepam,,50.91249375,-1.51341875
W076285,2026-05-19,OX49,XANAX,"FELIX PHARMACIA, ALPRAZOLAM",White,Tablet,Not stated,"Not stated,  ",Alprazolam,,51.6433,-1.0045
W100736,2026-05-19,BT2,ALPRAZOLAM 1MG,Not stated,White,Tablet,Oral,"Chest pains, Vomiting, No effect, Panic attack",Alprazolam,,54.5833,-5.9333
000237981,2026-05-19,CF40,Diazepam,Diazepam,White,Tablet,Oral,"Empathy, Relaxed",Zopiclone,,51.627316666666665,-3.461883333333333
W100829,2026-05-19,CF24,Clonazepam,Klonopin,White,Tablet,Oral,Euphoria,Clonazepam,,51.48,-3.18
W100817,2026-05-19,CF24,Bensedin/Diazepam,Bensedin,White,Tablet,Oral,"Increased energy, Increased confidence, Relaxed, Insomnia, Depression",Ethylbromazolam,,51.48,-3.18
W100692,2026-05-19,CO7,Alprazolam,Ksalol,Blue,Tablet,Not stated,"Not stated,  ",Alprazolam,,51.887447826086955,1.0088478260869564
W100783,2026-05-19,FK8,VALIUM,Not stated,Blue,Tablet,Oral,"Relaxed, Irregular heartbeat",Paracetamol,,56.12892702702703,-4.228913513513514
W100693,2026-05-19,CO7,Diazepam,Bensedin,White,Tablet,Not stated,"Not stated,  ",Diazepam,,51.887447826086955,1.0088478260869564
000235792,2026-05-19,Not stated,Diazepam,Diazepam,Blue,Tablet,Oral,No effect,Ethylbromazolam,,,
000041793,2026-05-19,SA48,alprazolam,Not stated,White,Tablet,Oral,"Not stated,  ",Tramadol,,52.154116,-4.1118
W100887,2026-05-19,YO32,alprazolam,"medicross, alprazolam 2mg",White,Tablet,Not stated,Anxiety,Tramadol,,54.0114375,-1.0430625
W100796,2026-05-19,TN16,diazepam,diazepam accoord 5mg,Yellow,Tablet,Not stated,"Not stated,  ",Diazepam,,51.2871,0.0597833333333333
W100843,2026-05-19,BT36,Valium,Valium martin dow,Blue,Tablet,Oral,"Increased confidence, Empathy, Relaxed, Confusion",Diazepam,,54.675533333333334,-5.9483
W100867,2026-05-19,LA13,Clonazepam,Galenika,White,Tablet,Not stated,"Not stated,  ",Clonazepam,,54.11367142857143,-3.193485714285714
W100803,2026-05-19,GL53,LORAZEPAM,ATIVAN 2MG,Pink,Tablet,Not stated,"Not stated,  ",Lorazepam,,51.8192,-2.05427
W100716,2026-05-19,Not stated,Diazepam,Elipam,White,Tablet,Oral,Relaxed,Diazepam,,,
W100735,2026-05-19,BT2,Clonazepam 2mg,Not stated,White,Tablet,Oral,"Euphoria, Increased confidence, Relaxed",Clonazepam,,54.5833,-5.9333
W100883,2026-05-19,PL22,Diazepam 10mg,diazepam 10mg,White,Tablet,Oral,"Relaxed, Depression",Diazepam,,50.39221111111111,-4.640277777777778
W100864,2026-05-19,LA13,Clonazepam,Galenika,White,Tablet,Not stated,"Not stated,  ",Clonazepam,,54.11367142857143,-3.193485714285714
W100791,2026-05-19,AB24,Diazepam,Diazepam,Yellow,Tablet,Not stated,No effect,Diazepam,,57.1437,-2.0981
W100866,2026-05-19,LA13,Clonazepam,Galenika,White,Tablet,Not stated,"Not stated,  ",Clonazepam,,54.11367142857143,-3.193485714285714
W100706,2026-05-19,LU7,Alprazolam,rlam-1,White,Tablet,Not stated,"Not stated,  ",Tramadol,,51.89277307692308,-0.6581499999999999
W100835,2026-05-19,SA15,diazepam,Diazepam,White,Tablet,Oral,Relaxed,Diazepam,,51.74003,-4.187250000000001
W101019,2026-05-21,E17,Etizolam,Etizolam,Blue,Tablet,Oral,"Relaxed, No effect",Desalkylgidazepam,,51.58758,-0.02048
W100915,2026-05-26,BS3,benzo,Valium,Blue,Tablet,Oral,"Relaxed, Nosebleeds, Nausea, Memory loss, Confusion, Agitation, Suicidal ideation, Violence, Panic attack, Loss of consciousness",Diazepam,,51.4552,-2.5966
W100938,2026-05-26,PR3,Klonopin,Rivotril,White,Tablet,Not stated,"Not stated,  ",Clonazepam,,53.903882857142854,-2.707102857142857
W100962,2026-05-26,M16,Diazepam,Matin dows,Blue,Tablet,Not stated,"Not stated,  ",Diazepam,,53.4551,-2.2645
W100914,2026-05-26,YO31,Valium (diazepam),Not stated,Blue,Tablet,Not stated,"Not stated,  ",Diazepam,,53.9576,-1.0827
W100957,2026-05-26,BH22,Diazepam,Not stated,White,Tablet,Not stated,"Not stated,  ",Diazepam,,50.798257142857146,-1.8945142857142856
W100969,2026-05-26,SR3,diazepam,sedil diazepam 5mg,Orange,Tablet,Not stated,"Not stated,  ",Diazepam,,54.874233333333336,-1.4153666666666669
W100968,2026-05-26,SW1,Xanax 0.5mg,xanax 0.5mg,Pink,Tablet,Not stated,"Not stated,  ",Alprazolam,,51.495583333333336,-0.1417916666666666
W100913,2026-05-26,YO31,Valium (diazepam),Valium (diazepam),Blue,Tablet,Not stated,"Not stated,  ",Diazepam,,53.9576,-1.0827
000237982,2026-05-26,CF37,Lorazepam,Lorazepam,Blue,Tablet,Oral,"Not stated,  ",Lorazepam,,51.613815384615386,-3.3598076923076925
W100053,2026-05-26,CF45,Temazepam,Temazepam,White,Tablet,Not stated,"Not stated,  ",Temazepam,,51.66452,-3.3537
W100907,2026-05-26,GL88,xanax,Xanax,White,Tablet,Not stated,"Not stated,  ",No active compound identified,,51.6456705882353,-2.1885529411764706
W076256,2026-05-26,Not stated,Street valium,Not stated,White,Tablet,Oral,"Increased confidence, Relaxed, Agitation, Depression, Loss of consciousness",Medetomidine,,,
W100868,2026-05-26,SS71,Diazepam 10mg,Valium Diazepam 10mg,Blue,Tablet,Not stated,"Not stated,  ",Diazepam,,51.55652,0.58128
W100942,2026-05-29,SE3,DIAZEPAM,DIAZEPAM ROCHE 10MG,Blue,Tablet,Not stated,"Not stated,  ",Diazepam,,51.46596666666667,0.0175
W100932,2026-05-29,LS8,DIAZEPAM,BENSEDIN GALENIKA DIAZEPAM,White,Tablet,Oral,"Increased confidence, Relaxed",Diazepam,,53.8245,-1.5099
000236805,2026-05-29,CF63,DIAZEPAM 5MG,Not stated,Yellow,Tablet,Not stated,"Not stated,  ",Diazepam,,51.4172,-3.2614
000236512,2026-05-29,CF39,DIAZEPAM,BENSEDIN,White,Tablet,Not stated,"Not stated,  ",Ethylbromazolam,,51.5988125,-3.447975
W100898,2026-05-29,L13,DIAZEPAM,GALENIKA BENSEDIN,White,Tablet,Not stated,"Not stated,  ",Diazepam,,53.4179,-2.9206
000236804,2026-05-29,CF63,CLONAZEPAM NOVUMGEN,Not stated,White,Tablet,Oral,"Not stated,  ",Clonazepam,,51.4172,-3.2614
W101087,2026-05-29,TW1,DIAZEPAM,DIAZEPAM,White,Tablet,Not stated,"Not stated,  ",Diazepam,,51.4454,-0.3297
W101046,2026-05-29,SR6,DIAZEPAM,ROCHE 10MG DIAZEPAM,Blue,Tablet,Oral,"Relaxed, Insomnia, No effect",Diazepam,,54.94488,-1.3725200000000002
W101097,2026-05-29,N10,XANAX,XANAX,Orange,Tablet,Not stated,"Not stated,  ",Alprazolam,,51.5905,-0.1421
W100014,2026-05-29,W2,DIAZEPAM,Not stated,Blue,Tablet,Not stated,"Not stated,  ",Ethylbromazolam,,51.51413636363636,-0.1886454545454545
000034693,2026-05-29,SA32,DIAZEPAM,DIAZEPAM,White,Tablet,Oral,"Not stated,  ",Diazepam,,51.89156,-4.16407
W101088,2026-05-29,TW1,DIAZEPAM,DIAZEPAM,White,Tablet,Not stated,"Not stated,  ",Diazepam,,51.4454,-0.3297
W101295,2026-06-05,NR6,DIAZEPAM,DIAZEPAM,Blue,Tablet,Not stated,"Not stated,  ",Bromazolam,,52.66225,1.27955
W101328,2026-06-05,RG12,valium,Martin dow,Blue,Tablet,Not stated,"Not stated,  ",Diazepam,,51.4007,-0.7635
W101329,2026-06-05,RG12,Valium,Martin dow,Blue,Tablet,Not stated,"Not stated,  ",Diazepam,,51.4007,-0.7635
000236822,2026-06-05,CF64,DIAZEPAM 10MG,10MG DIAZEPAM,Blue,Tablet,Oral,"Euphoria, Increased energy, Relaxed, Paranoia, Memory loss, Confusion, Agitation, Loss of consciousness","Ethylbromazolam, Promethazine",,51.42878,-3.21045
000236821,2026-06-05,CF64,DIAZEPAM 10MG,10MG DIAZEPAM,Blue,Tablet,Oral,"Euphoria, Increased confidence, Relaxed, Paranoia, Memory loss, Confusion, Agitation, Loss of consciousness",Diazepam,,51.42878,-3.21045
W101343,2026-06-05,E17,Etizolam,etilaam,Blue,Tablet,Not stated,"Not stated,  ",Desalkylgidazepam,,51.58758,-0.02048
W101422,2026-06-05,S18,DIAZEPAM,ACCORD DIAZEPAM,Blue,Tablet,Oral,"Relaxed, Memory loss",Ethylbromazolam,,53.29518,-1.4762
W101376,2026-06-05,SS11,DIAZEPAM,DIAZEPAM,Blue,Tablet,Not stated,"Not stated,  ",Ethylbromazolam,,51.61865,0.5607
W101456,2026-06-05,WA15,DIAZEPAM,DIAZEPAM,White,Tablet,Not stated,"Not stated,  ","Ethylbromazolam, Promethazine",,53.3761,-2.3331
W101409,2026-06-05,LS11,ETIZOLAM 1MG,Not stated,Blue,Tablet,Oral,"Not stated,  ",Etizolam,,53.7667,-1.5667
W101454,2026-06-05,NW1,VALIUM,BENSEDIN GALENIKA,White,Tablet,Not stated,"Not stated,  ",Diazepam,,51.52988181818182,-0.1471818181818182
W076293,2026-06-05,SN9,DIAZEPAM,BENSEDIN DIAZEPAM,White,Tablet,Oral,"Relaxed, Memory loss, Confusion, Insomnia, Depression",Ethylbromazolam,,51.321110526315785,-1.8159894736842104
W101378,2026-06-05,SS11,NITRAZEPAM,NITRAZEPAM,White,Tablet,Not stated,"Not stated,  ",Nitrazepam,,51.61865,0.5607
W101443,2026-06-05,HP2,Xanax,Xanax 4mg,White,Powder,Not stated,"Not stated,  ",Alprazolam,,51.7639,-0.4531
W101301,2026-06-05,ME39,KLONOPIN 2MG,CLONAZEPAM 2MG,White,Other,Oral,"Increased confidence, Relaxed, Memory loss",Clonazepam,,51.438552941176475,0.5568352941176471
000232858,2026-06-05,NP20,VALIUM,Not stated,Blue,Tablet,Oral,"Not stated,  ",Ethylbromazolam,,51.5877,-2.9984
W101294,2026-06-05,HA3,LORAZEPAM,Not stated,White,Tablet,Not stated,"Not stated,  ",Lorazepam,,51.59936666666667,-0.3307333333333333
000043993,2026-06-05,CF64,rivotril 2mg,rivotril 2mg,Colourless,Tablet,Oral,"Euphoria, Increased energy, Relaxed, Paranoia, Memory loss, Confusion, Agitation, Insomnia, Loss of consciousness",Clonazepam,,51.42878,-3.21045
W101408,2026-06-05,YO51,DIAZEPAM,Not stated,Blue,Tablet,Oral,Relaxed,Ethylbromazolam,,54.0667,-1.3667
W101235,2026-06-05,BT45,DIAZEPAM 5MG,DIAZEPAM 5MG,Yellow,Tablet,Not stated,"Not stated,  ",Diazepam,,54.771116666666664,-6.6285750000000005
W101287,2026-06-05,CF14,DIAZEPAM 10MG,DIAZEPAM 10MG,White,Tablet,Not stated,"Not stated,  ","Ethylbromazolam, Promethazine",,51.5199,-3.204
W076320,2026-06-05,WN1,CLONAZEPAM,CLONAZEPAM,White,Tablet,Not stated,"Not stated,  ",Ethylbromazolam,,53.54315,-2.6226
000236207,2026-06-05,CF83,VALIUM / DIAZEPAM,VALIUM / DIAZEPAM,Blue,Tablet,Oral,Relaxed,Diazepam,,51.59288333333333,-3.2333833333333337
W101314,2026-06-05,TS21,DIAZEPAM 10MG,BENSEDIN GALENIKA,Colourless,Tablet,Not stated,"Not stated,  ","Ethylbromazolam, Promethazine",,54.6124625,-1.4342875
W101293,2026-06-05,HA3,ALPRAZOLAM,KSALOL GALENIKA,White,Tablet,Not stated,"Not stated,  ",Alprazolam,,51.59936666666667,-0.3307333333333333
W101300,2026-06-05,ME59,VALIUM 10MG DIAZEPAM,Not stated,Blue,Tablet,Not stated,"Not stated,  ",Diazepam,,51.352066666666666,0.5337
W101317,2026-06-05,EH10,ALPRAZOLAM,XANAX,Pink,Tablet,Not stated,"Not stated,  ",Alprazolam,,55.91466666666667,-3.2046333333333337
W101283,2026-06-05,M11,DIAZEPAM,GALENIKA BENSEDIN DIAZEPAM ORAINA UPOTREBA,White,Tablet,Not stated,"Not stated,  ","Ethylbromazolam, Promethazine",,53.479,-2.1818
W101356,2026-06-05,S21,Diazepam,Diazepam,Blue,Tablet,Oral,"Relaxed, Nausea, Confusion, Agitation, Violence, Panic attack",Ethylbromazolam,,53.3123,-1.3394
W101453,2026-06-05,NW1,Nitrazepam,Nitrazepam,White,Tablet,Not stated,"Not stated,  ",Nitrazepam,,51.52988181818182,-0.1471818181818182
W101377,2026-06-05,TS10,DIAZEPAM,DIAZEPAM 5MG,Yellow,Tablet,Oral,Relaxed,Diazepam,,54.60510000000001,-1.07006
W076324,2026-06-05,EH11,DIAZEPAM,GALENIKA BENSEDIN 10MG DIAZEPAM,White,Tablet,Not stated,"Not stated,  ",Diazepam,,55.9326,-3.2531
W101458,2026-06-08,EN2,VALIUM / DIAZEPAM,Not stated,Yellow,Tablet,Oral,Relaxed,Diazepam,,51.6515,-0.085
W101525,2026-06-08,SA14,ELIKEM 3MG LORAZEPAM,AS ABOVE,White,Tablet,Oral,"Euphoria, Increased confidence, Empathy, Relaxed, Memory loss, No effect",Lorazepam,,51.76378235294118,-4.089482352941177
W101553,2026-06-09,WA6,Diazepam,Diazepam,White,Tablet,Oral,"Increased confidence, Relaxed","Ethylbromazolam, Promethazine",,53.26614166666667,-2.732791666666667
W101583,2026-06-09,YO24,Alprazolam,Ksalol Alprazolam 1mg,Blue,Tablet,Not stated,"Euphoria, Relaxed",Alprazolam,,53.946,-1.1169
W101590,2026-06-09,L17,diazepam,Diazepam,White,Powder,Oral,No effect,Paracetamol,,53.3653,-2.9178
W076326,2026-06-09,L36,diazepam,Diazepam,Blue,Tablet,Oral,"Increased confidence, Relaxed",Diazepam,,53.4103,-2.8480499999999997
W101585,2026-06-09,LS23,Alprazolam,Ksalol alprazolam 1mg,Blue,Tablet,Not stated,"Not stated,  ",Alprazolam,,53.90194,-1.3415
W101544,2026-06-09,CF14,Diazepam 5mg,Diazepam 5mg,Yellow,Tablet,Not stated,"Not stated,  ",Diazepam,,51.5199,-3.204
W101610,2026-06-10,M4,Bensedin (diazepam),Bensedin,White,Tablet,Not stated,"Not stated,  ",Diazepam,,53.4809,-2.2374
W101611,2026-06-10,M4,Alprazolam,Ksalol,Blue,Tablet,Not stated,"Not stated,  ",Alprazolam,,53.4809,-2.2374
W101477,2026-06-10,GL50,Clonazepam,Nozim 2,Blue,Tablet,Not stated,"Not stated,  ",Clonazepam,,51.9,-2.0833
W101478,2026-06-10,GL50,Clonazepam,Rivotril,White,Tablet,Not stated,"Not stated,  ",Ethylbromazolam,,51.9,-2.0833
W101566,2026-06-10,BH11,Alprazolam,Alprazolam,White,Tablet,Not stated,"Not stated,  ",Alprazolam,,50.7655,-1.9096
000234194,2026-06-10,NP20,DIAZEPAM,Not stated,Blue,Tablet,Not stated,"Not stated,  ",Diazepam,,51.5877,-2.9984
000234191,2026-06-10,NP20,DIAZEPAM,Not stated,Blue,Tablet,Not stated,"Not stated,  ",Diazepam,,51.5877,-2.9984
000234189,2026-06-10,NP20,DIAZEPAM,Not stated,Blue,Tablet,Oral,Relaxed,Diazepam,,51.5877,-2.9984
000234183,2026-06-10,NP20,DIAZEPAM,Not stated,Blue,Tablet,Oral,Relaxed,Diazepam,,51.5877,-2.9984
000234175,2026-06-10,NP20,DIAZEPAM,Not stated,Blue,Tablet,Not stated,"Not stated,  ",Diazepam,,51.5877,-2.9984
W101613,2026-06-10,M4,Clonazepam,Rivotril,White,Tablet,Not stated,"Not stated,  ",Clonazepam,,53.4809,-2.2374
W101640,2026-06-10,RM13,Diazepam 10mg,Diazepam 10mg,Blue,Tablet,Not stated,"Not stated,  ",Ethylbromazolam,,51.5223,0.1936999999999999
W101609,2026-06-11,TW10,DIAZEPAM,BENSEDIN DIAZEPAM,White,Tablet,Oral,Relaxed,Diazepam,,51.442359999999994,-0.30408
W101434,2026-06-11,G83,DIAZEPAM,DIAZEPAM ACCORD 5MG,Yellow,Tablet,Not stated,"Not stated,  ",Diazepam,,56.03989166666666,-4.6006583333333335
W101653,2026-06-11,DE22,DIAZEPAM 10MG,N/A ANADIX TEXT,Blue,Tablet,Oral,Relaxed,Diazepam,Paracetamol,52.9531,-1.521125
W076310,2026-06-11,WF12,NITRAZEPAM,NITRAZEPAM 10MG,White,Tablet,Not stated,"Not stated,  ",Nitrazepam,,53.68023333333334,-1.6275333333333333
W101647,2026-06-11,NG7,XANAX,ALPRAZOLAM VIATRIS,Pink,Tablet,Not stated,"Not stated,  ",Alprazolam,,52.9536,-1.1505
W101662,2026-06-15,HU55,ALPRAZOLAM AIPRX,1MG AIPRX,Blue,Tablet,Oral,"Increased confidence, Relaxed",Alprazolam,,53.7603,-0.3758
W101664,2026-06-15,HU55,Xanax,Galenika Ksalol 1mg,Blue,Tablet,Oral,"Euphoria, Increased confidence, Relaxed",Alprazolam,,53.7603,-0.3758
W101774,2026-06-15,G83,Diazepam,Valium/Martin Dow,Blue,Tablet,Oral,No effect,"Ethylbromazolam, Paracetamol",,56.03989166666666,-4.6006583333333335
W101779,2026-06-15,BH6,Diazepam,Diazepam,Blue,Tablet,Not stated,"Not stated,  ",Diazepam,,50.72485,-1.7821
W101671,2026-06-15,CM20,Xanax,Xanax,Red,Tablet,Oral,"Relaxed, Memory loss",Caffeine,Ethylflualprazolam,51.779333333333334,0.0966666666666666
W101777,2026-06-15,CM12,Diazepam 10mg,Accord Diazepam (pill C/CD),Blue,Tablet,Oral,"Relaxed, Agitation, No effect",Diazepam,,51.6047,0.4077
W101784,2026-06-15,LS8,Clonazepam,Klonazepam Remedica,White,Tablet,Oral,Relaxed,Clonazepam,,53.8245,-1.5099
W101782,2026-06-15,LS8,Diazepam,Bensedin Diazepam,White,Tablet,Oral,Relaxed,Diazepam,,53.8245,-1.5099
W101786,2026-06-15,NW10,Diazepam,Not stated,White,Tablet,Not stated,"Not stated,  ",Diazepam,,51.53758571428572,-0.2431214285714285
W101710,2026-06-15,EH22,Alprazolam,Not stated,White,Tablet,Not stated,"Not stated,  ",Alprazolam,,55.90278333333333,-3.078175
W101663,2026-06-15,HU55,Alprazolam,galenika ksalol 1mg,White,Tablet,Not stated,"Not stated,  ",Alprazolam,,53.7603,-0.3758
W101665,2026-06-15,HU10,Xanax,Galenika 1mg Ksalol,Blue,Tablet,Not stated,"Not stated,  ",Alprazolam,,53.7554,-0.4461666666666666
W101666,2026-06-15,HU10,Alprazolam,Galenika ksalol 1mg,Blue,Tablet,Oral,"Euphoria, Increased confidence, Relaxed",Alprazolam,,53.7554,-0.4461666666666666
W076331,2026-06-15,CO11,Diazepam 10mg,Bensedin Galenika 10mg Diazepam,White,Tablet,Not stated,"Not stated,  ",Ethylbromazolam,,51.93195,1.0912416666666669
W101737,2026-06-16,WD3,Alprazolam 0.5mg,Alprazolam,Colourless,Tablet,Oral,"Relaxed, Memory loss",Alprazolam,,51.65108,-0.49022
W101885,2026-06-16,NW5,Nitrazepam,Nitrazepam,White,Tablet,Not stated,"Not stated,  ",Nitrazepam,,51.5517,-0.1413
W101693,2026-06-16,N15,Diazepam,Diazepam- Bensedin Galenika,White,Tablet,Not stated,"Not stated,  ",Diazepam,,51.584300000000006,-0.073
W101734,2026-06-16,DN17,Xanax,Not stated,Blue,Tablet,Not stated,"Not stated,  ",Alprazolam,,53.60302,-0.7389733333333334
W101936,2026-06-16,BN2,Diazepam,Valium/Diazepam,Blue,Tablet,Not stated,"Not stated,  ",Diazepam,,50.823825,-0.082825
W101813,2026-06-16,YO31,Valium (Diazepam),Valium (Diazepam),Blue,Tablet,Not stated,"Not stated,  ",Diazepam,,53.9576,-1.0827
W101909,2026-06-16,BA10,Alprazolam,Ksalol Alprazolam,Blue,Tablet,Not stated,"Not stated,  ",Alprazolam,,51.11111428571429,-2.4373142857142858
W101910,2026-06-16,BA10,Alprazolam,Ksalol Alprazolam,Blue,Tablet,Not stated,"Not stated,  ","Alprazolam, Diazepam",,51.11111428571429,-2.4373142857142858
W101935,2026-06-16,HR97,Diazepam 10mg,Not stated,Blue,Tablet,Not stated,"Not stated,  ",Diazepam,,51.908220588235295,-2.5675235294117646
W101733,2026-06-16,DN17,Xanax,Not stated,Pink,Tablet,Not stated,"Not stated,  ",Alprazolam,,53.60302,-0.7389733333333334
W076335,2026-06-16,SA1,Diazepam,MSJ,Blue,Tablet,Oral,Relaxed,Ethylbromazolam,,51.633979999999994,-3.94848
W101845,2026-06-16,EH49,Diazepam 10mg,Diazepam 10mg,Blue,Tablet,Not stated,"Not stated,  ",Diazepam,Caffeine,55.97622222222222,-3.5917111111111115
W076319,2026-06-17,SY57,Diazepam 10mg,Diazepam 10mg Bensedin strips unboxed,White,Tablet,Not stated,"Not stated,  ",Diazepam,,52.64781071428572,-2.8251761904761903
W076318,2026-06-17,SY57,Diazepam 10mg,Diazepam 10mg boxed accord,Blue,Tablet,Not stated,"Not stated,  ",Diazepam,Paracetamol,52.64781071428572,-2.8251761904761903
W101977,2026-06-17,TA21,Diazepam,Diazepam,White,Tablet,Oral,Relaxed,Ethylbromazolam,,50.97908571428571,-3.2824380952380956
W101949,2026-06-17,SE12,Diazepam,Diazepam Accord,Blue,Tablet,Oral,Relaxed,Diazepam,,51.44480000000001,0.0209
W101760,2026-06-17,NW41,Diazepam,Diazepam,Blue,Tablet,Not stated,"Not stated,  ",Diazepam,,51.6,-0.2166999999999999
W101963,2026-06-18,CO7,Clonazepam,Galenika Rivotril,White,Tablet,Not stated,"Not stated,  ",Clonazepam,,51.887447826086955,1.0088478260869564
W101999,2026-06-18,ST6,5mg Diazepam,Teva Diazepam,Yellow,Tablet,Not stated,"Not stated,  ",Diazepam,,53.059133333333335,-2.1827166666666664
W101045,2026-06-18,LU70,Diazepam 10mg,Valium (Diazepam) 10mg,Blue,Tablet,Oral,"Euphoria, Increased confidence, Empathy, Relaxed",Diazepam,,51.89277307692308,-0.6581499999999999
W101881,2026-06-18,S2,Valium,Valium,Blue,Tablet,Oral,"Relaxed, Depression, No effect",Diazepam,,53.383,-1.4659
W101835,2026-06-18,RG1,Xanax- Alprazolam,Alprx-1 Alprazolam 1mg,White,Tablet,Not stated,"Not stated,  ",Alprazolam,,51.4563,-0.9711
W101837,2026-06-18,RG1,Xanax - alprazolam,ksalol -Galenika 1mg,Blue,Tablet,Not stated,"Not stated,  ",Alprazolam,,51.4563,-0.9711
W101767,2026-06-18,SR3,Diazepam,Sedil Diazepam 5mg,Orange,Tablet,Not stated,"Not stated,  ",Diazepam,,54.874233333333336,-1.4153666666666669
W101995,2026-06-19,TW3,Xanax,Xanax,White,Tablet,Oral,"Increased confidence, Increased libido, Relaxed, Memory loss, Agitation, Violence",Caffeine,Alprazolam,51.4714,-0.3682
W102014,2026-06-19,ML3,daizepam,Sedil 5mg Diazepam,Yellow,Tablet,Oral,"Relaxed, Memory loss",Diazepam,,55.76254285714286,-4.045457142857143
W102021,2026-06-19,BT35,Martin dow 10m valium,martin dow 10mg valium,Blue,Tablet,Oral,"Not stated,  ",Diazepam,,54.17227142857143,-6.455271428571429
W102096,2026-06-22,WN7,Xanax 1mg,Ksalol alprazolam 1mg,Grey,Tablet,Not stated,"Not stated,  ",Alprazolam,,53.4931,-2.5175
W102235,2026-06-24,SE5,Diazepam,Diazepam (bensedin),White,Tablet,Not stated,"Not stated,  ","Ethylbromazolam, Promethazine",,51.474575,-0.090125
W102168,2026-06-24,N1,Diazepam,Bensedin,White,Tablet,Not stated,"Not stated,  ",Diazepam,,51.53669,-0.0944
W102215,2026-06-24,E17,Clonazepam,Clonazepam,White,Tablet,Not stated,"Not stated,  ",Clonazepam,,51.58758,-0.02048
W102207,2026-06-24,BT5,Diazepam,Diazepam,White,Tablet,Oral,No effect,Diazepam,,54.58087142857143,-5.875314285714286
W102172,2026-06-24,BH14,Valium,Valium,Blue,Tablet,Oral,"Not stated,  ",Diazepam,,50.7299,-1.9449
W076340,2026-06-24,CT2,Alprazolam 1mg,Indian Pharma rlam-1,White,Tablet,Oral,Relaxed,Chlorpheniramine,,51.29774999999999,1.09156
W102177,2026-06-24,L1,Diazepam,Diazepam (Accord),Blue,Tablet,Oral,"Euphoria, Increased confidence, Relaxed",Diazepam,,53.4106,-2.9779
W102192,2026-06-24,DD4,Valium,Not stated,White,Tablet,Oral,"Increased confidence, Increased senses, Increased stamina, Increased strength, Relaxed, Confusion",Bromazolam,,56.490550000000006,-2.9407833333333335
W102231,2026-06-24,CT28,Diazepam,Kade S-Diazepam,White,Tablet,Oral,Relaxed,Diazepam,,51.29774999999999,1.09156
W102161,2026-06-24,S40,Diazepam 5mg,Diazepam 5mg (Sedil),Yellow,Tablet,Not stated,"Not stated,  ",Diazepam,,53.234,-1.4462
W102104,2026-06-24,KA14,Diazepam,Diazepam,Blue,Tablet,Not stated,"Not stated,  ",Diazepam,,55.7393,-4.6776
W102170,2026-06-24,BH14,Valium,Valium,Blue,Tablet,Oral,"Not stated,  ",Diazepam,,50.7299,-1.9449
W102270,2026-06-25,SR3,Diazepam,Sedil Diazepam 5mg,Orange,Tablet,Not stated,"Not stated,  ",Diazepam,,54.874233333333336,-1.4153666666666669
W102326,2026-06-25,N21,Diazepam,Accord,Blue,Tablet,Oral,No effect,Diazepam,,51.625,-0.1
W102157,2026-06-25,AB42,Diazepam,Not stated,Blue,Tablet,Oral,"Relaxed, Memory loss",Ethylbromazolam,,57.48231142857143,-1.924825714285714
W102154,2026-06-25,AB42,xanax,Xanax,White,Tablet,Oral,"Relaxed, Irregular heartbeat, Nosebleeds, Memory loss",Caffeine,Clobromazolam,57.48231142857143,-1.924825714285714
000237712,2026-06-26,CF41,Valium,Valium,Blue,Tablet,Not stated,"Not stated,  ","Ethylbromazolam, Bromazolam",,51.6543,-3.4913
W102307,2026-06-26,FK13,Diazepam,Diazepam 5mg,Yellow,Tablet,Oral,"Relaxed, Suicidal ideation",Diazepam,,56.1525,-3.7402
W102271,2026-06-26,SR3,Diazepam,Sedil Diazepam 5mg,Orange,Tablet,Not stated,"Not stated,  ",Diazepam,,54.874233333333336,-1.4153666666666669
W102180,2026-06-26,L8,Diazepam,Bensedin 10mg Diazepam,White,Tablet,Not stated,"Not stated,  ",Diazepam,,53.4106,-2.9779
W101903,2026-06-26,EH26,Diazepam,Not stated,White,Tablet,Not stated,"Not stated,  ",Clonazolam,,55.82387142857142,-3.241371428571429
W102162,2026-06-26,SE5,Diazepam,Valium 10mg Martin Dow,Blue,Tablet,Not stated,"Not stated,  ",Diazepam,,51.474575,-0.090125
W102240,2026-06-26,SK4,Temazepam,Temazep-CT 20mg,White,Capsule,Not stated,"Not stated,  ",Temazepam,,53.4191,-2.1812
W102325,2026-06-26,S20,Diazepam 5mg,Diazepam 5mg,Yellow,Tablet,Oral,Relaxed,Diazepam,,53.3347,-1.352
W101902,2026-06-26,EH26,Diazepam,Diazepam,White,Tablet,Not stated,"Not stated,  ",Clonazolam,,55.82387142857142,-3.241371428571429
000237958,2026-06-28,CF38,Diazepam,Diazepam,White,Tablet,Oral,"Empathy, Relaxed",Zopiclone,,51.5543,-3.34528
W102151,2026-06-29,Not stated,Diazepam,Not stated,White,Tablet,Oral,Pain relief,Diazepam,,,
000239421,2026-06-29,NP20,Diazepam (Elikem brand),Not stated,White,Tablet,Not stated,"Not stated,  ",Diazepam,,51.5877,-2.9984
000039785,2026-06-29,LL65,Xanax,Not stated,White,Tablet,Not stated,"Relaxed, Chest pains, Agitation",Bromazolam,,53.289686206896555,-4.534455172413793
W102246,2026-06-29,KA20,Diazepam,Diazepam,Blue,Tablet,Not stated,"Not stated,  ",Paracetamol,,55.6397,-4.7534
W102304,2026-06-29,BN16,Alprazolam,Rlam-1 Alprazolam,White,Tablet,Oral,"Relaxed, Irregular heartbeat, Nausea, Memory loss, Confusion, Violence",Tramadol,,50.81518,-0.4855
W102196,2026-06-29,PH1,Valium,Not stated,Blue,Tablet,Oral,Other,Promethazine,,56.43174736842105,-3.4980552631578945
W102198,2026-06-29,RG12,Xanax,Xanax,Red,Tablet,Oral,"Increased confidence, Relaxed, Memory loss, Confusion","Caffeine, Paracetamol",Ethylflualprazolam,51.4007,-0.7635
W102397,2026-06-30,TN27,Xanax,Alprazolam,White,Capsule,Not stated,"Not stated,  ",No active compound identified,,51.170506249999995,0.71509375
W102401,2026-06-30,FK10,Valium,Not stated,Blue,Tablet,Not stated,"Not stated,  ",No active compound identified,,56.10687777777778,-3.7534
W102414,2026-06-30,BN2,Diazepam,Diazepam,Blue,Tablet,Not stated,"Not stated,  ",Diazepam,,50.823825,-0.082825
W102385,2026-06-30,BN3,Diazepam 10mg,Diazepam 10mg,Blue,Tablet,Oral,No effect,Diazepam,,50.836725,-0.179625
W102410,2026-06-30,NR6,Diazepam,Diazepam,Blue,Tablet,Not stated,"Not stated,  ",Diazepam,,52.66225,1.27955
W102356,2026-06-30,G83,Diazepam 5mg,Diazepam Accord 5mg,Yellow,Tablet,Not stated,"Not stated,  ",Diazepam,,56.03989166666666,-4.6006583333333335
W102300,2026-06-30,CV4,Xanax,Xanax,White,Tablet,Oral,"Relaxed, Nausea, Memory loss",Alprazolam,,52.3833,-1.5833000000000002
W102320,2026-06-30,CF14,Diazepam 5mg,Diazepam 5mg,Yellow,Tablet,Oral,Relaxed,"Diazepam, Paracetamol",,51.5199,-3.204
W102293,2026-07-02,L23,Diazepam,Sedil Diazepam,Yellow,Tablet,Not stated,"Not stated,  ",Diazepam,,53.489425,-3.021375
W102420,2026-07-02,RH10,Xanax,Ksalol,Blue,Tablet,Oral,"Relaxed, Confusion",Alprazolam,,51.120133333333335,-0.1191333333333333
W102418,2026-07-02,HP79,Diazepam,Diazepam,Yellow,Tablet,Not stated,"Not stated,  ",Diazepam,,51.665483333333334,-0.6173166666666666
000239362,2026-07-02,CF62,Clonazepam,Rivotril,White,Tablet,Not stated,"Not stated,  ",Clonazepam,,51.4027,-3.37145
W102506,2026-07-02,B24,Rivotril clonazepam 2mg,Rivotril,White,Tablet,Not stated,"Not stated,  ",Clonazepam,,52.526349999999994,-1.809
W102404,2026-07-02,S40,Clonazepam 2mg,Clonazepam 2mg,Blue,Tablet,Not stated,"Not stated,  ",Clonazepam,,53.234,-1.4462
W102459,2026-07-02,CM16,Alprazolam 1mg,Replek farm alprazolam 1mg,Blue,Tablet,Oral,"Relaxed, Loss of consciousness",Alprazolam,,51.70625555555556,0.1061333333333333
W075758,2026-07-02,NE29,Bensedin (Diazepam) Galenika pharamceuticals,Bensedin (Diazepam) Galenika Pharamaceuticals,White,Tablet,Not stated,"Not stated,  ",Diazepam,,55.0165,-1.4493
W102488,2026-07-02,CH4,Diazepam,Martin Dow Valium/Diazepam 10mg,Blue,Tablet,Oral,"Increased confidence, Relaxed",Diazepam,,53.15806666666666,-2.9534749999999996
W076343,2026-07-02,S45,Diazepam,Diazepam,Blue,Tablet,Not stated,"Not stated,  ",Diazepam,,53.1615875,-1.400425
000233915,2026-07-03,NP12,Valium,Not stated,White,Tablet,Not stated,"Relaxed, Depression",Diazepam,,51.6678,-3.2075
000234634,2026-07-03,CF23,Diazepam,Not stated,Pink,Tablet,Not stated,"Not stated,  ",Diazepam,,51.5144,-3.1545
W102511,2026-07-03,BN6,Lorazepam 2.5mg,Hemofarm Lorazepam HF 2.5mg,Blue,Tablet,Not stated,"Not stated,  ",Lorazepam,,50.92262,-0.14494
W102481,2026-07-03,B19,alprazolam,Not stated,White,Powder,Not stated,"Not stated,  ",Ethylflualprazolam,,52.4814,-1.8998
W102443,2026-07-06,S61,Valium,Valium,White,Tablet,Not stated,"Not stated,  ",Zopiclone,,53.4567,-1.3738
W102543,2026-07-06,OX52,Alprazolam,Ksalol alprazolam 1mg,Blue,Tablet,Not stated,"Not stated,  ",Alprazolam,,51.844725,-1.2513
W102516,2026-07-06,EH54,Diazepam,Not stated,White,Tablet,Oral,Relaxed,Bromazolam,,55.9029,-3.5226
W102586,2026-07-06,NW1,Nitrazepam,Nitrazepam,White,Tablet,Not stated,"Not stated,  ",Nitrazepam,,51.52988181818182,-0.1471818181818182
W102583,2026-07-06,NW1,Valium,Bensedin,White,Tablet,Not stated,"Not stated,  ",Diazepam,,51.52988181818182,-0.1471818181818182
W102587,2026-07-06,NW1,Nitrazepam,Nitrazepam accord,White,Tablet,Not stated,"Not stated,  ",Nitrazepam,,51.52988181818182,-0.1471818181818182
W102585,2026-07-06,NW1,Valium,Bensedin Galenika,White,Tablet,Not stated,"Not stated,  ",Diazepam,,51.52988181818182,-0.1471818181818182
W102478,2026-07-06,LN4,Diazepam,Galenika Bensedin Diazepam,White,Tablet,Not stated,"Not stated,  ",Diazepam,Ethylbromazolam,53.12072222222222,-0.3503583333333333
W102533,2026-07-06,PA15,Diazepam 10mg,Diazepam 10mg,White,Tablet,Oral,No effect,Ethylbromazolam,,55.9484,-4.7612
000231110,2026-07-06,LL65,Diazepam,Not stated,Blue,Tablet,Oral,"Euphoria, Increased energy, Relaxed, Loss of consciousness",Diazepam,,53.289686206896555,-4.534455172413793
W102366,2026-07-06,EH12,Etizolam,Etizolam,Pink,Tablet,Oral,"Increased confidence, Relaxed, Paranoia, Memory loss, Confusion, Agitation, Depression",Clobromazolam,,55.9429,-3.285
W102492,2026-07-06,CH6,Diazepam 10mg,Diazepam 10mg,Blue,Tablet,Not stated,"Not stated,  ",Diazepam,,53.255125,-3.1489
W102491,2026-07-06,Not stated,Diazepam 5mg,Diazepam 5mg,Yellow,Tablet,Not stated,"Not stated,  ",Diazepam,,,
W102638,2026-07-06,ML2,Diazepam,Diazepam (Valium),Blue,Tablet,Not stated,"Not stated,  ",Diazepam,,55.76568571428571,-3.8963428571428578
W102442,2026-07-06,S61,Valium,Valium,White,Tablet,Not stated,"Not stated,  ",Zopiclone,,53.4567,-1.3738
W102581,2026-07-06,NW1,Nitrazepam,Nitrazepam,White,Tablet,Not stated,"Not stated,  ",Nitrazepam,,51.52988181818182,-0.1471818181818182
W102582,2026-07-06,NW1,Valium,Bensedin 10mg,White,Tablet,Not stated,"Not stated,  ",Diazepam,,51.52988181818182,-0.1471818181818182
000234729,2026-07-06,CF37,Valium,Not stated,Blue,Tablet,Oral,"Empathy, Visual hallucinations, Relaxed",Phenacetin,,51.613815384615386,-3.3598076923076925
W102584,2026-07-06,NW4,Diazepam 5mg,Teva 5mg,Yellow,Tablet,Not stated,"Not stated,  ",Diazepam,,51.6,-0.2166999999999999
000231122,2026-07-06,LL65,Alprazolam (Xanax),Not stated,Colourless,Solid,Oral,"Relaxed, Memory loss, Confusion, Loss of consciousness",No active compound identified,,53.289686206896555,-4.534455172413793
W102514,2026-07-06,LL65,Diazepam,Not stated,Colourless,Solid,Not stated,"Relaxed, Memory loss, Confusion, Loss of consciousness",No active compound identified,,53.289686206896555,-4.534455172413793
W102566,2026-07-06,CM2,Diazepam,Diazepam (Dizpam 10),White,Tablet,Oral,"Relaxed, Irregular heartbeat, Loss of consciousness, Breathlessness",Diazepam,,51.707462500000005,0.4896375
W102551,2026-07-06,L8,Diazepam,martin dow Diazepam 10mg,Blue,Tablet,Not stated,"Not stated,  ",Diazepam,,53.4106,-2.9779
000239426,2026-07-06,NP20,Diazepam,Not stated,Blue,Tablet,Not stated,"Not stated,  ",Diazepam,,51.5877,-2.9984
W102580,2026-07-06,NW1,Nitrazepam,nitrazepam accord,White,Tablet,Not stated,"Not stated,  ",Nitrazepam,,51.52988181818182,-0.1471818181818182
W102733,2026-07-14,IV3,Valium,Tub,Blue,Tablet,Oral,"Relaxed, Memory loss, Confusion",Diazepam,,57.472566666666665,-4.254588888888889
W102702,2026-07-14,SE19,10mg Diazepam,10mg Diazepam,White,Tablet,Not stated,"Not stated,  ",Diazepam,,51.417875,-0.085075
W102718,2026-07-14,S25,Diazepam 10mg,plain box,White,Tablet,Not stated,"Not stated,  ",Diazepam,,53.3656,-1.2177
000233359,2026-07-14,SA9,Diazepam,Not stated,Yellow,Tablet,Oral,"Increased stamina, Relaxed, Confusion, Depression, Violence",Meclonazepam,,51.781353333333335,-3.760806666666667
W102701,2026-07-14,SE19,5mg Diazepam,5mg Diazepam,White,Tablet,Not stated,"Not stated,  ",Diazepam,,51.417875,-0.085075
W102707,2026-07-14,SY10,Temazepam,Teva Tem20,White,Tablet,Not stated,"Not stated,  ",No active compound identified,,52.83394150943396,-3.1469735849056604
W102689,2026-07-14,CW9,Valium,Martin Dow,Blue,Tablet,Not stated,"Not stated,  ",Diazepam,,53.264406666666666,-2.5003200000000003
000236731,2026-07-16,SA5,MSJ,Not stated,White,Tablet,Oral,No effect,Bromazolam,,51.64667142857143,-3.9853857142857145
W102821,2026-07-16,RM2,Valium,Valium,Blue,Tablet,Oral,"Relaxed, Memory loss",Promethazine,Ethylbromazolam,51.5864,0.2027
W102964,2026-07-16,L8,Diazepam,Diazepam Ratiopharm 10mg tabletten,White,Tablet,Not stated,"Not stated,  ",Diazepam,,53.4106,-2.9779
W102966,2026-07-16,S21,Alprazolam,Alprazolam,White,Tablet,Oral,Relaxed,Alprazolam,,53.3123,-1.3394
W102890,2026-07-16,GL53,Lorazepam,Genus Lorazepam 1mg,Blue,Tablet,Not stated,"Not stated,  ",Lorazepam,,51.8192,-2.05427
W102951,2026-07-16,BS5,Diazepam,Valium,Blue,Tablet,Not stated,"Not stated,  ",Clobromazolam,,51.462,-2.5519
W102850,2026-07-16,HD4,Xanax,Xanax,White,Tablet,Oral,"Increased confidence, Increased strength, Empathy, Auditory hallucinations, Visual hallucinations, Relaxed, Paranoia, Memory loss, Confusion, Agitation, Depression",Bromazolam,,53.6239,-1.7485
W102760,2026-07-16,G82,MSJ Valium,MSJ valium,Blue,Tablet,Oral,"Relaxed, Memory loss, Confusion",Ethylbromazolam,,55.954800000000006,-4.5815222222222225
W102770,2026-07-16,NN2,Diazepam,Diazepam tablets,Blue,Tablet,Not stated,"Not stated,  ","Ethylbromazolam, Promethazine",,52.27265,-0.90015
W102872,2026-07-16,EH10,Xanax,Xanax,Pink,Tablet,Not stated,"Not stated,  ",Alprazolam,,55.91466666666667,-3.2046333333333337
W102761,2026-07-16,G82,Nitrazepam,Nitrazepam,White,Tablet,Oral,"Relaxed, Nausea, Memory loss, Confusion",Nitrazepam,,55.954800000000006,-4.5815222222222225
W102949,2026-07-16,BS1,Diazepam,Diazepam 10mg,White,Tablet,Not stated,"Not stated,  ",Diazepam,,51.4552,-2.5966
W102955,2026-07-16,FK10,Valium,Not stated,White,Tablet,Not stated,"Not stated,  ",Bromazolam,,56.10687777777778,-3.7534
W102939,2026-07-16,SW18,Xanax-Bl4cksven,Ksalol-bl4cksven,Blue,Tablet,Not stated,"Not stated,  ",Alprazolam,,51.4489,-0.1971
W102950,2026-07-16,BS1,Diazepam,Diazepam,White,Tablet,Not stated,"Not stated,  ",Diazepam,,51.4552,-2.5966
W102947,2026-07-16,M2,Diazepam 10mg,Not stated,Blue,Tablet,Not stated,"Not stated,  ",Diazepam,,53.4809,-2.2374
000238837,2026-07-16,CF83,Valium,Not stated,White,Tablet,Oral,Relaxed,Ethylbromazolam,,51.59288333333333,-3.2333833333333337
W102871,2026-07-16,KA11,Etizolam 1mg,Etizolam,Pink,Tablet,Oral,"Euphoria, Increased energy, Increased confidence, Increased senses, Increased stamina",Etizolam,,55.613125,-4.617725
W102808,2026-07-16,BS7,Valium 10mg,Valium (Diazepam) 10mg Martin Dow,Blue,Tablet,Not stated,"Not stated,  ",Diazepam,,51.4767,-2.5572
W102759,2026-07-16,G82,Xanax,Xanax,White,Tablet,Oral,"Relaxed, Paranoia, Memory loss",Bromazolam,,55.954800000000006,-4.5815222222222225
W103100,2026-07-20,BN3,accord diazepam 10mg,Accord Diazepam 10mg B/N 388N515,Blue,Tablet,Oral,No effect,Ethylbromazolam,,50.836725,-0.179625
W103029,2026-07-20,EX39,5mg Diazepam,5mg Diazepam,White,Tablet,Oral,"Increased confidence, Relaxed",Diazepam,,50.99405869565218,-4.261958695652174
W103028,2026-07-20,EX39,5mg Teva Diazepam,5mg Teva Diazepam,Yellow,Tablet,Oral,"Increased confidence, Relaxed",Diazepam,,50.99405869565218,-4.261958695652174
W076351,2026-07-20,NW3,Diazepam,Diazepam,Not stated Sample form Tablet Consumption method Oral Self-reported effects Not stated,Tablet,Oral,"Not stated,  ","Not stated, Sample upon analysis (minor), Not stated, Postcode,                 NW3              , Package label,             Diazepam          , Sample colour, Not stated, Sample form,             Tablet          , Consumption method          ,             Oral          , Self-reported effects          , Not stated,  ",,51.5462,-0.168075
W102812,2026-07-20,PE3,Diazepam 10mg,Accord Diazepam,Blue,Tablet,Not stated,"Not stated,  ",Diazepam,,52.567,-0.283
W102977,2026-07-20,SR4,Diazepam,Sedil Diazepam 5mg,Orange,Tablet,Not stated,"Not stated,  ",Diazepam,,54.9004,-1.4255
000239430,2026-07-20,NP20,Diazepam,Not stated,White,Tablet,Not stated,"Not stated,  ",Diazepam,,51.5877,-2.9984
W103026,2026-07-20,E3,Alprazolam,Alprazolam,White,Tablet,Oral,"Relaxed, Tiredness",Tramadol,,51.527657142857144,-0.0265714285714285
000239432,2026-07-20,NP20,Diazepam,Sri Lanka MSJ,Blue,Tablet,Oral,Relaxed,Ethylbromazolam,,51.5877,-2.9984
W103027,2026-07-20,E3,Diazepam,Diazepam,Blue,Tablet,Oral,Relaxed,Diazepam,,51.527657142857144,-0.0265714285714285
W103048,2026-07-20,BT18,Diazepam 10mg,Diazepam 10mg,Blue,Tablet,Not stated,"Not stated,  ",Diazepam,,54.6386,-5.8247
W102302,2026-07-20,L13,Lorazepam 1mg tablets,Lorazepem 1mg (Genus pharamceuticals),Blue,Tablet,Not stated,"Not stated,  ",Lorazepam,,53.4179,-2.9206
W102788,2026-07-20,NN12,Diazepam,Diazepam,Blue,Tablet,Not stated,"Not stated,  ",Diazepam,,52.12114285714286,-1.03124
W103033,2026-07-20,SW4,Xanax,Alxan-2,White,Tablet,Oral,"Euphoria, Relaxed, Confusion","Chlorpheniramine, Tramadol","Diazepam, Paracetamol",51.46758,-0.12912
W102692,2026-07-20,MK10,Alprazolam,Alprazolam,Blue,Tablet,Not stated,"Not stated,  ",Alprazolam,,52.0386,-0.6987
000239431,2026-07-20,NP20,Diazepam,Not stated,White,Tablet,Not stated,"Not stated,  ",Diazepam,,51.5877,-2.9984
W102899,2026-07-20,SR4,Diazepam,Sedil Diazepam 5mg,Orange,Tablet,Not stated,"Not stated,  ",Diazepam,,54.9004,-1.4255
W102945,2026-07-20,TS12,Midazolam,Midazolam (Hypnofast),White,Tablet,Not stated,"Not stated,  ",Midazolam,,54.5516,-0.963011111111111
W103149,2026-07-22,SW6,2mg Alprazolam,Alprazolam ALXAN 2mg,White,Tablet,Not stated,"Not stated,  ",Tramadol,,51.4803,-0.1993
W103195,2026-07-22,DD5,Accord Diazepam 10mg,Bensedin Diazepam 10mg,White,Tablet,Not stated,"Not stated,  ","Ethylbromazolam, Promethazine",,56.48408823529412,-2.8548705882352943
W103266,2026-07-23,WV1,Xanax bars,Red Devil,Red,Tablet,Not stated,"Not stated,  ",Caffeine,Rilmazafone,52.58135,-2.11545
W103283,2026-07-23,S7,Xanax alprazolam 2mg,Xanax alprazolam 2mg,White,Tablet,Oral,"Increased energy, Increased stamina, Increased strength, Relaxed",No active compound identified,,53.355,-1.4907
W103274,2026-07-23,S40,Diazepam 10mg,Diazepam 10mg,Blue,Tablet,Not stated,"Not stated,  ",Diazepam,,53.234,-1.4462
W103157,2026-07-23,NE35,Valium,Bensedin 10mg,White,Tablet,Not stated,"Not stated,  ",Diazepam,,54.9503,-1.469
W103219,2026-07-23,DD5,Accord Diazepam 5mg,Accord Diazepam 5mg,Yellow,Tablet,Not stated,"Not stated,  ",Diazepam,,56.48408823529412,-2.8548705882352943
W103159,2026-07-23,NP26,Diazepam 10mg,Bensedin,White,Tablet,Not stated,"Not stated,  ",Diazepam,,51.5866,-2.7574
W103268,2026-07-23,BH23,Xanax,Zanex,Green,Tablet,Oral,"Auditory hallucinations, Visual hallucinations, Relaxed, Memory loss, Agitation, Insomnia, Depression, Suicidal ideation, Other",Bromazolam,,50.755406666666666,-1.7577666666666665
W103271,2026-07-23,S40,Clonazepam 2mg,Clonazepam 2mg,White,Tablet,Not stated,"Not stated,  ",Clonazepam,,53.234,-1.4462
W103236,2026-07-23,BT7,UK Diazepam 5mg,Not stated,White,Tablet,Not stated,"Not stated,  ",Diazepam,,54.58144,-5.9185
W073339,2026-07-23,DN31,Diazepam,Diazepam,White,Tablet,Oral,"Auditory hallucinations, Relaxed, Confusion, Depression",Diazepam,,53.5702,-0.088
W103211,2026-07-23,SW1W,Xanax,Xanax,Pink,Tablet,Not stated,"Not stated,  ",Alprazolam,,51.5085,-0.1257
000233367,2026-07-23,LD3,Xanax,Xanax,White,Tablet,Not stated,"Memory loss, Confusion, Depression, Suicidal ideation",Methylclonazepam,,51.99435362318841,-3.411075362318841
W103232,2026-07-23,BT7,Martin Dow Diazepam 10mg,Not stated,Blue,Tablet,Not stated,"Not stated,  ",Diazepam,,54.58144,-5.9185
W103237,2026-07-23,BT7,Ksalol alprazolam,Not stated,Blue,Tablet,Not stated,"Not stated,  ",Alprazolam,,54.58144,-5.9185
W103235,2026-07-23,BT7,Alxan-2 Alprazolam 2mg,Not stated,White,Tablet,Not stated,"Not stated,  ",Zolpidem,,54.58144,-5.9185
W103233,2026-07-23,BT7,Martin Dow Clonazepam 2mg,Not stated,White,Tablet,Not stated,"Not stated,  ",Clonazepam,,54.58144,-5.9185
W103158,2026-07-23,NE35,Lorazepam,Not stated,White,Tablet,Not stated,"Not stated,  ",Diazepam,,54.9503,-1.469
W103230,2026-07-23,WV1,Diazepam,Blues,Blue,Tablet,Not stated,"Not stated,  ",Clobromazolam,,52.58135,-2.11545
W102946,2026-07-27,WD3,Diazepam,Diazepam,White,Tablet,Not stated,"Not stated,  ",Diazepam,,51.65108,-0.49022
W103265,2026-07-27,Not stated,Alprazolam,Alprazolam,Blue,Tablet,Oral,Relaxed,Alprazolam,,,
W103262,2026-07-27,Not stated,Nitrazepam,Not stated,Yellow,Tablet,Oral,Relaxed,Nitrazepam,,,
000233451,2026-07-27,LL65,Xanax,Not stated,White,Tablet,Not stated,"Not stated,  ","Ethylbromazolam, Promethazine",,53.289686206896555,-4.534455172413793
W102967,2026-07-27,SA6,Lorazepam,Lorazepam,Yellow,Powder,Not stated,"Not stated,  ",Unable to Identify,,51.6766,-3.9147
W103032,2026-07-27,AB51,Diazepam,Valium,Blue,Tablet,Oral,Relaxed,Diazepam,,57.276892045454545,-2.442275
W103305,2026-07-27,BN26,Alprazolam,Ciazer,White,Tablet,Oral,No effect,"Alprazolam, Paracetamol",,50.81958181818182,0.1777
W103466,2026-07-27,RM12,Diazepam,Diazepam,White,Tablet,Oral,"Increased confidence, Empathy, Relaxed, Memory loss, Depression",Diazepam,,51.55323333333333,0.2085
W103114,2026-07-27,GU47,Etizolam,Not stated,Pink,Tablet,Not stated,"Not stated,  ",Ethylflualprazolam,,51.3468,-0.7866
W103287,2026-07-27,WV1,Xanax Bars,White Bars,White,Solid,Not stated,"Not stated,  ","Caffeine, Clobromazolam",,52.58135,-2.11545
000239444,2026-07-27,NP20,Diazepam,Not stated,Blue,Tablet,Not stated,"Not stated,  ",Ethylbromazolam,,51.5877,-2.9984
W103387,2026-07-27,LS18,Diazepam,Martin Down Diazepam,Blue,Tablet,Not stated,"Not stated,  ",Diazepam,,53.838,-1.6404
W103425,2026-07-29,YO24,Alprazolam,Rlam-1,White,Tablet,Not stated,"Not stated,  ","Alprazolam, Tramadol",,53.946,-1.1169
W103090,2026-07-29,EH54,Valium,Marked with 10 in loose bag,White,Other,Not stated,"Not stated,  ",Bromazolam,,55.9029,-3.5226
W103518,2026-07-29,WD3,Alprazolam 0.5mg,Alprazolam,Orange,Tablet,Not stated,"Not stated,  ",Alprazolam,,51.65108,-0.49022
W103273,2026-07-29,BT28,Galenika Diazepam,Galenika Bensedin Diazepam,White,Tablet,Oral,"Relaxed, No effect",Diazepam,,54.5421,-6.1562
000237033,2026-07-29,G53,Valium/Diazepam,Yes,Yellow,Tablet,Not stated,"Not stated,  ",Diazepam,,55.8141,-4.3606
W103565,2026-07-29,N1,Diazepam,Diazepam,Yellow,Tablet,Not stated,"Not stated,  ",Diazepam,,51.53669,-0.0944
W103276,2026-07-29,BT28,Accord 5mg Diazepam,Accord 5mg Diazepam,Yellow,Tablet,Oral,"Relaxed, No effect",Diazepam,,54.5421,-6.1562
W103508,2026-07-29,CW9,Valium,Bensedin,White,Tablet,Not stated,"Not stated,  ",Diazepam,,53.264406666666666,-2.5003200000000003
W103260,2026-07-29,PH1,Valium,Not stated,Blue,Tablet,Oral,"Relaxed, Chest pains, Nausea, Memory loss, Confusion, Suicidal ideation, Loss of consciousness, Breathlessness",Bromazolam,,56.43174736842105,-3.4980552631578945
W103550,2026-07-29,SE12,Diazepam,Accord Diazepam 10mg,Blue,Tablet,Oral,Relaxed,Diazepam,,51.44480000000001,0.0209
W103541,2026-07-29,SK4,Diazepam,Martin Dows,Blue,Tablet,Not stated,"Not stated,  ",Diazepam,,53.4191,-2.1812
W103542,2026-07-29,SK4,Diazepam,Accord 2mg,White,Tablet,Not stated,"Not stated,  ",Diazepam,,53.4191,-2.1812
W103559,2026-07-29,B26,Xanax-clobromazolam,Clobromazolam,White,Tablet,Not stated,"Not stated,  ",Bromazolam,,52.45953333333333,-1.7873333333333334
W103538,2026-07-29,L37,Diazepam,Diazepam,Blue,Tablet,Not stated,"Not stated,  ","Ethylbromazolam, Promethazine",,53.5515,-3.0426333333333333
W103509,2026-07-29,S40,Diazepam 5mg Sedil,Diazepam 5mg Sedil,Yellow,Tablet,Not stated,"Not stated,  ",Diazepam,,53.234,-1.4462
W103602,2026-07-30,YO24,Alprazolam,Ksalol,Blue,Tablet,Oral,"Depression, Other",Alprazolam,,53.946,-1.1169
W103635,2026-07-30,NW11,Rivotril (Clonazepam),Rivotril (Clonazepam),White,Tablet,Oral,"Relaxed, Chest pains, Irregular heartbeat, Confusion, Depression, Suicidal ideation, Breathlessness",Clonazepam,,51.578133333333334,-0.1980499999999999
W103611,2026-07-30,PL14,Diazepam/valium,Bensedin Galenika Diazepam,White,Tablet,Oral,No effect,Promethazine,Ethylbromazolam,50.46451290322581,-4.464809677419355
W103653,2026-07-30,NN12,Diazepam,Not stated,White,Tablet,Not stated,"Not stated,  ",Paracetamol,,52.12114285714286,-1.03124
W103658,2026-07-30,NN12,Diazepam,Not stated,Yellow,Solid,Not stated,"Not stated,  ",Meclonazepam,,52.12114285714286,-1.03124
W103642,2026-07-31,G5,Valium,Not stated,White,Tablet,Oral,"Relaxed, Other","Bromazolam, Paracetamol",,55.8651,-4.2576
W103656,2026-07-31,SK4,Diazepam,Martin Dows,Blue,Tablet,Not stated,"Not stated,  ",Diazepam,,53.4191,-2.1812
W103657,2026-07-31,SK4,Clonazepam,Alissa,White,Tablet,Not stated,"Not stated,  ",Clonazepam,,53.4191,-2.1812
W103691,2026-07-31,BT48,Diazepam,Diazepam,White,Tablet,Oral,"Increased confidence, Relaxed",Diazepam,,55.02711428571428,-7.280900000000001
000237715,2026-07-31,CF45,Valium,Diazepam,Blue,Tablet,Not stated,"Not stated,  ",Diazepam,,51.66452,-3.3537
W103753,2026-08-11,CF5,Diazepam 10mg,Not stated,Blue,Tablet,Not stated,"Not stated,  ",Diazepam,,51.471875,-3.275816666666667
W103853,2026-08-11,RH14,Diazepam,Bensedin,White,Tablet,Not stated,"Not stated,  ",Diazepam,,51.03786875,-0.5005375
W103881,2026-08-11,BT47,Diazepam 10mg,PPM laboratories diazpam 10mg,Blue,Tablet,Oral,Relaxed,Diazepam,,54.94983333333333,-7.084177777777778
W103470,2026-08-11,TD1,Benzodiazepam,ksalol 1mg alprazolam,White,Tablet,Oral,Relaxed,Alprazolam,,55.66659333333334,-2.8606933333333333
W103899,2026-08-11,BN29,Alprazolam,Alprx-1,White,Tablet,Not stated,"Not stated,  ",Alprazolam,,50.823825,-0.082825
000237458,2026-08-11,NP23,Diazepam,Diazepam,Blue,Tablet,Oral,"Vomiting, Paranoia, Agitation, Insomnia, Depression",Diazepam,,51.7771,-3.2079
W103684,2026-08-11,SA69,valium,Sedil Diazepam,Pink,Tablet,Not stated,"Not stated,  ",Diazepam,,51.7106,-4.7014
W103443,2026-08-11,DD5,Teva diazepam 5mg,Acorrd diazepam 5mg,Yellow,Tablet,Not stated,"Not stated,  ",Diazepam,,56.48408823529412,-2.8548705882352943
W103618,2026-08-11,CA57,Alprazolam,Not stated,White,Powder,Not stated,"Not stated,  ",Diazepam,,54.856148387096766,-3.0198096774193552
000232871,2026-08-11,CF83,Diazepam,Diazepam,Blue,Tablet,Not stated,"Not stated,  ",Ethylbromazolam,,51.59288333333333,-3.2333833333333337
W103817,2026-08-11,G52,Diazepam,Bensedin Diazepam,White,Tablet,Oral,No effect,Ethylbromazolam,,55.8479,-4.3503
W103763,2026-08-11,GU9,Xanax,Ksalol 1mg,White,Tablet,Oral,Relaxed,Alprazolam,,51.2098875,-0.7973125
W103771,2026-08-11,SE5,Diazepam,Diazepam,Blue,Tablet,Not stated,"Not stated,  ",Diazepam,,51.474575,-0.090125
W103735,2026-08-11,NE61,diazepam,diazepam,Blue,Tablet,Not stated,"Not stated,  ",Ethylbromazolam,,55.165690000000005,-1.7111625
W103703,2026-08-11,DD5,Teva diazepam 5mg,Accord diazepam 5mg,Yellow,Tablet,Not stated,"Not stated,  ",Diazepam,,56.48408823529412,-2.8548705882352943
W103933,2026-08-11,CM1,Alprazolam 1mg,Not stated,White,Tablet,Oral,"Euphoria, Relaxed",Alprazolam,,51.76435714285714,0.4079
W103729,2026-08-11,YO8,Diazepam,Diazepam,White,Tablet,Not stated,"Not stated,  ",Diazepam,,53.77469393939394,-1.0269030303030302
W103943,2026-08-11,M16,Clonazepam benham,Clonazepam 2mg,White,Tablet,Oral,"Relaxed, Memory loss, Loss of consciousness",Clonazepam,,53.4551,-2.2645
W100293,2026-08-11,DL6,Diazepam,Bensedin/diazepam,White,Tablet,Not stated,"Relaxed, Memory loss, Confusion","Ethylbromazolam, Promethazine",,54.38590833333333,-1.3684541666666667
000234472,2026-08-11,CF5,Diazepam,Diazepam,White,Tablet,Oral,Relaxed,"Ethylbromazolam, Promethazine",,51.471875,-3.275816666666667
W103785,2026-08-11,N16,Xanax,KSALOL,White,Tablet,Not stated,"Not stated,  ",Alprazolam,,51.5625,-0.074
W103722,2026-08-11,RG12,Alprazolam,Alprazolam 2mg,White,Tablet,Oral,"Increased confidence, Empathy, Relaxed",Chlorpheniramine,,51.4007,-0.7635
W103676,2026-08-11,BN3,Diazepam,Diazepam,Blue,Tablet,Not stated,"Not stated,  ",Diazepam,,50.836725,-0.179625
W103802,2026-08-11,LL30,Diazepam,Diazepam,Blue,Tablet,Oral,"Increased confidence, Relaxed, Tiredness",Diazepam,,53.325,-3.8315
W103815,2026-08-11,NI28,Alprazolam,Alprazolam,White,Tablet,Not stated,"Not stated,  ",Alprazolam,,,
W103615,2026-08-11,NE46,Diazepam,10mg,White,Tablet,Not stated,"Not stated,  ",Diazepam,,54.9934,-2.09518125
000239449,2026-08-11,NP20,Diazepam- accord,Not stated,Blue,Tablet,Oral,"Relaxed, Nausea, Breathlessness","Caffeine, Ethylbromazolam",,51.5877,-2.9984
000041445,2026-08-11,LD3,Xanax,Not stated,White,Tablet,Not stated,"Paranoia, Confusion, Depression",Meclonazepam,,51.99435362318841,-3.411075362318841
W103882,2026-08-11,BS16,Valium,,Blue,Tablet,Not stated,"Not stated,  ",Diazepam,,51.49088571428571,-2.5036
W103823,2026-08-11,NP20,Alprazolam,Alprazolam,White,Tablet,Not stated,"Not stated,  ",Alprazolam,,51.5877,-2.9984
W104063,2026-08-13,PE7,Xanax,Not stated,White,Tablet,Oral,Relaxed,Diazepam,,52.51083125,-0.27019375
W103906,2026-08-13,B17,Diazepam 10mg tablets,diazepam 10mg tablets,Blue,Tablet,Not stated,"Not stated,  ",Diazepam,,52.4585,-1.9573
W103887,2026-08-13,SA4,diazepam,Diazepam 10mg,Blue,Tablet,Not stated,"Not stated,  ",Diazepam,,51.670225,-4.059125
W104054,2026-08-13,M11,diazepam,Diazepam,Yellow,Tablet,Not stated,"Not stated,  ",Diazepam,,53.479,-2.1818
000234565,2026-08-13,CF62,Diazepam,Zepam diazepam 10,Blue,Tablet,Oral,"Not stated,  ",Diazepam,,51.4027,-3.37145
W104025,2026-08-13,SE9,Diazepam 5mg,Diazepam 5mg,Yellow,Tablet,Not stated,"Not stated,  ",Diazepam,,51.44698000000001,0.0542799999999999
W103982,2026-08-14,CF24,Diazepam,G/DG,Blue,Tablet,Oral,"Auditory hallucinations, Nausea, Paranoia, Memory loss, Panic attack","Ethylbromazolam, Promethazine",,51.48,-3.18
W103959,2026-08-14,N1,Xanax (alprazolam),Xanax,White,Tablet,Not stated,"Not stated,  ",Alprazolam,,51.53669,-0.0944
W103993,2026-08-14,SE13,Xanax,Not stated,White,Tablet,Not stated,"Not stated,  ",Bromazolam,,51.4643,-0.0119
W104003,2026-08-14,G75,Xanax,Xanax,White,Tablet,Oral,Relaxed,Meclonazepam,,55.7511,-4.1977
W104004,2026-08-14,G75,alprazolam,alpzar 1mg,White,Tablet,Oral,Relaxed,Chlorpheniramine,,55.7511,-4.1977
W104102,2026-08-14,BR6,Valium/ diazepam 10mg,Valium/Diazepam 10mg Exclusive pharma,Blue,Powder,Not stated,"Not stated,  ",Diazepam,,51.362210000000005,0.09043
W104089,2026-08-14,WF11,Xanax 2mg,Not stated,White,Tablet,Oral,"Nausea, Memory loss, Confusion","Ethylbromazolam, Promethazine",,53.71866666666667,-1.25085
W104056,2026-08-14,EH15,lorazepam 3mg,lorazepam 3mg,Grey,Tablet,Not stated,"Not stated,  ",Lorazepam,,55.948033333333335,-3.1120666666666668
000236800,2026-08-14,SA1,MSJ,Not stated,Yellow,Tablet,Not stated,"Not stated,  ",Promethazine,Meclonazepam,51.633979999999994,-3.94848
W104105,2026-08-14,BH14,Xanax,alprazolam,White,Tablet,Not stated,"Not stated,  ",Alprazolam,,50.7299,-1.9449
W104057,2026-08-14,EH15,Diazepam 10mg,Diazepam 10mg,White,Tablet,Not stated,"Not stated,  ",Diazepam,,55.948033333333335,-3.1120666666666668
W104058,2026-08-14,EH15,diazepam 10mg,Diazepam 10mg,White,Tablet,Oral,"Not stated,  ",Diazepam,,55.948033333333335,-3.1120666666666668
W104064,2026-08-14,BD18,diazepam,dizpam -10,White,Tablet,Oral,Relaxed,Diazepam,,53.8333,-1.7667
W104069,2026-08-14,HP13,Alprazolam,Alprazolam 1mg,Pink,Tablet,Not stated,"Not stated,  ",Alprazolam,,51.6374,-0.7626
W104107,2026-08-14,G8,Diazepam,"Diazepam, valium",Blue,Tablet,Not stated,"Not stated,  ",Diazepam,,,
W103999,2026-08-14,BN3,Diazepam,Diazepam,White,Tablet,Not stated,"Not stated,  ",Diazepam,,50.836725,-0.179625
W103884,2026-08-14,G42,diazepam,Diazepam,White,Tablet,Not stated,"Not stated,  ",Diazepam,,55.8322,-4.2576
W104139,2026-08-14,PL13,Valium/Diazepam,martin dow,Blue,Tablet,Not stated,"Not stated,  ",Diazepam,,50.36005,-4.514007142857143
W103998,2026-08-14,BN3,Diazepam,Diazepam,White,Tablet,Not stated,"Not stated,  ",Diazepam,,50.836725,-0.179625
W104159,2026-08-18,M11,Xanax 1mg,Xanax 1mg,White,Tablet,Oral,No effect,Alprazolam,,53.479,-2.1818
W104132,2026-08-18,SN25,Xanax,halk Xanax 5.90.3,Blue,Tablet,Oral,Relaxed,Bromazolam,,51.558,-1.7812
W104215,2026-08-18,ML66,Diazepam,10mg diazepam,Blue,Tablet,Not stated,"Not stated,  ",Diazepam,,55.876992307692305,-3.925407692307692
W104217,2026-08-18,ML66,Diazepam,10mg Diazepam,Blue,Tablet,Not stated,"Not stated,  ",Diazepam,,55.876992307692305,-3.925407692307692
000234944,2026-08-18,CF40,Diazepam,Diazepam,Blue,Tablet,Oral,Relaxed,Diazepam,,51.627316666666665,-3.461883333333333
000239967,2026-08-18,NP20,Diazepam MSJ,Not stated,Blue,Tablet,Not stated,"Not stated,  ",Ethylbromazolam,,51.5877,-2.9984
000239909,2026-08-18,NP20,diazepam,Not stated,Blue,Tablet,Not stated,"Not stated,  ",Ethylbromazolam,,51.5877,-2.9984
W104263,2026-08-18,B24,clonazepam nauraxpharm 2mg,Clonazepam,White,Tablet,Not stated,"Not stated,  ",Clonazepam,,52.526349999999994,-1.809
W104176,2026-08-18,E18,alprazolam 1mg,"galenika 1mg Ksalol, alprazolam",White,Tablet,Oral,"Euphoria, Relaxed, Memory loss, Confusion, Agitation, Loss of consciousness",Alprazolam,,51.5923,0.0225
W104184,2026-08-18,RH20,Diazepam 5mg,Accord Diazepam 5mg,Yellow,Tablet,Not stated,"Not stated,  ",Diazepam,,50.937535714285715,-0.4877357142857143
W104292,2026-08-19,PL28,Xanax,Xanax,Blue,Tablet,Not stated,"Not stated,  ",Bromazolam,,50.5278,-4.9516875
W104282,2026-08-19,HP11,Diazepam 5mg,sedil diazepam 5,Yellow,Tablet,Oral,"Increased confidence, Relaxed",Diazepam,,51.6242,-0.7453
W076388,2026-08-19,RG20,Diazepam,Galenika,White,Tablet,Not stated,"Not stated,  ",Diazepam,,51.41969111111111,-1.3471355555555555
W076389,2026-08-19,RG20,Lorazepam,hemofarm,Blue,Tablet,Oral,"Not stated,  ","Lorazepam, Paracetamol",,51.41969111111111,-1.3471355555555555
