,date_received,postcode,intent,label,colour,form,consumption_method,effects,major,minor,latitude,longitude
W044767,2024-01-04,DE45,MDMA,crystal MDMA,Colourless,Crystalline,Not Stated,Not Stated,MDMA,,53.21575555555555,-1.679
W044778,2024-01-04,HG15,MDMA,Not Stated,"White, Pink",Granules,Oral,No Effect,Caffeine,,53.99700000000001,-1.5357666666666667
W044760,2024-01-04,N7,MDMA,MDMA,White,Powder,Not Stated,Not Stated,MDMA,,51.5491,-0.1205142857142857
W045003,2024-01-04,KT13,MDMA,Not Stated,Grey,Tablet,Oral,Euphoria,MDMA,,51.3722,-0.453
W044769,2024-01-04,DE45,MDMA,MDMA,Brown,Crystalline,Not Stated,Not Stated,Caffeine,,53.21575555555555,-1.679
W045002,2024-01-04,KT13,MDMA,Not Stated,Orange,Tablet,Oral,"Euphoria, Increased Confidence, Enhanced Senses, Relaxed",MDMA,,51.3722,-0.453
W044819,2024-01-04,EH1,MDMA,Not Stated,"White, Yellow",Crystalline,Array,"Increased Confidence, Empathy, Paranoia, Insomnia",MDMA,,55.9521,-3.1965
W045126,2024-01-10,W5,MDMA,Not Stated,"White, Brown",Crystalline,Not Stated,Not Stated,MDMA,Ketamine,51.516333333333336,-0.2851888888888889
W047399,2024-01-10,NR34,MDMA,Not Stated,White,Crystalline,Not Stated,Not Stated,MDMA,,52.42453142857143,1.58624
W045064,2024-01-10,CF3,MDMA,Not Stated,Brown,Powder,Not Stated,Not Stated,"MDMA, Phenmetrazine",,51.52382222222222,-3.0891333333333333
W045109,2024-01-10,EX4,MDMA,MDMA,White,Crystalline,Oral,"Euphoria, Increased Energy, Increased Confidence, Enhanced Senses, Empathy, Auditory Hallucinations",MDMA,,50.73776,-3.5296999999999996
W047441,2024-01-11,SW3,Ecstacy,M5 BMW,Blue,Tablet,Not Stated,Not Stated,MDMA,,51.487975000000006,-0.165875
W047540,2024-01-15,NP20,Ecstacy,Ecstacy,Orange,Tablet,Not Stated,Not Stated,MDMA,,51.5877,-2.9984
000231922,2024-01-15,LL12,Ecstacy,Not Stated,Orange,Tablet,Not Stated,Not Stated,MDMA,,53.104020000000006,-3.0036
W047493,2024-01-15,E9,MDMA,Not Stated,Yellow,Tablet,Not Stated,Not Stated,MDMA,,51.5394,-0.0414
W047541,2024-01-15,NP20,Ecstacy,Ecstacy,Orange,Tablet,Not Stated,Not Stated,MDMA,Caffeine,51.5877,-2.9984
W047579,2024-01-16,MK45,Ecstacy,Ecstacy,Orange,Tablet,Not Stated,Not Stated,MDMA,,52.02854090909091,-0.4638772727272727
W047636,2024-01-18,SW9,MDMA,Not Stated,"White, Yellow",Crystalline,Not Stated,Not Stated,MDMA,,51.474,-0.1168
W047607,2024-01-18,SE92,MDMA,Not Stated,White,Crystalline,Not Stated,Not Stated,MDMA,,51.44698000000001,0.0542799999999999
W047655,2024-01-18,DY10,MDMA,Vevo MDMA,Brown,Crystalline,Not Stated,Not Stated,MDMA,,52.3848,-2.212788888888889
W047752,2024-01-23,SE18,MDMA,MDMA,"Colourless, Yellow",Crystalline,Not Stated,Not Stated,MDMA,,51.48716666666667,0.0740666666666666
W047673,2024-01-23,RG1,MDMA,Not Stated,Brown,Powder,Not Stated,Not Stated,MDMA,,51.4563,-0.9711
W047681,2024-01-23,M32,Ecstacy,Not Stated,Yellow,Tablet,Oral,"Euphoria, Depression",MDMA,,53.45,-2.3167
W047670,2024-01-23,SA31,MDMA,Not Stated,"White, Brown",Crystalline,Not Stated,Not Stated,MDMA,,51.85391,-4.30209
W047748,2024-01-24,NE1,MDMA,Not Stated,White,Powder,Not Stated,Not Stated,MDMA,,54.9733,-1.614
W047814,2024-01-30,E14,MDMA,Stee Biscuit MDMA,Brown,Crystalline,Not Stated,Not Stated,MDMA,,51.50563529411765,-0.0187647058823529
W048036,2024-01-30,PL2,MDMA,MDMA,Yellow,Crystalline,Not Stated,Not Stated,MDMA,,50.3715,-4.143
W047916,2024-01-30,TS1,Ecstacy,Not Stated,Brown,Tablet,Not Stated,Not Stated,MDMA,,54.5762,-1.2348
W047528,2024-01-30,LE15,MDMA,Not Stated,,Powder,Not Stated,Not Stated,Dipentylone,,52.64713725490195,-0.6979862745098039
W048040,2024-01-31,KA1,MDMA,MDMA,"Colourless, White",Crystalline,Snort / Sniff,"Euphoria, Increased Energy, Increased Confidence, Enhanced Senses, Increased Stamina, Empathy, Visual Hallucinations, Relaxed, Breathlesness, Chest Pains, Irregular Heartbeat, Memory Loss, Agitation, Insomnia, Loss of appetite",Methamphetamine,,55.56470000000001,-4.504609090909091
W048025,2024-01-31,W5,MDMA,Not Stated,"White, Brown",Crystalline,Not Stated,Not Stated,MDMA,,51.516333333333336,-0.2851888888888889
W048081,2024-02-02,TS1,Ecstacy ,Tor,Green,Tablet,Not Stated,Not Stated,MDMA,,54.5762,-1.2348
W048143,2024-02-05,WR1,Ecstacy,Not Stated,Grey,Tablet,Not Stated,Not Stated,MDMA,,52.1894,-2.22
W048180,2024-02-05,EH32,Ecstacy,Ecstacy,Brown,Tablet,Not Stated,Not Stated,MDMA,,55.97811428571429,-2.9193571428571423
W048172,2024-02-05,SE13,MDMA,Not Stated,Pink,Tablet,Not Stated,Not Stated,MDMA,,51.4643,-0.0119
W048107,2024-02-05,GL5,MDMA,Punisher,Blue,Tablet,Not Stated,Not Stated,MDMA,,51.7366,-2.21976
W048222,2024-02-06,TS4,Ecstacy pill MDMA,Blue and yellow Lidl,"Yellow, Blue",Tablet,Not Stated,Not Stated,MDMA,,54.5762,-1.2348
W048199,2024-02-06,E9,MDMA,MDMA champagne,White,Crystalline,Not Stated,Not Stated,MDMA,,51.5394,-0.0414
W048220,2024-02-06,BT70,MDMA,Not Stated,"White, Yellow",Crystalline,Not Stated,Not Stated,Mephedrone,,54.51206,-6.93335
000041788,2024-02-09,SY23,MDMA,Not Stated,Brown,Crystalline,Not Stated,Not Stated,MDMA,,52.34458541666667,-3.9885
W048285,2024-02-09,OX2,MDMA,Not Stated,Green,Tablet,Not Stated,Not Stated,MDMA,,51.76277,-1.28794
W048344,2024-02-09,G12,Ecstacy pill,Lidl Eccie,Yellow,Tablet,Not Stated,Not Stated,MDMA,,55.8804,-4.3007
W048324,2024-02-09,NN29,MDMA,Not Stated,Yellow,Crystalline,Oral,"Enhanced Senses, Irregular Heartbeat, Nausea",Caffeine,,52.252833333333335,-0.6674777777777777
W048252,2024-02-13,WC1N,MDMA,Not Stated,"White, Brown",Powder,Not Stated,Not Stated,MDMA,,51.5085,-0.1257
W048388,2024-02-13,RG12,MDMA,Not Stated,White,Crystalline,Not Stated,Not Stated,MDMA,,51.4007,-0.7635
W048357,2024-02-13,WR11,MDMA,Not Stated,Pink,Tablet,Oral,"Enhanced Senses, Violence/Aggression, Depression",No Active Component Identified,,52.10796153846154,-1.9201384615384616
W048434,2024-02-15,EH7,MDMA,MDMA,"Green, Brown",Capsule,Not Stated,Not Stated,MDMA,,55.9521,-3.1965
W048437,2024-02-15,NP21,LV XTC,LV XTC,Orange,Tablet,Not Stated,Not Stated,MDMA,,,
W048418,2024-02-15,BA2,MDMA pill,Not Stated,Green,Tablet,Not Stated,Not Stated,MDMA,,51.35473913043478,-2.3910565217391304
W048480,2024-02-15,E9,MDMA,M,"White, Yellow",Crystalline,Not Stated,Not Stated,MDMA,,51.5394,-0.0414
W048615,2024-02-19,E5,MDMA,Not Stated,White,Crystalline,Not Stated,Not Stated,MDMA,,51.55991666666667,-0.0545166666666666
W048536,2024-02-19,HA1,MDMA,MD,Brown,Crystalline,Array,"Euphoria, Increased Energy, Increased Confidence, Enhanced Senses, Increased Stamina, Empathy, Visual Hallucinations, Relaxed",MDMA,,51.5774,-0.33615
W048558,2024-02-19,DL1,MDMA,Blue LV,Blue,Tablet,Not Stated,Not Stated,MDMA,,54.55433333333334,-1.5298166666666664
W048554,2024-02-19,NE34,Ecstacy,Warner Bros,Yellow,Tablet,Not Stated,Not Stated,MDMA,,54.9667,-1.4
W048535,2024-02-19,HA1,MDMA,Not Stated,Orange,Powder,Not Stated,Not Stated,MDMA,,51.5774,-0.33615
W048497,2024-02-19,BS6,MDMA,Not Stated,,Crystalline,Oral,Not Stated,MDMA,,51.465599999999995,-2.599066666666667
W048642,2024-02-20,SK10,MDMA,Not Stated,"Colourless, White",Crystalline,Not Stated,Not Stated,MDMA,,53.2902,-2.14415
000235167,2024-02-27,CF83,Ecstacy,Not Stated,Orange,Tablet,Not Stated,Not Stated,MDMA,,51.59288333333333,-3.2333833333333337
W048762,2024-02-27,BT35,MDMA,MDMA,White,Powder,Not Stated,Not Stated,Unable to identify,,54.17227142857143,-6.455271428571429
W048553,2024-02-27,SN25,MDMA,Maserati,Grey,Tablet,Not Stated,Not Stated,MDMA,,51.558,-1.7812
W048652,2024-02-27,EH75,MDMA,Not Stated,White,Crystalline,Not Stated,Not Stated,MDMA,,55.9521,-3.1965
W048895,2024-02-27,BN2,MDMA,Not Stated,Pink,Crystalline,Not Stated,Not Stated,MDMA,,50.823825,-0.082825
W048852,2024-02-27,E14,MDMA,Not Stated,"White, Yellow",Crystalline,Not Stated,Not Stated,MDMA,,51.50563529411765,-0.0187647058823529
W048530,2024-02-27,EH5,MDMA,Not Stated,White,Capsule,Not Stated,Not Stated,"3,4,5 -Trimethoxyamphetamine",,55.9757,-3.2217
W048960,2024-02-29,NP19,MDMA,Not Stated,White,Crystalline,Oral,"Breathlesness, Chest Pains, Irregular Heartbeat, Memory Loss, Confusion, Panic Attack, Loss of consciousness",MDMA,,51.5888,-2.9638
W048962,2024-02-29,NP19,MDMA,Not Stated,Brown,Crystalline,Not Stated,Not Stated,"Cocaine, MDMA",,51.5888,-2.9638
W048862,2024-02-29,BS44,MDMA pill,Green ace,Green,Tablet,Not Stated,Not Stated,MDMA,,51.4345,-2.55525
W048861,2024-02-29,BS44,MDMA,Not Stated,"White, Yellow",Crystalline,Not Stated,Not Stated,MDMA,,51.4345,-2.55525
W048882,2024-03-04,CB2,MDMA,MDMA,"Orange, Brown",Tablet,Not Stated,"Increased Energy, Increased Confidence, Enhanced Senses, Increased Stamina, Increased Strength, Empathy, Relaxed",MDMA,,52.18965000000001,0.1240214285714285
W048949,2024-03-04,BS91,MDMA,Not Stated,,Tablet,Oral,"Euphoria, Increased Energy, Increased Confidence, Increased Stamina, Enhanced Senses, Empathy, Visual Hallucinations",MDMA,,51.4874,-2.6266
W048883,2024-03-04,CB2,MDMA,MDMA,White,Tablet,Oral,"Increased Energy, Increased Confidence, Increased Stamina, Enhanced Senses, Relaxed",MDMA,,52.18965000000001,0.1240214285714285
W048983,2024-03-04,SG8,MDMA,MDMA,"Orange, Brown",Crystalline,Not Stated,Not Stated,MDMA,,52.07207058823529,-0.0231647058823529
W048994,2024-03-04,SG8,Ecstacy,Stone Island Ecstacy,Green,Tablet,Not Stated,Not Stated,MDMA,,52.07207058823529,-0.0231647058823529
W048884,2024-03-04,CB2,MDMA,MDMA,Pink,Tablet,Not Stated,Not Stated,MDMA,,52.18965000000001,0.1240214285714285
W049144,2024-03-07,BS6,MDMA,MDMA crystals,Brown,Powder,Not Stated,Not Stated,No Active Component Identified,,51.465599999999995,-2.599066666666667
W049134,2024-03-07,BN7,MDMA,Not Stated,Brown,Crystalline,Not Stated,Not Stated,MDMA,,50.872718181818186,-0.0157
W049074,2024-03-07,WF3,MDMA,Not Stated,"White, Yellow",Crystalline,Not Stated,Not Stated,MDMA,,53.729016666666666,-1.5177500000000002
W053409,2024-03-07,CH6,Ecstacy tablet,Chocomel orange tablets,Orange,Tablet,Oral,"Euphoria, Increased Energy, Increased Confidence, Enhanced Senses, Empathy, Visual Hallucinations, Relaxed, Nausea, Vomiting",MDMA,,53.255125,-3.1489
W053606,2024-03-07,DY10,MDMA,MDMA- Mountain Dew (MTNDW),Grey,Tablet,Not Stated,Not Stated,MDMA,,52.3848,-2.212788888888889
W049309,2024-03-12,NE38,MDMA,Louis Vuitton,Orange,Tablet,Not Stated,Not Stated,MDMA,,54.9,-1.5167
W049319,2024-03-12,BR1,MDMA,Not Stated,"White, Brown",Powder,Not Stated,Not Stated,MDMA,Ketamine,51.4037,0.0305
W049330,2024-03-12,NE6,Ecstacy pils,Not Stated,Blue,Tablet,Oral,"Euphoria, Increased Energy, Increased Confidence",MDMA,,54.9775,-1.5656
W049235,2024-03-12,BS32,MDMA ,Ecstacy-Prada,Green,Tablet,Not Stated,Not Stated,MDMA,,51.5441,-2.5582
W049233,2024-03-12,BS32,MDMA,Ecstacy,Orange,Tablet,Not Stated,Not Stated,MDMA,,51.5441,-2.5582
W049366,2024-03-12,CF10,MDMA,Not Stated,White,Granules,Not Stated,Not Stated,MDMA,,51.48,-3.18
W049356,2024-03-12,WC1H,MDMA,e-pills,Blue,Tablet,Not Stated,Not Stated,MDMA,,51.5085,-0.1257
W049290,2024-03-12,CF14,MDMA,MDMA,"Colourless, White",Capsule,Not Stated,Not Stated,MDMA,,51.5199,-3.204
W049380,2024-03-15,S18,Pill/MDMA,Not Stated,Blue,Tablet,Oral,"Euphoria, Increased Energy, Increased Stamina, Empathy, Auditory Hallucinations, Visual Hallucinations, Memory Loss, Agitation",MDMA,,53.29518,-1.4762
W049434,2024-03-15,BS4,MDMA pill,Green ace,Green,Tablet,Not Stated,Not Stated,MDMA,,51.4345,-2.55525
W049433,2024-03-15,BS4,MDMA,Not Stated,"Yellow, Colourless",Crystalline,Not Stated,Not Stated,MDMA,,51.4345,-2.55525
W049442,2024-03-15,PO77,MDMA,Ecstacy,Green,Tablet,Not Stated,Not Stated,MDMA,,50.8953875,-1.0532125
W049124,2024-03-15,HA1,MDMA,Not Stated,Orange,Powder,Not Stated,Not Stated,MDMA,,51.5774,-0.33615
W049304,2024-03-15,SE13,MDMA,MDMA,,Tablet,Not Stated,Not Stated,MDMA,,51.4643,-0.0119
W049073,2024-03-15,HA1,MDMA,Not Stated,Brown,Crystalline,Not Stated,Not Stated,MDMA,Ketamine,51.5774,-0.33615
W049541,2024-03-18,SE17,MDMA,Not Stated,White,Crystalline,Not Stated,Not Stated,4-Chloromethcathinone,,51.48563333333333,-0.1028333333333333
W049540,2024-03-18,SE17,MDMA,Not Stated,White,Crystalline,Oral,"Increased Energy, Enhanced Senses",4-Chloromethcathinone,,51.48563333333333,-0.1028333333333333
W049566,2024-03-20,WD19,MDMA,Not Stated,Brown,Granules,Not Stated,Not Stated,MDMA,,51.6553,-0.396
W049588,2024-03-20,NP19,MDMA,Not Stated,White,Crystalline,Oral,"Breathlesness, Chest Pains, Irregular Heartbeat, Paranoia, Memory Loss, Confusion, Panic Attack, Loss of consciousness, Depression, Suicidal Ideation",MDMA,,51.5888,-2.9638
W049136,2024-03-20,L17,Ecstacy,Ecstacy,Green,Tablet,Not Stated,Not Stated,MDMA,,53.3653,-2.9178
W049644,2024-03-20,N16,Ecstacy pill,Not Stated,Green,Tablet,Not Stated,Not Stated,MDMA,,51.5625,-0.074
W049780,2024-03-25,SE11,MDMA,Not Stated,"White, Grey",Crystalline,Oral,"Euphoria, Increased Energy, Increased Confidence, Increased Stamina, Confusion, Insomnia, Depression",MDMA,Phenmetrazine,51.4881,-0.113125
W049608,2024-03-25,E8,MDMA,Not Stated,"White, Pink",Powder,Oral,"Euphoria, Increased Energy, Enhanced Senses, Increased Stamina, Increased Strength, Empathy, Relaxed",MDMA,,51.548,-0.0629
W049827,2024-03-28,BN2,MDMA,Not Stated,Grey,Tablet,Not Stated,Not Stated,MDMA,,50.823825,-0.082825
W049861,2024-03-28,DL3,MDMA pill,UPS,"White, Yellow",Tablet,Not Stated,Not Stated,MDMA,,54.5243,-1.5504
W049926,2024-04-02,SW18,MDMA,MDMA,Grey,Tablet,Not Stated,Not Stated,MDMA,,51.4489,-0.1971
W049970,2024-04-02,OX1,MDMA,Not Stated,"White, Yellow",Crystalline,Not Stated,Not Stated,MDMA,,51.72478,-1.275
W049929,2024-04-02,SE92,MDMA,N/A,White,Crystalline,Not Stated,Not Stated,MDMA,,51.44698000000001,0.0542799999999999
W049883,2024-04-02,S8,MDMA,Not Stated,Green,Tablet,Oral,"Euphoria, Increased Energy",MDMA,,53.3439,-1.47815
W049946,2024-04-05,G12,MDMA,N/A,Pink,Tablet,Not Stated,Not Stated,MDMA,,55.8804,-4.3007
W050040,2024-04-05,L19,MDMA/XTC,Grey Duracell - XTC,Grey,Tablet,Not Stated,Not Stated,MDMA,,53.3333,-2.9
W053422,2024-04-07,BS3,Ecstacy,Not Stated,Orange,Tablet,Not Stated,Not Stated,MDMA,,51.4552,-2.5966
W053549,2024-04-07,N16,MDMA (Ecstacy),Not Stated,"White, Yellow",Powder,Not Stated,Not Stated,MDMA,,51.5625,-0.074
W053555,2024-04-07,BA5,MDMA,Not Stated,Purple,Tablet,Oral,"Euphoria, Increased Energy, Enhanced Senses, Empathy, Nausea, Vomiting, Memory Loss, Confusion",MDMA,,51.21172857142857,-2.659952380952381
W053752,2024-04-07,SA43,MDMA,Not Stated,Grey,Granules,Snort / Sniff,Visual Hallucinations,MDMA,,52.07603076923077,-4.6376
W053380,2024-04-07,BS7,MDMA,Not Stated,"Grey, Brown",Capsule,Not Stated,Not Stated,MDMA,,51.4767,-2.5572
W050196,2024-04-09,SA38,MDMA,Not Stated,Colourless,Crystalline,Not Stated,Not Stated,MDMA,,52.04396923076923,-4.4788538461538465
W050115,2024-04-09,PR1,MDMA,Stone Island Ecstacy,Green,Tablet,Not Stated,Not Stated,MDMA,,53.758225,-2.7229
W050137,2024-04-09,HG3,MDMA,Not Stated,Grey,Crystalline,Not Stated,Not Stated,MDMA,,54.046925531914894,-1.6334255319148936
W050130,2024-04-09,SW11,MDMA,MDMA,"White, Yellow",Crystalline,Not Stated,Not Stated,MDMA,,51.469166666666666,-0.1619333333333333
W050116,2024-04-09,PO77,MDMA,Purple MDMA ,Purple,Granules,Not Stated,Not Stated,MDMA,,50.8953875,-1.0532125
W050194,2024-04-10,NI60,MDMA,Not Stated,Green,Tablet,Not Stated,"Euphoria, Increased Energy, Enhanced Senses, Empathy",MDMA,,,
W049569,2024-04-12,EC1,MDMA,Not Stated,"Colourless, White",Crystalline,Snort / Sniff,"Euphoria, Increased Energy, Enhanced Senses, Empathy, Auditory Hallucinations, Relaxed, Irregular Heartbeat",MDMA,,51.52320909090909,-0.1055181818181818
W049568,2024-04-12,EC1,MDMA,Not Stated,"White, Brown",Crystalline,Snort / Sniff,"Euphoria, Increased Energy, Enhanced Senses, Visual Hallucinations, Irregular Heartbeat, Confusion",MDMA,Ketamine,51.52320909090909,-0.1055181818181818
W050351,2024-04-12,CH41,MDMA,MDMA,Brown,Granules,Not Stated,Not Stated,MDMA,,53.4015,-3.0163
W050348,2024-04-12,CH41,Mountain Dew XTC,Mountain Dew XTC,Blue,Tablet,Not Stated,Not Stated,MDMA,,53.4015,-3.0163
W050231,2024-04-12,ML66,MDMA,MDMA,Brown,Crystalline,Not Stated,Not Stated,MDMA,,55.876992307692305,-3.925407692307692
W050185,2024-04-12,SE23,MDMA,UKP MDMA,"White, Yellow",Crystalline,Not Stated,Not Stated,MDMA,,51.44696666666667,-0.0416666666666666
W050356,2024-04-12,CW96,MDMA,Yellow Barcelona,Yellow,Tablet,Not Stated,Not Stated,MDMA,,53.264406666666666,-2.5003200000000003
W050121,2024-04-12,CF10,MDMA/Ecstacy,XTC,"Black, Blue",Tablet,Not Stated,"Increased Energy, Euphoria, Increased Confidence, Increased Stamina, Empathy, Relaxed",MDMA,,51.48,-3.18
W050378,2024-04-12,SE92,MDMA,Not Stated,White,Crystalline,Not Stated,Not Stated,MDMA,,51.44698000000001,0.0542799999999999
W050558,2024-04-18,N17,MDMA,Not Stated,Yellow,Crystalline,Not Stated,Not Stated,MDMA,,51.59922,-0.07094
W050554,2024-04-18,N17,Ecstacy,Squid Game,Grey,Tablet,Not Stated,Not Stated,MDMA,,51.59922,-0.07094
W050555,2024-04-18,N17,Ecstacy,Prada,Pink,Tablet,Not Stated,Not Stated,MDMA,,51.59922,-0.07094
W050517,2024-04-18,TQ97,Ecstacy,Chuppa Chups,Orange,Tablet,Not Stated,Not Stated,MDMA,,50.40683125,-3.696409375
W050531,2024-04-18,TQ97,MDMA,Not Stated,"Brown, Colourless",Crystalline,Not Stated,Not Stated,MDMA,,50.40683125,-3.696409375
W050576,2024-04-18,SW6,MDMA,Not Stated,White,Powder,Not Stated,Not Stated,MDMA,,51.4803,-0.1993
W050663,2024-04-22,SE11,Ecstacy tablet,Not Stated,Yellow,Tablet,Oral,"Increased Energy, Enhanced Senses, Memory Loss",MDMA,Paracetamol,51.4881,-0.113125
W050708,2024-04-22,SG12,MDMA,MDMA,Brown,Granules,Not Stated,Not Stated,"MDMA, Cocaine, MDEA",,51.819266666666664,-0.0074866666666666
W050662,2024-04-22,SE11,Ecstacy tablet,Not Stated,Orange,Tablet,Not Stated,Not Stated,MDMA,,51.4881,-0.113125
W051137,2024-04-23,WR12,MDMA,Tesla,Yellow,Tablet,Not Stated,Not Stated,MDMA,,52.03695555555556,-1.8875222222222223
W051136,2024-04-23,WR12,MDMA,MDMA,Blue,Tablet,Not Stated,Not Stated,MDMA,,52.03695555555556,-1.8875222222222223
W051120,2024-04-23,SE17,MDMA,Not Stated,Brown,Crystalline,Not Stated,Not Stated,MDMA,,51.48563333333333,-0.1028333333333333
W051138,2024-04-23,WR12,MDMA,X factor,White,Tablet,Not Stated,Not Stated,MDMA,Cocaine,52.03695555555556,-1.8875222222222223
W051239,2024-04-25,PR1,MDMA,Stone Island MDMA,Green,Tablet,Not Stated,Not Stated,MDMA,,53.758225,-2.7229
W051133,2024-04-25,WR12,MDMA,MDMA Chupa Chupp,Yellow,Tablet,Oral,"Euphoria, Increased Energy",MDMA,,52.03695555555556,-1.8875222222222223
W051132,2024-04-25,WR12,MDMA,MDMA,Brown,Powder,Oral,Euphoria,MDMA,,52.03695555555556,-1.8875222222222223
W051197,2024-04-25,CM2,Ecstacy,Not Stated,"Green, Yellow",Tablet,Not Stated,Not Stated,MDMA,,51.707462500000005,0.4896375
W050213,2024-04-30,PE30,MDMA,Not Stated,Colourless,Crystalline,Not Stated,Not Stated,MDMA,,52.766575,0.420875
W051261,2024-04-30,TS4,MDMA ecstacy pill,Prime bottles,"Green, Grey",Tablet,Not Stated,Not Stated,MDMA,,54.5762,-1.2348
W051350,2024-04-30,EX31,MDMA,Beanz,Orange,Tablet,Not Stated,Not Stated,MDMA,,51.10911951219512,-4.008517073170732
W051262,2024-04-30,BS16,MDMA,Not Stated,"White, Yellow",Crystalline,Not Stated,Not Stated,MDMA,,51.49088571428571,-2.5036
W051417,2024-04-30,SW11,MDMA,MDMA,Orange,Tablet,Not Stated,Not Stated,MDMA,,51.469166666666666,-0.1619333333333333
W051403,2024-04-30,NE6,MDMA,Not Stated,"Pink, Red",Tablet,Not Stated,Not Stated,MDMA,,54.9775,-1.5656
W051265,2024-04-30,E14,MDMA,Not Stated,"Yellow, Brown",Crystalline,Oral,"Euphoria, Increased Energy, Enhanced Senses, Empathy",MDMA,,51.50563529411765,-0.0187647058823529
W051073,2024-04-30,LS1,MDMA,Champagne MDMA,Colourless,Crystalline,Not Stated,Not Stated,MDMA,,53.7965,-1.5478
W050435,2024-04-30,TR18,MDMA,Not Stated,Purple,Tablet,Not Stated,Not Stated,MDMA,,50.120720000000006,-5.537180000000001
W051561,2024-05-07,E14,MDMA,Not Stated,Colourless,Crystalline,Oral,"Euphoria, Increased Energy, Increased Confidence, Empathy, Insomnia",Methamphetamine,,51.50563529411765,-0.0187647058823529
W051564,2024-05-07,BH65,MDMA,Not Stated,Brown,Crystalline,Oral,"Increased Energy, Increased Confidence, Enhanced Senses, Increased Libido, Irregular Heartbeat, Nausea, Agitation, Insomnia",MDMA,,50.72485,-1.7821
W051741,2024-05-10,TN30,MDMA,Not Stated,"Colourless, Pink",Crystalline,Not Stated,Not Stated,MDMA,,51.027490909090915,0.7208
W050436,2024-05-10,TR18,MDMA,Not Stated,Orange,Tablet,Not Stated,Not Stated,MDMA,,50.120720000000006,-5.537180000000001
W051594,2024-05-10,NW10,Ecstacy/MDMA,Not Stated,Yellow,Array,Not Stated,Not Stated,MDMA,,51.53758571428572,-0.2431214285714285
W051461,2024-05-10,LS2,MDMA,Not Stated,"White, Yellow",Powder,Not Stated,Not Stated,MDMA,,53.7965,-1.5478
W051366,2024-05-10,E8,Ecstacy pill,Green Baby Yoda,Green,Tablet,Not Stated,Not Stated,MDMA,,51.548,-0.0629
W051647,2024-05-10,W1D,MDMA,Not Stated,Purple,Tablet,Not Stated,Not Stated,MDMA,,51.5085,-0.1257
W051675,2024-05-10,BS8,MDMA,MDMA,"Grey, Brown",Crystalline,Not Stated,Not Stated,MDMA,,51.450199999999995,-2.65032
W051731,2024-05-10,N19,MDMA,Not Stated,"Colourless, White",Granules,Not Stated,Not Stated,MDMA,,51.5649,-0.1351
W051584,2024-05-10,WA15,MDMA,Not Stated,White,Crystalline,Not Stated,Not Stated,MDMA,Ketamine,53.3761,-2.3331
W051713,2024-05-13,G1,MDMA,Kenzo,"Grey, Brown",Crystalline,Not Stated,Not Stated,MDMA,,55.8651,-4.2576
W051700,2024-05-14,N19,MDMA,MDMA,White,Powder,Not Stated,Not Stated,MDMA,,51.5649,-0.1351
W051644,2024-05-14,BN1,MDMA,Not Stated,"Colourless, White",Crystalline,Not Stated,Not Stated,MDMA,,50.8614,-0.1204166666666666
W051640,2024-05-14,BN1,MDMA,Not Stated,,Crystalline,Not Stated,Not Stated,MDMA,,50.8614,-0.1204166666666666
W051539,2024-05-14,EH1,MDMA,Not Stated,White,Granules,Not Stated,Not Stated,MDMA,,55.9521,-3.1965
W051841,2024-05-16,SW4,MDMA, Yellow tesla,Yellow,Tablet,Not Stated,Not Stated,MDMA,,51.46758,-0.12912
W051838,2024-05-16,SW4,MDMA,Not Stated,White,Powder,Not Stated,Not Stated,Caffeine,MDMA,51.46758,-0.12912
W051842,2024-05-16,SW4,MDMA ,Purple monkey,Purple,Tablet,Not Stated,Not Stated,"2C-B, MDMA",Ketamine,51.46758,-0.12912
W051840,2024-05-16,SW4,MDMA,Not Stated,"White, Yellow",Powder,Not Stated,Not Stated,Caffeine,,51.46758,-0.12912
W051901,2024-05-16,TR11,MDMA crystals,Not Stated,"Colourless, Yellow",Crystalline,Not Stated,Not Stated,MDMA,,50.14498571428572,-5.109414285714286
W051953,2024-05-16,LS18,MDMA,Not Stated,White,Crystalline,Not Stated,Not Stated,MDMA,,53.838,-1.6404
W051926,2024-05-16,OX1,MDMA (Ecstacy),Not Stated,Red,Tablet,Not Stated,Not Stated,MDMA,,51.72478,-1.275
W051839,2024-05-16,SW4,MDMA,Not Stated,Blue,Tablet,Not Stated,Not Stated,MDMA,,51.46758,-0.12912
W051883,2024-05-17,SA12,MDMA,Not Stated,"White, Yellow",Granules,Not Stated,Not Stated,MDMA,,51.61181666666667,-3.7703
W051884,2024-05-17,SA12,MDMA,Not Stated,"White, Brown",Granules,Not Stated,Not Stated,MDMA,,51.61181666666667,-3.7703
W051963,2024-05-17,RG12,Ecstacy,Au Vodka,Yellow,Tablet,Not Stated,Not Stated,MDMA,,51.4007,-0.7635
W052003,2024-05-17,PO12,MDMA,Not Stated,White,Solid,Oral,Increased Energy,4-Chloromethcathinone,,50.79176666666667,-1.1393666666666666
W051990,2024-05-17,TR25,MDMA,Not Stated,Colourless,Crystalline,Not Stated,Not Stated,MDMA,,49.9642,-6.2933
W052020,2024-05-21,W2,MDMA,Not Stated,White,Crystalline,Not Stated,Not Stated,MDMA,,51.51413636363636,-0.1886454545454545
W051969,2024-05-21,IP4,MDMA,Not Stated,Pink,Tablet,Not Stated,Not Stated,MDMA,,52.0592,1.1555
W052073,2024-05-21,RG21,MDMA,Not Stated,White,Solid,Not Stated,Not Stated,MDMA,Cocaine,51.2625,-1.0871
W052091,2024-05-21,CF10,XTC,XTC Lidl,Blue,Tablet,Not Stated,Not Stated,MDMA,,51.48,-3.18
W052234,2024-05-28,PH26,MDMA,Not Stated,Colourless,Crystalline,Not Stated,Not Stated,Ketamine,,57.33286153846154,-3.6012923076923076
W052239,2024-05-28,BN10,Ecstacy ,Pill,Yellow,Solid,Not Stated,Not Stated,MDMA,,50.7927,-0.0065
W052303,2024-05-28,PE4,MDMA,Not Stated,"White, Brown",Granules,Not Stated,Not Stated,MDMA,,52.607,-0.2694999999999999
W052285,2024-05-28,BN2,Ecstacy,Not Stated,Blue,Granules,Not Stated,Not Stated,Caffeine,,50.823825,-0.082825
W052284,2024-05-28,BN2,Ecstacy,Not Stated,Red,Granules,Not Stated,Not Stated,"Caffeine, MDMA",,50.823825,-0.082825
W052313,2024-05-30,TR72,Ecstacy pill,Prime bottle,Orange,Tablet,Not Stated,Not Stated,MDMA,,50.41865,-5.060475
W052360,2024-05-30,HP2,MDMA,Baby Yoda Pill,Green,Tablet,Not Stated,Not Stated,MDMA,,51.7639,-0.4531
W052331,2024-05-30,BN7,MDMA,Not Stated,White,Powder,Oral,No Effect,MDMA,,50.872718181818186,-0.0157
W052311,2024-05-30,TR72,MDMA,G Cola,"Yellow, Brown",Crystalline,Not Stated,Not Stated,MDMA,,50.41865,-5.060475
W052312,2024-05-30,TR72,MDMA,Not Stated,"Colourless, White",Crystalline,Not Stated,Not Stated,MDMA,,50.41865,-5.060475
W052440,2024-06-03,E7,MDMA,Not Stated,"Orange, Brown",Crystalline,Oral,"Euphoria, Increased Energy, Enhanced Senses, Increased Libido, Nausea",MDMA,,51.5481,0.026475
W052454,2024-06-03,DA16,Ecstacy,Not Stated,Pink,Tablet,Not Stated,Not Stated,MDMA,,51.4625,0.1075999999999999
W052414,2024-06-03,RG12,MDMA,Not Stated,"White, Colourless",Crystalline,Not Stated,Not Stated,MDMA,,51.4007,-0.7635
W052361,2024-06-04,HA29,MDMA,Not Stated,"White, Grey",Crystalline,Not Stated,Not Stated,MDMA,,51.59148,-0.35392
W052216,2024-06-04,LS26,Ecstacy pill,Not Stated,Purple,Powder,Not Stated,Not Stated,MDMA,,53.7504,-1.4537
W052426,2024-06-04,BN2,MDMA,Not Stated,"White, Yellow",Crystalline,Not Stated,Not Stated,MDMA,,50.823825,-0.082825
W052455,2024-06-04,WA15,MDMA,Not Stated,White,Crystalline,Oral,"Enhanced Senses, Empathy, Relaxed, Dizziness, Headache",MDMA,,53.3761,-2.3331
W052215,2024-06-04,LS26,MDMA,Not Stated,White,Crystalline,Not Stated,Not Stated,MDMA,,53.7504,-1.4537
W052401,2024-06-04,N5,MDMA,Not Stated,White,Powder,Snort / Sniff,"Array, Euphoria, Enhanced Senses, Auditory Hallucinations, Visual Hallucinations, Relaxed, Nausea, Paranoia, Confusion, Agitation",Ketamine,,51.55,-0.1
W052780,2024-06-07,CO4,Ecstacy/MDMA,Not Stated,Grey,Crystalline,Oral,"Euphoria, Increased Energy, Increased Libido, Empathy, Relaxed, Agitation",MDMA,,51.92355,0.92045
W052817,2024-06-07,GL20,MDMA,Not Stated,Brown,Crystalline,Not Stated,Not Stated,MDMA,,52.01829655172414,-2.094306896551724
W052762,2024-06-07,BS8,MDMA,Not Stated,"Grey, Brown",Crystalline,Not Stated,Not Stated,MDMA,,51.450199999999995,-2.65032
W052730,2024-06-07,SA43,MDMA,Not Stated,Grey,Granules,Snort / Sniff,Euphoria,MDMA,,52.07603076923077,-4.6376
W052607,2024-06-07,SE1,MDMA,Not Stated,"Orange, Brown",Crystalline,Not Stated,Not Stated,MDMA,,51.49874615384616,-0.0930384615384615
W052665,2024-06-07,SE1,MDMA,Not Stated,Grey,Crystalline,Not Stated,Not Stated,MDMA,,51.49874615384616,-0.0930384615384615
W052668,2024-06-10,SE10,MDMA,Not Stated,Grey,Crystalline,Not Stated,Not Stated,MDMA,,51.4779,-0.0118
W052770,2024-06-10,SW15,MDMA,Not Stated,Grey,Granules,Oral,"Euphoria, Increased Energy",MDMA,,51.45653333333333,-0.2306
W052889,2024-06-10,NR7,MDMA pill,Pills,Yellow,Tablet,Oral,"Increased Energy, Increased Stamina, Visual Hallucinations",MDMA,,52.64305,1.3373
W052681,2024-06-10,SE15,MDMA,Not Stated,Green,Tablet,Not Stated,Not Stated,MDMA,,51.470175,-0.060325
W052925,2024-06-11,SE92,MDMA,Not Stated,White,Crystalline,Not Stated,Not Stated,MDMA,,51.44698000000001,0.0542799999999999
W052557,2024-06-11,BD7,MDMA,Not Stated,Pink,Tablet,Not Stated,Not Stated,MDMA,,53.7835,-1.7851
W052892,2024-06-11,W5,MDMA,Not Stated,Yellow,Crystalline,Not Stated,Not Stated,MDMA,,51.516333333333336,-0.2851888888888889
W052942,2024-06-11,NR3,MDMA,Not Stated,"White, Brown",Granules,Not Stated,Not Stated,MDMA,,52.6278,1.2983
W053261,2024-06-18,CF10,MDMA crystal,Not Stated,Brown,Crystalline,Not Stated,Not Stated,MDMA,,51.48,-3.18
W052971,2024-06-18,HA1,MDMA,gold bar,Yellow,Tablet,Not Stated,Not Stated,No Active Component Identified,,51.5774,-0.33615
W053259,2024-06-18,BS14,MDMA,Not Stated,Green,Tablet,Oral,"Euphoria, Irregular Heartbeat, Nausea, Vomiting, Confusion",MDMA,,51.4061,-2.5627
W053224,2024-06-18,WD3,MDMA,Not Stated,"White, Yellow",Powder,Oral,"Euphoria, Increased Energy, Increased Confidence, Empathy",MDMA,,51.65108,-0.49022
W053221,2024-06-18,WD3,Ecstacy pill,Panama owl,"Yellow, Blue",Tablet,Oral,"Euphoria, Increased Energy, Increased Confidence, Empathy",MDMA,,51.65108,-0.49022
W053279,2024-06-18,HP2,MDMA,Kenzo,Orange,Tablet,Not Stated,Not Stated,MDMA,,51.7639,-0.4531
W053194,2024-06-18,LS2,MDMA,Prada,Green,Tablet,Oral,"Euphoria, Increased Energy, Increased Confidence, Enhanced Senses, Increased Libido, Empathy, Irregular Heartbeat, Confusion, Insomnia",MDMA,,53.7965,-1.5478
W052765,2024-06-18,E20,MDMA,Not Stated,"Colourless, White",Granules,Not Stated,Not Stated,MDMA,,51.5468,-0.0096
W053183,2024-06-18,GL20,MDMA,Not Stated,"Colourless, White",Crystalline,Not Stated,Not Stated,MDMA,,52.01829655172414,-2.094306896551724
W052921,2024-06-18,CF14,MDMA,RedBull,Pink,Tablet,Oral,"Euphoria, Increased Energy, Increased Confidence, Enhanced Senses, Increased Stamina, Increased Libido, Visual Hallucinations, Chest Pains",MDMA,,51.5199,-3.204
W053231,2024-06-18,NR10,MDMA/Ecstacy,Not Stated,Blue,Tablet,Not Stated,Not Stated,MDMA,,52.7485,1.2491551724137933
W053233,2024-06-18,G12,Ecstacy pill,Givenchy,"Purple, Pink",Tablet,Not Stated,Not Stated,MDMA,,55.8804,-4.3007
W053240,2024-06-18,RM10,MDMA,Not Stated,Yellow,Crystalline,Not Stated,Not Stated,MDMA,,51.55,0.1667
W053178,2024-06-18,SA1,MDMA,Not Stated,Green,Tablet,Oral,"Euphoria, Empathy",MDMA,,51.633979999999994,-3.94848
W053170,2024-06-18,N4,XTC pill,Not Stated,Grey,Tablet,Not Stated,Not Stated,MDMA,,51.5693,-0.1069
W052446,2024-06-18,SY10,Ecstacy,Not Stated,Pink,Tablet,Not Stated,Not Stated,MDMA,,52.83394150943396,-3.1469735849056604
W053250,2024-06-18,LS27,MDMA,Not Stated,White,Granules,Not Stated,Not Stated,MDMA,,53.753566666666664,-1.6059333333333334
W053251,2024-06-18,LS27,MDMA,Not Stated,"White, Grey",Granules,Not Stated,Not Stated,MDMA,,53.753566666666664,-1.6059333333333334
W053191,2024-06-18,BS22,MDMA,Not Stated,"White, Brown",Crystalline,Not Stated,Not Stated,MDMA,,51.365028571428574,-2.9258285714285712
W052973,2024-06-18,HA1,MDMA,Not Stated,Yellow,Powder,Not Stated,Not Stated,MDMA,,51.5774,-0.33615
W053025,2024-06-18,LS21,MDMA,Ace of Spades,Green,Tablet,Not Stated,Not Stated,MDMA,,53.9217,-1.6693555555555557
W053162,2024-06-18,CO11,MDMA,Not Stated,Yellow,Tablet,Not Stated,Not Stated,MDMA,,51.93195,1.0912416666666669
W052913,2024-06-18,OX2,Ecstacy/MDMA,Not Stated,Pink,Tablet,Not Stated,Not Stated,MDMA,,51.76277,-1.28794
W052939,2024-06-18,L6,MDMA,Not Stated,"Colourless, White",Crystalline,Not Stated,Not Stated,MDMA,Gabapentin,53.4106,-2.9779
W053172,2024-06-18,N4,MDMA,Not Stated,White,Crystalline,Not Stated,Not Stated,MDMA,,51.5693,-0.1069
W052987,2024-06-18,AB43,MDMA,Not Stated,Brown,Crystalline,Snort / Sniff,"Euphoria, Increased Energy, Increased Confidence, Enhanced Senses, Increased Stamina, Increased Libido, Empathy, Irregular Heartbeat, Nausea, Agitation, Insomnia, Depression, Suicidal Ideation",MDMA,,57.65489545454545,-2.046884090909091
W052940,2024-06-18,SN1,Ecstacy (MDMA),Green Punisher,Green,Tablet,Not Stated,Not Stated,MDMA,,51.558,-1.7812
W052445,2024-06-18,SY10,Ecstacy,Not Stated,Blue,Tablet,Not Stated,Not Stated,MDMA,,52.83394150943396,-3.1469735849056604
W053657,2024-07-02,N4,MDMA,Not Stated,Brown,Crystalline,Not Stated,Not Stated,MDMA,,51.5693,-0.1069
W053658,2024-07-02,N4,MDMA,Not Stated,White,Crystalline,Not Stated,Not Stated,Dipentylone,MDMA,51.5693,-0.1069
W053731,2024-07-02,BH24,MDMA Pill,Reaper,Grey,Tablet,Not Stated,Not Stated,MDMA,,50.84279444444444,-1.785677777777778
W053698,2024-07-02,S6,MDMA,MDMA,"Black, Brown",Granules,Not Stated,Not Stated,MDMA,,53.3931,-1.5452
W053696,2024-07-02,LL31,MDMA,Champagne MDMA,Brown,Granules,Oral,"Euphoria, Relaxed, Nausea, Paranoia",MDMA,,53.29415,-3.81595
W053640,2024-07-03,TS4,MDMA,Not Stated,Brown,Crystalline,Not Stated,Not Stated,MDMA,,54.5762,-1.2348
W053324,2024-07-04,SW15,MDMA,Not Stated,Yellow,Crystalline,Not Stated,Not Stated,MDMA,,51.45653333333333,-0.2306
W053329,2024-07-04,SW19,MDMA,Not Stated,"White, Yellow",Crystalline,Not Stated,Not Stated,3-Methylmethcathinone,,51.42343333333333,-0.1973333333333333
W053783,2024-07-09,CF5,MDMA,Not Stated,Pink,Tablet,Not Stated,Not Stated,MDMA,,51.471875,-3.275816666666667
W053781,2024-07-09,CF5,MDMA,Not Stated,"Colourless, White",Crystalline,Not Stated,Not Stated,MDMA,,51.471875,-3.275816666666667
W053328,2024-07-09,BR6,MDMA,Not Stated,"Pink, Brown",Powder,Not Stated,Not Stated,MDMA,,51.362210000000005,0.09043
W053318,2024-07-09,LE67,MDMA,Not Stated,Brown,Crystalline,Not Stated,Not Stated,MDMA,,52.70979565217391,-1.3721043478260868
W053343,2024-07-09,EC1N,MDMA,Not Stated,"White, Brown",Granules,Not Stated,Not Stated,MDMA,,51.5085,-0.1257
W053459,2024-07-09,M14,MDMA,Not Stated,Brown,Powder,Not Stated,Not Stated,MDMA,,53.4482,-2.2257
W053867,2024-07-09,E1,MDMA,Not Stated,"White, Yellow",Crystalline,Not Stated,Not Stated,MDMA,,51.51302727272727,-0.0617727272727272
W053832,2024-07-09,SS0,MDMA,Not Stated,"White, Colourless",Crystalline,Not Stated,Not Stated,Ketamine,,51.54745,0.6974
W053413,2024-07-09,G42,MDMA,Not Stated,Brown,Crystalline,Not Stated,Not Stated,MDMA,,55.8322,-4.2576
W053511,2024-07-09,DE4,Ecstacy,Not Stated,Orange,Tablet,Not Stated,Not Stated,MDMA,,53.14371818181818,-1.5856424242424243
W053510,2024-07-09,DE4,MDMA,Not Stated,Colourless,Crystalline,Not Stated,Not Stated,MDMA,,53.14371818181818,-1.5856424242424243
W053883,2024-07-11,N22,Ecstacy,Not Stated,Blue,Tablet,Not Stated,Not Stated,MDMA,,51.6,-0.1167
W054005,2024-07-11,PL1,MDMA/Molly,MDMA/Molly (Rock),White,Powder,Not Stated,Not Stated,Dipentylone,,50.37435000000001,-4.1642
W054040,2024-07-11,MK3,MDMA,Not Stated,White,Crystalline,Not Stated,Not Stated,MDMA,,51.9933,-0.7347
W054038,2024-07-11,MK3,Ecstacy,Not Stated,Green,Tablet,Not Stated,Not Stated,MDMA,,51.9933,-0.7347
W053778,2024-07-11,CV8,MDMA,Not Stated,"Grey, Brown",Crystalline,Oral,"Euphoria, Increased Energy, Increased Stamina, Relaxed",Cocaine,,52.35924166666666,-1.5064916666666666
W053993,2024-07-11,M20,Ecstacy,Not Stated,Blue,Tablet,Not Stated,Not Stated,MDMA,,53.4258,-2.23295
W054055,2024-07-16,WD24,MDMA,Not Stated,Brown,Granules,Not Stated,Not Stated,MDMA,,51.6553,-0.396
W054045,2024-07-16,CV1,MDMA,Not Stated,Colourless,Crystalline,Not Stated,Not Stated,MDMA,,52.4066,-1.5122
W054006,2024-07-16,SE15,MDMA,Not Stated,Blue,Tablet,Oral,"Increased Energy, Enhanced Senses, Agitation, Insomnia",MDMA,,51.470175,-0.060325
W054076,2024-07-16,CB1,MDMA,Not Stated,"Grey, Brown",Powder,Not Stated,Not Stated,MDMA,,52.19619090909091,0.1483272727272727
W054011,2024-07-16,SW3,MDMA,Not Stated,White,Solid,Not Stated,Not Stated,Dipentylone,,51.487975000000006,-0.165875
W054224,2024-07-22,BS30,Ecstacy,Masterchief,Green,Tablet,Not Stated,Not Stated,MDMA,,51.44770909090909,-2.4621636363636363
W054197,2024-07-22,CF35,MDMA,MDMA,"Grey, Brown",Granules,Not Stated,Not Stated,MDMA,,51.518684615384615,-3.5275461538461537
W054244,2024-07-22,NE1,MDMA (Ecstacy),Not Stated,Brown,Crystalline,Not Stated,Not Stated,Caffeine,,54.9733,-1.614
W054190,2024-07-22,BN1,MDMA,Not Stated,White,Powder,Not Stated,Not Stated,Paracetamol,,50.8614,-0.1204166666666666
W054147,2024-07-22,N16,Ecstacy,Extasy,Green,Tablet,Not Stated,Not Stated,MDMA,,51.5625,-0.074
W054183,2024-07-22,MK43,MDMA Ecstacy,MDMA Ecstacy,Purple,Tablet,Not Stated,Not Stated,MDMA,,52.11038275862069,-0.5643793103448276
W054355,2024-07-22,BT14,MDMA,Not Stated,"Colourless, White",Crystalline,Not Stated,Not Stated,MDMA,,54.5833,-5.9333
W054065,2024-07-22,NE38,MDMA,Stone Island Logo,Green,Tablet,Not Stated,Not Stated,MDMA,,54.9,-1.5167
W054160,2024-07-22,LE9,MDMA,Not Stated,Brown,Crystalline,Not Stated,Not Stated,MDMA,,52.57717727272728,-1.273977272727273
W054296,2024-07-23,TS1,Skittles XTC,Not Stated,Brown,Tablet,Not Stated,Not Stated,MDMA,,54.5762,-1.2348
W054294,2024-07-23,TS1,Moncler XTC,Not Stated,Orange,Tablet,Not Stated,Not Stated,MDMA,,54.5762,-1.2348
W054293,2024-07-23,TS1,XTC,Not Stated,Yellow,Tablet,Not Stated,Not Stated,MDMA,,54.5762,-1.2348
W054292,2024-07-23,TS1,Audi XTC,Not Stated,Orange,Tablet,Not Stated,Not Stated,MDMA,,54.5762,-1.2348
W053982,2024-07-23,G1,Ecstacy tablet,Not Stated,White,Tablet,Oral,"Increased Energy, Enhanced Senses, Increased Stamina, Increased Strength, Empathy, Visual Hallucinations, Breathlesness, Chest Pains, Irregular Heartbeat, Memory Loss, Panic Attack, Violence/Aggression",MDMA,,55.8651,-4.2576
W054295,2024-07-23,TS1,Yoshi XTC,Not Stated,Green,Tablet,Not Stated,Not Stated,MDMA,,54.5762,-1.2348
W054298,2024-07-23,TS1,Fanta XTC,Not Stated,Blue,Tablet,Not Stated,Not Stated,MDMA,,54.5762,-1.2348
W054297,2024-07-23,TS1,Yoda XTC,Not Stated,Green,Tablet,Not Stated,Not Stated,MDMA,,54.5762,-1.2348
W054398,2024-07-23,PE3,Ecstacy (MDMA),Not Stated,Pink,Tablet,Not Stated,Not Stated,MDMA,,52.567,-0.283
W054357,2024-07-25,GU16,MDMA,Not Stated,"Colourless, White",Crystalline,Not Stated,Not Stated,MDMA,,51.298275,-0.71955
W054389,2024-07-25,M19,MDMA,Not Stated,Colourless,Crystalline,Not Stated,Not Stated,MDMA,,53.4327,-2.1997
W054453,2024-07-25,L19,MDMA tablets,MDMA/XTC,Yellow,Tablet,Not Stated,Not Stated,MDMA,,53.3333,-2.9
W054409,2024-07-25,G12,Ecstacy pill,Beanz,Orange,Tablet,Not Stated,Not Stated,MDMA,,55.8804,-4.3007
W054455,2024-07-25,L19,MDMA tablets,Not Stated,Blue,Tablet,Not Stated,Not Stated,MDMA,,53.3333,-2.9
W054411,2024-07-25,TW6,MDMA,Not Stated,Brown,Crystalline,Not Stated,Not Stated,MDMA,,51.47,-0.4509
W054429,2024-07-29,PE2,MDMA,Not Stated,"Pink, Brown",Crystalline,Not Stated,Not Stated,MDMA,,52.55525,-0.2665666666666667
W054585,2024-07-29,NE6,MDMA,MDMA,Blue,Tablet,Not Stated,Not Stated,MDMA,,54.9775,-1.5656
W054751,2024-08-01,TW4,XTC/Ecstacy,XTC red bull,Pink,Tablet,Not Stated,Not Stated,MDMA,,51.4684,-0.3609
W054752,2024-08-01,TW4,XTC/Ecstacy,XTC LV,Purple,Tablet,Not Stated,Not Stated,MDMA,,51.4684,-0.3609
W054606,2024-08-01,B26,MDMA,MDMA,"Yellow, Brown",Powder,Not Stated,Not Stated,MDMA,Ketamine,52.45953333333333,-1.7873333333333334
W054618,2024-08-01,B30,MDMA,Crystal MDMA,Colourless,Crystalline,Oral,"Euphoria, Increased Energy, Increased Confidence, Empathy",MDMA,,52.4167,-1.9167
W054655,2024-08-01,ST6,MDMA pill,Not Stated,Pink,Tablet,Oral,"Euphoria, Increased Confidence, Increased Energy, Enhanced Senses, Increased Stamina, Empathy, Auditory Hallucinations, Visual Hallucinations, Relaxed",MDMA,,53.059133333333335,-2.1827166666666664
W054588,2024-08-01,NW1,Ecstacy pill,Not Stated,Orange,Tablet,Not Stated,Not Stated,MDMA,,51.52988181818182,-0.1471818181818182
W054744,2024-08-01,BN2,MDMA,MDMA,Pink,Tablet,Not Stated,Not Stated,MDMA,,50.823825,-0.082825
W054755,2024-08-01,BA1,Ecstacy (MDMA),Mitsubishi,Green,Tablet,Not Stated,Not Stated,MDMA,,51.39846153846153,-2.361469230769231
W054658,2024-08-01,ST6,Ecstacy pill,Not Stated,Red,Tablet,Not Stated,Not Stated,MDMA,,53.059133333333335,-2.1827166666666664
W054729,2024-08-05,NE1,MDMA Cola powder,Not Stated,"White, Grey",Powder,"Oral, Snort / Sniff","Enhanced Senses, Relaxed, Irregular Heartbeat, Nausea, Confusion",MDMA,,54.9733,-1.614
W054685,2024-08-05,LS16,Ecstacy,Not Stated,Yellow,Tablet,Not Stated,Not Stated,MDMA,,53.868475,-1.5981
W054839,2024-08-05,BD17,MDMA,Not Stated,Colourless,Crystalline,Not Stated,Not Stated,MDMA,,53.8471,-1.7879
W054789,2024-08-06,SL2,MDMA,Not Stated,"Colourless, White",Crystalline,Snort / Sniff,"Euphoria, Increased Energy, Increased Confidence, Enhanced Senses, Increased Libido, Increased Stamina, Increased Strength, Irregular Heartbeat, Confusion, Panic Attack, Violence/Aggression",MDMA,,51.553075,-0.606025
W054897,2024-08-06,IP4,MDMA,Not Stated,"White, Brown",Tablet,Not Stated,Not Stated,MDMA,,52.0592,1.1555
W054786,2024-08-06,HP9,Blue punisher XTC,Not Stated,Blue,Tablet,Oral,"Euphoria, Increased Energy, Increased Confidence, Enhanced Senses, Increased Stamina, Irregular Heartbeat, Panic Attack, Loss of consciousness, Agitation, Violence/Aggression","MDMA, Ketamine",,51.615033333333336,-0.6150833333333333
W054787,2024-08-06,HP9,Yellow Au XTC,Not Stated,Yellow,Tablet,Oral,"Euphoria, Increased Energy, Increased Confidence, Enhanced Senses, Increased Stamina, Increased Libido, Breathlesness, Irregular Heartbeat, Paranoia, Memory Loss, Confusion, Panic Attack",MDMA,,51.615033333333336,-0.6150833333333333
W054601,2024-08-06,BS5,Ecstacy/MDMA,Blue Fanta,Blue,Tablet,Not Stated,Not Stated,MDMA,,51.462,-2.5519
W054605,2024-08-06,BS5,Ecstacy,Red Ice Cream,Red,Tablet,Not Stated,Not Stated,MDMA,,51.462,-2.5519
W054785,2024-08-06,HP9,Red LV XTC,Not Stated,Red,Tablet,Oral,"Euphoria, Increased Energy, Increased Confidence, Enhanced Senses, Increased Stamina, Increased Libido, Irregular Heartbeat, Loss of consciousness, Agitation, Violence/Aggression",MDMA,,51.615033333333336,-0.6150833333333333
W054604,2024-08-06,BS5,Ecstacy,Blue Ice Cream,Blue,Tablet,Not Stated,Not Stated,MDMA,,51.462,-2.5519
W054900,2024-08-07,CB1,MDMA,Not Stated,White,Powder,Oral,"Euphoria, Increased Energy, Empathy, Relaxed",MDMA,,52.19619090909091,0.1483272727272727
W054187,2024-08-07,AL1,MDMA,Not Stated,"White, Brown",Powder,Not Stated,Not Stated,MDMA,,51.75,-0.3333
W054953,2024-08-07,E1,MDMA,Not Stated,White,Crystalline,Oral,"Euphoria, Increased Energy, Empathy, Irregular Heartbeat, Nausea, Vomiting",MDMA,,51.51302727272727,-0.0617727272727272
W054950,2024-08-12,BR1,MDMA,Not Stated,Colourless,Crystalline,Not Stated,Not Stated,MDMA,,51.4037,0.0305
W054930,2024-08-12,EH74,MDMA,Not Stated,Brown,Capsule,Not Stated,Not Stated,MDMA,,55.9521,-3.1965
W054963,2024-08-12,DD1,Ecstacy/MDMA,Au Vodka MDMA pill,Yellow,Tablet,Oral,"Euphoria, Increased Energy, Enhanced Senses, Empathy, Chest Pains",MDMA,,56.461,-2.9766
W055000,2024-08-12,BS2,Ecstacy,Not Stated,Green,Tablet,Not Stated,Not Stated,MDMA,,51.4552,-2.5966
W055005,2024-08-12,WS13,MDMA,Not Stated,"White, Yellow",Powder,Not Stated,Not Stated,MDMA,,52.6953,-1.8076555555555551
W055022,2024-08-12,L78,MDMA pill,White Nike pill,White,Tablet,Not Stated,Not Stated,MDMA,,,
W055060,2024-08-12,W14,MDMA,Not Stated,White,Crystalline,Not Stated,Not Stated,MDMA,,51.49550000000001,-0.21798
W055050,2024-08-12,SE15,Ecstacy/MDMA,Not Stated,Blue,Tablet,Oral,"Increased Energy, Enhanced Senses, Agitation, Insomnia",MDMA,,51.470175,-0.060325
W055092,2024-08-15,SE8,MDMA,Not Stated,"Colourless, Yellow",,Not Stated,Not Stated,MDMA,,51.4776,-0.0261
W055088,2024-08-15,NG20,MDMA Crystal ,Not Stated,"White, Colourless",Granules,Not Stated,Not Stated,MDMA,,53.21734,-1.18344
W056893,2024-08-15,M4,MDMA,Not Stated,"Colourless, Brown",Crystalline,Not Stated,Not Stated,MDMA,,53.4809,-2.2374
W057037,2024-08-18,HA4,MDMA,MDMA,White,Powder,Not Stated,Not Stated,Caffeine,,51.5734,-0.4234
W056863,2024-08-20,EX17,MDMA,Not Stated,Orange,Tablet,Oral,"Euphoria, Increased Energy, Auditory Hallucinations",MDMA,,50.82146136363636,-3.71385
W057048,2024-08-20,E1W,MDMA,Not Stated,White,Crystalline,Not Stated,Not Stated,MDMA,,51.5094,-0.059
W056954,2024-08-20,CM19,MDMA + LSD,MDMA +LSD,Pink,Tablet,Not Stated,Not Stated,2C-B,,51.762699999999995,0.0569666666666666
W057055,2024-08-20,SW2,MDMA,Not Stated,Blue,Tablet,Not Stated,Not Stated,MDMA,,51.4548,-0.1158
W056952,2024-08-20,CM19,MDMA,MDMA,White,Powder,Not Stated,Not Stated,4-Chloromethcathinone,,51.762699999999995,0.0569666666666666
W057050,2024-08-20,NE3,MDMA,MDMA,"White, Black",Solid,Not Stated,Not Stated,MDMA,,55.003175,-1.6339
W056940,2024-08-20,L19,MDMA/ Ecstasy,Louis Vuitton,"Orange, Green",Tablet,Not Stated,Not Stated,MDMA,,53.3333,-2.9
W056894,2024-08-20,W5,MDMA,MDMA,White,Crystalline,Not Stated,Not Stated,MDMA,,51.516333333333336,-0.2851888888888889
W056953,2024-08-20,CM19,MDMA,MDMA,Colourless,Crystalline,Not Stated,Not Stated,MDMA,,51.762699999999995,0.0569666666666666
W057118,2024-08-23,W10,MDMA,Not Stated,Colourless,Crystalline,Not Stated,"Euphoria, Increased Energy, Empathy",MDMA,,51.523,-0.2188
W057038,2024-08-23,OL5,Ecstacy,Not Stated,Orange,Liquid,Not Stated,Not Stated,MDMA,,53.51445,-2.0332
W057089,2024-08-28,BR1,MDMA,B&amp;B,White,Powder,Oral,"Euphoria, Enhanced Senses, Empathy, Irregular Heartbeat",MDMA,,51.4037,0.0305
W057147,2024-08-28,TW1,MDMA (powder),Not Stated,"White, Brown",Powder,Oral,"Euphoria, Increased Energy, Auditory Hallucinations, Visual Hallucinations, Breathlesness, Chest Pains, Irregular Heartbeat, Nausea, Paranoia, Memory Loss, Confusion, Panic Attack, Loss of consciousness, Insomnia",MDMA,Ketamine,51.4454,-0.3297
W057198,2024-08-30,SK10,MDMA,MDMA,Pink,Crystalline,Not Stated,Not Stated,MDMA,,53.2902,-2.14415
W057175,2024-08-30,NG5,MDMA,Not Stated,Brown,Crystalline,Oral,"Euphoria, Increased Confidence, Increased Energy, Increased Libido, Confusion",MDMA,,53.0006,-1.1315
W057380,2024-09-03,PO10,MDMA,Not Stated,White,Crystalline,Not Stated,Not Stated,MDMA,,50.847671428571424,-0.9243428571428572
W057361,2024-09-03,E1,MDMA,Not Stated,White,Crystalline,Not Stated,Not Stated,MDMA,,51.51302727272727,-0.0617727272727272
W057276,2024-09-03,BY17,MDMA,Not Stated,"White, Pink",Crystalline,Oral,"Euphoria, Increased Confidence",MDMA,Cocaine,,
W057298,2024-09-03,RG1,MDMA,Not Stated,Brown,Powder,Not Stated,Not Stated,MDMA,,51.4563,-0.9711
W057226,2024-09-03,G12,Ecstacy,Beanz 2.0,Orange,Tablet,Not Stated,Not Stated,MDMA,,55.8804,-4.3007
W057274,2024-09-03,UB5,MDMA,Not Stated,"Orange, Yellow",Crystalline,Not Stated,Not Stated,MDMA,,51.5486,-0.3678
W051385,2024-09-03,M4,MDMA,MDMA,White,Crystalline,Not Stated,Not Stated,MDMA,,53.4809,-2.2374
W057315,2024-09-12,EX31,Ecstacy,Not Stated,Yellow,Tablet,Not Stated,Not Stated,MDMA,,51.10911951219512,-4.008517073170732
W057317,2024-09-12,EX31,Ecstacy,Not Stated,Brown,Tablet,Not Stated,Not Stated,No Active Component Identified,,51.10911951219512,-4.008517073170732
W057316,2024-09-12,EX31,Ecstacy,Not Stated,Green,Tablet,Not Stated,Not Stated,MDMA,,51.10911951219512,-4.008517073170732
W057314,2024-09-12,EX31,Ecstacy,Not Stated,Pink,Tablet,Not Stated,Not Stated,MDMA,,51.10911951219512,-4.008517073170732
W057540,2024-09-12,EH12,MDMA,Not Stated,White,Powder,Oral,"Euphoria, Increased Energy, Enhanced Senses, Empathy",MDMA,,55.9429,-3.285
W057552,2024-09-12,SE92,MDMA,Not Stated,Brown,Crystalline,Not Stated,Not Stated,MDMA,,51.44698000000001,0.0542799999999999
W057608,2024-09-12,ML66,MDMA,Not Stated,White,Crystalline,Not Stated,Not Stated,MDMA,,55.876992307692305,-3.925407692307692
W057349,2024-09-12,W9,Ecstacy,Not Stated,Blue,Tablet,Not Stated,Not Stated,MDMA,,51.52442,-0.18458
W057573,2024-09-12,TS4,MDMA Ecstacy pill,Beanz,Orange,Tablet,Not Stated,Not Stated,MDMA,,54.5762,-1.2348
W057576,2024-09-12,DA11,MDMA,Not Stated,"White, Yellow",Crystalline,Not Stated,Not Stated,MDMA,,51.4349,0.3513
W057421,2024-09-12,BN21,MDMA,Not Stated,"Colourless, White",Crystalline,Not Stated,Not Stated,Ketamine,,50.7687,0.2845
W057681,2024-09-17,E14,MDMA,Not Stated,"Colourless, White",Crystalline,Not Stated,Not Stated,Mephedrone,,51.50563529411765,-0.0187647058823529
W057706,2024-09-17,G11,Ecstacy pill,Trump2024,"Pink, Blue",Tablet,Not Stated,Not Stated,MDMA,,55.8708,-4.3057
W057861,2024-09-19,EN2,MDMA,Not Stated,White,Tablet,Not Stated,Not Stated,No Active Component Identified,,51.6515,-0.085
W057356,2024-09-19,NG24,MDMA pills,Not Stated,Blue,Tablet,Not Stated,Not Stated,MDMA,,53.069,-0.7852571428571429
W057829,2024-09-19,CV10,MDMA,Not Stated,Yellow,Crystalline,Not Stated,Not Stated,MDMA,,52.531725,-1.5322000000000002
W057833,2024-09-19,SW11,MDMA,Not Stated,Grey,Granules,Not Stated,Not Stated,MDMA,,51.469166666666666,-0.1619333333333333
W057879,2024-09-19,E7,MDMA,Not Stated,Orange,Solid,Not Stated,Not Stated,MDMA,,51.5481,0.026475
W057933,2024-09-23,CO3,MDMA,Not Stated,"White, Colourless",Crystalline,Not Stated,Not Stated,MDMA,,51.88426666666667,0.8521666666666666
W057889,2024-09-23,SE25,MDMA,Not Stated,Green,Tablet,Not Stated,Not Stated,MDMA,,51.398325,-0.06895
W057866,2024-09-23,E5,MDMA,Not Stated,Yellow,Crystalline,Not Stated,Not Stated,MDMA,,51.55991666666667,-0.0545166666666666
W058209,2024-10-01,OX39,MDMA,Not Stated,"Colourless, White",Crystalline,Oral,"Euphoria, Increased Energy, Empathy, Relaxed, Nausea, Paranoia, Agitation, Insomnia",MDMA,,51.7018,-0.9116
000231872,2024-10-01,CF10,MDMA,Not Stated,Pink,Powder,Snort / Sniff,Not Stated,"Ketamine, MDMA",Cocaine,51.48,-3.18
W058093,2024-10-01,SE1,MDMA,Not Stated,Brown,Powder,Not Stated,Not Stated,MDMA,,51.49874615384616,-0.0930384615384615
W057984,2024-10-01,NR7,MDMA pills,Not Stated,Yellow,Tablet,Oral,"Euphoria, Increased Energy, Increased Confidence, Enhanced Senses, Increased Stamina, Increased Libido, Visual Hallucinations",MDMA,,52.64305,1.3373
W057761,2024-10-01,NE6,Ecstacy,Not Stated,Blue,Tablet,Not Stated,Not Stated,MDMA,Ketamine,54.9775,-1.5656
W057993,2024-10-01,EX2,MDMA,Not Stated,"Grey, Brown",Crystalline,Not Stated,Not Stated,MDMA,,50.70541666666667,-3.529533333333333
W053704,2024-10-01,BS15,MDMA,Not Stated,"White, Brown",Crystalline,Not Stated,Not Stated,MDMA,,51.4528,-2.5083
W057786,2024-10-01,DL3,MDMA pill,Lion,"Orange, Brown",Tablet,Not Stated,Not Stated,MDMA,,54.5243,-1.5504
W057785,2024-10-01,DL3,MDMA pill,Teddy bear,"Orange, Brown",Tablet,Not Stated,Not Stated,MDMA,,54.5243,-1.5504
W057792,2024-10-01,DL3,MDMA,Not Stated,"Colourless, Yellow",Granules,Not Stated,Not Stated,MDMA,,54.5243,-1.5504
W058066,2024-10-01,BN10,MDMA,Not Stated,"Colourless, White",Crystalline,Not Stated,Not Stated,MDMA,,50.7927,-0.0065
W057790,2024-10-01,DL3,MDMA pill,Popsmoke,Purple,Tablet,Oral,"Euphoria, Increased Energy, Increased Confidence, Enhanced Senses, Increased Libido, Empathy, Auditory Hallucinations, Visual Hallucinations, Relaxed, Irregular Heartbeat, Insomnia, Depression, Tiredness",MDMA,,54.5243,-1.5504
W057791,2024-10-01,DL3,MDMA pill,Popsmoke,Grey,Tablet,Not Stated,Not Stated,MDMA,,54.5243,-1.5504
W057784,2024-10-01,DL3,MDMA pill, Teddy bear,Blue,Tablet,Not Stated,Not Stated,MDMA,,54.5243,-1.5504
W057788,2024-10-01,DL3,MDMA pill,Lion,"Orange, Brown",Tablet,Not Stated,Not Stated,MDMA,,54.5243,-1.5504
W058233,2024-10-08,WV10,Ecstacy pill (MDMA),Green VW XTC pill,Green,Powder,Not Stated,Not Stated,MDMA,,52.651114285714286,-2.101428571428571
W058260,2024-10-08,EC1,MDMA,Not Stated,Yellow,Tablet,Not Stated,Not Stated,MDMA,,51.52320909090909,-0.1055181818181818
W058293,2024-10-08,L5,MDMA pill,Tor,Purple,Tablet,Oral,"Euphoria, Increased Energy, Empathy, Visual Hallucinations, Nausea, Vomiting, Memory Loss, Dizziness",MDMA,,53.4106,-2.9779
W058265,2024-10-08,W13,MDMA,Not Stated,"Colourless, White",Crystalline,Not Stated,Not Stated,MDMA,,51.5122,-0.311625
W058219,2024-10-08,SE5,MDMA,Not Stated,Colourless,Capsule,Oral,"Euphoria, Increased Energy, Increased Confidence, Enhanced Senses, Empathy, Chest Pains, Nausea",MDMA,,51.474575,-0.090125
W058220,2024-10-08,SE1,MDMA,Not Stated,"White, Brown",Powder,Not Stated,Not Stated,No Active Component Identified,,51.49874615384616,-0.0930384615384615
W058339,2024-10-08,RG12,MDMA,Not Stated,Colourless,Crystalline,Not Stated,Not Stated,"Mephedrone, MDMA",,51.4007,-0.7635
W058454,2024-10-11,S70,MDMA,Not Stated,White,Powder,Not Stated,Not Stated,Paracetamol,,53.53123333333334,-1.4773333333333334
W058478,2024-10-11,M37,MDMA,MDMA champagne,"White, Grey",Crystalline,Oral,"Euphoria, Increased Energy, Increased Confidence, Empathy, Confusion, Insomnia",MDMA,,,
W058469,2024-10-15,BN2,MDMA,Not Stated,White,Crystalline,Not Stated,Not Stated,MDMA,,50.823825,-0.082825
000042630,2024-10-15,CH7,MDMA,Not Stated,Pink,Tablet,Oral,"Nausea, Vomiting, Agitation",2C-B,,53.17209696969697,-3.163118181818182
W058494,2024-10-15,BH9,MDMA pill,Not Stated,Pink,Tablet,Not Stated,Not Stated,MDMA,,50.7497,-1.8734
W058414,2024-10-15,N7,MDMA,Not Stated,Brown,Solid,Oral,"Euphoria, Increased Energy, Increased Confidence, Empathy",MDMA,,51.5491,-0.1205142857142857
W058497,2024-10-15,TS1,Ecstacy pill ,Session,Orange,Tablet,Not Stated,Not Stated,MDMA,,54.5762,-1.2348
W058496,2024-10-15,TS1,Ecstacy pill,Session,Purple,Tablet,Not Stated,Not Stated,MDMA,,54.5762,-1.2348
W058493,2024-10-15,SS0,MDMA,Not Stated,Brown,Powder,Not Stated,Not Stated,2C-B,,51.54745,0.6974
W058487,2024-10-15,DD1,MDMA,Not Stated,"White, Brown",Crystalline,Not Stated,Not Stated,MDMA,,56.461,-2.9766
W058672,2024-10-17,W9,MDMA,Not Stated,"White, Brown",Crystalline,Oral,"Euphoria, Increased Energy, Increased Confidence, Enhanced Senses, Relaxed, Nausea",MDMA,,51.52442,-0.18458
W058582,2024-10-17,GL15,MDMA,Not Stated,White,Crystalline,Oral,"Euphoria, Increased Energy, Increased Confidence, Increased Stamina, Empathy, Relaxed, Insomnia",MDMA,,51.73502173913044,-2.559021739130435
W058684,2024-10-17,SY21,MDMA,Not Stated,"Colourless, Yellow",Crystalline,Not Stated,Not Stated,MDMA,,52.670813513513515,-3.1976945945945947
W058522,2024-10-22,DL1,Ecstacy,Not Stated,Green,Tablet,Not Stated,Not Stated,MDMA,,54.55433333333334,-1.5298166666666664
W058568,2024-10-22,PR3,MDMA pill,Not Stated,Pink,Tablet,Oral,"Euphoria, Increased Confidence, Empathy, Irregular Heartbeat, Insomnia",MDMA,,53.903882857142854,-2.707102857142857
W058812,2024-10-22,TR11,MDMA,Not Stated,"White, Yellow",Powder,Not Stated,Not Stated,MDMA,Ketamine,50.14498571428572,-5.109414285714286
W058765,2024-10-22,SN3,MDMA,Not Stated,Yellow,Crystalline,Not Stated,Not Stated,MDMA,,51.5892,-1.7194
W058746,2024-10-22,BT78,MDMA,Not Stated,White,Crystalline,Not Stated,Not Stated,MDMA,,54.55272222222223,-7.337533333333334
W058758,2024-10-22,PA3,Blue Punisher Ecstacy,Not Stated,Blue,Tablet,Not Stated,Not Stated,MDMA,,55.8516,-4.446
W058919,2024-10-24,BS1,MDMA,MDMA,"White, Brown",,Not Stated,Not Stated,MDMA,,51.4552,-2.5966
W058846,2024-10-24,PE4,MDMA,MDMA,White,Powder,Not Stated,Not Stated,MDMA,,52.607,-0.2694999999999999
W058840,2024-10-24,CB43,MDMA,MDMA,"White, Yellow",Crystalline,Not Stated,Not Stated,MDMA,,52.22380625,0.131525
W059095,2024-10-27,NN11,MDMA,Au Vodka,Yellow,Tablet,Not Stated,Not Stated,MDMA,,52.21614,-1.179288
W058987,2024-10-28,CT9,MDMA,Not Stated,White,Crystalline,Not Stated,Not Stated,MDMA,,51.385000000000005,1.3956
W059073,2024-11-05,CF64,MDMA,MDMA,"Colourless, Colourless",Crystalline,Not Stated,Not Stated,MDMA,,51.42878,-3.21045
000041285,2024-11-05,CF63,MDMA,Not Stated,"Colourless, White",Crystalline,Oral,Increased Energy,MDMA,,51.4172,-3.2614
W059056,2024-11-05,PL5,MDMA,Not Stated,"White, Grey",Crystalline,Oral,"Increased Energy, Increased Confidence, Empathy",MDMA,,50.4143,-4.16135
W059475,2024-11-12,HP20,MDMA,Not Stated,Yellow,Crystalline,Not Stated,Not Stated,MDMA,,51.8167,-0.8146
W059478,2024-11-12,HP20,Ecstacy- Pacha Cherries,Not Stated,Pink,Tablet,Not Stated,Not Stated,MDMA,,51.8167,-0.8146
W059443,2024-11-12,S1,MDMA,Not Stated,"White, Grey",Crystalline,Oral,"Euphoria, Increased Energy, Increased Confidence, Enhanced Senses, Increased Stamina, Auditory Hallucinations, Visual Hallucinations, Nausea, Insomnia",MDMA,,53.383,-1.4659
W059435,2024-11-12,BS45,MDMA,Not Stated,White,Powder,Oral,"Euphoria, Increased Energy, Empathy, Nausea, Vomiting, Headache",MDMA,,51.4345,-2.55525
W059434,2024-11-12,TN12,MDMA,Not Stated,Pink,Granules,Not Stated,Not Stated,MDMA,,51.171860869565215,0.4354347826086956
W059477,2024-11-12,HP20,Ecstacy- Orange Soundcloud,Not Stated,Orange,Tablet,Not Stated,Not Stated,MDMA,,51.8167,-0.8146
W059376,2024-11-12,SW4,MDMA,Not Stated,Colourless,Crystalline,Oral,"Euphoria, Increased Energy, Increased Confidence, Empathy, Auditory Hallucinations, Visual Hallucinations",MDMA,,51.46758,-0.12912
W059314,2024-11-14,E1,MDMA,Not Stated,"Yellow, Grey",Crystalline,Not Stated,Not Stated,MDMA,,51.51302727272727,-0.0617727272727272
W059506,2024-11-14,LS10,MDMA,Not Stated,Colourless,Crystalline,Not Stated,Not Stated,MDMA,,53.7496,-1.5494
W059305,2024-11-14,RG12,Ecstacy pill,Dior,Yellow,Tablet,Not Stated,Not Stated,MDMA,,51.4007,-0.7635
W059306,2024-11-14,RG12,Ecstacy pill,Jordan,Grey,Tablet,Not Stated,Not Stated,MDMA,,51.4007,-0.7635
W059627,2024-11-14,BA6,Ecstacy,Not Stated,Blue,Tablet,Not Stated,Not Stated,Bromazolam,,51.140458333333335,-2.708916666666666
W059527,2024-11-14,TQ14,MDMA,Not Stated,Yellow,Crystalline,Oral,"Increased Energy, Increased Stamina, Nausea",MDMA,,50.54670000000001,-3.515233333333333
W059535,2024-11-14,PL1,MDMA,MDMA,"White, Brown",Crystalline,Snort / Sniff,"Euphoria, Increased Energy, Increased Libido, Empathy, Nausea",MDMA,MDEA,50.37435000000001,-4.1642
W059706,2024-11-19,BN7,MDMA,Not Stated,Orange,Powder,Not Stated,Not Stated,MDMA,,50.872718181818186,-0.0157
W059717,2024-11-19,CW11,MDMA,Not Stated,White,Powder,Snort / Sniff,"Nausea, Vomiting, Memory Loss, Confusion, Loss of consciousness, Agitation",MDMA,,53.13976153846154,-2.3823153846153846
W059455,2024-11-19,SE19,Ecstacy pill,Not Stated,"Green, Pink",Tablet,Not Stated,Not Stated,MDMA,,51.417875,-0.085075
W059456,2024-11-19,SE19,Ecstacy pill,Not Stated,Blue,Tablet,Not Stated,Not Stated,MDMA,,51.417875,-0.085075
W059768,2024-11-19,E15,Ecstacy (MDMA),Not Stated,Yellow,Tablet,Oral,"Euphoria, Increased Energy, Increased Confidence, Enhanced Senses, Increased Libido, Empathy",MDMA,,51.5333,0.0
W059454,2024-11-19,SE20,MDMA,Not Stated,Brown,Crystalline,Not Stated,Not Stated,MDMA,,51.41095,-0.05695
W059699,2024-11-20,E11,MDMA,Not Stated,"Black, Brown",Crystalline,Not Stated,Not Stated,MDMA,,51.57656666666667,0.0171666666666666
W059698,2024-11-20,E11,Ecstacy,Not Stated,Blue,Solid,Not Stated,Not Stated,MDMA,,51.57656666666667,0.0171666666666666
W059645,2024-11-20,M15,MDMA,Not Stated,White,Crystalline,Oral,"Euphoria, Increased Energy, Auditory Hallucinations, Visual Hallucinations, Vomiting, Paranoia, Agitation",MDMA,,53.4809,-2.2374
W059679,2024-11-20,CV4,MDMA,one stop,"White, Brown",Crystalline,Not Stated,Not Stated,MDMA,,52.3833,-1.5833000000000002
W059702,2024-11-20,E11,Ecstacy,Not Stated,Red,Solid,Not Stated,Not Stated,MDMA,,51.57656666666667,0.0171666666666666
W059917,2024-11-21,BN1,MDMA,Not Stated,"White, Brown",Powder,Not Stated,Not Stated,No Active Component Identified,,50.8614,-0.1204166666666666
W059892,2024-11-21,CV8,MDMA,Not Stated,White,Crystalline,Not Stated,Not Stated,MDMA,,52.35924166666666,-1.5064916666666666
W059896,2024-11-21,E9,MDMA,Not Stated,Colourless,Crystalline,Not Stated,Not Stated,MDMA,,51.5394,-0.0414
W059895,2024-11-21,E9,Ecstacy,Not Stated,Brown,Powder,Oral,"Euphoria, Enhanced Senses, Increased Stamina, Relaxed",MDMA,,51.5394,-0.0414
W059969,2024-11-26,CF24,MDMA,Not Stated,White,Powder,Oral,"Visual Hallucinations, Nausea, Paranoia, Confusion",Ketamine,,51.48,-3.18
W059928,2024-11-26,SW12,MDMA,Not Stated,Brown,Granules,Oral,"Euphoria, Increased Energy, Increased Confidence, Empathy, Relaxed, Chest Pains, Irregular Heartbeat, Paranoia, Panic Attack",MDMA,,51.4469,-0.1384
W060033,2024-11-26,LE67,MDMA,Not Stated,"Yellow, Brown",Crystalline,Not Stated,Not Stated,MDMA,,52.70979565217391,-1.3721043478260868
W060004,2024-11-26,OX3,MDMA crystal,Not Stated,Grey,Crystalline,Not Stated,Not Stated,MDMA,,51.78040000000001,-1.2171666666666667
W060072,2024-12-03,SE4,MDMA,Not Stated,"Colourless, White",Crystalline,Not Stated,Not Stated,MDMA,,51.46099999999999,-0.0352
W060099,2024-12-04,CO9,MDMA,Not Stated,"Colourless, Yellow",Crystalline,Not Stated,Not Stated,MDMA,,51.995466666666665,0.5882238095238096
W060983,2025-01-08,CF24,MDMA,Not Stated,"Grey, Brown",Crystalline,Not Stated,Not Stated,MDMA,,51.48,-3.18
W060928,2025-01-08,G12,MDMA,MDMA,Colourless,Liquid,Not Stated,Not Stated,No Active Component Identified,,55.8804,-4.3007
W061106,2025-01-16,TS11,Monclear XTC,Not Stated,"Purple, Pink",Tablet,Not Stated,Not Stated,MDMA,,54.57873333333333,-1.028166666666667
W061074,2025-01-16,CT11,MDMA,Not Stated,"Colourless, Pink",Granules,Oral,"Euphoria, Empathy, Relaxed",MDMA,,51.3358,1.4155
W061103,2025-01-16,AL7,MDMA,Champagne MDMA,Brown,Crystalline,Not Stated,Not Stated,MDMA,,51.7969,-0.1871
W061155,2025-01-16,LE3,MDMA,Not Stated,"White, Yellow",Crystalline,Not Stated,Not Stated,"MDMA, Methamphetamine",,52.6325,-1.1869666666666667
W061135,2025-01-16,MK17,MDMA,Not Stated,Yellow,Crystalline,Not Stated,Not Stated,Mephedrone,,51.98291739130435,-0.7129
W061062,2025-01-16,TR1,Ecstacy,High times Green Punisher MDMA,Green,Tablet,Not Stated,Not Stated,MDMA,,50.2637,-5.06268
W061099,2025-01-16,G84,MDMA,Not Stated,White,Powder,Not Stated,Not Stated,Ketamine,,56.06313214285715,-4.785921428571428
W061175,2025-01-16,E11,MDMA,Not Stated,"Colourless, Brown",Crystalline,Not Stated,Not Stated,MDMA,,51.57656666666667,0.0171666666666666
W061239,2025-01-20,W5,MDMA powder,Not Stated,White,Crystalline,Not Stated,Not Stated,MDMA,,51.516333333333336,-0.2851888888888889
W061105,2025-01-20,TS11,Punisher XTC,Not Stated,Blue,Tablet,Not Stated,Not Stated,MDMA,,54.57873333333333,-1.028166666666667
W061264,2025-01-20,N16,MDMA,Not Stated,"White, Brown",Powder,Not Stated,Not Stated,MDMA,,51.5625,-0.074
W061464,2025-01-22,ML66,MDMA,Not Stated,Yellow,Crystalline,Not Stated,Not Stated,MDMA,,55.876992307692305,-3.925407692307692
W061610,2025-01-28,WD17,Ecstacy,Not Stated,Grey,Tablet,Oral,"Euphoria, Increased Stamina, Auditory Hallucinations, Visual Hallucinations, Relaxed","Ketamine, MDMA",,51.6553,-0.396
W061514,2025-01-28,GL12,MDMA,Not Stated,"White, Brown",Crystalline,Not Stated,Not Stated,MDMA,,51.62172777777778,-2.3947055555555554
W061476,2025-01-28,IV30,MDMA,Not Stated,Brown,Crystalline,Not Stated,Not Stated,MDMA,,57.65519736842106,-3.334721052631579
W061334,2025-01-28,OL14,MDMA,Not Stated,White,Powder,Not Stated,Not Stated,Ketamine,,53.7142125,-2.113025
W061582,2025-01-28,PO77,MDMA,Dior Ecstacy pills,Orange,Tablet,Not Stated,Not Stated,MDMA,,50.8953875,-1.0532125
W061347,2025-01-28,SW11,XTC,Not Stated,Pink,Tablet,Oral,"Enhanced Senses, Visual Hallucinations",MDMA,,51.469166666666666,-0.1619333333333333
W061336,2025-01-28,SW6,Cannabis MDMA oil,Not Stated,Yellow,Liquid,Not Stated,Not Stated,No Active Component Identified,,51.4803,-0.1993
W061338,2025-01-28,SW6,MDMA,Methylcobalamin concentrated,Yellow,Powder,Oral,"Breathlesness, Chest Pains",No Active Component Identified,,51.4803,-0.1993
W061546,2025-01-29,CH6,MDMA,Not Stated,"Colourless, Yellow",Crystalline,Not Stated,Not Stated,MDMA,,53.255125,-3.1489
W061564,2025-01-30,G3,Ecstacy,Pink Soundcloud,Pink,Tablet,Not Stated,Not Stated,MDMA,,55.8651,-4.2576
W061366,2025-01-30,EX81,MDMA,Not Stated,"White, Grey",Crystalline,Not Stated,Not Stated,MDMA,,50.631025,-3.409475
W061563,2025-01-31,G3,Ecstacy,orange Soundcloud,Orange,Tablet,Not Stated,Not Stated,MDMA,,55.8651,-4.2576
W061776,2025-02-06,B5,MDMA,Not Stated,Pink,Powder,Not Stated,Not Stated,MDMA,,52.4814,-1.8998
W061668,2025-02-06,EN2,MDMA,Not Stated,Pink,Tablet,Not Stated,Not Stated,MDMA,,51.6515,-0.085
W061697,2025-02-06,IP30,MDMA,Not Stated,Colourless,Crystalline,Not Stated,Not Stated,MDMA,,52.20718148148149,0.8281888888888889
W061814,2025-02-06,SN13,MDMA,Not Stated,White,Crystalline,Not Stated,Not Stated,MDMA,,51.4241625,-2.203425
W061706,2025-02-06,SA16,MDMA,Not Stated,Green,Tablet,Oral,"Euphoria, Enhanced Senses, Empathy",MDMA,,51.68593333333333,-4.261566666666667
W061851,2025-02-06,NW1,MDMA,Not Stated,White,Crystalline,Not Stated,Not Stated,MDMA,,51.52988181818182,-0.1471818181818182
W061711,2025-02-06,DN16,MDMA,Not Stated,White,Tablet,Not Stated,Not Stated,No Active Component Identified,,53.55885,-0.64505
W061964,2025-02-11,RN78,MDMA pill,Not Stated,Blue,Tablet,Oral,Not Stated,MDMA,,,
W061995,2025-02-11,N1,MDMA,Not Stated,"White, Grey",Powder,Not Stated,Not Stated,MDMA,,51.53669,-0.0944
W062062,2025-02-12,TR4,MDMA,Not Stated,White,Capsule,Not Stated,Not Stated,MDMA,,50.28748947368421,-5.131431578947368
W062071,2025-02-12,BS4,Ecstacy,Orange storm trooper,Orange,Tablet,Not Stated,Not Stated,MDMA,,51.4345,-2.55525
W062036,2025-02-17,N95,MDMA,MANDY,Black,Crystalline,Oral,"Euphoria, Increased Energy, Enhanced Senses, Increased Libido, Relaxed",MDMA,,,
W062119,2025-02-18,BR1,MDMA,Not Stated,"White, Brown",Powder,Oral,"Increased Energy, Enhanced Senses, Irregular Heartbeat, Insomnia",MDMA,,51.4037,0.0305
W062143,2025-02-18,RG12,MDMA,Not Stated,Brown,Crystalline,Not Stated,Not Stated,MDMA,,51.4007,-0.7635
W062453,2025-02-25,S10,MDMA,Not Stated,"White, Blue",Tablet,Not Stated,Not Stated,MDMA,,53.35,-1.55
W062401,2025-02-25,NP22,Xtc Ecstasy,Pop Smoke ,Grey,Tablet,Not Stated,Not Stated,MDMA,,51.7725,-3.2468
W062466,2025-02-25,E1W,MDMA,Not Stated,"Colourless, Yellow",Capsule,Not Stated,Not Stated,MDMA,,51.5094,-0.059
W062305,2025-02-25,SE5,MDMA,Not Stated,"White, Brown",Granules,Oral,"Euphoria, Increased Energy, Enhanced Senses, Increased Stamina, Increased Libido, Empathy, Auditory Hallucinations, Visual Hallucinations, Irregular Heartbeat, Panic Attack, Insomnia",MDMA,,51.474575,-0.090125
W062434,2025-02-25,SE13,MDMA,XTC,Brown,Tablet,Not Stated,Not Stated,MDMA,,51.4643,-0.0119
W062556,2025-02-25,EH10,MDMA,Not Stated,White,Crystalline,Not Stated,Not Stated,MDMA,,55.91466666666667,-3.2046333333333337
W062452,2025-02-25,S10,MDMA,Not Stated,"Yellow, Red",Tablet,Not Stated,Not Stated,MDMA,,53.35,-1.55
W062380,2025-02-25,EH5,MDMA,Not Stated,White,Capsule,Not Stated,Not Stated,MDMA,,55.9757,-3.2217
W062040,2025-02-25,E9,MDMA,Not Stated,White,Powder,Not Stated,Not Stated,MDMA,,51.5394,-0.0414
W062590,2025-02-27,BS32,Ecstacy,Red Bull,Purple,Tablet,Not Stated,Not Stated,MDMA,,51.5441,-2.5582
W062581,2025-02-28,W13,MDMA,Not Stated,"White, Brown",Crystalline,Not Stated,Not Stated,MDMA,,51.5122,-0.311625
W062685,2025-03-03,E2,MDMA,Not Stated,Yellow,Crystalline,Not Stated,Not Stated,MDMA,,51.5386,-0.055525
W062509,2025-03-03,DT6,MDMA,Not Stated,"White, Yellow",Crystalline,Oral,"Euphoria, Increased Energy, Relaxed",MDMA,,50.74444722222222,-2.776736111111111
W062630,2025-03-03,OX13,XTC,XTC Duo,"Orange, Green",Tablet,Not Stated,Not Stated,MDMA,,51.673544444444445,-1.3561166666666666
W062332,2025-03-04,EH4,MDMA,Not Stated,Grey,Granules,Not Stated,Not Stated,MDMA,,55.965133333333334,-3.2708999999999997
W062934,2025-03-11,RG21,MDMA rock,MMM MDR,"White, Yellow",Crystalline,Not Stated,Not Stated,MDMA,,51.2625,-1.0871
W062930,2025-03-11,RG21,MDMA pill,MDMA MDP,Green,Tablet,Not Stated,Not Stated,MDMA,,51.2625,-1.0871
W062822,2025-03-12,BA14,MDMA,Not Stated,Brown,Crystalline,Not Stated,Not Stated,MDMA,,51.32102,-2.1876733333333336
W062891,2025-03-12,DE10,MDMA,Not Stated,"Yellow, Red",Tablet,Not Stated,Not Stated,MDMA,,52.9228,-1.4766
W062899,2025-03-12,CB4,MDMA,Not Stated,"Colourless, Yellow",Crystalline,Not Stated,Not Stated,MDMA,,52.22380625,0.131525
W062868,2025-03-12,W6,MDMA,Not Stated,Orange,Tablet,Not Stated,Not Stated,MDMA,,51.49248333333333,-0.2204
W062867,2025-03-12,W6,MDMA,Not Stated,Green,Tablet,Not Stated,Not Stated,MDMA,,51.49248333333333,-0.2204
W062808,2025-03-18,IV13,MDMA,MDMA,White,Crystalline,Not Stated,Not Stated,MDMA,,57.33879090909091,-4.016363636363637
W062730,2025-03-18,SW7,MDMA Cystals,Not Stated,"Colourless, White",Crystalline,Not Stated,Not Stated,MDMA,,51.49598333333333,-0.1762833333333333
W063011,2025-03-18,MK12,MDMA,Not Stated,"White, Brown",Crystalline,Not Stated,Not Stated,MDMA,,52.0625,-0.8166
W062749,2025-03-18,MK19,Ecstacy,Moncler,Blue,Tablet,Not Stated,Not Stated,MDMA,,52.06605384615385,-0.8461307692307692
W063022,2025-03-18,SE92,MDMA,MDMA,White,Crystalline,Not Stated,Not Stated,MDMA,,51.44698000000001,0.0542799999999999
W063097,2025-03-18,RG10,MDMA,Not Stated,Colourless,Crystalline,Not Stated,Not Stated,MDMA,,51.48520769230769,-0.8407
W063087,2025-03-18,SE15,MDMA,Hightimes Blue Punisher,Blue,Tablet,Not Stated,Not Stated,MDMA,,51.470175,-0.060325
W063103,2025-03-20,HA0,MDMA,MDMA,White,Crystalline,Oral,"Increased Confidence, Empathy, Irregular Heartbeat, Nausea, Insomnia",Cocaine,,51.5538,-0.3102333333333333
W063156,2025-03-20,WR11,MDMA,Soundcloud,Orange,Tablet,Not Stated,Not Stated,MDMA,,52.10796153846154,-1.9201384615384616
W062996,2025-03-20,E9,MDMA,Not Stated,White,Powder,Not Stated,Not Stated,MDMA,,51.5394,-0.0414
W063230,2025-03-20,W2,MDMA,Not Stated,Green,Tablet,Oral,"Euphoria, Increased Confidence, Increased Energy, Enhanced Senses, Empathy",MDMA,,51.51413636363636,-0.1886454545454545
W063282,2025-03-20,EX31,MDMA,Blue moncler,Blue,Tablet,Not Stated,Not Stated,MDMA,,51.10911951219512,-4.008517073170732
W063157,2025-03-20,WR11,MDMA,Not Stated,Blue,Tablet,Not Stated,Not Stated,MDMA,,52.10796153846154,-1.9201384615384616
W063213,2025-03-27,TF9,MDMA,Not Stated,"Colourless, Brown",Crystalline,Not Stated,Not Stated,MDMA,,52.85675853658537,-2.425558536585366
W063233,2025-03-27,N1,MDMA,Not Stated,Green,Tablet,Not Stated,Not Stated,MDMA,,51.53669,-0.0944
W063211,2025-03-27,TF9,Fanta Ecstacy,MDMA,"Yellow, Black",Tablet,Not Stated,Not Stated,MDMA,,52.85675853658537,-2.425558536585366
W063232,2025-03-27,N1,MDMA,Not Stated,White,Crystalline,Not Stated,Not Stated,MDMA,,51.53669,-0.0944
W063039,2025-03-27,SE15,MDMA,Not Stated,Brown,Crystalline,Not Stated,Not Stated,MDMA,,51.470175,-0.060325
W063372,2025-03-27,TW11,MDMA,Not Stated,"Orange, Brown",Granules,Not Stated,Not Stated,MDMA,,51.4223,-0.3305
W063385,2025-03-27,SW19,White MDMA,Not Stated,White,Crystalline,Not Stated,Not Stated,4-Chloromethcathinone,,51.42343333333333,-0.1973333333333333
000233521,2025-04-01,NP20,MDMA,Not Stated,White,Granules,Not Stated,Not Stated,MDMA,,51.5877,-2.9984
000233520,2025-04-01,NP20,MDMA,Not Stated,Blue,Powder,Not Stated,Not Stated,MDMA,,51.5877,-2.9984
W062997,2025-04-01,BN16,MDMA,Not Stated,"Pink, Brown",Tablet,Not Stated,Not Stated,MDMA,,50.81518,-0.4855
W063442,2025-04-03,CA28,Ecstasy/MDMA,Not Stated,"White, Red",Powder,Not Stated,Not Stated,MDMA,,54.55781666666667,-3.5837
W063525,2025-04-03,CF32,MDMA,MDMA,White,Powder,Not Stated,Not Stated,Cocaine,,51.536704166666674,-3.5931333333333337
W063524,2025-04-03,CF32,MDMA,MDMA,White,Powder,Not Stated,Not Stated,Cocaine,,51.536704166666674,-3.5931333333333337
W063441,2025-04-03,CA28,Ecstasy/MDMA,Netflix,Red,Tablet,Not Stated,Not Stated,MDMA,,54.55781666666667,-3.5837
W063440,2025-04-03,CA28,Esctasy/MDMA,netflix,White,Tablet,Not Stated,Not Stated,MDMA,,54.55781666666667,-3.5837
W063439,2025-04-03,CA28,Ecstasy/MDMA,Pickle rick,Green,Tablet,Not Stated,Not Stated,MDMA,,54.55781666666667,-3.5837
W063643,2025-04-07,W55,MDMA,Not Stated,Blue,Tablet,Oral,"Euphoria, Increased Energy, Increased Confidence, Increased Stamina, Empathy, Insomnia, Confusion",MDMA,,,
W063672,2025-04-07,BR15,MDMA,Not Stated,Colourless,Crystalline,Not Stated,Not Stated,MDMA,,51.4037,0.0305
W063462,2025-04-07,WC1H,MDMA,MDMA,"Colourless, Yellow",Crystalline,Not Stated,Not Stated,MDMA,,51.5085,-0.1257
W063605,2025-04-07,NP19,MDMA,Not Stated,"White, Grey",Crystalline,Oral,"Increased Energy, Panic Attack, Loss of consciousness",MDMA,,51.5888,-2.9638
W063569,2025-04-08,DH46,MDMA,Not Stated,"White, Blue",Tablet,Not Stated,Not Stated,MDMA,,54.851685714285715,-1.490757142857143
W063499,2025-04-08,BS5,MDMA pill,Not Stated,Black,Tablet,Not Stated,Not Stated,MDMA,,51.462,-2.5519
W063483,2025-04-15,EX17,MDMA,Not Stated,"Colourless, White",Crystalline,Oral,"Anxiety, Increased Energy, Increased Stamina, Agitation",MDMA,,50.82146136363636,-3.71385
W063666,2025-04-15,SE4,Ecstacy (MDMA),Not Stated,Blue,Tablet,Oral,Not Stated,No Active Component Identified,,51.46099999999999,-0.0352
W063665,2025-04-15,SE4,MDMA,Not Stated,Brown,Crystalline,Oral,Not Stated,MDMA,,51.46099999999999,-0.0352
W063663,2025-04-15,LE3,MDMA,Not Stated,Purple,Tablet,Not Stated,Not Stated,MDMA,,52.6325,-1.1869666666666667
W064236,2025-04-24,G74,MDMA,Ecstasy Pill,Grey,Tablet,Not Stated,Not Stated,MDMA,,55.76583333333334,-4.1700333333333335
W064065,2025-04-24,N10,MDMA,Not Stated,"Colourless, Grey",Solid,Not Stated,"Euphoria, Increased Energy, Relaxed",MDMA,,51.5905,-0.1421
W064152,2025-04-29,SG8,MDMA,SB MDMA,"Yellow, White",Crystalline,Not Stated,Not Stated,MDMA,,52.07207058823529,-0.0231647058823529
W063923,2025-04-29,NR3,MDMA,Not Stated,"White, Brown",Crystalline,Not Stated,Not Stated,MDMA,,52.6278,1.2983
W064129,2025-04-30,SN2,Ecstacy,Not Stated,Brown,Tablet,Not Stated,Not Stated,MDMA,,51.58286666666667,-1.7952333333333332
W063922,2025-04-30,CR0,MDMA,Not Stated,"Colourless, White",Crystalline,Not Stated,Not Stated,MDMA,,51.3703,-0.060975
W064522,2025-04-30,WV4,Ecstacy,Not Stated,Pink,Tablet,Not Stated,Not Stated,MDMA,,52.5617,-2.1607333333333334
W064098,2025-04-30,CF24,MDMA,Not Stated,Grey,Tablet,Not Stated,Not Stated,MDMA,,51.48,-3.18
W064178,2025-04-30,HA5,MDMA,Not Stated,"White, Pink",Crystalline,Not Stated,Not Stated,MDMA,,51.592725,-0.384425
W064420,2025-05-07,WV12,MDMA,LMD,"Grey, Brown",Powder,Oral,"Nausea, Vomiting, Paranoia, Memory Loss, Confusion",MDMA,,52.606,-2.0406
W064352,2025-05-07,BH20,MDMA,Not Stated,Brown,Crystalline,Not Stated,Not Stated,MDMA,,50.67082068965517,-2.154941379310345
W064289,2025-05-07,NW6,MDMA,Not Stated,Brown,Granules,Not Stated,"Euphoria, Increased Energy, Empathy, Irregular Heartbeat, Visual Hallucinations, Insomnia",MDMA,,51.54194444444445,-0.1931888888888888
W064454,2025-05-07,BT4,Ecstasy/ MDMA,Session S ,Purple,Tablet,Oral,"Visual Hallucinations, Breathlesness, Irregular Heartbeat, Nausea, Vomiting, Confusion, Panic Attack, Loss of consciousness, Agitation",MDMA,,54.595659999999995,-5.88056
W064483,2025-05-07,RG12,MDMA,Not Stated,"Colourless, White",Crystalline,Oral,"Euphoria, Increased Strength, Empathy",MDMA,,51.4007,-0.7635
W064168,2025-05-07,WR1,MDMA,Not Stated,Grey,Crystalline,Not Stated,Not Stated,MDMA,,52.1894,-2.22
W064347,2025-05-07,SE15,MDMA,Mercedesuk,White,Powder,Not Stated,Not Stated,MDMA,,51.470175,-0.060325
W064199,2025-05-07,E15,MDMA,MDMA,"White, Yellow",Crystalline,Not Stated,Not Stated,MDMA,,51.5333,0.0
W064229,2025-05-07,CH65,MDMA,Not Stated,"White, Brown",Crystalline,Not Stated,Not Stated,MDMA,,53.2787,-2.9013
W064332,2025-05-07,TF9,MDMA ecstasy,Scarface,Purple,Tablet,Not Stated,Not Stated,MDMA,,52.85675853658537,-2.425558536585366
W064331,2025-05-07,TF9,MDMA Ecstasy,Scarface pills,Purple,Tablet,Not Stated,Not Stated,MDMA,,52.85675853658537,-2.425558536585366
W064295,2025-05-07,RG12,MDMA,Not Stated,"Orange, Brown",Crystalline,Not Stated,Not Stated,MDMA,,51.4007,-0.7635
W063456,2025-05-08,B85,MDMA,MDMA,Brown,Granules,Not Stated,"Euphoria, Increased Energy, Increased Confidence, Empathy, Relaxed",MDMA,,,
W064461,2025-05-08,DL15,Ecstacy pill,Not Stated,Blue,Tablet,Oral,"Euphoria, Increased Confidence, Enhanced Senses, Increased Stamina, Empathy, Auditory Hallucinations, Visual Hallucinations, Relaxed, Nausea, Insomnia","MDMA, 2C-B",,54.7021875,-1.730175
W064478,2025-05-08,BS16,MDMA,MDMA,"Colourless, Yellow",Crystalline,Not Stated,Not Stated,MDMA,,51.49088571428571,-2.5036
W064443,2025-05-08,CH65,MDMA,Not Stated,Brown,Crystalline,Oral,"Increased Confidence, Increased Energy, Enhanced Senses, Empathy, Auditory Hallucinations, Visual Hallucinations, Relaxed, Vomiting, Confusion",MDMA,,53.2787,-2.9013
W064675,2025-05-13,BN1,MDMA,Not Stated,Yellow,Crystalline,Not Stated,Not Stated,MDMA,,50.8614,-0.1204166666666666
W064847,2025-05-13,LL77,MDMA,MDMA,"Yellow, Black",Crystalline,Not Stated,Not Stated,MDMA,,53.27263333333334,-4.3066
W058616,2025-05-13,AB24,MDMA,Not Stated,Green,Tablet,Oral,"Euphoria, Increased Confidence, Increased Energy, Enhanced Senses, Increased Libido, Empathy, Visual Hallucinations, Relaxed, Confusion",MDMA,,57.1437,-2.0981
W064752,2025-05-13,BN1,MDMA,Not Stated,Blue,Powder,Not Stated,Not Stated,MDMA,,50.8614,-0.1204166666666666
W064748,2025-05-13,SE92,MDMA,Not Stated,White,Crystalline,Not Stated,Not Stated,MDMA,,51.44698000000001,0.0542799999999999
W064672,2025-05-13,G1,MDMA,Not Stated,White,Capsule,Oral,"Increased Libido, Empathy, Relaxed, Vomiting, Memory Loss, Confusion",MDMA,,55.8651,-4.2576
W064749,2025-05-13,BA3,MDMA,Not Stated,"White, Grey",Crystalline,Not Stated,Not Stated,MDMA,,51.26661794871795,-2.482284615384615
W064791,2025-05-13,M21,MDMA,Not Stated,"White, Brown",Crystalline,Oral,"Euphoria, Increased Confidence, Increased Energy, Increased Libido, Auditory Hallucinations, Relaxed, Enhanced Senses",MDMA,,53.4351,-2.2631
W064674,2025-05-13,BN1,MDMA,Not Stated,"Pink, Brown",Tablet,Not Stated,Not Stated,MDMA,,50.8614,-0.1204166666666666
W064890,2025-05-13,SW2,MDMA,Not Stated,White,Powder,Not Stated,Not Stated,MDMA,,51.4548,-0.1158
W064911,2025-05-13,IP4,MDMA,Not Stated,Blue,Tablet,Not Stated,Not Stated,MDMA,,52.0592,1.1555
W064669,2025-05-13,SE1,MDMA,Not Stated,Brown,Crystalline,Not Stated,Not Stated,MDMA,,51.49874615384616,-0.0930384615384615
W064631,2025-05-13,SE15,MDMA,High times 300mg,Orange,Tablet,Not Stated,Not Stated,MDMA,,51.470175,-0.060325
W064624,2025-05-13,CF32,MDMA,Not Stated,Orange,Tablet,Oral,"Increased Energy, Enhanced Senses, Nausea, Agitation",MDMA,,51.536704166666674,-3.5931333333333337
W064376,2025-05-13,SE17,MDMA,Not Stated,Brown,Crystalline,Not Stated,Not Stated,MDMA,,51.48563333333333,-0.1028333333333333
W064464,2025-05-13,SW2,MDMA,Not Stated,"Grey, Brown",Crystalline,Not Stated,Not Stated,MDMA,,51.4548,-0.1158
W064915,2025-05-16,SE15,MDMA,MDMA,"White, Red",Tablet,Not Stated,Not Stated,MDMA,,51.470175,-0.060325
W064923,2025-05-16,LU3,MDMA,MDMA,"White, Colourless",Crystalline,Not Stated,Not Stated,MDMA,,51.93223333333333,-0.4567666666666666
W064953,2025-05-16,BA59,MDMA,Not Stated,"White, Yellow",Granules,Oral,"Euphoria, Enhanced Senses, Empathy, Relaxed",MDMA,,51.21172857142857,-2.659952380952381
W064971,2025-05-16,BS1,MDMA,Not Stated,Yellow,Powder,Oral,"Increased Energy, Paranoia, Confusion",MDMA,,51.4552,-2.5966
W064975,2025-05-16,BS2,MDMA,Not Stated,Blue,Powder,Not Stated,Not Stated,MDMA,,51.4552,-2.5966
W065145,2025-05-22,B930,MDMA,Not Stated,"Yellow, Brown",Crystalline,Not Stated,Not Stated,MDMA,,52.38528333333333,-1.7273166666666668
W065174,2025-05-22,CF23,MDMA,Not Stated,White,Crystalline,Not Stated,Not Stated,MDMA,,51.5144,-3.1545
W065279,2025-05-28,GL12,MDMA,MDMA,Brown,Crystalline,Not Stated,Not Stated,MDMA,,51.62172777777778,-2.3947055555555554
W065411,2025-05-28,TS01,Xtc,Ufo XTC,"White, Red",Tablet,Not Stated,Not Stated,MDMA,,,
W065327,2025-05-28,EH12,Ecstacy,roll royce,Pink,Tablet,Not Stated,Not Stated,MDMA,,55.9429,-3.285
W065331,2025-05-28,EH12,MDMA,MDMA,"Yellow, Brown",Crystalline,Not Stated,Not Stated,MDMA,,55.9429,-3.285
W065393,2025-05-28,CF64,MDMA,MDMA,White,Crystalline,Not Stated,Not Stated,MDMA,,51.42878,-3.21045
W065409,2025-05-28,TS01,XTC,new balance XTC,"White, Blue",Tablet,Not Stated,Not Stated,MDMA,,,
W065389,2025-05-28,E2,XTC Ecstasy,brown hermes,"Orange, Brown",Tablet,Not Stated,Not Stated,MDMA,,51.5386,-0.055525
W065371,2025-05-28,BS14,MDMA,Not Stated,Brown,Crystalline,Not Stated,Not Stated,MDMA,,51.4061,-2.5627
W065427,2025-05-28,BD7,MDMA,MDMA,Brown,Crystalline,Not Stated,Not Stated,MDMA,,53.7835,-1.7851
W065277,2025-05-28,GL12,MDMA,Wispa UFO Pills 200mg,"White, Red",Tablet,Not Stated,Not Stated,MDMA,,51.62172777777778,-2.3947055555555554
W065418,2025-05-28,TS01,MDMA,MDMA,Yellow,Crystalline,Not Stated,Not Stated,MDMA,,,
W065310,2025-05-28,S11,MDMA,Not Stated,White,Crystalline,Not Stated,Not Stated,MDMA,,53.3608,-1.5084
W065295,2025-05-28,CM11,MDMA/ Ecstasy,Not Stated,Brown,Tablet,Not Stated,Not Stated,MDMA,,51.62107142857143,0.4470142857142857
W065264,2025-05-28,E9,MDMA,Not Stated,White,Crystalline,Not Stated,Not Stated,MDMA,,51.5394,-0.0414
W065412,2025-05-30,TS01,xtc,duke nukem,"Orange, Green",Tablet,Not Stated,Not Stated,MDMA,,,
W065224,2025-06-06,,MDMA,Not Stated,Blue,Tablet,Not Stated,Not Stated,,,0,0
W065228,2025-06-06,,MDMA,Not Stated,Purple,Tablet,Not Stated,Not Stated,,,0,0
W065231,2025-06-06,,MDMA,Not Stated,Orange,Tablet,Not Stated,Not Stated,,,0,0
W065226,2025-06-06,,MDMA,Not Stated,Red,,Not Stated,Not Stated,,,0,0
W065202,2025-06-13,SL4,MDMA,Not Stated,"Colourless, White",Crystalline,Not Stated,Not Stated,MDMA,Cocaine,51.47827692307692,-0.6311692307692307
000231253,2025-06-13,SY23,MDMA,Not Stated,White,Crystalline,Not Stated,Not Stated,Cocaine,,52.34458541666667,-3.9885
W065460,2025-06-13,GL50,MDMA,Not Stated,Brown,Crystalline,Not Stated,Not Stated,MDMA,,51.9,-2.0833
W065206,2025-06-13,SL4,MDMA,Not Stated,White,Granules,Not Stated,Not Stated,"Cocaine, MDMA",,51.47827692307692,-0.6311692307692307
W065507,2025-06-16,CB10,MDMA Ecstacy,Not Stated,Blue,Tablet,Not Stated,Not Stated,MDMA,,52.03342941176471,0.2682294117647059
W065536,2025-06-16,N1,Ecstacy,Not Stated,Green,Tablet,Not Stated,Not Stated,MDMA,,51.53669,-0.0944
W065508,2025-06-16,CB10,MDMA,Not Stated,Brown,Granules,Not Stated,Not Stated,MDMA,,52.03342941176471,0.2682294117647059
W065471,2025-06-16,NW10,MDMA,Not Stated,Yellow,Crystalline,Not Stated,Not Stated,MDMA,,51.53758571428572,-0.2431214285714285
W065517,2025-06-16,HP2,MDMA,Not Stated,Brown,Crystalline,Not Stated,Not Stated,MDMA,,51.7639,-0.4531
W065518,2025-06-16,HP2,MDMA,Not Stated,"Colourless, White",Crystalline,Not Stated,Not Stated,MDMA,,51.7639,-0.4531
W065526,2025-06-16,W6,MDMA,Not Stated,White,Capsule,Not Stated,Not Stated,MDMA,,51.49248333333333,-0.2204
W065597,2025-06-17,B18,MDMA,Not Stated,"Grey, Brown",Crystalline,Not Stated,Not Stated,MDMA,,52.4814,-1.8998
W065590,2025-06-17,SE1,MDMA pill,Not Stated,Pink,Tablet,Not Stated,Not Stated,"MDMA, Ketamine",,51.49874615384616,-0.0930384615384615
W065457,2025-06-17,SO17,MDMA,Wispa,Brown,Crystalline,Not Stated,Not Stated,MDMA,,50.927,-1.394
W065788,2025-06-17,N15,MDMA,Not Stated,Brown,Crystalline,Not Stated,Not Stated,MDMA,,51.584300000000006,-0.073
W065742,2025-06-17,E16,MDMA,Not Stated,"White, Brown",Crystalline,Not Stated,Not Stated,MDMA,,51.50108,0.0442
W065602,2025-06-20,CF24,MDMA,UFO,"White, Pink",Tablet,Not Stated,Not Stated,MDMA,,51.48,-3.18
W065854,2025-06-20,SE4,MDMA - PILL ,Not Stated,"White, Pink",Tablet,Not Stated,Not Stated,MDMA,,51.46099999999999,-0.0352
W065818,2025-06-20,N1,Ecstacy,Skittles,Blue,Tablet,Not Stated,Not Stated,MDMA,,51.53669,-0.0944
W065586,2025-06-20,SE18,MDMA,Not Stated,"Yellow, Purple",Powder,Not Stated,Not Stated,MDMA,,51.48716666666667,0.0740666666666666
W065804,2025-06-20,BA1,mdma,Not Stated,Grey,Capsule,Not Stated,Not Stated,2C-B,,51.39846153846153,-2.361469230769231
W066100,2025-06-21,CF14,MDMA,Not Stated,Pink,Tablet,Not Stated,Not Stated,MDMA,,51.5199,-3.204
W065915,2025-06-24,N10,MDMA,Not Stated,Green,Tablet,Not Stated,Not Stated,MDMA,,51.5905,-0.1421
W066098,2025-06-24,CF14,MDMA,Not Stated,Brown,Crystalline,Not Stated,Not Stated,MDMA,,51.5199,-3.204
W066183,2025-06-25,SP4,MDMA,Not Stated,"White, Brown",Powder,Not Stated,Not Stated,Cannabidiol,,51.17019285714286,-1.7557571428571428
W065785,2025-06-25,BN3,Ecstacy,Not Stated,Blue,Tablet,Oral,"Euphoria, Breathlesness, Chest Pains, Irregular Heartbeat",MDMA,,50.836725,-0.179625
W066103,2025-06-25,YO19,MDMA,Not Stated,Brown,Crystalline,Not Stated,Not Stated,MDMA,,53.8983,-1.0301111111111112
W065754,2025-06-25,CF14,MDMA,Not Stated,Pink,Crystalline,Not Stated,Not Stated,MDMA,,51.5199,-3.204
W065997,2025-06-25,SG14,MDMA,Not Stated,Brown,Crystalline,Not Stated,Not Stated,MDMA,,51.811775,-0.11705
W065993,2025-06-25,SG14,MDMA,Not Stated,Brown,Crystalline,Not Stated,Not Stated,MDMA,,51.811775,-0.11705
W065950,2025-06-25,W14,MDMA,Not Stated,"White, Grey",Capsule,Oral,"Increased Energy, Increased Libido, Breathlesness, Chest Pains, Irregular Heartbeat, Panic Attack",MDMA,,51.49550000000001,-0.21798
W065998,2025-06-25,SG14,MDMA,Not Stated,White,Powder,Not Stated,Not Stated,MDMA,,51.811775,-0.11705
W066337,2025-07-01,CB43,MDMA,MDMA,"Yellow, Brown",Crystalline,Not Stated,Not Stated,MDMA,,52.22380625,0.131525
W066198,2025-07-01,EH14,MDMA cystals,Not Stated,"Colourless, Yellow",Crystalline,Not Stated,Not Stated,MDMA,,55.894733333333335,-3.3110166666666667
W066257,2025-07-01,W4,MDMA,Not Stated,,Crystalline,Not Stated,Not Stated,MDMA,,51.4927,-0.258
W066281,2025-07-01,SK11,MDMA,Not Stated,White,Granules,Not Stated,Not Stated,MDMA,,53.229638461538464,-2.14891923076923
W066195,2025-07-01,BA16,MDMA,Not Stated,"Pink, Brown",Crystalline,Not Stated,Not Stated,MDMA,MDEA,51.1243,-2.7555666666666667
W066252,2025-07-01,CF32,MDMA,MDMA,Blue,Tablet,Oral,Not Stated,MDMA,,51.536704166666674,-3.5931333333333337
W066350,2025-07-02,NW1,MDMA,Not Stated,Green,Tablet,Not Stated,Not Stated,MDMA,,51.52988181818182,-0.1471818181818182
W066346,2025-07-02,BA14,MDMA Crystal,Not Stated,Brown,Powder,Snort / Sniff,"Euphoria, Increased Energy, Enhanced Senses",MDMA,,51.32102,-2.1876733333333336
W066448,2025-07-02,L21,MDMA,Not Stated,Yellow,Crystalline,Not Stated,Not Stated,MDMA,,53.4699,-2.9981
W066447,2025-07-03,L21,MDMA,Not Stated,White,Powder,Not Stated,Not Stated,MDMA,,53.4699,-2.9981
W066372,2025-07-03,TW11,MDMA,Not Stated,"Orange, Yellow",Granules,Not Stated,Not Stated,MDMA,,51.4223,-0.3305
W066193,2025-07-03,TA1,MDMA,Soundcloud,Pink,Solid,Not Stated,Not Stated,MDMA,,51.009225,-3.1091
W066412,2025-07-03,BA14,MDMA,MDMA,"Colourless, Brown",Crystalline,Not Stated,Not Stated,MDMA,,51.32102,-2.1876733333333336
W066536,2025-07-08,SE15,MDMA,Not Stated,Colourless,Crystalline,Not Stated,Not Stated,MDA,,51.470175,-0.060325
W066516,2025-07-08,SL67,Ecstacy,Not Stated,Grey,Tablet,Not Stated,Not Stated,No Active Component Identified,,51.524325,-0.729595
W066313,2025-07-08,DL15,MDMA,Pure MDMA,Brown,Crystalline,Not Stated,Not Stated,MDMA,,54.7021875,-1.730175
W066315,2025-07-08,DL15,Ecstacy pill,Skull,Grey,Tablet,Not Stated,Not Stated,MDMA,,54.7021875,-1.730175
W066314,2025-07-08,DL15,Ecstacy pill,Meduza Pills,"Purple, Pink",Tablet,Not Stated,Not Stated,MDMA,,54.7021875,-1.730175
W065792,2025-07-08,S1,MDMA,Not Stated,Colourless,Crystalline,Not Stated,Not Stated,MDMA,,53.383,-1.4659
W066325,2025-07-08,SK9,MDMA,Not Stated,"White, Pink",Tablet,Oral,"Euphoria, Increased Energy, Increased Confidence, Increased Stamina, Increased Strength, Empathy, Visual Hallucinations, Relaxed, Jaw rattling",MDMA,,53.3264,-2.2281
W066312,2025-07-08,DL15,Ecstacy pill,Pioneer pill,Grey,Tablet,Not Stated,Not Stated,MDMA,,54.7021875,-1.730175
W066492,2025-07-08,BR2,MDMA,Not Stated,"White, Brown",Powder,Not Stated,Not Stated,MDMA,,51.370025,0.02375
W066584,2025-07-09,BH6,MDMA,Not Stated,Brown,Crystalline,Not Stated,Not Stated,MDMA,,50.72485,-1.7821
W066567,2025-07-09,BA4,MDMA,Not Stated,"Colourless, Brown",Crystalline,Oral,Not Stated,MDMA,Ketamine,51.14937666666666,-2.5142066666666665
W066566,2025-07-09,BA4,MDMA,Not Stated,Colourless,Crystalline,Oral,"Euphoria, Increased Energy, Increased Stamina",MDMA,,51.14937666666666,-2.5142066666666665
W066581,2025-07-09,SO11,MDMA,Not Stated,"White, Brown",Crystalline,Not Stated,Not Stated,MDMA,,,
W066582,2025-07-09,SO14,MDMA,Gold Donald trump,Yellow,Tablet,Not Stated,Not Stated,MDMA,,50.911,-1.392
W066774,2025-07-15,DA12,MDMA,Not Stated,Colourless,Crystalline,Not Stated,Not Stated,MDMA,,51.4177875,0.3915125
W066600,2025-07-15,W2,MDMA,Not Stated,"White, Brown",Crystalline,Not Stated,Not Stated,MDMA,,51.51413636363636,-0.1886454545454545
W066670,2025-07-15,CV32,MDMA,Not Stated,Brown,Crystalline,Not Stated,Not Stated,MDMA,,52.303333333333335,-1.5231666666666666
W066685,2025-07-15,SL2,Purple Domino Xtc,Purple Domino Xtc,Purple,Tablet,Oral,"Euphoria, Increased Energy, Enhanced Senses, Increased Stamina, Irregular Heartbeat, Insomnia",MDMA,,51.553075,-0.606025
W066720,2025-07-15,N17,MDMA,Not Stated,Black,Tablet,Not Stated,Not Stated,MDMA,,51.59922,-0.07094
W066683,2025-07-15,SL2,Crystal MDMA,Crystal MDMA,"Colourless, White",Crystalline,Snort / Sniff,"Euphoria, Increased Confidence, Enhanced Senses, Increased Stamina, Irregular Heartbeat, Insomnia, Agitation, Breathlesness",MDMA,,51.553075,-0.606025
W066687,2025-07-15,HP10,Sprite Xtc Pills,Green Sprite Xtc ,Green,Tablet,Oral,"Euphoria, Increased Energy, Increased Confidence, Irregular Heartbeat, Insomnia",MDMA,,51.595928571428566,-0.6874142857142856
W066686,2025-07-15,HP10,Silver Au xtc pill,Silver Au xtc,Grey,Tablet,Oral,"Euphoria, Increased Energy, Enhanced Senses, Increased Confidence, Increased Libido",MDMA,,51.595928571428566,-0.6874142857142856
W066688,2025-07-15,HP10,blastoice Xtc Pill,Grey blastoice,Grey,Tablet,Oral,"Euphoria, Increased Confidence, Irregular Heartbeat, Insomnia",MDMA,,51.595928571428566,-0.6874142857142856
W066684,2025-07-15,SL2,mdma Rolex pill,MDMA rolex pill,Orange,Tablet,Oral,"Increased Confidence, Enhanced Senses, Increased Strength, Increased Libido, Increased Energy, Irregular Heartbeat, Insomnia",MDMA,,51.553075,-0.606025
W066572,2025-07-17,W7,MDMA,Not Stated,"White, Yellow",Powder,Not Stated,Not Stated,MDMA,,51.5118,-0.3358999999999999
W066780,2025-07-17,N7,MDMA,Not Stated,"White, Yellow",Powder,Oral,"Euphoria, Increased Energy, Increased Confidence, Enhanced Senses, Increased Libido, Empathy, Auditory Hallucinations, Relaxed, Irregular Heartbeat, Nausea",MDMA,,51.5491,-0.1205142857142857
W066793,2025-07-17,BN31,Ecstacy,Not Stated,"Orange, Blue",Tablet,Not Stated,Not Stated,MDMA,,50.836725,-0.179625
W066838,2025-07-17,SE92,MDMA,Not Stated,White,Crystalline,Not Stated,Not Stated,MDMA,,51.44698000000001,0.0542799999999999
W066858,2025-07-17,HD3,Ecstacy tablet,Moncler Ecstacy tablet,"Orange, Blue",Tablet,Not Stated,Not Stated,MDMA,,53.653825,-1.845025
W066804,2025-07-17,NN13,MDMA,Not Stated,"Brown, White",Crystalline,Not Stated,Not Stated,MDMA,,52.03436470588235,-1.1406117647058824
W066908,2025-07-21,KT2,MDMA,Not Stated,White,Powder,Oral,"Enhanced Senses, Agitation, Insomnia",MDMA,,51.4186,-0.2904
W067017,2025-07-24,IG8,Ecstacy,Ecstacy Moncler,Blue,Tablet,Not Stated,Not Stated,MDMA,,51.6047,0.02
W067054,2025-07-24,SW7,MDMA + mushroom + lavendar + turmeric,Not Stated,"Orange, Yellow",,Oral,"Euphoria, Increased Energy, Increased Confidence, Increased Stamina, Empathy, Visual Hallucinations, Agitation",MDMA,,51.49598333333333,-0.1762833333333333
W067039,2025-07-24,ST10,MDMA pill,Not Stated,Blue,Tablet,Not Stated,Not Stated,MDMA,,52.994534615384616,-1.9419576923076924
W066738,2025-07-24,TA2,Ecstacy,Not Stated,"Orange, Blue",Tablet,"Oral, Snort / Sniff","Euphoria, Increased Energy, Enhanced Senses, Increased Libido, Increased Strength, Empathy, Auditory Hallucinations, Visual Hallucinations, Relaxed, Chest Pains, Irregular Heartbeat, Nosebleeds, Nausea, Vomiting, Paranoia, Memory Loss, Confusion, Insomnia, Depression, Suicidal Ideation",MDMA,,51.04662,-3.08832
W066900,2025-07-24,BS6,MDMA,Not Stated,White,Granules,Not Stated,Not Stated,Ketamine,,51.465599999999995,-2.599066666666667
W066899,2025-07-24,BS6,MDMA,Not Stated,White,Crystalline,Not Stated,Not Stated,Ketamine,,51.465599999999995,-2.599066666666667
W066901,2025-07-24,BS6,Ecstacy pill,Not Stated,Green,Tablet,Oral,"Euphoria, Increased Energy, Increased Confidence, Enhanced Senses, Relaxed",MDMA,,51.465599999999995,-2.599066666666667
W066927,2025-07-24,BN31,Ecstacy,Not Stated,Purple,Tablet,Not Stated,Not Stated,2C-B,,50.836725,-0.179625
W066897,2025-07-24,BS6,MDMA,Not Stated,White,Granules,Oral,"Euphoria, Agitation",Ketamine,MDMA,51.465599999999995,-2.599066666666667
W067069,2025-07-25,RH1,MDMA,MD,White,Crystalline,Oral,"Increased Energy, Enhanced Senses, Empathy, Relaxed",MDMA,,51.2289125,-0.1439625
W067170,2025-07-25,NN13,Ecstacy,Not Stated,Purple,Tablet,Not Stated,Not Stated,MDMA,,52.03436470588235,-1.1406117647058824
W066659,2025-07-25,SG20,MDMA,Not Stated,Blue,Tablet,Not Stated,Not Stated,MDMA,,51.899049999999995,-0.14905
W067127,2025-07-25,CM9,MDMA,Not Stated,"Yellow, Brown",Solid,Not Stated,Not Stated,MDMA,,51.75401111111111,0.7244388888888889
W067117,2025-07-25,G12,Ecstacy,Kim Jong Un,Purple,Tablet,Not Stated,Not Stated,MDMA,,55.8804,-4.3007
W067038,2025-07-25,NW2,MDMA,Not Stated,"White, Pink",Crystalline,Oral,"Euphoria, Increased Energy",MDMA,,51.5608,-0.223325
W067168,2025-07-29,DA12,XTC,Dior,Purple,Tablet,Not Stated,Not Stated,MDMA,Ketamine,51.4177875,0.3915125
W067221,2025-07-29,L56,MDMA,Not Stated,Blue,,Not Stated,Not Stated,MDMA,,,
W067169,2025-07-29,DA12,XTC,Not Stated,White,Tablet,Not Stated,Not Stated,MDMA,,51.4177875,0.3915125
W067167,2025-07-29,DA12,XTC,Not Stated,Pink,,Not Stated,Not Stated,MDMA,Ketamine,51.4177875,0.3915125
W067165,2025-07-29,DA12,Xtc,Not Stated,Green,Tablet,Not Stated,Not Stated,MDMA,,51.4177875,0.3915125
W067166,2025-07-29,DA12,Xtc,Not Stated,Orange,Tablet,Not Stated,Not Stated,MDMA,Ketamine,51.4177875,0.3915125
W067324,2025-07-30,BH9,MDMA,MDMA,"White, Brown",Crystalline,Not Stated,Not Stated,MDMA,,50.7497,-1.8734
W067330,2025-07-30,BH9,MDMA,MDMA,Brown,Crystalline,Not Stated,Not Stated,MDMA,,50.7497,-1.8734
W067314,2025-07-30,LE5,MDMA moonrock,Not Stated,Yellow,Crystalline,Oral,Not Stated,MDMA,,52.6474,-1.0865
W067329,2025-07-30,BH9,MDMA,MDMA,Brown,Crystalline,Not Stated,Not Stated,MDMA,,50.7497,-1.8734
W067326,2025-07-30,BH9,MDMA,MDMA,"White, Brown",Crystalline,Not Stated,Not Stated,MDMA,,50.7497,-1.8734
W067412,2025-08-01,SE1,MDMA,Not Stated,White,Crystalline,Oral,"Euphoria, Increased Energy, Increased Confidence",MDMA,,51.49874615384616,-0.0930384615384615
W067220,2025-08-01,LA23,MDMA,Not Stated,Green,Tablet,Not Stated,Not Stated,MDMA,,54.388725,-2.91545
W067437,2025-08-01,DA15,MDMA,Not Stated,Pink,Tablet,Not Stated,Not Stated,MDMA,,51.4412,0.0983
W067456,2025-08-01,W12,MDMA,Not Stated,"Colourless, White",Crystalline,Not Stated,Not Stated,MDMA,,51.505,-0.2211
W067415,2025-08-01,YO10,MDMA,MDMA,Grey,Crystalline,Not Stated,Not Stated,MDMA,,53.9576,-1.0827
W067478,2025-08-05,BS20,MDMA,Not Stated,"Colourless, Brown",Granules,Not Stated,Not Stated,MDMA,,51.47297999999999,-2.73821
W067479,2025-08-05,SA2,MDMA,Blue route 66,Blue,Tablet,Not Stated,Not Stated,MDMA,,51.61628,-4.04254
W067540,2025-08-05,CF10,MDMA,Not Stated,"White, Brown",Crystalline,Not Stated,Not Stated,MDMA,,51.48,-3.18
W067460,2025-08-05,G11,MDMA,Not Stated,White,Crystalline,Not Stated,Not Stated,MDMA,,55.8708,-4.3057
W067464,2025-08-05,MK13,MDMA,MDMA,"White, Brown",Crystalline,Oral,Not Stated,MDMA,,52.0486,-0.7877
W067565,2025-08-07,WR11,MDMA -Ecstacy,MDMA lime,Green,Tablet,Not Stated,Not Stated,MDMA,,52.10796153846154,-1.9201384615384616
W067563,2025-08-07,WR11,MDMA,Not Stated,Brown,Granules,Not Stated,Not Stated,MDMA,,52.10796153846154,-1.9201384615384616
W067564,2025-08-07,WR11,MDMA/ Ecstacy,world cup,Yellow,Tablet,Not Stated,Not Stated,MDMA,,52.10796153846154,-1.9201384615384616
W067311,2025-08-07,L11,MDMA,Not Stated,Brown,Capsule,Not Stated,Not Stated,MDMA,,53.4481,-2.9155
W067457,2025-08-07,W12,MDMA,Not Stated,White,Powder,Not Stated,Not Stated,MDMA,,51.505,-0.2211
W067601,2025-08-07,SE15,MDMA,Not Stated,Brown,Crystalline,Not Stated,Not Stated,MDMA,,51.470175,-0.060325
W067501,2025-08-07,RG12,Ecstacy,Prada,Pink,Tablet,Not Stated,Not Stated,MDMA,,51.4007,-0.7635
W067697,2025-08-12,DH8,MDMA,Dutch Champayne colamda,White,Crystalline,Oral,"Increased Energy, Auditory Hallucinations, Confusion, Agitation, Dissociation",MDMA,,54.848482608695655,-1.9295739130434784
W067700,2025-08-12,SE01,MDMA pill,Blue ice cream,Blue,Tablet,Not Stated,Not Stated,MDMA,,,
W067698,2025-08-12,SE01,MDMA pill,Pink ice cream,Pink,Tablet,Not Stated,Not Stated,MDMA,,,
W067682,2025-08-12,BS3,MDMA,Not Stated,"Yellow, Brown",Crystalline,Not Stated,Not Stated,MDMA,,51.4552,-2.5966
W067722,2025-08-12,BS7,MDMA,MDMA,"Colourless, White",Crystalline,Not Stated,Not Stated,MDMA,,51.4767,-2.5572
W067812,2025-08-12,CW4,MDMA,Not Stated,"White, Yellow",Powder,Not Stated,Not Stated,MDMA,,53.21437999999999,-2.3483
W067639,2025-08-12,HR35,MDMA,Not Stated,White,Powder,Oral,"Euphoria, Increased Energy, Enhanced Senses, Increased Stamina, Empathy",MDMA,,52.08754242424242,-3.049269696969697
W067685,2025-08-12,EX32,Ecstacy,Pickle rick,Orange,Tablet,Not Stated,Not Stated,MDMA,,51.07364,-3.97823
W067856,2025-08-14,S1,MDMA,MDMA,Brown,Crystalline,Not Stated,Not Stated,MDMA,,53.383,-1.4659
000043823,2025-08-14,CF11,MDMA,Not Stated,"Grey, Brown",Crystalline,Oral,"Euphoria, Increased Confidence, Increased Stamina, Increased Libido, Empathy, Relaxed, Insomnia, Enhanced Senses",MDMA,,51.48,-3.18
W067436,2025-08-14,W6,MDMA,MDMA pills,Green,Solid,Not Stated,Not Stated,MDMA,Caffeine,51.49248333333333,-0.2204
W067857,2025-08-14,S1,Ecstasy/MDMA,Punisher pill,Green,Liquid,Not Stated,Not Stated,MDMA,Caffeine,53.383,-1.4659
W067831,2025-08-14,BH12,MDMA,Not Stated,Colourless,Crystalline,Not Stated,Not Stated,MDMA,,50.73853333333333,-1.9198333333333333
W067942,2025-08-19,HP3,MDMA,Not Stated,Brown,Powder,Not Stated,Not Stated,MDMA,"Cocaine, Benzoylecgonine",51.731966666666665,-0.4895
W068013,2025-08-19,CF11,MDMA,Not Stated,"Colourless, Brown",,Not Stated,Not Stated,MDMA,,51.48,-3.18
W067849,2025-08-19,CR0,MDMA,Not Stated,"White, White",Crystalline,Oral,"Euphoria, Increased Energy, Increased Confidence, Empathy",MDMA,,51.3703,-0.060975
W067352,2025-08-19,N11,MDMA pill,Ecstasy,Pink,Tablet,Not Stated,Not Stated,MDMA,MDEA,51.6165,-0.1441
W067921,2025-08-19,NR7,MDMA pill,MDMA pill UFO,"White, Blue",Tablet,Oral,"Euphoria, Increased Confidence, Increased Energy, Increased Stamina",MDMA,,52.64305,1.3373
W067609,2025-08-20,6607,MDMA,Not Stated,White,,Not Stated,Not Stated,Mephedrone,,,
W067870,2025-08-20,YO42,MDMA,Not Stated,"White, Yellow",Crystalline,"Oral, Snort / Sniff","Euphoria, Increased Energy, Increased Confidence, Enhanced Senses, Increased Stamina, Empathy, Auditory Hallucinations, Visual Hallucinations, Relaxed",MDMA,,53.91507,-0.77611
W068020,2025-08-21,G74,MDMA,Ecstasy pill,Pink,Tablet,Not Stated,Not Stated,MDMA,,55.76583333333334,-4.1700333333333335
W068173,2025-08-21,N7,"Ecstasy MDMA, 200mg/pill",220mg MDMA,"White, Blue",Tablet,Not Stated,Not Stated,MDMA,,51.5491,-0.1205142857142857
W068177,2025-08-26,W36,MDMA,Wispa New balance,"White, Blue",Tablet,Not Stated,Not Stated,MDMA,,,
W068265,2025-08-26,WR11,MDMA,Not Stated,Brown,Powder,Not Stated,Not Stated,"MDMA, Mephedrone",,52.10796153846154,-1.9201384615384616
W068263,2025-08-26,WR11,MDMA,Not Stated,Grey,Granules,Not Stated,Not Stated,MDMA,,52.10796153846154,-1.9201384615384616
W068067,2025-08-26,N14,MDMA,Not Stated,"Brown, White",Crystalline,Not Stated,Not Stated,MDMA,,51.63298,-0.13062
W068215,2025-08-26,NE3,Ecstacy,Not Stated,Grey,Tablet,Oral,"Euphoria, Enhanced Senses, Relaxed",MDMA,,55.003175,-1.6339
W068264,2025-08-28,WR11,MDMA,Not Stated,Grey,Crystalline,Not Stated,Not Stated,MDMA,,52.10796153846154,-1.9201384615384616
W068241,2025-08-28,HP10,magic star xtc pills,Blue star pill,Blue,Tablet,Oral,"Euphoria, Increased Energy, Increased Confidence, Increased Stamina, Irregular Heartbeat",MDMA,,51.595928571428566,-0.6874142857142856
W068242,2025-08-28,HP10,Cola MDMA,Cola MDMA,"Grey, Brown",Crystalline,Snort / Sniff,"Chest Pains, Irregular Heartbeat, Memory Loss, Panic Attack",MDMA,,51.595928571428566,-0.6874142857142856
W068243,2025-08-28,HP10,Champagne MDMA,Champagne MDMA,"Colourless, Yellow",Crystalline,Snort / Sniff,"Increased Energy, Increased Confidence, Increased Stamina, Increased Strength, Irregular Heartbeat, Enhanced Senses",MDMA,,51.595928571428566,-0.6874142857142856
W068280,2025-08-28,B5,MDMA,MDMA 250mg,"Green, Yellow",Tablet,Not Stated,Not Stated,MDMA,,52.4814,-1.8998
W068370,2025-09-01,CT5,MDMA,Not Stated,Blue,Tablet,Not Stated,Not Stated,MDMA,,51.3565,1.0400142857142858
W068330,2025-09-01,SW7,MDMA,Gold AU pill,Yellow,Tablet,Not Stated,Not Stated,MDMA,,51.49598333333333,-0.1762833333333333
W068329,2025-09-01,SW7,MDMA,Not Stated,Brown,Crystalline,"Oral, Snort / Sniff",Nausea,MDMA,,51.49598333333333,-0.1762833333333333
W068383,2025-09-01,RH10,MDMA,Not Stated,White,Crystalline,Not Stated,Not Stated,MDMA,,51.120133333333335,-0.1191333333333333
W068353,2025-09-01,LE16,ecstacy,Not Stated,Pink,Tablet,Oral,"Euphoria, Empathy, Nausea",MDMA,,52.50364878048781,-0.8708170731707316
W068479,2025-09-02,SS7,MDMA,MDMA,"White, Yellow",Crystalline,Not Stated,Not Stated,MDMA,,51.55652,0.58128
W068398,2025-09-02,E9,MDMA,Not Stated,White,Powder,Oral,"Increased Energy, Paranoia, Insomnia",MDMA,,51.5394,-0.0414
W068475,2025-09-02,LS25,MDMA,Not Stated,Yellow,Tablet,Not Stated,Not Stated,MDMA,,53.78189999999999,-1.2830333333333332
W068534,2025-09-03,SE12,MDMA,MDMA,Grey,Tablet,Oral,"Euphoria, Increased Energy, Enhanced Senses, Nausea, Vomiting, Sweating",MDMA,,51.44480000000001,0.0209
W068507,2025-09-03,N14E,MDMA,Not Stated,"Colourless, Brown",Crystalline,Not Stated,Not Stated,MDMA,,51.63298,-0.13062
W068454,2025-09-09,BB3,MDMA,Not Stated,"Pink, Yellow",Tablet,Not Stated,Not Stated,MDMA,,53.7082,-2.477433333333334
W068598,2025-09-09,SO51,MDMA,MDMA,Green,Tablet,Not Stated,Not Stated,MDMA,,51.01539047619048,-1.494095238095238
W068714,2025-09-09,BN22,Ecstacy,Barcelona Pill,Yellow,Tablet,Oral,"Euphoria, Increased Energy",MDMA,,50.7894,0.2837
W068691,2025-09-09,SE13,MDMA,Not Stated,Brown,Powder,Not Stated,Not Stated,MDMA,,51.4643,-0.0119
W068715,2025-09-09,BN22,Ecstacy ,Tesla pill,Yellow,Tablet,Not Stated,Not Stated,MDMA,,50.7894,0.2837
W068807,2025-09-11,SA1,MDMA,Not Stated,"White, Yellow",Crystalline,Oral,"Euphoria, Increased Energy, Increased Confidence, Enhanced Senses, Increased Stamina",MDMA,,51.633979999999994,-3.94848
W068451,2025-09-11,S10,MDMA,Not Stated,"White, Yellow",Crystalline,Not Stated,Not Stated,MDMA,,53.35,-1.55
W068448,2025-09-11,S10,MDMA,Not Stated,"White, Yellow",Crystalline,Not Stated,Not Stated,MDMA,,53.35,-1.55
W068449,2025-09-11,S10,MDMA,Not Stated,"White, Yellow",Crystalline,Not Stated,Not Stated,MDMA,,53.35,-1.55
W068737,2025-09-11,L13,MDMA crystals,LBS Dutch MDMA,Brown,Crystalline,Not Stated,Not Stated,MDMA,,53.4179,-2.9206
W068840,2025-09-15,LL65,MDMA,Rolls royce,Pink,Tablet,Not Stated,Not Stated,No Active Component Identified,,53.289686206896555,-4.534455172413793
W068619,2025-09-15,BS26,MDMA,Not Stated,Brown,Crystalline,Not Stated,Not Stated,MDMA,,51.27546153846154,-2.867269230769231
W068976,2025-09-15,CH8,MDMA,sponge bob ecstacy,Yellow,Tablet,Not Stated,Not Stated,MDMA,,53.2939,-3.261017391304348
W068888,2025-09-15,AL1,MDMA,Not Stated,Colourless,Crystalline,Not Stated,Not Stated,MDMA,,51.75,-0.3333
W068833,2025-09-15,AL1,MDMA,Not Stated,Colourless,Crystalline,Not Stated,Not Stated,MDMA,,51.75,-0.3333
W069007,2025-09-18,KY16,MDMA,sound cloud MDMA,Red,Tablet,Not Stated,Not Stated,MDMA,,56.34,-2.816311111111111
W069006,2025-09-18,KY16,MDMA,orange tesla MDMA,Orange,Tablet,Not Stated,Not Stated,MDMA,,56.34,-2.816311111111111
W068989,2025-09-18,LU4,MDMA,MDMA,"White, Yellow",Powder,Not Stated,Not Stated,MDMA,,51.91505,-0.48075
W068985,2025-09-18,CB10,MDMA,Not Stated,Green,Tablet,Not Stated,Not Stated,MDMA,,52.03342941176471,0.2682294117647059
W069168,2025-09-22,WF1,MDMA,Not Stated,Brown,Crystalline,Not Stated,Not Stated,Mephedrone,,53.69246666666667,-1.4771
W068826,2025-09-22,S016,MDMA,ESNORTAIR MDMA,"White, Brown",Crystalline,Not Stated,Not Stated,MDMA,,,
W068759,2025-09-22,SA15,MDMA,Not Stated,White,Tablet,Oral,"Enhanced Senses, Empathy, Relaxed",Melatonin,,51.74003,-4.187250000000001
W069025,2025-09-22,BS3,MDMA,Not Stated,Brown,Crystalline,Not Stated,Not Stated,MDMA,,51.4552,-2.5966
W069246,2025-09-25,SK11,MDMA,Not Stated,"Orange, Brown",Crystalline,Not Stated,Not Stated,MDMA,,53.229638461538464,-2.14891923076923
W069126,2025-09-25,SW9,MDMA,MDMA,Brown,Crystalline,Not Stated,Not Stated,MDMA,,51.474,-0.1168
W069123,2025-09-25,RG12,MDMA,Not Stated,"White, Brown",Crystalline,Oral,"Euphoria, Increased Energy, Increased Confidence, Enhanced Senses, Increased Stamina, Increased Libido, Increased Strength, Empathy, Depression",MDMA,,51.4007,-0.7635
W069216,2025-09-25,CR01,Yellow SoundCloud XTC,Yellow SoundCloud XTC,Yellow,Tablet,Oral,Not Stated,MDMA,,51.3703,-0.060975
W069218,2025-09-25,CR01,Louis Vuitton XTC,Louis Vuitton XTC,Pink,Tablet,Oral,Not Stated,MDMA,,51.3703,-0.060975
W069211,2025-09-25,CR01,Blue Punisher XTC,Blue Punisher XTC,Blue,Tablet,Oral,Not Stated,MDMA,,51.3703,-0.060975
W069209,2025-09-25,HP3,MDMA,Not Stated,Brown,Crystalline,Oral,"Euphoria, Increased Energy, Increased Confidence, Enhanced Senses, Increased Stamina, Increased Libido, Empathy",MDMA,,51.731966666666665,-0.4895
W069156,2025-09-25,NG18,MDMA,Not Stated,Brown,Crystalline,Not Stated,Not Stated,MDMA,,53.1333,-1.2
W069292,2025-09-26,FK10,MDMA,Prada,Pink,Tablet,Not Stated,Not Stated,MDMA,,56.10687777777778,-3.7534
W069322,2025-09-26,EX1,MDMA,Goya Heart shaped,Red,Tablet,Not Stated,Not Stated,MDMA,,50.7401,-3.467
W069497,2025-10-02,HP2,MDMA,MDMA Duke Nukem pill,"Orange, Green",Tablet,Not Stated,Not Stated,MDMA,,51.7639,-0.4531
W069057,2025-10-03,BS84,MDMA,MDMA,"Brown, Black",Crystalline,Not Stated,Not Stated,MDMA,,51.450199999999995,-2.65032
W069664,2025-10-07,SO15,MDMA,ESNORTIAR MDMA,"White, Brown",Crystalline,Not Stated,Not Stated,MDMA,,50.913799999999995,-1.419675
W069625,2025-10-08,HX2,MDMA,Not Stated,"White, Brown",Crystalline,Not Stated,Not Stated,MDMA,,53.7187,-1.9458
W069645,2025-10-08,CF14,MDMA,Not Stated,Brown,Powder,Not Stated,Not Stated,Paracetamol,Pseudoephedrine,51.5199,-3.204
W069785,2025-10-17,DA15,Ecstacy,Not Stated,Grey,Tablet,Not Stated,Not Stated,MDMA,,51.4412,0.0983
W069826,2025-10-21,S11,MDMA,Not Stated,Colourless,Granules,Not Stated,Not Stated,MDMA,,53.3608,-1.5084
W070016,2025-10-21,SY21,ecstacy,Not Stated,Yellow,Tablet,Not Stated,Not Stated,MDMA,,52.670813513513515,-3.1976945945945947
W070074,2025-10-21,PR25,MDMA,Not Stated,"Grey, Brown",Crystalline,Oral,"Euphoria, Increased Energy, Increased Confidence, Enhanced Senses, Empathy, Relaxed, Paranoia, Insomnia, Depression",MDMA,,53.6979,-2.6876
W070009,2025-10-21,SW25,Ecstacy,Not Stated,Green,Tablet,Not Stated,Not Stated,MDMA,,51.4548,-0.1158
W070015,2025-10-21,SY21,MDMA,MDMA,"Orange, Brown",Solid,Not Stated,Not Stated,MDMA,,52.670813513513515,-3.1976945945945947
W069903,2025-10-21,N78A,MDMA,Not Stated,"White, Green",Crystalline,Not Stated,Not Stated,MDMA,,,
W069939,2025-10-21,BB5,ECSTACY / MDMA,MASTER ROSHI XTC,"Orange, Black",Tablet,Not Stated,Not Stated,MDMA,,53.7561875,-2.372
W068692,2025-10-21,UB1,MDMA,MDMA,White,Crystalline,Oral,"Euphoria, Increased Energy, Enhanced Senses",MDMA,,51.509,-0.3713
W069938,2025-10-21,BB5,MDMA,Not Stated,"Colourless, White",Crystalline,Not Stated,Not Stated,MDMA,,53.7561875,-2.372
W069891,2025-10-21,GU21,MDMA,Not Stated,"White, Yellow",Crystalline,Not Stated,Not Stated,MDMA,,51.322399999999995,-0.5923666666666666
W069823,2025-10-21,WF1,MDMA,Not Stated,White,Crystalline,Not Stated,Not Stated,MDMA,,53.69246666666667,-1.4771
W069894,2025-10-21,SA8,MDMA,Not Stated,Brown,Crystalline,Not Stated,Not Stated,MDMA,,51.722449999999995,-3.8458625
W069810,2025-10-21,HX2,MDMA,Not Stated,"White, Brown",Crystalline,Not Stated,Not Stated,MDMA,,53.7187,-1.9458
W069878,2025-10-21,NW11,MDMA,Not Stated,Yellow,Tablet,Not Stated,Not Stated,MDMA,,51.578133333333334,-0.1980499999999999
W069821,2025-10-21,BA2,Ecstacy,Bitcoin,Yellow,Tablet,Not Stated,Not Stated,MDMA,,51.35473913043478,-2.3910565217391304
W069831,2025-10-21,S64B,MDMA,Not Stated,Brown,Crystalline,Not Stated,Not Stated,MDMA,,53.4826,-1.304275
W069830,2025-10-21,S64B,MDMA,Not Stated,Brown,Crystalline,Not Stated,Not Stated,MDMA,,53.4826,-1.304275
W069920,2025-10-21,MK1,MDMA,Not Stated,Brown,Granules,Not Stated,Not Stated,MDMA,,52.0075,-0.7271
W070103,2025-10-28,TW11,MDMA,MDMA,"White, Brown",Granules,Not Stated,Not Stated,MDMA,,51.4223,-0.3305
W070092,2025-10-28,WR11,Ecstacy,Skull,Blue,Tablet,Not Stated,Not Stated,MDMA,,52.10796153846154,-1.9201384615384616
W070222,2025-10-28,BS7,MANDY (MDMA) ,Not Stated,"Pink, Grey",Crystalline,Not Stated,Not Stated,MDMA,,51.4767,-2.5572
000236233,2025-10-28,CF83,MDMA,Not Stated,"Yellow, Pink",Crystalline,Snort / Sniff,"Euphoria, Increased Confidence, Enhanced Senses, Auditory Hallucinations, Visual Hallucinations, Irregular Heartbeat, Vomiting, Paranoia, Panic Attack, Agitation, Insomnia, Depression",MDMA,,51.59288333333333,-3.2333833333333337
W070162,2025-10-28,E12,MDMA,Not Stated,"White, Brown",Crystalline,Not Stated,Not Stated,MDMA,,51.5508,0.0527999999999999
W070008,2025-10-28,HP23,MDMA,Not Stated,"White, Yellow",Powder,Not Stated,Not Stated,MDMA,,51.79858333333333,-0.6616
W070165,2025-10-28,PH22,MDMA,PURE MANDY,Brown,Crystalline,Not Stated,Not Stated,MDMA,,57.190822222222224,-3.818822222222222
W070158,2025-10-28,BR7,MDMA,Not Stated,"White, Pink",Capsule,Oral,"Euphoria, Increased Energy, Increased Confidence, Enhanced Senses, Empathy",MDMA,,51.4171,0.0686
W069858,2025-10-28,NE30,MDMA,Not Stated,White,Powder,Not Stated,Not Stated,MDMA,,55.02168,-1.43694
W069860,2025-10-28,NE30,MDMA,Not Stated,White,Powder,Not Stated,Not Stated,MDMA,,55.02168,-1.43694
W070137,2025-10-28,DA15,MDMA,Not Stated,Grey,Tablet,Not Stated,Not Stated,MDMA,,51.4412,0.0983
W070210,2025-10-28,E14,MDMA,Not Stated,"Colourless, Grey",Crystalline,Not Stated,Not Stated,MDMA,,51.50563529411765,-0.0187647058823529
W070331,2025-10-30,SW1A,XTC-ECSTASY,Not Stated,Orange,Tablet,Oral,"Relaxed, Irregular Heartbeat",MDMA,,51.5018,-0.1328
W070317,2025-10-30,CV22,MDMA,Fendi EYes xTC,Pink,Tablet,Oral,Not Stated,MDMA,,52.349,-1.2838
W070329,2025-10-30,BR34,MDMA,MDMA,Brown,Crystalline,Oral,"Euphoria, Increased Energy, Enhanced Senses, Empathy, Visual Hallucinations, Irregular Heartbeat",MDMA,,51.4088,-0.0253
W070311,2025-10-30,BN11,MDMA,Not Stated,White,Powder,Not Stated,Not Stated,MDMA,,50.81425,-0.38285
W070219,2025-10-30,SP20,MDMA,MDMA,White,Powder,Not Stated,Not Stated,MDMA,,51.094766666666665,-1.8667555555555555
W070310,2025-10-30,BN11,MDMA,Not Stated,"Grey, Grey",Crystalline,Not Stated,Not Stated,MDMA,,50.81425,-0.38285
W070283,2025-10-30,LE35,MDMA,Not Stated,White,Crystalline,Not Stated,Not Stated,MDMA,,52.6325,-1.1869666666666667
W070361,2025-10-30,SA19,MDMA,MDMA,"White, Yellow",Crystalline,Oral,"Euphoria, Increased Energy, Enhanced Senses, Empathy, Relaxed, Memory Loss",MDMA,,51.92279722222222,-3.9509833333333337
W070396,2025-11-05,BT61,ECSTACY,Not Stated,Green,Tablet,Not Stated,Not Stated,MDMA,,54.3889,-6.605583333333333
000044531,2025-11-05,LL49,MDMA,Not Stated,Brown,Crystalline,Not Stated,Not Stated,MDMA,,52.942910000000005,-4.16
W070630,2025-11-05,S10,MDMA,Not Stated,White,Powder,Not Stated,Not Stated,MDMA,,53.35,-1.55
W070330,2025-11-05,SL37,MDMA,Not Stated,"Pink, Brown",Crystalline,Not Stated,Not Stated,MDMA,,51.50211428571429,-0.5512571428571429
W070364,2025-11-05,M1,MDMA,Not Stated,"Colourless, White",Crystalline,Not Stated,Not Stated,MDMA,,53.4809,-2.2374
W070550,2025-11-05,SA1,MDMA Crystals ,Not Stated,"Colourless, White",Crystalline,Not Stated,Not Stated,MDMA,,51.633979999999994,-3.94848
W070513,2025-11-05,BH1,MDMA,CRYSTAL CLEAR MDMA ,"Colourless, Grey",Powder,Not Stated,Not Stated,MDMA,Ketamine,50.7205,-1.8795
W070598,2025-11-05,E18,ECTACY PILL (MDMA PILL),diamond shaped pill with 'punisher' logo,Blue,Tablet,Not Stated,Not Stated,MDMA,,51.5923,0.0225
W070526,2025-11-05,CB1,MDMA,MDMA,Brown,Powder,Not Stated,Not Stated,MDMA,,52.19619090909091,0.1483272727272727
W070450,2025-11-05,BO20,MDMA / ECSTASY,Not Stated,Green,Tablet,Oral,"Euphoria, Increased Energy, Enhanced Senses, Empathy, Nausea, Vomiting",MDMA,,,
W070328,2025-11-05,SL27,MDMA,Not Stated,White,Crystalline,Not Stated,Not Stated,Methamphetamine,,51.553075,-0.606025
W070421,2025-11-05,H11,MDMA,Not Stated,Brown,Powder,Not Stated,Not Stated,MDMA,,,
W070416,2025-11-05,BS16,MDMA (mandy),MDMA (mandy),"Pink, Grey",Powder,Not Stated,Not Stated,MDMA,,51.49088571428571,-2.5036
W070205,2025-11-05,CF31,MDMA,"MDMA ""CHAMPAIGN""",Brown,Crystalline,Oral,"Enhanced Senses, Nausea, Paranoia, Panic Attack",MDMA,,51.507666666666665,-3.577733333333333
W070434,2025-11-05,SE10,MDMA,OPENLINE,Pink,Crystalline,Oral,"Euphoria, Increased Energy, Auditory Hallucinations",MDMA,,51.4779,-0.0118
000235583,2025-11-05,NP12,MDMA,MDMA,Brown,Granules,"Oral, Snort / Sniff","Euphoria, Increased Energy, Increased Confidence, Enhanced Senses",No Active Component Identified,,51.6678,-3.2075
W070623,2025-11-12,SA19,MDMA,MDMA,"White, Yellow",Crystalline,Oral,"Euphoria, Increased Energy, Increased Confidence, Enhanced Senses, Empathy, Relaxed, Memory Loss",MDMA,,51.92279722222222,-3.9509833333333337
W070770,2025-11-12,KT26,ecstacy,e-pills,Yellow,Tablet,Not Stated,Not Stated,MDMA,,51.4186,-0.2904
W070568,2025-11-12,LS4,MDMA,Not Stated,Brown,Crystalline,Not Stated,Not Stated,MDMA,,53.8103,-1.5846
W070708,2025-11-12,GL51,MDMA,CM1,Brown,Crystalline,Not Stated,Not Stated,MDMA,,51.90277692307692,-2.1239538461538463
W070978,2025-11-14,ME1,MDMA,Not Stated,White,Crystalline,Not Stated,Not Stated,MDMA,,51.36095,0.482575
W070893,2025-11-14,PR21,Ecstacy,Session Ecstacy pill,Blue,Tablet,Not Stated,Not Stated,MDMA,,53.782979999999995,-2.69214
W071021,2025-11-18,G12,Ecstacy,Spongebobs,Yellow,Tablet,Not Stated,Not Stated,MDMA,,55.8804,-4.3007
W071001,2025-11-18,WA10,MDMA,MDMA,"White, Brown",Crystalline,Not Stated,Not Stated,MDMA,,53.45000000000001,-2.7583
W070706,2025-11-18,CO1,MDMA,Not Stated,"Colourless, White",Crystalline,Not Stated,Not Stated,MDMA,,51.8892,0.9042
W071022,2025-11-18,G12,Ecstacy,Dior,"Orange, Pink",Tablet,Not Stated,Not Stated,MDMA,,55.8804,-4.3007
W071003,2025-11-18,W4,MDMA,Not Stated,Blue,Tablet,Not Stated,Not Stated,MDMA,,51.4927,-0.258
W071134,2025-11-24,B5,MDMA,MDMA,Blue,Tablet,Not Stated,Not Stated,MDMA,,52.4814,-1.8998
W071137,2025-11-24,BS7,MDMA,Not Stated,Brown,Crystalline,Not Stated,Not Stated,MDMA,,51.4767,-2.5572
W071182,2025-11-24,GH63,MDMA,Not Stated,Yellow,Tablet,Not Stated,Not Stated,MDMA,,,
W071202,2025-11-24,CF14,MDMA,MDMA,White,Granules,Not Stated,Not Stated,MDMA,,51.5199,-3.204
W071243,2025-11-24,E14,MDMA,Not Stated,Grey,Crystalline,Not Stated,Not Stated,MDMA,,51.50563529411765,-0.0187647058823529
W070672,2025-11-27,HP10,MDMA / XTC pill,MDMA / XTC pill,Orange,Tablet,Not Stated,"Increased Energy, Increased Confidence, Visual Hallucinations, Irregular Heartbeat, Nausea, Paranoia",2C-B,,51.595928571428566,-0.6874142857142856
W070587,2025-11-27,HP10,MDMA / XTC pill,Not Stated,Grey,Tablet,Oral,"Euphoria, Increased Energy, Increased Confidence, Enhanced Senses, Auditory Hallucinations, Visual Hallucinations, Confusion","2C-B, 2C-H",,51.595928571428566,-0.6874142857142856
W071248,2025-11-28,CF63,MDMA,Duke Nukem MDMA,"Orange, Green",Tablet,Not Stated,Not Stated,MDMA,,51.4172,-3.2614
W071443,2025-12-03,KY2,Ecstacy,Orange punisher,Orange,Tablet,Oral,"Euphoria, Increased Energy, Increased Confidence, Increased Stamina, Enhanced Senses, Empathy, Relaxed, Confusion, Agitation, Violence/Aggression",MDMA,,56.116666666666674,-3.2097
W071442,2025-12-03,WA16,MDMA,Not Stated,"Colourless, White",Crystalline,Not Stated,Not Stated,Methamphetamine,,53.3064125,-2.37901875
W071452,2025-12-03,NG5,Ecstacy tablet,Not Stated,Pink,Tablet,Oral,"Euphoria, Increased Energy, Enhanced Senses, Empathy, Relaxed",MDMA,,53.0006,-1.1315
W071451,2025-12-03,NG5,MDMA,Not Stated,"White, Yellow",Granules,Oral,"Euphoria, Increased Energy, Increased Confidence, Increased Libido, Empathy, Relaxed, Insomnia",MDMA,,53.0006,-1.1315
W071583,2025-12-03,BS2,Ecstacy,Not Stated,Purple,Tablet,Not Stated,Not Stated,MDMA,,51.4552,-2.5966
W071507,2025-12-03,BS30,MDMA,Punisher,Brown,Tablet,Not Stated,Not Stated,MDMA,,51.44770909090909,-2.4621636363636363
W071347,2025-12-03,SA1,MDMA/Ecstasy,Not Stated,Blue,Tablet,Not Stated,Not Stated,MDMA,,51.633979999999994,-3.94848
W071704,2025-12-09,TF13,MDMA,MDMA,"Pink, Red",Granules,Not Stated,Not Stated,"MDMA, MDEA",,52.56572857142857,-2.602778571428572
W071795,2025-12-09,CH3,MDMA,Not Stated,White,Crystalline,Not Stated,Not Stated,MDMA,MDEA,53.154448571428574,-2.80734
W071742,2025-12-09,WF1,MDMA,Not Stated,"Grey, Brown",Crystalline,Not Stated,Not Stated,MDMA,,53.69246666666667,-1.4771
W071665,2025-12-09,MK18,Ecstacy tablet,Ice cream ecstacy,Blue,Tablet,Not Stated,Not Stated,MDMA,,51.968651515151514,-0.965221212121212
W071624,2025-12-09,TN37,MDMA,Not Stated,White,Crystalline,Not Stated,Not Stated,MDMA,,50.87460000000001,0.5477
W071655,2025-12-09,PO77,MDMA,Molly,"Yellow, Grey",Crystalline,Not Stated,Not Stated,MDMA,,50.8953875,-1.0532125
W071656,2025-12-09,PO77,MDMA,Not Stated,Blue,Tablet,Not Stated,Not Stated,MDMA,,50.8953875,-1.0532125
W071592,2025-12-09,RG12,MDMA,MDMA Platinum,Colourless,Crystalline,Not Stated,Not Stated,MDMA,,51.4007,-0.7635
W071707,2025-12-11,TF13,ecstacy,yellow punisher,Yellow,Tablet,Oral,"Euphoria, Increased Energy, Increased Confidence, Enhanced Senses, Increased Stamina",MDMA,,52.56572857142857,-2.602778571428572
W071654,2025-12-11,B601,MDMA,MDMA,"White, Yellow",Powder,Oral,"Euphoria, Increased Energy, Enhanced Senses, Empathy, Visual Hallucinations, Relaxed, Irregular Heartbeat, Paranoia",MDMA,,52.32154545454546,-2.0438
W071824,2025-12-11,BS34,MDMA,MDMA,"White, Brown",Crystalline,Oral,"Increased Energy, Agitation",MDMA,,51.5241,-2.5661
W071759,2025-12-11,EX1,MDMA,GOYA,Red,Tablet,Not Stated,"Increased Energy, Increased Confidence, Enhanced Senses, Increased Libido, Empathy, Relaxed",MDMA,,50.7401,-3.467
W071822,2025-12-16,BS2,MDMA,MDMA,Blue,Tablet,Not Stated,Not Stated,MDMA,,51.4552,-2.5966
W071835,2025-12-16,SG2,MDMA,Not Stated,"White, Brown",Crystalline,Oral,"Euphoria, Increased Energy, Increased Confidence, Increased Stamina, Empathy",MDMA,,51.899049999999995,-0.14905
W071657,2025-12-16,CF14,ECSTACY (XTC),Not Stated,Green,Tablet,Oral,"Increased Energy, Increased Confidence, Agitation, Insomnia, Empathy",MDMA,,51.5199,-3.204
W071840,2025-12-16,LS18,MDMA,Not Stated,"Grey, White",Solid,Not Stated,Not Stated,MDMA,,53.838,-1.6404
W071919,2025-12-19,GL51,Ecstacy,TPS LV220,Blue,Tablet,Not Stated,Not Stated,MDMA,,51.90277692307692,-2.1239538461538463
000234101,2025-12-22,,MDMA,Not Stated,White,Granules,Oral,"Euphoria, Increased Energy, Increased Confidence, Enhanced Senses, Increased Libido, Empathy",MDMA,,0,0
W072091,2025-12-22,S11,MDMA,MD,Brown,Granules,Not Stated,Not Stated,MDMA,,53.3608,-1.5084
W071905,2025-12-22,TW10,MDMA,MDMA,"White, Yellow",Crystalline,Not Stated,Not Stated,MDMA,,51.442359999999994,-0.30408
W072186,2025-12-22,G12,MDMA,Not Stated,Pink,Powder,Not Stated,Not Stated,MDMA,,55.8804,-4.3007
W072145,2025-12-23,S7,MDMA,MD,Grey,Granules,Not Stated,Not Stated,MDMA,,53.355,-1.4907
W072150,2025-12-23,N12,Ecstacy (Punisher),Not Stated,Blue,Tablet,Oral,"Euphoria, Increased Confidence, Relaxed, Agitation, Insomnia, Depression, Fatigue, Lethargy, Tiredness",MDMA,Caffeine,51.6077,-0.166
W072335,2025-12-24,SE17,Ecstacy,Not Stated,Green,Tablet,Not Stated,Not Stated,MDMA,,51.48563333333333,-0.1028333333333333
W072214,2025-12-24,BT12,MDMA,MD,"Colourless, White",Crystalline,Not Stated,Not Stated,MDMA,,54.583299999999994,-5.9333
W072395,2025-12-31,MK15,MDMA,Not Stated,Yellow,Granules,Not Stated,Not Stated,MDMA,,52.0641,-0.7231
W072371,2025-12-31,BT12,MDMA,MD,"Colourless, Yellow",Granules,Not Stated,Not Stated,MDMA,,54.583299999999994,-5.9333
W072413,2026-01-05,GL51,MDMA,TDS,"Grey, Brown",Crystalline,Not Stated,Not Stated,MDMA,,51.90277692307692,-2.1239538461538463
W072014,2026-01-05,E3,MDMA,MDMA,Grey,Powder,Not Stated,Not Stated,MDMA,,51.527657142857144,-0.0265714285714285
W072468,2026-01-05,CV23,MDMA,MDMA,White,Powder,Oral,"Increased Energy, Enhanced Senses, Relaxed, Irregular Heartbeat, Nausea",Cocaine,,52.35095476190476,-1.3038904761904762
W072511,2026-01-06,N1,MDMA,MDMA,White,Powder,Not Stated,Not Stated,MDMA,,51.53669,-0.0944
W072505,2026-01-06,AL53,MDMA,Not Stated,"White, Brown",Crystalline,Not Stated,Not Stated,MDMA,,51.8168,-0.3571
W072515,2026-01-08,SA71,MDMA,Not Stated,"White, Yellow",Granules,Not Stated,Not Stated,MDMA,,51.653200000000005,-4.955814999999999
W072552,2026-01-13,HP4,ecstasy/MDMA tablet,Not Stated,Pink,Tablet,Oral,"Euphoria, Increased Energy, Increased Confidence, Enhanced Senses, Increased Stamina, Empathy, Memory Loss",MDMA,,51.774116666666664,-0.56985
W072661,2026-01-13,LA94,MDMA,pingers / mdma,Pink,Tablet,Not Stated,Not Stated,MDMA,,54.32532,-2.74938
W072730,2026-01-15,WA3,MDMA,MDMA- Cola Dutch import,Brown,Crystalline,Oral,"Euphoria, Increased Energy, Empathy, Visual Hallucinations",MDMA,,53.45247272727273,-2.5457272727272726
W072731,2026-01-15,WA3,MDMA,MDMA premium,White,Crystalline,Not Stated,Not Stated,MDMA,,53.45247272727273,-2.5457272727272726
W072732,2026-01-15,WA3,Ecstacy,Ecstacy Christian Dior,Orange,Tablet,Not Stated,Not Stated,MDMA,,53.45247272727273,-2.5457272727272726
W072998,2026-01-19,PE19,MDMA,MDMA,"White, Yellow",Granules,Oral,"Insomnia, Depression",MDMA,,52.23200555555556,-0.2409666666666666
W073090,2026-01-23,SW19,MDMA,Not Stated,White,Crystalline,Not Stated,Not Stated,MDMA,,51.42343333333333,-0.1973333333333333
W073045,2026-01-23,BN1,MDMA,Not Stated,Brown,Crystalline,Oral,"Euphoria, Increased Energy, Enhanced Senses, Empathy",MDMA,,50.8614,-0.1204166666666666
W073078,2026-01-23,EC1V,MDMA,MD,Brown,Crystalline,Not Stated,Not Stated,MDMA,,51.5265,-0.0986
W073153,2026-01-26,SS7,Ecstacy (MDMA),Not Stated,Blue,Tablet,Not Stated,Not Stated,MDMA,,51.55652,0.58128
W073219,2026-01-26,W38,MDMA,facebook ecstasy,Grey,Tablet,Not Stated,Not Stated,MDMA,,,
W073181,2026-01-26,TR11,MDMA,Not Stated,Blue,Tablet,Not Stated,Not Stated,MDMA,,50.14498571428572,-5.109414285714286
W073152,2026-01-28,HA6,MDMA,Not Stated,"White, Brown",Granules,Not Stated,Not Stated,MDMA,,51.6116,-0.4230333333333333
W072993,2026-01-28,SW19,MDMA,Not Stated,Green,Tablet,Snort / Sniff,"Euphoria, Increased Energy, Increased Confidence, Empathy, Nausea",MDMA,,51.42343333333333,-0.1973333333333333
W073266,2026-01-28,M33,MDMA,Not Stated,Brown,Granules,Oral,"Euphoria, Increased Libido, Empathy, Relaxed",MDMA,,53.4252,-2.3244
W073282,2026-01-28,N78,MDMA,Not Stated,"White, Brown",Crystalline,Not Stated,Not Stated,MDMA,,,
W073269,2026-01-28,M33,MDMA,Smiley face,White,Crystalline,Not Stated,Not Stated,MDMA,,53.4252,-2.3244
W073363,2026-02-03,WR5,MDMA,Not Stated,Yellow,Crystalline,Not Stated,Not Stated,MDMA,,52.1651,-2.1974428571428573
W073536,2026-02-03,DE13,MDMA,Not Stated,"White, Yellow",Crystalline,Not Stated,Not Stated,Unable to identify,,52.80352857142857,-1.714461904761905
W073475,2026-02-03,SS11,Ecstacy (MDMA),Not Stated,Yellow,Tablet,Not Stated,Not Stated,"MDMA, Ketamine",Levamisole,51.61865,0.5607
W073472,2026-02-03,SS11,Ecstacy (MDMA),Not Stated,Blue,Tablet,Not Stated,Not Stated,MDMA,,51.61865,0.5607
W073325,2026-02-03,S10,MDMA,MDMA pills,Orange,Tablet,Not Stated,Not Stated,MDMA,,53.35,-1.55
W073248,2026-02-03,SR28,MDMA/Ecstasy pill,PInk lambo,Purple,Tablet,Not Stated,Not Stated,MDMA,,54.8792,-1.37365
W073438,2026-02-03,EH7,Ecstasy / xtc,marvel purple xtc 250mg,"Green, Purple",Tablet,Not Stated,Not Stated,MDMA,,55.9521,-3.1965
W073436,2026-02-03,NW6,MDMA,Not Stated,White,Crystalline,Not Stated,Not Stated,MDMA,,51.54194444444445,-0.1931888888888888
W073496,2026-02-06,N1,MDMA,MDMA,White,Powder,Not Stated,Not Stated,MDMA,,51.53669,-0.0944
W073511,2026-02-06,NN6,MDMA Ecstacy,Red hermes 200mg ecstasy,"Pink, Red",Tablet,Not Stated,Not Stated,MDMA,,52.34138837209303,-0.9473697674418604
W073579,2026-02-06,DL7,MDMA,Not Stated,"Grey, Brown",Tablet,Not Stated,Not Stated,3-Methylmethcathinone,,54.331325,-1.4880166666666668
000235833,2026-02-10,CF10,Ecstacy,Not Stated,"Yellow, Red",Tablet,Not Stated,Not Stated,MDMA,,51.48,-3.18
W073738,2026-02-10,PA1,MDMA pill,Purple reaper XTC,Purple,Powder,Not Stated,Not Stated,MDMA,,55.8317,-4.4325
W073637,2026-02-10,LU1,MDMA,MDMA,Brown,Crystalline,Oral,Not Stated,MDMA,,51.8693,-0.42528
W073629,2026-02-10,GL51,MDMA,TPS,"Grey, Brown",Granules,Not Stated,Not Stated,MDMA,,51.90277692307692,-2.1239538461538463
W073729,2026-02-10,SL37,MDMA,MDMA,"Pink, Grey",Crystalline,Not Stated,Not Stated,MDMA,,51.50211428571429,-0.5512571428571429
W073691,2026-02-10,LL36,MDMA,MDMA,"Pink, Brown",Crystalline,Not Stated,Not Stated,MDMA,,52.60728,-4.059706666666667
W073776,2026-02-11,SY21,White MDMA,Frozen MDMA,White,Solid,Not Stated,Not Stated,MDMA,,52.670813513513515,-3.1976945945945947
W073755,2026-02-11,SY21,Ecstasy MDMA,Marvel XTC,"Yellow, Blue",Tablet,Not Stated,Not Stated,MDMA,,52.670813513513515,-3.1976945945945947
W073748,2026-02-13,SE15,MDMA,PURPLE TESLA HIGHTIMES UK,Purple,Tablet,Not Stated,Not Stated,MDMA,,51.470175,-0.060325
W073822,2026-02-13,GL6,MDMA,SOUNDCLOUD,Orange,,Oral,Not Stated,MDMA,,51.738542307692306,-2.1929
W073821,2026-02-13,GL6,MDMA,PABLO ESCOBAR,Grey,Tablet,Oral,Not Stated,MDMA,,51.738542307692306,-2.1929
W073874,2026-02-13,CT17,MDMA,MDMA,"White, Yellow",Crystalline,Not Stated,Not Stated,MDMA,,51.129,1.2939
W073823,2026-02-13,GL6,MDMA,ZEUS,Green,,Not Stated,Not Stated,MDMA,,51.738542307692306,-2.1929
W073863,2026-02-13,GL6,Liquid MDMA,Suda,"Colourless, Brown",Liquid,Not Stated,Not Stated,MDMA,,51.738542307692306,-2.1929
W073978,2026-02-17,IP30,MDMA,Not Stated,Colourless,Crystalline,Not Stated,Not Stated,MDMA,,52.20718148148149,0.8281888888888889
W070694,2026-02-17,RG45,MDMA Ecstasy,MDMA,"Blue, Black",Tablet,Oral,"Nausea, Confusion, Agitation, Insomnia",MDMA,,51.3703,-0.7922
W073896,2026-02-17,E9,MDMA,Not Stated,Green,Tablet,Oral,"Euphoria, Enhanced Senses, Increased Stamina, Irregular Heartbeat",MDMA,,51.5394,-0.0414
W074008,2026-02-18,SE13,MDMA,MDMA,Purple,Tablet,Oral,"Euphoria, Increased Energy, Enhanced Senses, Empathy, Chest Pains, Nausea",MDMA,,51.4643,-0.0119
W074063,2026-02-18,LN67,MDMA pill,Green rolex,Green,,Not Stated,Not Stated,MDMA,,53.18841538461538,-0.6413692307692307
W074141,2026-02-20,TF9,MDMA,MDMA Panana Owl,Purple,Tablet,Oral,"Euphoria, Increased Energy, Enhanced Senses, Irregular Heartbeat, Increased Strength",MDMA,,52.85675853658537,-2.425558536585366
W074171,2026-02-20,YO26,MDMA (doves),Not Stated,White,Tablet,Oral,Not Stated,MDMA,,53.9666,-1.1939666666666666
W074150,2026-02-20,NW9,MDMA,Not Stated,Yellow,Crystalline,Oral,"Euphoria, Increased Confidence, Increased Energy, Increased Libido, Enhanced Senses",MDMA,MDEA,51.5894,-0.25692
W074229,2026-02-20,RH18,MDMA,Not Stated,,Powder,Not Stated,Not Stated,No Active Component Identified,,51.081425,0.02795
W074298,2026-02-25,EX13,MDMA ecstasy,Not Stated,Yellow,Tablet,Oral,"Euphoria, Increased Energy, Increased Stamina, Increased Libido, Empathy, Relaxed",MDMA,4-Chloromethcathinone,50.77350434782609,-3.0269913043478263
W074277,2026-02-25,SE1,MDMA,Hightime UK champagne,"White, Brown",Crystalline,Not Stated,Not Stated,MDMA,,51.49874615384616,-0.0930384615384615
W074255,2026-02-25,M1,MDMA,Not Stated,White,Powder,Snort / Sniff,"Euphoria, Increased Energy, Increased Confidence",Ketamine,,53.4809,-2.2374
W074385,2026-02-27,SE17,MDMA,Not Stated,Blue,Tablet,Not Stated,Not Stated,MDMA,,51.48563333333333,-0.1028333333333333
W074390,2026-02-27,S6,mdma,Not Stated,"White, Brown",Crystalline,Oral,"Increased Energy, Nausea, Vomiting, Insomnia",Caffeine,,53.3931,-1.5452
W074383,2026-02-27,GL5,MDMA,MDMA,Brown,Crystalline,Not Stated,Not Stated,MDMA,,51.7366,-2.21976
W073961,2026-02-27,LN1,MDMA,Not Stated,,Crystalline,Not Stated,Not Stated,MDMA,,53.288,-0.6507473684210526
W074424,2026-02-27,NP22,MDMA,Not Stated,"White, Brown",Crystalline,Not Stated,Not Stated,MDMA,,51.7725,-3.2468
W074428,2026-02-27,SW8,XTC MDMA +MDA,Pringles,Red,Tablet,Oral,"Euphoria, Increased Energy, Visual Hallucinations, Vomiting",MDMA,MDA,51.48162,-0.1276
W074334,2026-02-27,CF24,MDMA,Not Stated,Brown,Powder,Not Stated,Not Stated,MDMA,,51.48,-3.18
W074191,2026-03-09,GU21,MDMA,Not Stated,"White, Yellow",Crystalline,Not Stated,Not Stated,MDMA,,51.322399999999995,-0.5923666666666666
W074533,2026-03-09,SE6,MDMA,MDMA,White,Crystalline,Oral,"Euphoria, Increased Confidence, Enhanced Senses, Empathy, Irregular Heartbeat, Insomnia",MDMA,,51.44165,-0.0185
W074532,2026-03-09,M7,MDMA,Not Stated,"White, Yellow",Crystalline,Not Stated,Not Stated,MDMA,,53.5056,-2.2623
W074637,2026-03-10,RG12,MDMA,PLATINUM,"White, Colourless",Crystalline,Oral,"Euphoria, Increased Energy, Increased Confidence, Enhanced Senses, Empathy",MDMA,,51.4007,-0.7635
W074573,2026-03-10,SE13,MDMA,Not Stated,White,Granules,Not Stated,Not Stated,MDMA,,51.4643,-0.0119
W074708,2026-03-10,EX48,ECSTASY MDMA,Not Stated,Blue,Tablet,Oral,"Increased Energy, Increased Stamina",MDMA,,50.73776,-3.5296999999999996
W074702,2026-03-10,N22,MDMA,Not Stated,"White, Grey",Crystalline,Not Stated,Not Stated,MDMA,,51.6,-0.1167
W074822,2026-03-13,LS17,MDMA,MDMA,White,Crystalline,Oral,"Euphoria, Increased Energy, Relaxed",MDMA,,53.88427272727272,-1.5127545454545457
W074785,2026-03-13,EH9,MDMA,Not Stated,"White, Pink",Crystalline,Not Stated,Not Stated,MDMA,Ketamine,55.9521,-3.1965
W074799,2026-03-13,SW8,MDMA,MDMA,"Brown, Brown",Crystalline,Not Stated,Not Stated,No Active Component Identified,,51.48162,-0.1276
W074889,2026-03-13,TN31,MDMA,Not Stated,Yellow,Crystalline,Not Stated,Not Stated,MDMA,,50.96017222222222,0.7006111111111112
W074924,2026-03-17,SG18,MDMA,Not Stated,Yellow,Granules,Oral,Not Stated,Paracetamol,,52.07824545454545,-0.2732454545454545
W074898,2026-03-17,CO1,MDMA,MD,"Colourless, Yellow",Crystalline,Not Stated,Not Stated,MDMA,,51.8892,0.9042
W074942,2026-03-17,SE15,MDMA,MDMA,"White, Brown",Crystalline,Oral,"Increased Energy, Visual Hallucinations, Confusion, Panic Attack",MDMA,,51.470175,-0.060325
W074895,2026-03-17,CO1,MDMA,NO LABEL,Colourless,Crystalline,Not Stated,Not Stated,Mephedrone,,51.8892,0.9042
W075126,2026-03-20,NN11,MDA/MDMA,Not Stated,Brown,Powder,"Oral, Snort / Sniff","Euphoria, Increased Energy, Increased Confidence, Nausea, Vomiting, Insomnia",MDMA,,52.21614,-1.179288
W074980,2026-03-20,BS3,MDMA,Not Stated,Pink,Solid,Oral,"Euphoria, Increased Energy, Enhanced Senses, Increased Stamina, Auditory Hallucinations, Relaxed, Insomnia, Nausea, Confusion, Panic Attack",MDMA,,51.4552,-2.5966
W075123,2026-03-20,NN11,MDMA,Not Stated,"Colourless, White",Crystalline,"Oral, Snort / Sniff","Euphoria, Increased Confidence, Enhanced Senses, Increased Libido, Empathy, Auditory Hallucinations, Irregular Heartbeat, Nosebleeds, Nausea, Vomiting, Loss of consciousness, Depression, Suicidal Ideation",MDMA,,52.21614,-1.179288
W075068,2026-03-20,CF24,LIQUID MDMA,Not Stated,Colourless,Liquid,Not Stated,Not Stated,Gamma-butyrolactone,,51.48,-3.18
W075086,2026-03-24,PL15,MDMA,Not Stated,"White, Brown",Crystalline,Not Stated,Not Stated,MDMA,,50.636073333333336,-4.411035
W075084,2026-03-24,PL15,MDMA,Not Stated,"Grey, Brown",Powder,Not Stated,Not Stated,MDMA,,50.636073333333336,-4.411035
W075080,2026-03-24,PL15,MDMA,Not Stated,Yellow,Tablet,Not Stated,Not Stated,MDMA,,50.636073333333336,-4.411035
W075119,2026-03-24,LS4,MDMA,Duke Nukem,"Orange, Green",Tablet,Not Stated,Not Stated,MDMA,,53.8103,-1.5846
W075314,2026-03-25,B30,Ecstacy,gas mask (mankind),Blue,Tablet,Not Stated,Not Stated,MDMA,,52.4167,-1.9167
W075242,2026-03-25,BN16,MDMA,Not Stated,"White, Yellow",Crystalline,Oral,"Euphoria, Increased Energy, Enhanced Senses, Increased Stamina, Empathy, Relaxed, Nausea",MDMA,,50.81518,-0.4855
W075250,2026-03-25,SL,MDMA,Not Stated,White,Crystalline,Oral,"Increased Energy, Agitation",MDMA,,,
W075441,2026-04-07,CM95,MDMA,Ectasy,Yellow,Tablet,Not Stated,Not Stated,MDMA,Caffeine,51.75401111111111,0.7244388888888889
W075472,2026-04-07,NG11,MDMA,MDMA,"Colourless, Grey",Crystalline,Not Stated,Not Stated,MDMA,,52.87862,-1.19524
W075471,2026-04-07,NG71,MDMA,MDMA,"Pink, Red",,Oral,"Increased Energy, Enhanced Senses, Increased Strength, Increased Confidence, Vomiting, Memory Loss",MDMA,,52.9536,-1.1505
W075473,2026-04-07,NG71,MDMA,MDMA,"Pink, Purple",,Not Stated,"Euphoria, Increased Energy, Increased Confidence, Empathy, Nausea",MDMA,,52.9536,-1.1505
W075521,2026-04-07,TF9,mdma,Not Stated,"Orange, Green",Tablet,Not Stated,Not Stated,MDMA,,52.85675853658537,-2.425558536585366
W075533,2026-04-08,SG2,MDMA,Not Stated,Colourless,Crystalline,Not Stated,Not Stated,MDMA,,51.899049999999995,-0.14905
W075566,2026-04-08,DD3,MDMA Punisher,Not Stated,Yellow,Capsule,Not Stated,Not Stated,MDMA,,56.53040000000001,-3.0695
W075554,2026-04-08,HP2,MDMA,MDMA,Orange,Crystalline,Not Stated,Not Stated,Paracetamol,,51.7639,-0.4531
W075569,2026-04-08,SO51,MDMA,high times MDMA,Brown,Crystalline,Not Stated,Not Stated,MDMA,,51.01539047619048,-1.494095238095238
W075516,2026-04-08,CB80,MDMA,Not Stated,Not stated Sample form Not stated Consumption method Not Stated Self-reported effects Not Stated,Not stated,Not Stated,Not Stated,MDMA,,52.20595,0.4459611111111111
W075494,2026-04-09,AL1,Xtc pill (go yard),Not Stated,Green,Tablet,Not Stated,Not Stated,MDMA,,51.75,-0.3333
W075555,2026-04-09,PL4,MDMA Crystals,MDMA,Colourless,Crystalline,Not Stated,Not Stated,MDMA,Ketamine,50.3715,-4.143
W075673,2026-04-13,NG18,MDMA,Not Stated,Brown,Crystalline,Not Stated,Not Stated,Mephedrone,,53.1333,-1.2
W075662,2026-04-13,DN12,MDMA,Not Stated,Yellow,Tablet,Oral,"Euphoria, Increased Energy, Increased Confidence, Increased Stamina, Increased Strength, Visual Hallucinations, Nausea, Paranoia, Memory Loss, Insomnia",MDMA,,53.4851,-1.2453
W075695,2026-04-13,SY23,Ecstacy,Rolex XTC,Yellow,Tablet,Oral,Not Stated,MDMA,,52.34458541666667,-3.9885
W075749,2026-04-13,BN2,MDMA,Not Stated,White,Crystalline,Not Stated,Not Stated,Ketamine,,50.823825,-0.082825
W075746,2026-04-14,SY23,MDMA,Cola rocks,Brown,Not stated,Oral,Not Stated,MDMA,,52.34458541666667,-3.9885
W075615,2026-04-14,CF39,MDMA,Not Stated,Not stated Sample form Not stated Consumption method Oral Self-reported effects Euphoria,Not stated,Oral,"Euphoria, Irregular Heartbeat, Nausea, Paranoia, Panic Attack, Agitation, Insomnia",MDMA,,51.5988125,-3.447975
W075616,2026-04-14,KY76,redbull ecstacy,red bull,Not stated Sample form Tablet Consumption method Oral Self-reported effects Euphoria,Tablet,Oral,"Euphoria, Increased Energy, Increased Stamina, Increased Strength, Relaxed","MDMA, 4-Chloromethcathinone",,56.19679,-3.1358
W075819,2026-04-15,LS13,MDMA,Not Stated,Brown,Crystalline,Not Stated,Not Stated,MDMA,,53.8107,-1.6354
W075825,2026-04-17,CF24,Ecstasy pill MDMA,Not Stated,Blue,Tablet,Not Stated,Not Stated,MDMA,,51.48,-3.18
W075987,2026-04-17,DL1,MDMA,Not Stated,White,Crystalline,Oral,"Euphoria, Enhanced Senses, Empathy, Irregular Heartbeat, Nausea, Panic Attack, Agitation",MDMA,,54.55433333333334,-1.5298166666666664
W076012,2026-04-17,EX49,MDMA,MDMA,Not stated Sample form Tablet Consumption method Oral Self-reported effects Euphoria,Tablet,Oral,"Euphoria, Increased Libido",MDMA,,50.73776,-3.5296999999999996
W076074,2026-04-22,DA15,MDMA,Not Stated,Purple,Tablet,Not Stated,Not Stated,MDMA,,51.4412,0.0983
W076010,2026-04-22,BH16,MDMA,Not Stated,White,Crystalline,Not Stated,Not Stated,MDMA,,50.74242,-2.05482
W076009,2026-04-22,BH76,MDMA,Not Stated,White,Crystalline,Oral,"Increased Energy, Enhanced Senses, Increased Stamina",MDMA,,50.7363,-1.827
W076167,2026-04-28,TQ12,MDMA,MDMA,Brown,Tablet,Oral,"Euphoria, Increased energy, Increased confidence, Empathy",MDMA,,50.526051851851854,-3.6118259259259258
W076157,2026-04-29,HR4,MDMA,Not stated,White,Powder,Oral,"Euphoria, Increased senses, Empathy",MDMA,,52.10106744186046,-2.8000232558139535
W075803,2026-04-30,S10,MDMA,MDMA,White,Crystalline,Oral,"Euphoria, Increased energy, Increased confidence, Increased senses",MDMA,,53.35,-1.55
W100225,2026-04-30,EX28,MDMA,MDMA,Purple,Tablet,Oral,"Increased senses, Increased stamina, Irregular heartbeat, Nausea, Insomnia",MDMA,,50.70541666666667,-3.529533333333333
W100083,2026-04-30,NG2,PILLS (MDMA),Not stated,Yellow,Tablet,Not stated,"Not stated,  ",MDMA,,52.92915,-1.11485
W100071,2026-04-30,GU21,MDMA,Not stated,White,Crystalline,Not stated,"Not stated,  ",MDMA,,51.322399999999995,-0.5923666666666666
W100087,2026-04-30,CM77,ECSTASY (MDMA),DUTCH PRESSED GREEN PUNISHERS L.D,Green,Tablet,Not stated,"Not stated,  ",MDMA,,51.8782,0.5529
W100128,2026-04-30,CM9,MDMA,Not stated,Brown,Powder,Not stated,"Not stated,  ",MDMA,,51.75401111111111,0.7244388888888889
W100245,2026-04-30,BN2,MDMA,Not stated,Pink,Crystalline,Not stated,"Not stated,  ",MDMA,,50.823825,-0.082825
W100049,2026-04-30,CB2,MDMA,Not stated,Brown,Crystalline,Not stated,"Not stated,  ",MDMA,,52.18965000000001,0.1240214285714285
W100214,2026-05-01,SN12,MDMA,Not stated,Red,Tablet,Not stated,"Not stated,  ",MDMA,,51.37381818181818,-2.141563636363637
W100212,2026-05-01,TA2,MDMA,Not stated,Grey,Crystalline,Not stated,"Not stated,  ",MDMA,,51.04662,-3.08832
W076131,2026-05-01,CO9,MDMA,Not stated,Colourless,Crystalline,Not stated,"Not stated,  ",MDMA,,51.995466666666665,0.5882238095238096
W100174,2026-05-01,SO51,MDMA,Pharaom,Yellow,Tablet,Not stated,"Not stated,  ",MDMA,,51.01539047619048,-1.494095238095238
W100484,2026-05-07,SW17,MDMA,MDMA,Brown,Crystalline,Not stated,"Not stated,  ",MDMA,,51.4307,-0.1647
100004550,2026-05-07,NN11,MDMA,Not stated,White,Crystalline,Not stated,"Not stated,  ",MDMA,,52.21614,-1.179288
W100476,2026-05-07,SW19,MDMA,Not stated,Green,Tablet,Oral,"Euphoria, Increased energy, Increased confidence, Increased senses, Increased libido, Empathy",MDMA,,51.42343333333333,-0.1973333333333333
W100464,2026-05-07,SW19,MDMA,Not stated,Green,Tablet,Oral,"Euphoria, Increased energy, Increased confidence, Increased senses, Increased libido, Empathy",MDMA,,51.42343333333333,-0.1973333333333333
W100521,2026-05-07,LL53,MDMA,Not stated,Colourless,Crystalline,Oral,"Increased energy, Increased confidence, Increased senses, Empathy, Nausea, Vomiting, Paranoia, Insomnia",MDMA,,52.89524166666667,-4.493856666666668
W100326,2026-05-07,NW9,MDMA,Not stated,Brown,Powder,Not stated,"Not stated,  ",MDMA,,51.5894,-0.25692
W100456,2026-05-07,NN11,MDMA,Not stated,Yellow,Tablet,Not stated,"Not stated,  ",MDMA,,52.21614,-1.179288
W100307,2026-05-07,BT43,MDMA,Diazepam,Yellow,Tablet,Not stated,"Not stated,  ",Methylclonazepam,,54.93786666666667,-6.2199
W076218,2026-05-07,Not stated,pure molly/ MDMA 125mg,Not stated,White,Capsule,Oral,"Not stated,  ",MDMA,,,
W100402,2026-05-07,PL1,MDMA,Not stated,Grey,Powder,Not stated,"Not stated,  ",MDMA,,50.37435000000001,-4.1642
W100425,2026-05-07,TA21,MDMA,Not stated,Colourless,Crystalline,Not stated,"Euphoria, Increased energy, Increased confidence, Increased stamina, Increased strength, Relaxed",MDMA,,50.97908571428571,-3.2824380952380956
W100327,2026-05-07,NW9,XTC,Not stated,Blue,Tablet,Not stated,"Not stated,  ",MDMA,,51.5894,-0.25692
W100551,2026-05-11,SW12,XTC MDMA,CS 8 BALL XTC PILL,Red,Tablet,Not stated,"Not stated,  ",MDMA,,51.4469,-0.1384
W100639,2026-05-11,LU3,MDMA,Not stated,Colourless,Crystalline,Oral,"Visual hallucinations, Relaxed, Chest pains, Nausea, Vomiting, Paranoia, Confusion, Depression",MDMA,,51.93223333333333,-0.4567666666666666
W100640,2026-05-11,LU3,MDMA,superman logo,Purple,Tablet,Oral,"Relaxed, Chest pains, Nausea, Paranoia, Memory loss, Confusion, Agitation, Depression, Suicidal ideation",MDMA,,51.93223333333333,-0.4567666666666666
W100489,2026-05-11,BA10,ecstacy,prada,Green,Tablet,Oral,"Euphoria, Empathy",MDMA,,51.11111428571429,-2.4373142857142858
W076268,2026-05-13,HA4,MOLLY/MDMA,MDMA,Brown,Capsule,Not stated,"Not stated,  ",MDMA,,51.5734,-0.4234
W100634,2026-05-13,CB2,MDMA,MDMA,Green,Tablet,Oral,Increased energy,MDMA,,52.18965000000001,0.1240214285714285
W100337,2026-05-13,CB22,MDMA crystal,Not stated,Brown,Crystalline,Oral,"Euphoria, Increased energy",MDMA,,52.13283157894737,0.1341894736842105
W100628,2026-05-13,EN2,MDMA,Not stated,Blue,Tablet,Oral,"Euphoria, Increased energy, Nausea",MDMA,,51.6515,-0.085
W100560,2026-05-13,SE1,MDMA,Crystal,White,Powder,Not stated,"Not stated,  ",MDMA,,51.49874615384616,-0.0930384615384615
W100561,2026-05-13,OX25,MDMA crystal,Not stated,Brown,Crystalline,Oral,"Euphoria, Increased energy, Increased confidence, Increased senses, Empathy, Relaxed",MDMA,,51.9,-1.1536
W100604,2026-05-13,LS16,MDMA,Not stated,Pink,Crystalline,Oral,"Increased energy, Increased confidence, Increased stamina",MDMA,,53.868475,-1.5981
W100733,2026-05-14,BT6,MDMA,Not stated,Brown,Crystalline,Not stated,"Not stated,  ",MDMA,,54.5728,-5.890866666666667
W100672,2026-05-14,KT6,MDMA,Not stated,Purple,Tablet,Not stated,"Not stated,  ",MDMA,,51.38595,-0.2898
W100683,2026-05-14,NE66,MDMA,Not stated,Brown,Crystalline,Oral,"Visual hallucinations, Nausea, Vomiting",MDMA,,55.419943396226415,-1.7907415094339625
W100658,2026-05-19,CB24,MDMA,Not stated,Brown,Granules,Not stated,"Not stated,  ",MDMA,,52.27169285714285,0.0806571428571428
W100812,2026-05-19,SE5,MDMA,MDMA,Brown,Crystalline,Oral,"Irregular heartbeat, Paranoia, Violence",MDMA,,51.474575,-0.090125
W100798,2026-05-19,CT20,MDMA pill,Merc,Orange,Powder,Not stated,"Not stated,  ",MDMA,,51.0746,1.1448
W100871,2026-05-19,BS8,MDMA,Not stated,Brown,Crystalline,Not stated,"Not stated,  ",MDMA,,51.450199999999995,-2.65032
W100559,2026-05-19,N3,MDMA,Not stated,Colourless,Crystalline,Not stated,"Not stated,  ",N-Ethylpentylone,Pentylone,51.60055,-0.1943
W100662,2026-05-19,CB24,MDMA,Not stated,White,Crystalline,Not stated,"Not stated,  ",MDMA,,52.27169285714285,0.0806571428571428
W100766,2026-05-19,WF1,MDMA,Not stated,Brown,Crystalline,Not stated,"Not stated,  ",MDMA,,53.69246666666667,-1.4771
W101007,2026-05-21,CM8,MDMA,Not stated,White,Granules,Not stated,"Not stated,  ",MDMA,,51.81212000000001,0.64867
W076124,2026-05-26,OX4,MDMA,Not stated,White,Granules,Not stated,"Not stated,  ",MDMA,,51.723725,-1.224375
W100951,2026-05-26,SE5,MDMA,Not stated,White,Powder,Not stated,"Euphoria, Increased energy, Increased confidence, Increased senses, Increased stamina, Increased libido, Empathy, Visual hallucinations, Confusion",MDMA,,51.474575,-0.090125
W101095,2026-05-29,CO11,MDMA,Not stated,Brown,Solid,Not stated,"Not stated,  ",MDMA,,51.93195,1.0912416666666669
W100958,2026-05-29,CA22,MDMA,GLASTONBURY FESTIVAL,Green,Tablet,Oral,"Euphoria, Increased energy, Increased confidence, Increased senses, Increased stamina, Increased libido, Empathy, Nausea, Insomnia",MDMA,,54.46527999999999,-3.5262
W101215,2026-06-05,CB10,MDMA,Not stated,White,Powder,Not stated,"Not stated,  ",MDMA,,52.03342941176471,0.2682294117647059
W101276,2026-06-05,BR27,MDMA,Not stated,Pink,Tablet,Oral,"Euphoria, Increased energy, Increased confidence, Increased senses, Increased stamina, Increased libido","Ketamine, MDMA",Caffeine,51.370025,0.02375
W101330,2026-06-05,RG12,MDMA,Platinum,Colourless,Crystalline,Oral,"Euphoria, Increased stamina, Increased strength, Empathy",MDMA,,51.4007,-0.7635
W101432,2026-06-05,NG1,MDMA,Not stated,Brown,Powder,Oral,"Nausea, No effect",MDMA,,52.9536,-1.1505
W101365,2026-06-05,BT13,MDMA,Not stated,White,Crystalline,Not stated,"Not stated,  ",MDMA,,54.60747777777778,-5.959255555555556
W101368,2026-06-05,N1,MDMA,MDMA,Brown,Crystalline,Not stated,"Not stated,  ",MDMA,,51.53669,-0.0944
W101189,2026-06-05,CB2,MDMA,Not stated,White,Crystalline,Not stated,"Not stated,  ",MDMA,,52.18965000000001,0.1240214285714285
W101442,2026-06-05,LE10,MDMA,MDMA,Brown,Crystalline,Not stated,"Not stated,  ",MDMA,,52.513928571428565,-1.3411714285714285
W101500,2026-06-08,N13,MDMA,MDMA,White,Crystalline,Not stated,"Not stated,  ",MDMA,,51.6179,-0.1101
W101466,2026-06-08,HP4,MDMA TABLET,Not stated,Pink,Tablet,Not stated,"Not stated,  ",MDMA,,51.774116666666664,-0.56985
W101470,2026-06-09,CF14,"Ecstacy, MDMA",MDMA,Blue,Tablet,Oral,"Not stated,  ",MDMA,,51.5199,-3.204
W101672,2026-06-11,BB3,ECSTACY,250MG XTC,Pink,Tablet,Not stated,"Not stated,  ",MDMA,,53.7082,-2.477433333333334
W101703,2026-06-15,NG5,MDMA,Not stated,Brown,Crystalline,Oral,"Euphoria, Increased energy, Increased confidence, Increased senses, Increased libido, Empathy, Relaxed",MDMA,,53.0006,-1.1315
W101741,2026-06-15,SE92,MDMA,Not stated,White,Crystalline,Not stated,"Not stated,  ",MDMA,,51.44698000000001,0.0542799999999999
W101913,2026-06-16,SY38,MDMA,Not stated,White,Crystalline,Not stated,"Not stated,  ",MDMA,,52.69885714285714,-2.7749142857142854
W101697,2026-06-16,N15,MDMA (Ecstacy) Pill,MDMA (Ecstacy) Pill,Green,Tablet,Not stated,"Not stated,  ",MDMA,"Caffeine, Paracetamol",51.584300000000006,-0.073
W101886,2026-06-16,TR15,Ecstacy,Dior NL,Pink,Tablet,Not stated,"Not stated,  ",MDMA,,50.23036666666667,-5.238433333333333
W101852,2026-06-16,DA12,Ecstacy,Not stated,Green,Tablet,Not stated,"Not stated,  ",MDMA,,51.4177875,0.3915125
W102001,2026-06-18,HP13,MDMA,Not stated,Yellow,Crystalline,Not stated,"Not stated,  ",MDMA,,51.6374,-0.7626
W101939,2026-06-18,WR11,Ecstacy,Not stated,Blue,Tablet,Oral,"Euphoria, Increased energy, Increased confidence, Increased senses, Insomnia",MDMA,,52.10796153846154,-1.9201384615384616
W101905,2026-06-18,S6,MDMA,Not stated,Brown,Crystalline,Not stated,"Not stated,  ",MDMA,,53.3931,-1.5452
W102106,2026-06-22,SO20,MDMA,MDMA,White,Crystalline,Not stated,"Not stated,  ",MDMA,,51.1102125,-1.4976625
W102133,2026-06-22,CH44,MDMA,Not stated,Colourless,Crystalline,Not stated,"Not stated,  ",MDMA,,53.4232,-3.065
W102230,2026-06-24,CB1,MDMA,Not stated,Purple,Tablet,Not stated,"Not stated,  ",MDMA,,52.19619090909091,0.1483272727272727
W102254,2026-06-24,SE1,MDMA,Not stated,Brown,Granules,Not stated,"Not stated,  ",MDMA,,51.49874615384616,-0.0930384615384615
W102261,2026-06-25,SE18,MDMA,Not stated,Brown,Crystalline,Not stated,"Not stated,  ",MDMA,,51.48716666666667,0.0740666666666666
W102336,2026-06-25,HG1,MDMA,MDMA,Blue,Tablet,Not stated,"Not stated,  ",MDMA,MDEA,53.99700000000001,-1.5357666666666667
W102260,2026-06-25,SE18,MDMA,Not stated,White,Powder,Not stated,"Not stated,  ",MDMA,,51.48716666666667,0.0740666666666666
W102329,2026-06-26,G12,MDMA,TMN blue,Grey,Powder,Not stated,"Not stated,  ",MDMA,,55.8804,-4.3007
W102219,2026-06-29,E20,MDMA,Not stated,White,Crystalline,Not stated,"Not stated,  ",MDMA,,51.5468,-0.0096
W102384,2026-06-30,NW10,MDMA,MDMA,Colourless,Powder,Snort / Sniff,"Not stated,  ",MDMA,,51.53758571428572,-0.2431214285714285
W102505,2026-07-02,SS11,Ecstacy,Not stated,Green,Solid,Not stated,"Not stated,  ",MDMA,,51.61865,0.5607
W102476,2026-07-02,E15,MDMA,Not stated,White,Crystalline,Not stated,"Not stated,  ",MDMA,,51.5333,0.0
W102408,2026-07-03,EH13,MDMA,Not stated,Yellow,Tablet,Not stated,"Not stated,  ",MDMA,,55.9074,-3.2561
W102221,2026-07-03,E20,Ecstacy,Ecstacy,Yellow,Tablet,Not stated,"Not stated,  ",MDMA,,51.5468,-0.0096
W102407,2026-07-03,EH13,MDMA,Not stated,Pink,Tablet,Not stated,"Not stated,  ",MDMA,,55.9074,-3.2561
W102655,2026-07-06,BS7,Crystal MDMA,Not stated,Colourless,Crystalline,Not stated,"Not stated,  ",MDMA,,51.4767,-2.5572
W102563,2026-07-06,Not stated,MDMA,MDMA,Brown,Crystalline,Not stated,"Not stated,  ",MDMA,,,
W102610,2026-07-14,BH9,MDMA,MDMA,White,Crystalline,Not stated,"Not stated,  ",MDMA,,50.7497,-1.8734
W102557,2026-07-14,SG2,MDMA,Not stated,Brown,Crystalline,Not stated,"Not stated,  ",MDMA,,51.899049999999995,-0.14905
W102792,2026-07-14,IP21,MDMA,MDMA,Brown,Crystalline,Not stated,"Not stated,  ",MDMA,,52.3575,1.2272
W102793,2026-07-14,IP21,MDMA,MDMA,Colourless,Crystalline,Not stated,"Not stated,  ",MDMA,,52.3575,1.2272
W102779,2026-07-14,N17,MDMA,MDMA,Brown,Crystalline,Not stated,"Increased senses, Empathy, Relaxed",MDMA,Ketamine,51.59922,-0.07094
W102672,2026-07-14,FY8,MDMA,Not stated,White,Crystalline,Not stated,"Not stated,  ",MDMA,,53.7435,-2.9898
W102669,2026-07-14,FY8,Ecstacy/MDMA,Not stated,Blue,Tablet,Not stated,"Not stated,  ",MDMA,,53.7435,-2.9898
W102679,2026-07-14,HP10,Ecstacy/MDMA,crystal MDMA,Colourless,Crystalline,Snort / Sniff,"Euphoria, Increased energy, Increased confidence, Increased senses, Increased stamina, Increased libido, Increased strength, Chest pains, Irregular heartbeat, Nausea, Vomiting",MDMA,,51.595928571428566,-0.6874142857142856
W102590,2026-07-14,DE73,MDMA,Not stated,White,Tablet,Not stated,"Not stated,  ",MDMA,4-Chloromethcathinone (clephedrone),52.83514615384615,-1.4464769230769232
W076344,2026-07-14,SE16,MDMA,MDMA Rolex,Green,Tablet,Not stated,"Not stated,  ",MDMA,,51.49742,-0.0528
W102896,2026-07-16,DA15,MDMA,Not stated,Purple,Tablet,Not stated,"Not stated,  ",MDMA,,51.4412,0.0983
W102677,2026-07-16,HP10,MDMA,MDMA,Pink,Tablet,Oral,"Euphoria, Increased stamina, Increased libido, Empathy, Relaxed, Insomnia",MDMA,,51.595928571428566,-0.6874142857142856
W102963,2026-07-16,S25,MDMA pill,Not stated,Blue,Tablet,Oral,"Euphoria, Increased energy, Increased confidence, Increased senses, Increased stamina, Empathy, Visual hallucinations",MDMA,,53.3656,-1.2177
W102696,2026-07-16,CB22,MDMA,Not stated,Brown,Crystalline,Not stated,"Not stated,  ",MDMA,,52.13283157894737,0.1341894736842105
W102697,2026-07-16,CB2,MDMA,Not stated,White,Crystalline,Oral,"Euphoria, Empathy",MDMA,,52.18965000000001,0.1240214285714285
W102972,2026-07-16,PE29,Pinger/speed pill,Laughing face,Pink,Tablet,Oral,"Euphoria, Increased energy, Increased confidence, Increased senses, Increased libido, Empathy, Confusion",MDMA,,52.3305,-0.1865
W102897,2026-07-16,DA15,MDMA,Not stated,Green,Tablet,Not stated,"Not stated,  ",MDMA,,51.4412,0.0983
W102601,2026-07-16,EH1,MDMA,molly,Brown,Crystalline,Oral,"Euphoria, Increased senses, Increased libido, Empathy, Relaxed, Diarrhoea",MDMA,,55.9521,-3.1965
W102790,2026-07-16,S11,Ecstacy tablet (MDMA),Hexagon skull,Pink,Tablet,Not stated,"Not stated,  ",MDMA,,53.3608,-1.5084
W102591,2026-07-16,DE73,MDMA,Not stated,Pink,Tablet,Not stated,"Not stated,  ",MDMA,,52.83514615384615,-1.4464769230769232
W102791,2026-07-16,S11,Ecstacy tablet (MDMA),Round pill,Pink,Tablet,Oral,"Euphoria, Increased senses, Increased libido, Empathy, Relaxed",MDMA,,53.3608,-1.5084
W102794,2026-07-16,S11,MDMA,Not stated,Grey,Granules,Not stated,"Not stated,  ",MDMA,,53.3608,-1.5084
W102997,2026-07-16,CO12,MDMA,Not stated,Colourless,Crystalline,Oral,"Euphoria, Increased senses, Empathy, Nausea, Vomiting",MDMA,,51.9281,1.2404875
W102902,2026-07-16,PE12,MDMA,cola MDMA,Brown,Solid,Not stated,"Not stated,  ",MDMA,,52.72537105263158,-0.0104657894736842
W103118,2026-07-20,W5,MDMA,MDMA,Orange,Crystalline,Not stated,"Not stated,  ",MDMA,,51.516333333333336,-0.2851888888888889
W102987,2026-07-20,BN1,MDMA,MDMA,Yellow,Tablet,Not stated,"Not stated,  ",MDMA,,50.8614,-0.1204166666666666
W102919,2026-07-20,BD21,MDMA,Not stated,White,Powder,Not stated,"Not stated,  ",Ketamine,,53.8611,-1.91155
W102825,2026-07-20,CH15,MDMA,MDMA,Brown,Crystalline,Not stated,"Not stated,  ",MDMA,,53.2239,-2.9434428571428577
W103025,2026-07-20,E3,Ecstacy,Ecstacy,Pink,Tablet,Oral,"Euphoria, Increased energy, Increased confidence, Increased senses, Increased stamina, Increased libido, Empathy",MDMA,,51.527657142857144,-0.0265714285714285
W103053,2026-07-20,TQ7,MDMA,Not stated,White,Granules,Not stated,"Not stated,  ",Cocaine,,50.2787347826087,-3.7901217391304343
000235874,2026-07-23,CF10,Ecstacy,Peppa Pig,Blue,Tablet,Not stated,"Not stated,  ",MDMA,,51.48,-3.18
W103213,2026-07-23,SW24,Ecstacy pills,Happy Feet Penguin,Pink,Tablet,Not stated,"Not stated,  ",MDMA,,51.4548,-0.1158
W103261,2026-07-23,WV1,Ecstacy,AMG XTC,Pink,Tablet,Not stated,"Not stated,  ",MDMA,,52.58135,-2.11545
W103585,2026-07-29,E7,MDMA,Not stated,Orange,Powder,Not stated,"Not stated,  ",MDMA,,51.5481,0.026475
W103301,2026-07-29,B5,Ecstacy,250mg Ecstacy (green rolex),Green,Tablet,Not stated,"Not stated,  ",MDMA,,52.4814,-1.8998
W103563,2026-07-29,BD13,MDMA,MDMA,White,Crystalline,Not stated,"Not stated,  ",MDMA,,53.794079999999994,-1.88974
W102781,2026-07-29,EH9,Ecstacy,Not stated,Blue,Tablet,Not stated,"Not stated,  ",MDMA,,55.9521,-3.1965
W103499,2026-07-29,GU8,Ecstacy,Not stated,Blue,Tablet,Not stated,"Not stated,  ",MDMA,,51.165735,-0.6563749999999999
W103511,2026-07-29,W5,MDMA,Not stated,Brown,Crystalline,Not stated,"Not stated,  ",MDMA,Methamphetamine,51.516333333333336,-0.2851888888888889
W103510,2026-07-29,W5,Ecstacy,Not stated,Green,Tablet,Not stated,"Not stated,  ",MDMA,,51.516333333333336,-0.2851888888888889
W103446,2026-07-29,E9,MDMA,Not stated,White,Crystalline,Not stated,"Not stated,  ",MDMA,,51.5394,-0.0414
W103464,2026-07-29,TR16,MDMA,Not stated,Brown,Crystalline,Oral,"Euphoria, Increased energy, Increased confidence, Increased senses, Increased stamina, Empathy, Nosebleeds, Nausea, Vomiting, Insomnia",MDMA,,50.24101666666667,-5.224033333333334
W103480,2026-07-29,TR16,MDMA,Not stated,Brown,Crystalline,Oral,"Euphoria, Increased energy, Increased confidence, Increased senses, Increased stamina, Empathy, Irregular heartbeat, Memory loss, Confusion, Insomnia",MDMA,,50.24101666666667,-5.224033333333334
W103591,2026-07-30,BH12,MDMA,Not stated,Brown,Crystalline,Not stated,"Not stated,  ",2-Methylmethcathinone (2-MMC),,50.73853333333333,-1.9198333333333333
W103620,2026-07-30,N1,MDMA,MDMA,Colourless,Crystalline,Not stated,"Not stated,  ",MDMA,,51.53669,-0.0944
W103572,2026-07-30,BD10,MDMA,Not stated,Colourless,Crystalline,Not stated,"Not stated,  ",2-Methylmethcathinone (2-MMC),,53.8328,-1.7255
W103623,2026-07-31,TQ12,MDMA,MDMA,Colourless,Crystalline,Not stated,"Not stated,  ",MDMA,,50.526051851851854,-3.6118259259259258
W103293,2026-07-31,WV1,Ecstacy,8 ball,Pink,Tablet,Not stated,"Not stated,  ",MDMA,,52.58135,-2.11545
W103609,2026-07-31,CF23,MDMA,Not stated,Blue,Tablet,Oral,"Euphoria, Increased energy, Increased confidence, Increased senses, Chest pains, Vomiting","Caffeine, MDMA",,51.5144,-3.1545
W103745,2026-08-11,PE4,MDMA,MDMA PILL,Blue,Tablet,Not stated,"Not stated,  ",2C-B,2C-H,52.607,-0.2694999999999999
W103787,2026-08-11,OX28,MDMA,Not stated,Yellow,Tablet,Not stated,"Not stated,  ",MDMA,,51.7836,-1.4854
W103812,2026-08-11,E11,Ecstacy,Not stated,Brown,Tablet,Not stated,"Not stated,  ",MDMA,Caffeine,51.57656666666667,0.0171666666666666
W103810,2026-08-11,LE1,Ecstacy/MDMA,Not stated,Yellow,Tablet,Not stated,"Not stated,  ",MDMA,,52.6386,-1.1317
W103733,2026-08-11,PL4,MDMA Crystal,Not stated,Brown,Crystalline,Not stated,"Not stated,  ",MDMA,,50.3715,-4.143
W103731,2026-08-11,PL4,MDMA pill,Not stated,Purple,Powder,Not stated,"Not stated,  ",MDMA,Cocaine,50.3715,-4.143
W103774,2026-08-11,SE5,Ecstacy,250mg,Green,Tablet,Not stated,"Not stated,  ",MDMA,,51.474575,-0.090125
W103854,2026-08-11,BH21,Ecstasy (XTC) (MDMA),250mg XTC -LV presses dutch import,Pink,Tablet,Oral,"Euphoria, Increased energy, Increased confidence, Empathy, Visual hallucinations, Relaxed, Memory loss, Insomnia",MDMA,,50.83123846153846,-1.9751820512820513
W103708,2026-08-11,PE4,MDMA,MDMA pill,Orange,Tablet,Not stated,"Not stated,  ",2C-B,,52.607,-0.2694999999999999
000239445,2026-08-11,NP20,MDMA,Not stated,White,Crystalline,Not stated,"Not stated,  ",MDMA,,51.5877,-2.9984
W103742,2026-08-11,W2,MDMA,Not stated,Orange,Tablet,Oral,Increased senses,MDMA,,51.51413636363636,-0.1886454545454545
W103739,2026-08-11,SY1,Ecstacy,hermes,Red,Tablet,Oral,"Euphoria, Increased energy, Increased confidence, Increased senses, Increased stamina",MDMA,,52.71675,-2.7468
W103378,2026-08-11,EN3,MDMA,hermes,Yellow,Tablet,Not stated,"Not stated,  ",MDMA,,51.6445,-0.0465
W103380,2026-08-11,EN3,MDMA,Not stated,White,Crystalline,Not stated,"Not stated,  ","Caffeine, MDMA",,51.6445,-0.0465
W103709,2026-08-11,HR40,MDMA,Not stated,Brown,Granules,Not stated,"Not stated,  ",MDMA,,52.10106744186046,-2.8000232558139535
W075760,2026-08-11,NE29,MDMA,MDMA Platenom champion,Yellow,Crystalline,Not stated,"Not stated,  ",MDMA,,55.0165,-1.4493
W103934,2026-08-13,LS29,MDMA,Not stated,Colourless,Crystalline,Not stated,"Not stated,  ",MDMA,,53.91628571428571,-1.7955571428571429
W103989,2026-08-13,NE61,MDMA,Not stated,Colourless,Crystalline,Not stated,"Not stated,  ",MDMA,,55.165690000000005,-1.7111625
W104131,2026-08-14,L17,MDMA,Not stated,White,Powder,Not stated,"Not stated,  ",MDMA,,53.3653,-2.9178
W103829,2026-08-14,BS5,MDMA 350mg tablet,Not stated,Pink,Tablet,Not stated,"Not stated,  ","Caffeine, MDMA",,51.462,-2.5519
W103991,2026-08-14,SE13,MDMA,Not stated,Colourless,Crystalline,Not stated,"Not stated,  ",MDMA,,51.4643,-0.0119
W104012,2026-08-14,CF45,MDMA/ecstasy,Ecstasy,Grey,Tablet,Not stated,"Not stated,  ",MDMA,,51.66452,-3.3537
W103907,2026-08-14,SY1,MDMA,MD,Brown,Crystalline,Snort / Sniff,"Euphoria, Increased energy, Increased confidence, Increased senses",MDMA,,52.71675,-2.7468
W104039,2026-08-14,BS1,MDMA,MDMA,White,Crystalline,Not stated,"Not stated,  ",Ketamine,,51.4552,-2.5966
W104138,2026-08-14,PL13,MDMA,Not stated,Red,Tablet,Oral,"Euphoria, Increased energy",MDMA,,50.36005,-4.514007142857143
W103990,2026-08-14,SE13,MDMA pill,Not stated,Green,Tablet,Not stated,"Not stated,  ",MDMA,,51.4643,-0.0119
