,date_received,postcode,intent,label,colour,form,consumption_method,effects,major,minor,latitude,longitude
W044830,2024-01-04,G72,Cocaine,Not Stated,White,Powder,Not Stated,Not Stated,"Cocaine, Levamisole","Norcocaine, Procaine",55.80098,-4.12986
W044825,2024-01-04,G72,Cocaine,Not Stated,White,Powder,Not Stated,Not Stated,"Cocaine, Levamisole","Procaine, Norcocaine",55.80098,-4.12986
W044822,2024-01-04,G72,Cocaine,Not Stated,White,Powder,Not Stated,Not Stated,Cocaine,,55.80098,-4.12986
W044833,2024-01-04,DY10,Cocaine,Cocaine,White,Powder,Not Stated,Not Stated,Cocaine,Norcocaine,52.3848,-2.212788888888889
W045030,2024-01-04,PO77,Cocaine,Cocaine,White,Powder,Not Stated,Not Stated,Cocaine,,50.8953875,-1.0532125
W044826,2024-01-04,G72,Cocaine,Not Stated,White,Powder,Not Stated,Not Stated,"Cocaine, Levamisole",Procaine,55.80098,-4.12986
W044828,2024-01-04,G72,Cocaine,Not Stated,White,Powder,Not Stated,Not Stated,"Cocaine, Levamisole",Procaine,55.80098,-4.12986
W044765,2024-01-04,CF10,Crack,Not Stated,Colourless,Solid,Not Stated,Not Stated,Cocaine,,51.48,-3.18
100002911,2024-01-04,G51,Crack Cocaine,Not Stated,White,Crystalline,Smoked,"Increased Stamina, Irregular Heartbeat, Memory Loss","Cocaine, Phenacetin",,55.8633,-4.3124
W044823,2024-01-04,G72,Cocaine,Not Stated,White,Powder,Not Stated,Not Stated,Cocaine,,55.80098,-4.12986
W045103,2024-01-10,DY10,Cocaine,Not Stated,White,Powder,Not Stated,Not Stated,Cocaine,,52.3848,-2.212788888888889
W045063,2024-01-10,DY10,Cocaine,Not Stated,White,Powder,Not Stated,Not Stated,Cocaine,Norcocaine,52.3848,-2.212788888888889
W045077,2024-01-10,E14,Cocaine,Not Stated,White,Powder,Snort / Sniff,"Euphoria, Increased Energy, Increased Confidence, Enhanced Senses, Increased Stamina, Increased Libido, Nosebleeds, Agitation",Cocaine,,51.50563529411765,-0.0187647058823529
W047502,2024-01-11,SW3,Cocaine,Cocaine,White,Powder,Not Stated,Not Stated,Cocaine,Norcocaine,51.487975000000006,-0.165875
W047416,2024-01-11,M12,Cocaine,Tokyo,White,Powder,Snort / Sniff,"Increased Energy, Increased Confidence, Enhanced Senses, Insomnia",Cocaine,Norcocaine,53.4442,-2.1916
W047402,2024-01-11,CB22,Cocaine,Cocaine,White,Powder,Not Stated,Not Stated,Cocaine,,52.13283157894737,0.1341894736842105
W047509,2024-01-15,AL60,Cocaine,Dutch,White,Powder,Not Stated,Not Stated,Cocaine,Norcocaine,51.82568571428571,-0.2136714285714285
W047527,2024-01-15,BS5,Cocaine,Not Stated,White,Powder,Not Stated,Not Stated,"Cocaine, Promethazine",,51.462,-2.5519
W047522,2024-01-15,RG12,Cocaine,Bike,White,Powder,Snort / Sniff,"Euphoria, Increased Energy, Increased Confidence",Cocaine,Norcocaine,51.4007,-0.7635
W047578,2024-01-16,MK45,Cocaine,cocaine,White,Powder,Not Stated,Not Stated,Cocaine,,52.02854090909091,-0.4638772727272727
W047507,2024-01-18,ST13,Coke,Not Stated,White,Powder,Snort / Sniff,"Euphoria, Increased Energy, Increased Strength, Irregular Heartbeat, Array, Confusion",Cocaine,,53.10931428571429,-1.9896
W047580,2024-01-18,CH3,Cocaine nasal spray,Cocaine nasal spray,Yellow,Liquid,Not Stated,Not Stated,"Cocaine, Levamisole",,53.154448571428574,-2.80734
W047654,2024-01-18,DY10,Cocaine,Vevo bolivian,White,Powder,Not Stated,Not Stated,Cocaine,,52.3848,-2.212788888888889
W047713,2024-01-23,LN4,Cocaine,Not Stated,White,Powder,Snort / Sniff,"Euphoria, Increased Confidence, Enhanced Senses, Breathlesness, Chest Pains, Irregular Heartbeat, Nosebleeds, Nausea, Paranoia, Panic Attack, Loss of consciousness, Agitation, Insomnia, Depression",Cocaine,,53.12072222222222,-0.3503583333333333
W047732,2024-01-23,DY10,Cocaine,Cocaine,White,Powder,Not Stated,Not Stated,Cocaine,Ketamine,52.3848,-2.212788888888889
W047731,2024-01-23,DY10,Washed cocaine,Premium double washed,White,Powder,Not Stated,Not Stated,Cocaine,,52.3848,-2.212788888888889
W047740,2024-01-23,SW18,Cocaine,Vi,White,Powder,Not Stated,Not Stated,Cocaine,,51.4489,-0.1971
W047747,2024-01-23,SW3,Cocaine,Cocaine,White,Powder,Not Stated,Not Stated,Cocaine,,51.487975000000006,-0.165875
W047706,2024-01-24,N5,Cocaine,Not Stated,White,Powder,Snort / Sniff,"Euphoria, Increased Energy, Increased Confidence, Enhanced Senses, Increased Libido, Nausea",Cocaine,,51.55,-0.1
W047614,2024-01-24,NN1,Cocaine,Not Stated,White,Powder,Snort / Sniff,"Euphoria, Increased Energy, Increased Confidence, Paranoia",Cocaine,,52.25,-0.8833
W047770,2024-01-24,EH20,Cocaine,Not Stated,White,Powder,Not Stated,Not Stated,Cocaine,Norcocaine,55.879000000000005,-3.1578999999999997
W047772,2024-01-24,DY10,Cocaine,Flurry batch,White,Powder,Not Stated,Not Stated,Cocaine,,52.3848,-2.212788888888889
W047809,2024-01-24,SP8,Cocaine,Not Stated,White,Powder,Not Stated,Not Stated,Cocaine,,51.02831333333334,-2.308673333333333
W047865,2024-01-24,L10,Cocaine,Not Stated,White,Powder,Snort / Sniff,"Increased Energy, Enhanced Senses, Increased Libido, Chest Pains, Irregular Heartbeat, Nosebleeds, Insomnia","Cocaine, Benzocaine","Norcocaine, Benzoylecgonine",53.4754,-2.952
W047782,2024-01-24,DY10,Cocaine,Not Stated,"White, White",Powder,Not Stated,Not Stated,Cocaine,,52.3848,-2.212788888888889
000042755,2024-01-25,CF11,Heroin+crack,Not Stated,Brown,Solid,Not Stated,Not Stated,"Heroin, Noscapine, Cocaine","Phenacetin, Papaverine",51.48,-3.18
W047946,2024-01-26,HR1,Cocaine ,Cocaine,White,Plant Matter,Not Stated,Not Stated,Memantine,,52.08174186046512,-2.612990697674419
W047774,2024-01-26,G20,Cocaine,Not Stated,White,Powder,Not Stated,Not Stated,"Cocaine, Levamisole",Norcocaine,55.8906,-4.2904
W047924,2024-01-26,SO45,cocaine,Cocaine,White,Powder,Not Stated,Not Stated,Cocaine,,50.82128181818182,-1.377381818181818
W048035,2024-01-30,PL2,Cocaine,Cocaine,White,Powder,Not Stated,Not Stated,Cocaine,,50.3715,-4.143
W047995,2024-01-30,WV4,Cocaine,Hamsa,White,Powder,Not Stated,Not Stated,Cocaine,"Levamisole, Procaine",52.5617,-2.1607333333333334
W047638,2024-01-30,EH,Cocaine,Not Stated,"White, Grey",Crystalline,Array,"Euphoria, Chest Pains",Cocaine,Paracetamol,,
W047992,2024-01-30,HR3,Cocaine,Not Stated,White,Powder,Not Stated,Not Stated,Cocaine,,52.08754242424242,-3.049269696969697
W048004,2024-01-30,L10,Cocaine,Not Stated,White,Powder,Snort / Sniff,"Increased Energy, Increased Confidence, Enhanced Senses, Increased Stamina, Increased Libido, Increased Strength",Cocaine,Benzocaine,53.4754,-2.952
W048064,2024-01-31,EH14,Cocaine,Not Stated,White,Powder,Snort / Sniff,"Euphoria, Increased Energy, Increased Confidence, Enhanced Senses, Increased Stamina, Increased Strength, Breathlesness, Chest Pains, Paranoia, Agitation, Insomnia",Cocaine,,55.894733333333335,-3.3110166666666667
W048042,2024-01-31,RG12,Cocaine,8Ball,White,Powder,Not Stated,Not Stated,Cocaine,,51.4007,-0.7635
W048041,2024-01-31,RG12,Cocaine,WMF4L,White,Powder,Snort / Sniff,"Euphoria, Increased Energy, Enhanced Senses, Increased Confidence, Empathy, Insomnia",Cocaine,,51.4007,-0.7635
000042756,2024-01-31,CF11,Crack cocaine,Not Stated,White,Granules,Smoked,Not Stated,Cocaine,,51.48,-3.18
W048105,2024-02-02,IP3,Cocaine,Not Stated,White,Powder,Snort / Sniff,"Euphoria, Increased Energy, Increased Confidence, Enhanced Senses",Cocaine,,52.0417,1.1866
W048104,2024-02-02,BA11,Cocaine,Not Stated,White,Granules,Snort / Sniff,"Euphoria, Breathlesness, Chest Pains, Insomnia, Depression",Cocaine,,51.216945,-2.351325
W047779,2024-02-02,BT47,Cocaine,Not Stated,White,Powder,Not Stated,Not Stated,Cocaine,Levamisole,54.94983333333333,-7.084177777777778
W048012,2024-02-02,NW1,Cocaine,Cocaine,White,Powder,Not Stated,Not Stated,Cocaine,Norcocaine,51.52988181818182,-0.1471818181818182
W048103,2024-02-02,IP3,Cocaine,Bally,White,Powder,Snort / Sniff,"Euphoria, Increased Energy, Increased Confidence, Enhanced Senses, Chest Pains, Irregular Heartbeat, Memory Loss, Insomnia, Depression",Cocaine,,52.0417,1.1866
W048184,2024-02-05,HR4,Cocaine,Not Stated,White,Powder,Not Stated,Not Stated,Cocaine,,52.10106744186046,-2.8000232558139535
W048174,2024-02-05,SW3,Cocaine,TXL,White,Powder,Not Stated,Not Stated,Cocaine,"MDMA, Norcocaine",51.487975000000006,-0.165875
W048090,2024-02-05,NR6,Cocaine,Cocaine,White,Powder,Snort / Sniff,"Euphoria, Increased Confidence, Enhanced Senses","Cocaine, Levamisole",Norcocaine,52.66225,1.27955
W048139,2024-02-05,HS1,Cocaine,Not Stated,White,Powder,Array,"Euphoria, Increased Energy, Increased Confidence, Increased Stamina, Increased Libido, Empathy, Relaxed, Irregular Heartbeat",Cocaine,,58.211675,-6.382675
W048062,2024-02-05,EC1,Cocaine,Not Stated,White,Powder,Not Stated,Not Stated,Cocaine,,51.52320909090909,-0.1055181818181818
W048276,2024-02-09,IV8,Cocaine,pink washed cocaine,Pink,Powder,Snort / Sniff,"Euphoria, Increased Energy, Increased Confidence, Increased Libido","Cocaine, Levamisole",Norcocaine,57.5504,-4.26644
000043588,2024-02-09,NP8,cocaine,Not Stated,White,Powder,Not Stated,Not Stated,Cocaine,Norcocaine,51.858925,-3.1328333333333336
W048242,2024-02-09,CF40,cocaine,Not Stated,White,Granules,Snort / Sniff,"Auditory Hallucinations, Visual Hallucinations, Breathlesness, Paranoia, Memory Loss, Confusion, Loss of consciousness, Depression",Cocaine,Phenacetin,51.627316666666665,-3.461883333333333
W048293,2024-02-09,BS5,Cocaine,Not Stated,White,Powder,Snort / Sniff,"Increased Energy, Increased Confidence, Enhanced Senses, Empathy, Insomnia",Cocaine,Norcocaine,51.462,-2.5519
W048294,2024-02-09,BS5,Cocaine,Flurry,White,Powder,Snort / Sniff,"Increased Energy, Increased Confidence, Empathy, Enhanced Senses, Insomnia",Cocaine,Norcocaine,51.462,-2.5519
W048327,2024-02-09,TQ88,Cocaine,Cocaine,White,Powder,Not Stated,Not Stated,Cocaine,,50.23465,-3.76465
W048275,2024-02-09,IV2,Cocaine,Not Stated,White,Powder,Snort / Sniff,"Euphoria, Increased Energy, Increased Confidence, Irregular Heartbeat, Agitation",Cocaine,"Levamisole, Procaine",57.4791,-4.224
W048013,2024-02-13,L9,cocaine,Not Stated,White,Powder,Not Stated,No Effect,Cocaine,"Levamisole, Norcocaine",53.4616,-2.9534
W048351,2024-02-13,E14,Cocaine,Not Stated,White,Powder,Not Stated,Not Stated,Cocaine,Procaine,51.50563529411765,-0.0187647058823529
W047674,2024-02-13,B78,Cocaine,peruvian cocaine,White,Powder,Not Stated,Not Stated,Cocaine,,52.60483333333334,-1.6935888888888888
W048394,2024-02-13,DY10,Cocaine,Not Stated,White,Powder,Not Stated,Not Stated,Cocaine,,52.3848,-2.212788888888889
W048050,2024-02-13,L10,Cocaine,Not Stated,White,Powder,Not Stated,"Increased Confidence, Enhanced Senses, Increased Strength, Empathy",Cocaine,"Benzocaine, Norcocaine",53.4754,-2.952
W048334,2024-02-13,G12,Cocaine,Not Stated,White,Powder,Not Stated,Not Stated,Cocaine,,55.8804,-4.3007
W048410,2024-02-13,HA8,Cocaine,Not Stated,White,Crystalline,Snort / Sniff,"Euphoria, Increased Libido",Cocaine,,51.60745,-0.2709
W048484,2024-02-15,IG10,Cocaine,Raywhye-pitbull stramo,White,Powder,Not Stated,Not Stated,Cocaine,Norcocaine,51.646,0.0538
W048445,2024-02-15,IG10,Cocaine,Veuve-Kawasaki,White,Powder,Not Stated,Not Stated,Cocaine,Norcocaine,51.646,0.0538
W048446,2024-02-15,IG10,Cocaine,Ace batch vanilla Uk ,White,Powder,Not Stated,Not Stated,Cocaine,Benzoylecgonine,51.646,0.0538
W048537,2024-02-15,FK8,Cocaine,Not Stated,White,Powder,Not Stated,Not Stated,Cocaine,,56.12892702702703,-4.228913513513514
W048447,2024-02-15,DY10,Cocaine,NDS85,White,Powder,Not Stated,Not Stated,Cocaine,Norcocaine,52.3848,-2.212788888888889
W048393,2024-02-15,DY10,Cocaine,Nextgen cocaine,White,Powder,Not Stated,Not Stated,Cocaine,"Norcocaine, Levamisole",52.3848,-2.212788888888889
W048449,2024-02-16,HR3,Cocaine,SW-ACE,White,Powder,Not Stated,Not Stated,Cocaine,Norcocaine,52.08754242424242,-3.049269696969697
W048562,2024-02-19,WR9,Cocaine,Not Stated,White,Powder,Not Stated,Not Stated,Cocaine,,52.26260476190476,-2.1635809523809524
W048551,2024-02-19,G42,Cocaine,Not Stated,White,Granules,Not Stated,Not Stated,Cocaine,Norcocaine,55.8322,-4.2576
W038657,2024-02-19,DL1,Cocaine,Not Stated,White,Powder,Not Stated,Not Stated,Cocaine,,54.55433333333334,-1.5298166666666664
W048532,2024-02-19,HR3,Cocaine,Not Stated,White,Powder,Not Stated,Not Stated,Cocaine,Norcocaine,52.08754242424242,-3.049269696969697
W048282,2024-02-20,EC1,Cocaine,Not Stated,White,Powder,Not Stated,Not Stated,Cocaine,,51.52320909090909,-0.1055181818181818
000231719,2024-02-20,CF10,Crack,Not Stated,White,Crystalline,Not Stated,Not Stated,Cocaine,,51.48,-3.18
W048786,2024-02-27,M32,Cocaine,Not Stated,White,Powder,Not Stated,Not Stated,Cocaine,MDMA,53.45,-2.3167
W048648,2024-02-27,SE16,Cocaine,Cocaine,White,Powder,Snort / Sniff,"Euphoria, Increased Energy, Increased Confidence",Cocaine,,51.49742,-0.0528
W048629,2024-02-27,GL54,Cocaine,Not Stated,White,Powder,Snort / Sniff,"Euphoria, Increased Energy, Increased Confidence",Cocaine,Norcocaine,51.88724642857143,-1.8609214285714288
W048748,2024-02-27,HR3,Cocaine,Not Stated,White,Powder,Not Stated,Not Stated,Cocaine,,52.08754242424242,-3.049269696969697
W048742,2024-02-27,IV12,Cocaine,Not Stated,White,Powder,Not Stated,Not Stated,Cocaine,,57.50361176470589,-3.882617647058824
W048763,2024-02-27,BT34,Cocaine,Cocaine,White,Powder,Not Stated,Not Stated,Unable to identify,,54.146416666666674,-6.121124999999999
W048679,2024-02-27,SA1,Cocaine,Cocaine,White,Powder,Not Stated,Not Stated,Cocaine,,51.633979999999994,-3.94848
W048618,2024-02-27,SY6,Cocaine,Not Stated,White,Powder,Not Stated,Not Stated,Cocaine,Norcocaine,52.53828461538462,-2.7839846153846155
W048630,2024-02-27,GL54,Cocaine,Not Stated,White,Powder,Snort / Sniff,"Euphoria, Increased Energy, Increased Confidence","Cocaine, Levamisole",Procaine,51.88724642857143,-1.8609214285714288
W048631,2024-02-27,GL54,Cocaine,Not Stated,White,Powder,Snort / Sniff,"Euphoria, Increased Energy, Increased Confidence",Cocaine,"Levamisole, Procaine",51.88724642857143,-1.8609214285714288
W048724,2024-02-27,DY10,Cocaine,Not Stated,White,Powder,Not Stated,Not Stated,Cocaine,,52.3848,-2.212788888888889
W048807,2024-02-27,BT49,Cocaine,Cocaine,White,Powder,Not Stated,Not Stated,Cocaine,,55.04735,-6.9846
W048758,2024-02-27,NP13,Cocaine,Not Stated,White,Powder,Not Stated,Not Stated,3-Methylmethcathinone,,51.7298,-3.1343
W048830,2024-02-27,MK11,Cocaine,Cocaine,White,Powder,Snort / Sniff,"Euphoria, Increased Energy, Increased Confidence, Enhanced Senses, Increased Stamina, Empathy, Depression",Cocaine,,52.0568,-0.8528
W048768,2024-02-27,SE13,Cocaine,Not Stated,White,Powder,Not Stated,Not Stated,Cocaine,Levamisole,51.4643,-0.0119
W048737,2024-02-27,G12,Cocaine,Superstar Coke,White,Powder,Not Stated,Not Stated,Cocaine,,55.8804,-4.3007
W048744,2024-02-27,LE11,Cocaine,Not Stated,White,Powder,Not Stated,Not Stated,Melatonin,,52.76669999999999,-1.2
W048790,2024-02-27,BS5,Cocaine,Not Stated,White,Powder,Snort / Sniff,"Euphoria, Increased Energy, Empathy, Insomnia",Cocaine,,51.462,-2.5519
W048899,2024-02-29,SY23,Coke found,Not Stated,White,Powder,Not Stated,Not Stated,"Amphetamine, Caffeine",,52.34458541666667,-3.9885
W048926,2024-02-29,CF24,Cocaine,Not Stated,"White, White",Powder,Not Stated,Not Stated,Sertraline,,51.48,-3.18
W048927,2024-02-29,CF24,Cocaine,Not Stated,,Powder,Not Stated,Not Stated,Cocaine,"Benzoylecgonine, Ecgonine methyl ester",51.48,-3.18
W048967,2024-02-29,SE7,Cocaine,Cocaine,White,Powder,Not Stated,Not Stated,"Cocaine, Phenacetin",,51.4842,0.0339
W049033,2024-03-04,L15,Cocaine,Cocaine,White,Powder,Snort / Sniff,"Euphoria, Increased Energy, Increased Confidence, Irregular Heartbeat, Paranoia, Confusion",Cocaine,"Phenacetin, Levamisole, Procaine, Norcocaine",53.3975,-2.9206
W048987,2024-03-04,RG12,Cocaine,Not Stated,White,Powder,Snort / Sniff,"Euphoria, Increased Energy, Enhanced Senses, Empathy, Agitation, Insomnia",Cocaine,Norcocaine,51.4007,-0.7635
W053661,2024-03-07,SO51,Cocaine,TMM cocaine,White,Powder,Not Stated,Not Stated,Cocaine,,51.01539047619048,-1.494095238095238
W053664,2024-03-07,FK10,Cocaine,Not Stated,White,Powder,"Smoked, Snort / Sniff","Euphoria, Increased Energy, Increased Confidence, Increased Stamina","Cocaine, Phenacetin",,56.10687777777778,-3.7534
W053452,2024-03-07,RG12,Cocaine,YAZ,White,Powder,Snort / Sniff,"Euphoria, Increased Energy, Increased Confidence, Increased Strength, Nosebleeds, Insomnia",Cocaine,Phenacetin,51.4007,-0.7635
W053589,2024-03-07,G12,Cocaine,Flamingo,White,Powder,Not Stated,Not Stated,"Cocaine, Phenacetin",,55.8804,-4.3007
W049080,2024-03-07,LE19,Cocaine,Not Stated,White,Powder,Not Stated,Not Stated,Cocaine,Norcocaine,52.5846,-1.2053
W049004,2024-03-07,LE19,Cocaine,Not Stated,White,Powder,Snort / Sniff,"Increased Energy, Chest Pains, Irregular Heartbeat, Nausea, Paranoia, Memory Loss, Panic Attack",Cocaine,Norcocaine,52.5846,-1.2053
W049180,2024-03-07,GL5,Cocaine,Not Stated,White,Powder,Snort / Sniff,"Euphoria, Increased Energy, Increased Confidence, Enhanced Senses",Cocaine,Phenacetin,51.7366,-2.21976
W049104,2024-03-07,EH12,Cocaine,Not Stated,White,Powder,Snort / Sniff,"Increased Energy, Relaxed, Agitation",Cocaine,,55.9429,-3.285
W049099,2024-03-07,KT12,Cocaine,Not Stated,White,Powder,Snort / Sniff,"Euphoria, Increased Energy, Increased Confidence, Increased Libido",Cocaine,"Phenacetin, Procaine, Levamisole",51.3765,-0.4111
W049095,2024-03-07,N16,Cocaine,Not Stated,Yellow,Powder,Not Stated,Not Stated,Cocaine,,51.5625,-0.074
W049066,2024-03-12,HA1,Cocaine,Not Stated,White,Powder,Snort / Sniff,Increased Energy,Cocaine,,51.5774,-0.33615
W049315,2024-03-12,TF2,Cocaine,Cocaine,White,Powder,Not Stated,Not Stated,"Cocaine, Procaine",Levamisole,52.704975,-2.449375
W048955,2024-03-12,BR6,Cocaine,MSW Blue,White,Powder,Snort / Sniff,"Increased Energy, Increased Confidence, Chest Pains, Irregular Heartbeat",Cocaine,,51.362210000000005,0.09043
W049354,2024-03-12,WC1H,Cocaine,South american cocaine,White,Powder,Not Stated,Not Stated,Cocaine,"Procaine, Levamisole, Caffeine",51.5085,-0.1257
W049365,2024-03-12,BS15,Cocaine,Not Stated,White,Powder,Not Stated,Not Stated,Cocaine,,51.4528,-2.5083
W049194,2024-03-12,WR3,crack,Not Stated,White,Crystalline,Smoked,Chest Pains,Cocaine,,52.2304,-2.1928
W049198,2024-03-12,G15,Cocaine,Not Stated,White,Powder,Not Stated,Not Stated,Cocaine,Norcocaine,55.9102,-4.3733
W048956,2024-03-12,BR6,Cocaine,Not Stated,White,Powder,Snort / Sniff,"Increased Energy, Increased Confidence, Chest Pains, Irregular Heartbeat",Cocaine,,51.362210000000005,0.09043
W049301,2024-03-12,SE13,Cocaine,Cocaine,White,Powder,Not Stated,Not Stated,"Cocaine, Norcocaine",,51.4643,-0.0119
W049181,2024-03-12,GL54,Cocaine,Not Stated,White,Powder,Snort / Sniff,"Increased Energy, Increased Confidence, Increased Stamina, Chest Pains, Agitation","Cocaine, Phenacetin",,51.88724642857143,-1.8609214285714288
W049441,2024-03-15,PO77,Cocaine,Cocaine,White,Powder,Not Stated,Not Stated,Cocaine,"Procaine, Norcocaine",50.8953875,-1.0532125
W049297,2024-03-15,EC3,Cocaine,KTM brick,White,Powder,Not Stated,Not Stated,Cocaine,"Procaine, Norcocaine",51.5085,-0.1257
000034029,2024-03-15,CF14,Cocaine,Not Stated,"White, White",Crystalline,Not Stated,Not Stated,Cocaine,,51.5199,-3.204
W049467,2024-03-15,BS5,Cocaine,Red bull,White,Powder,Not Stated,Not Stated,Cocaine,"Benzoylecgonine, Norcocaine",51.462,-2.5519
W049377,2024-03-15,NG17,Cocaine,Not Stated,White,Crystalline,Not Stated,Not Stated,Cocaine,Levamisole,53.128366666666665,-1.2676833333333335
000231345,2024-03-15,CF24,Crack cocaine,Not Stated,White,Crystalline,Smoked,"Euphoria, Increased Energy, Increased Confidence, Enhanced Senses, Increased Stamina, Increased Libido, Increased Strength, Breathlesness, Paranoia, Confusion, Panic Attack, Agitation, Violence/Aggression, Insomnia, Depression","Cocaine, Benzoylecgonine, Ecgonine methyl ester",Norcocaine,51.48,-3.18
W049643,2024-03-20,N16,Cocaine,Not Stated,White,Granules,Not Stated,Not Stated,Cocaine,,51.5625,-0.074
W049437,2024-03-20,EH11,Cocaine,Cocaine,"Yellow, Brown",Powder,Array,"Euphoria, Panic Attack, Headache, Seizure",No Active Component Identified,,55.9326,-3.2531
W049585,2024-03-20,GL27,Cocaine,Not Stated,White,Powder,Not Stated,Not Stated,Cocaine,Norcocaine,51.85873125,-2.2777125
W049545,2024-03-20,TW4,Cocaine,KTM,White,Powder,Not Stated,Not Stated,"Cocaine, Procaine",Benzoylecgonine,51.4684,-0.3609
W049652,2024-03-20,G12,Cocaine,OMI Stamp,White,Powder,Not Stated,Not Stated,"Cocaine, Phenacetin",Levamisole,55.8804,-4.3007
W049560,2024-03-20,ST4,Cocaine,Snowfall,White,Powder,Not Stated,Not Stated,Cocaine,Benzoylecgonine,52.99088571428571,-2.1802
W049728,2024-03-25,G73,Pink Cocaine,Not Stated,Pink,Powder,Not Stated,Not Stated,"Ketamine, MDMA","Caffeine, Amphetamine",55.8289,-4.2138
W049721,2024-03-25,CF24,Crack,Not Stated,White,Solid,Not Stated,Not Stated,"Cocaine, Benzoylecgonine, Ecgonine methyl ester",Norcocaine,51.48,-3.18
W049765,2024-03-25,TW13,Cocaine,Not Stated,White,Powder,Snort / Sniff,"Increased Energy, Increased Confidence, Empathy","Cocaine, Levamisole",,51.43975,-0.3985999999999999
W049695,2024-03-25,SW1V,Cocaine,Not Stated,White,Powder,Not Stated,Not Stated,No Active Component Identified,,51.5085,-0.1257
W049813,2024-03-26,SP8,Cocaine,Not Stated,White,Powder,Not Stated,Not Stated,Cocaine,,51.02831333333334,-2.308673333333333
000042758,2024-03-26,CF11,Cocaine,Not Stated,White,Powder,Snort / Sniff,Euphoria,Paracetamol,Cocaine,51.48,-3.18
000042760,2024-03-26,CF11,Cocaine,Not Stated,White,Tablet,Snort / Sniff,"Euphoria, Increased Energy, Increased Confidence",Paracetamol,Cocaine,51.48,-3.18
W049789,2024-03-26,DY10,Cocaine,Not Stated,White,Powder,Not Stated,Not Stated,Cocaine,,52.3848,-2.212788888888889
W049783,2024-03-28,GL3,Cocaine,Cocaine,White,Powder,Not Stated,Not Stated,Cocaine,Norcocaine,51.852,-2.1625750000000004
W049859,2024-03-28,N16,Cocaine,Coke,White,Powder,Not Stated,Not Stated,"Cocaine, Levamisole, Phenacetin",,51.5625,-0.074
W049909,2024-04-02,BH10,Cocaine,peruvian coke,White,Powder,Not Stated,Not Stated,Cocaine,,50.7595,-1.8931
W050080,2024-04-05,SO50,Cocaine,Cocaine,White,Powder,Snort / Sniff,"Euphoria, Increased Energy, Increased Confidence, Enhanced Senses",Cocaine,Procaine,50.9627,-1.3284714285714287
W053270,2024-04-07,TS21,Cocaine,High Times HQ,White,Powder,Not Stated,Not Stated,Cocaine,,54.6124625,-1.4342875
W053273,2024-04-07,TS21,Cocaine,Madmax Bolivian,White,Powder,Not Stated,Not Stated,Cocaine,,54.6124625,-1.4342875
W052742,2024-04-07,SO51,Cocaine,SFGB,White,Powder,Not Stated,Not Stated,Cocaine,,51.01539047619048,-1.494095238095238
W053788,2024-04-07,SW1,Cocaine,Not Stated,White,Powder,Not Stated,Not Stated,Cocaine,Benzoylecgonine,51.495583333333336,-0.1417916666666666
W053493,2024-04-07,EH8,Cocaine,Not Stated,White,Powder,Intravenous,"Euphoria, Increased Energy, Increased Confidence, Enhanced Senses, Increased Stamina, Increased Strength, Empathy, Auditory Hallucinations, Relaxed, Nausea, Confusion, Insomnia","Cocaine, Phenacetin",,55.9489,-3.1632
W053509,2024-04-07,SP8,Cocaine,Not Stated,White,Powder,Not Stated,Not Stated,Cocaine,,51.02831333333334,-2.308673333333333
W053368,2024-04-07,AB51,Crack,Not Stated,White,Solid,Smoked,"Breathlesness, Memory Loss, Confusion, Panic Attack, Loss of consciousness","Cocaine, Phenacetin",Benzoylecgonine,57.276892045454545,-2.442275
W053272,2024-04-07,TS21,Cocaine,Madmax colombian,White,Powder,Not Stated,Not Stated,Cocaine,,54.6124625,-1.4342875
W053323,2024-04-07,SW15,Cocaine,Not Stated,White,Powder,Not Stated,Not Stated,"Cocaine, MDMA",,51.45653333333333,-0.2306
W050150,2024-04-09,BS5,Cocaine,CAT,White,Powder,Snort / Sniff,"Euphoria, Increased Energy, Increased Confidence, Enhanced Senses, Empathy, Insomnia","Cocaine, Procaine",,51.462,-2.5519
W050070,2024-04-09,TA1,Cocaine,Not Stated,White,Powder,Not Stated,Not Stated,Cocaine,Norcocaine,51.009225,-3.1091
W050107,2024-04-09,DY10,Washed cocaine,Acetone Washed Cocaine,White,Powder,Not Stated,Not Stated,Cocaine,Norcocaine,52.3848,-2.212788888888889
W050122,2024-04-09,G12,Cocaine,SW Ace of Spades`,"White, White",Powder,Not Stated,Not Stated,Cocaine,,55.8804,-4.3007
W050081,2024-04-09,SO51,Cocaine,Cocaine,White,Powder,Snort / Sniff,"Euphoria, Increased Energy, Increased Confidence, Enhanced Senses",Cocaine,Procaine,51.01539047619048,-1.494095238095238
W050151,2024-04-09,BS5,Cocaine,M28,White,Powder,Snort / Sniff,"Euphoria, Increased Energy, Empathy, Insomnia",Cocaine,,51.462,-2.5519
W050114,2024-04-09,PO77,Cocaine,Coke,White,Powder,Snort / Sniff,"Euphoria, Increased Energy, Increased Confidence, Increased Libido, Enhanced Senses, Empathy",Cocaine,,50.8953875,-1.0532125
W050066,2024-04-09,TS1,Cocaine,Not Stated,White,Powder,Not Stated,Not Stated,Cocaine,Phenacetin,54.5762,-1.2348
W050124,2024-04-09,G12,Cocaine,G Stamp,White,Powder,Not Stated,Not Stated,Cocaine,Norcocaine,55.8804,-4.3007
W050181,2024-04-09,DH81,Cocaine,Not Stated,White,Powder,Not Stated,Not Stated,"Cocaine, Phenacetin",Norcocaine,54.848482608695655,-1.9295739130434784
W050120,2024-04-09,PR1,Cocaine,Pure colombian cocaine,White,Powder,Snort / Sniff,Not Stated,Cocaine,,53.758225,-2.7229
W050147,2024-04-12,B63,Cocaine,Snow,White,Powder,Not Stated,Not Stated,Cocaine,,52.44826666666666,-2.067133333333333
000232769,2024-04-12,LD2,Cocaine,Not Stated,White,Powder,Not Stated,Not Stated,Cocaine,,52.104838461538456,-3.3634192307692308
W049942,2024-04-12,FK10,Cocaine,Cocaine,White,Powder,Intravenous,"Array, Increased Energy, Increased Confidence",Cocaine,Norcocaine,56.10687777777778,-3.7534
000235012,2024-04-12,CF10,Crack,Not Stated,,Array,Not Stated,Not Stated,Paracetamol,,51.48,-3.18
W050153,2024-04-12,KT12,Cocaine,Not Stated,White,Powder,Snort / Sniff,"Increased Energy, Increased Confidence, Enhanced Senses, Increased Libido, Empathy",Cocaine,"Procaine, Levamisole",51.3765,-0.4111
W050421,2024-04-15,DY10,Cocaine,Washed Cocaine,White,Powder,Not Stated,Not Stated,"Cocaine, Levamisole","Procaine, Norcocaine",52.3848,-2.212788888888889
W050361,2024-04-15,AB22,Cocaine,Cocaine,White,Powder,Snort / Sniff,"Euphoria, Increased Energy, Increased Stamina, Increased Strength",Cocaine,,57.1865,-2.1214
W050221,2024-04-15,SA13,Cocaine,Not Stated,White,Powder,Snort / Sniff,"Nausea, Vomiting, Confusion, Agitation","Cocaine, Procaine",,51.63321111111111,-3.670888888888888
W050419,2024-04-15,L18,Cocaine,Cocaine,White,Powder,Not Stated,Not Stated,Cocaine,,53.3805,-2.9086
W050544,2024-04-18,M35,Cocaine,Not Stated,White,Powder,Snort / Sniff,"Increased Energy, Increased Confidence, Enhanced Senses, Irregular Heartbeat, Agitation",Cocaine,,53.5048,-2.1657
W050453,2024-04-18,HR3,Cocaine,Not Stated,White,Powder,Not Stated,Not Stated,Cocaine,,52.08754242424242,-3.049269696969697
W050552,2024-04-18,N17,Cocaine,Not Stated,White,Powder,Not Stated,Not Stated,Cocaine,,51.59922,-0.07094
W050451,2024-04-18,NW6,Cocaine,Not Stated,White,Powder,Snort / Sniff,"Increased Energy, Chest Pains, Irregular Heartbeat, Panic Attack",Cocaine,Levamisole,51.54194444444445,-0.1931888888888888
W050504,2024-04-18,LE7,Cocaine,Cocaine,White,Powder,Snort / Sniff,"Irregular Heartbeat, Nausea","Cocaine, Levamisole, Tropacocaine",,52.66119,-1.009715
000230482,2024-04-18,NP4,Cocaine,Not Stated,"White, White",Powder,Snort / Sniff,"Chest Pains, Irregular Heartbeat, Memory Loss, Confusion, Panic Attack, Loss of consciousness, Insomnia, Suicidal Ideation, Seizure","Cocaine, Levamisole",,51.718515789473685,-3.030521052631579
W050452,2024-04-18,NW6,Cocaine,Not Stated,White,Powder,Snort / Sniff,"Increased Energy, Chest Pains, Irregular Heartbeat, Panic Attack",Cocaine,,51.54194444444445,-0.1931888888888888
W050545,2024-04-18,M35,Cocaine,Not Stated,White,Powder,Snort / Sniff,"Euphoria, Increased Energy, Increased Confidence, Enhanced Senses, Irregular Heartbeat, Insomnia",Cocaine,Procaine,53.5048,-2.1657
000230481,2024-04-18,NP4,Cocaine,Not Stated,White,Powder,Snort / Sniff,"Array, Irregular Heartbeat, Paranoia, Memory Loss, Confusion, Panic Attack, Loss of consciousness, Insomnia, Seizure",Cocaine,,51.718515789473685,-3.030521052631579
W050521,2024-04-18,TQ97,Cocaine,Not Stated,White,Powder,Not Stated,Not Stated,Cocaine,,50.40683125,-3.696409375
W050543,2024-04-18,M35,Cocaine,Not Stated,White,Powder,Snort / Sniff,"Euphoria, Increased Energy, Increased Confidence, Chest Pains, Nosebleeds",Cocaine,,53.5048,-2.1657
W050476,2024-04-18,GL54,Tucibi/Pink cocaine,Not Stated,Pink,Powder,Oral,"Euphoria, Enhanced Senses, Visual Hallucinations, Nausea","Ketamine, Cocaine, MDMA",Benzoylecgonine,51.88724642857143,-1.8609214285714288
W050635,2024-04-22,NP10,Cocaine,Playboy Stamp,White,Powder,Snort / Sniff,"Euphoria, Increased Energy, Increased Confidence, Increased Stamina, Increased Libido, Empathy",Cocaine,Norcocaine,51.5877,-2.9984
W050523,2024-04-22,BN10,Cocaine,Not Stated,White,Powder,Snort / Sniff,"Euphoria, Increased Confidence, Increased Energy",Cocaine,,50.7927,-0.0065
W050711,2024-04-22,N19,Cocaine,Not Stated,White,Powder,Not Stated,Not Stated,Cocaine,,51.5649,-0.1351
W050503,2024-04-22,G72,Cocaine,Not Stated,White,Powder,Snort / Sniff,Increased Energy,"Cocaine, Phenacetin",,55.80098,-4.12986
W050466,2024-04-22,G12,Cocaine,Taz stamp,White,Powder,Not Stated,Not Stated,Cocaine,,55.8804,-4.3007
W050638,2024-04-22,GL54,Cocaine,Not Stated,White,Powder,Snort / Sniff,"Euphoria, Increased Energy, Increased Confidence, Enhanced Senses, Increased Stamina, Increased Libido",Cocaine,,51.88724642857143,-1.8609214285714288
000235225,2024-04-23,CF72,Cocaine,Not Stated,White,Powder,Snort / Sniff,No Effect,Cocaine,,51.530146153846154,-3.408415384615384
W051118,2024-04-23,SE17,Cocaine,Not Stated,White,Powder,Snort / Sniff,Increased Energy,"Cocaine, Phenacetin",,51.48563333333333,-0.1028333333333333
W051086,2024-04-23,RG12,Cocaine,Cat,White,Powder,Snort / Sniff,"Euphoria, Increased Energy, Increased Confidence, Empathy, Nosebleeds, Insomnia","Cocaine, Procaine",Levamisole,51.4007,-0.7635
W050443,2024-04-25,HS1,Cocaine,Not Stated,,Crystalline,Snort / Sniff,"Euphoria, Increased Energy, Increased Confidence, Enhanced Senses, Empathy, Relaxed",Cocaine,,58.211675,-6.382675
W051131,2024-04-25,SA31,Cocaine,Cocaine,White,Tablet,Not Stated,Not Stated,Cocaine,,51.85391,-4.30209
W051103,2024-04-25,G12,Cocaine,Berkeley stamp,White,Powder,Not Stated,Not Stated,Cocaine,Ketamine,55.8804,-4.3007
W050637,2024-04-25,GL54,Cocaine,Not Stated,White,Powder,Snort / Sniff,"Increased Energy, Increased Stamina, Increased Libido",Cocaine,,51.88724642857143,-1.8609214285714288
W051179,2024-04-25,B63,Cocaine,RW,White,Powder,Not Stated,Not Stated,Cocaine,,52.44826666666666,-2.067133333333333
W051264,2024-04-30,E14,Cocaine,Business case,White,Powder,Snort / Sniff,"Euphoria, Increased Energy, Increased Confidence, Enhanced Senses, Empathy","Cocaine, Ketamine",,51.50563529411765,-0.0187647058823529
W051234,2024-04-30,OX4,Cocaine,Godfather,White,Powder,Snort / Sniff,"Euphoria, Increased Energy, Increased Confidence, Enhanced Senses, Empathy, Insomnia",Cocaine,,51.723725,-1.224375
W050197,2024-04-30,BB2,Cocaine,Not Stated,White,Powder,Snort / Sniff,"Increased Energy, Enhanced Senses, Auditory Hallucinations, Paranoia, Agitation",Cocaine,,53.754714285714286,-2.529357142857143
W051266,2024-04-30,E14,Cocaine,Not Stated,White,Powder,Snort / Sniff,"Increased Energy, Increased Confidence",Cocaine,,51.50563529411765,-0.0187647058823529
W051238,2024-04-30,G12,Cocaine,Gus Stamp,White,Powder,Not Stated,Not Stated,"Cocaine, Procaine",,55.8804,-4.3007
W051235,2024-04-30,OX4,Cocaine,Godfather,White,Powder,Snort / Sniff,"Euphoria, Increased Energy, Insomnia",Cocaine,"Norcocaine, Ketamine",51.723725,-1.224375
W051270,2024-04-30,SO51,Cocaine,Cocaine,White,Powder,Not Stated,Not Stated,Cocaine,"Levamisole, Norcocaine",51.01539047619048,-1.494095238095238
W050082,2024-04-30,SO51,Cocaine,Not Stated,White,Powder,Not Stated,Not Stated,"Cocaine, Procaine",,51.01539047619048,-1.494095238095238
W051410,2024-04-30,DH8,Cocaine,Not Stated,White,Powder,Snort / Sniff,"Euphoria, Increased Energy, Increased Confidence, Relaxed",Cocaine,"Phenacetin, Benzocaine",54.848482608695655,-1.9295739130434784
W051521,2024-05-07,G72,Cocaine,Not Stated,White,Powder,Not Stated,Not Stated,Cocaine,Benzocaine,55.80098,-4.12986
000039605,2024-05-10,CF81,Cocaine,Not Stated,White,Powder,Not Stated,"Euphoria, Increased Confidence, Increased Energy, Increased Stamina, Empathy, Irregular Heartbeat","Cocaine, Phenacetin",,51.710483333333336,-3.265
W051504,2024-05-10,RM10,Pink Cocaine,Not Stated,Pink,Powder,Snort / Sniff,"Euphoria, Increased Confidence, Enhanced Senses, Relaxed, Paranoia, Confusion, Agitation","Ketamine, MDMA",Caffeine,51.55,0.1667
W051486,2024-05-10,BS1,Cocaine,MMM,White,Powder,Snort / Sniff,"Euphoria, Increased Confidence, Increased Energy, Enhanced Senses, Increased Strength",Cocaine,,51.4552,-2.5966
W051485,2024-05-10,BS5,Cocaine,Monkey,White,Powder,Not Stated,"Euphoria, Increased Confidence, Increased Energy, Enhanced Senses, Increased Strength",Cocaine,,51.462,-2.5519
W051503,2024-05-10,RM10,Pink Cocaine,Pink on Steriods ,Pink,Array,Not Stated,"Euphoria, Increased Confidence, Increased Energy, Enhanced Senses, Relaxed, Breathlesness, Nausea, Vomiting, Memory Loss","Ketamine, MDMA",,51.55,0.1667
W051463,2024-05-10,Unknown,Cocaine,Not Stated,White,Powder,Not Stated,"Increased Confidence, Nausea, Paranoia",Cocaine,,,
W057407,2024-05-10,GL54,Cocaine,Napoleons Orordan Coain,White,Powder,Not Stated,Not Stated,Cocaine,,51.88724642857143,-1.8609214285714288
W051406,2024-05-10,SW18,Cocaine,Veuveu,White,Powder,Snort / Sniff,"Increased Energy, Increased Confidence, Enhanced Senses, Increased Stamina, Empathy, Relaxed, Nausea, Memory Loss, Agitation",Cocaine,,51.4489,-0.1971
W051384,2024-05-10,DY10,Cocaine,flurrg 11,White,Powder,Not Stated,Not Stated,"Cocaine, Levamisole",Phenacetin,52.3848,-2.212788888888889
W051481,2024-05-10,K426,Cocaine,Not Stated,White,Array,Not Stated,Not Stated,Cocaine,,,
W051271,2024-05-10,5051,Cocaine,C&amp;V Cocaine,White,Powder,Snort / Sniff,"Increased Energy, Euphoria, Enhanced Senses, Increased Stamina",Cocaine,,,
W051273,2024-05-10,SK5,Cocaine,Not Stated,White,Powder,Array,Not Stated,Cocaine,,53.4418,-2.161
W051635,2024-05-10,SW12,Cocaine,Not Stated,White,Powder,Not Stated,Not Stated,"Cocaine, Levamisole",Norcocaine,51.4469,-0.1384
W051649,2024-05-10,HR3,Cocaine,Not Stated,White,Powder,Not Stated,Not Stated,Cocaine,,52.08754242424242,-3.049269696969697
W051659,2024-05-10,DY10,Cocaine,Not Stated,White,Powder,Not Stated,Not Stated,Cocaine,,52.3848,-2.212788888888889
W051414,2024-05-10,HR3,Cocaine,German White Bolivian,White,Powder,Not Stated,Not Stated,Cocaine,,52.08754242424242,-3.049269696969697
W051769,2024-05-13,B63,Cocaine,Panda,White,Powder,Not Stated,Not Stated,Cocaine,,52.44826666666666,-2.067133333333333
W051914,2024-05-16,M32,Cocaine,Not Stated,White,Powder,Snort / Sniff,"Increased Energy, Enhanced Senses",Cocaine,,53.45,-2.3167
W048657,2024-05-17,EC1,Cocaine,Not Stated,White,Powder,Not Stated,Not Stated,Cocaine,,51.52320909090909,-0.1055181818181818
000042782,2024-05-17,CF14,Cocaine,Cocaine,White,Crystalline,Snort / Sniff,"Relaxed, Nausea, Vomiting",Cocaine,,51.5199,-3.204
W051975,2024-05-17,SY8,COcaine,Pink panther,White,Powder,Not Stated,Not Stated,Cocaine,,52.36667333333334,-2.6940066666666667
W051970,2024-05-17,SW4,Coke,Cocaine,White,Powder,Snort / Sniff,"Euphoria, Increased Energy, Breathlesness, Irregular Heartbeat, Agitation",Cocaine,,51.46758,-0.12912
000037770,2024-05-21,CF39,Crack,Not Stated,,Solid,Not Stated,Not Stated,Cocaine,,51.5988125,-3.447975
W052054,2024-05-21,BN1,Cocaine,Not Stated,White,Powder,Snort / Sniff,"Euphoria, Increased Energy, Increased Confidence, Enhanced Senses, Increased Stamina, Insomnia",Cocaine,,50.8614,-0.1204166666666666
W052077,2024-05-21,NP10,Cocaine,Top brick,White,Powder,Snort / Sniff,"Euphoria, Increased Energy, Increased Confidence, Increased Libido, Insomnia",Cocaine,,51.5877,-2.9984
W052008,2024-05-21,SO51,Cocaine,Cocaine,White,Powder,Snort / Sniff,"Euphoria, Increased Energy, Increased Confidence, Enhanced Senses","Cocaine, Levamisole",,51.01539047619048,-1.494095238095238
W051985,2024-05-21,M35,Cocaine,Washed playboy,White,Powder,Snort / Sniff,"Euphoria, Increased Energy, Increased Confidence, Empathy",Cocaine,,53.5048,-2.1657
000232937,2024-05-24,CF40,Cocaine,Not Stated,"White, White",Powder,Snort / Sniff,"Euphoria, Increased Energy, Increased Confidence",Cocaine,,51.627316666666665,-3.461883333333333
W051563,2024-05-24,SA1,MSJ + crack,Not Stated,"White, Blue",Tablet,Not Stated,Not Stated,Paracetamol,,51.633979999999994,-3.94848
W051979,2024-05-28,M90,cocaine,cocaine,White,Powder,Not Stated,Not Stated,Cocaine,Norcocaine,53.3635,-2.278
W052010,2024-05-28,SO51,Cocaine,ESR Cocaine,White,Powder,Snort / Sniff,"Euphoria, Increased Energy, Increased Confidence, Enhanced Senses",Cocaine,,51.01539047619048,-1.494095238095238
W052238,2024-05-28,BN10,Cocaine,Not Stated,White,Powder,Not Stated,Not Stated,Cocaine,,50.7927,-0.0065
W052322,2024-05-30,TR72,Cocaine,JGL,White,Powder,Not Stated,Not Stated,Cocaine,,50.41865,-5.060475
W052315,2024-05-30,TR72,Cocaine,USA,White,Crystalline,Not Stated,Not Stated,Cocaine,,50.41865,-5.060475
W052308,2024-05-30,TR72,Cocaine,F11,"White, Yellow",Solid,Not Stated,Not Stated,"Cocaine, Levamisole",,50.41865,-5.060475
W052309,2024-05-30,TR72,Cocaine,F112,White,Solid,Not Stated,Not Stated,Cocaine,,50.41865,-5.060475
W052363,2024-05-30,HA29,Cocaine,Not Stated,White,Powder,Not Stated,Not Stated,Cocaine,Norcocaine,51.59148,-0.35392
W052294,2024-05-30,ME8,Cocaine,Not Stated,White,Powder,Snort / Sniff,"Auditory Hallucinations, Visual Hallucinations, Paranoia, Memory Loss, Confusion, Violence/Aggression, Depression, Psychosis","Caffeine, Amphetamine",,51.36225,0.6025
W052395,2024-05-30,BS23,Cocaine,Not Stated,White,Powder,Not Stated,Not Stated,"Cocaine, Procaine, Levamisole",,51.33485,-2.9787
W052320,2024-05-30,TR72,Cocaine,Not Stated,White,Powder,Not Stated,Not Stated,Cocaine,,50.41865,-5.060475
W052175,2024-05-30,G72,Cocaine,Not Stated,"White, White",Powder,Snort / Sniff,"Array, Increased Energy, Increased Confidence, Euphoria, Increased Stamina, Paranoia, Memory Loss, Agitation, Suicidal Ideation",Cocaine,,55.80098,-4.12986
W052344,2024-06-03,NW7,Cocaine,Not Stated,White,Powder,Not Stated,Not Stated,Cocaine,,51.6094,-0.2273
W052413,2024-06-03,RG12,Cocaine,Mike,White,Powder,Snort / Sniff,"Euphoria, Increased Energy, Empathy, Insomnia",Cocaine,,51.4007,-0.7635
W052515,2024-06-04,TS21,Cocaine,Not Stated,White,Powder,Not Stated,Not Stated,Cocaine,,54.6124625,-1.4342875
W052548,2024-06-04,SW18,Cocaine,Esnortior,White,Powder,Not Stated,Not Stated,Cocaine,"Procaine, Phenacetin, Levamisole",51.4489,-0.1971
W052516,2024-06-04,TS21,Cocaine,Not Stated,White,Powder,Not Stated,Not Stated,Cocaine,,54.6124625,-1.4342875
W052653,2024-06-04,NP10,Cocaine,Not Stated,White,Powder,Not Stated,"Euphoria, Increased Energy, Increased Confidence, Increased Stamina, Increased Libido, Relaxed",Cocaine,,51.5877,-2.9984
W052475,2024-06-04,G12,Cocaine,Ace of Diamonds,White,Powder,Not Stated,Not Stated,Cocaine,,55.8804,-4.3007
W052307,2024-06-04,HR3,Cocaine,Not Stated,White,Powder,Not Stated,Not Stated,Cocaine,,52.08754242424242,-3.049269696969697
W052374,2024-06-04,IV12,Cocaine,Not Stated,White,Powder,Not Stated,Not Stated,Cocaine,,57.50361176470589,-3.882617647058824
W052340,2024-06-07,GU27,Cocaine,Not Stated,White,Powder,Not Stated,Not Stated,"Cocaine, Benzocaine",,51.07171,-0.72636
W052687,2024-06-07,OX4,Cocaine,JGL,White,Array,Snort / Sniff,"Euphoria, Increased Energy, Increased Confidence, Enhanced Senses, Increased Strength, Empathy, Insomnia",Cocaine,,51.723725,-1.224375
W052666,2024-06-07,SE10,Cocaine,Not Stated,White,Powder,Snort / Sniff,"Euphoria, Increased Energy, Increased Confidence",Cocaine,,51.4779,-0.0118
W052688,2024-06-07,OX4,Cocaine,Not Stated,White,Powder,Snort / Sniff,"Euphoria, Empathy, Insomnia",Cocaine,,51.723725,-1.224375
W052740,2024-06-07,SO51,Cocaine,PMD cocaine,White,Powder,Snort / Sniff,"Euphoria, Increased Energy, Increased Confidence",Cocaine,Norcocaine,51.01539047619048,-1.494095238095238
W052525,2024-06-10,TS2,Cocaine,Not Stated,White,Powder,Snort / Sniff,Not Stated,Ketamine,,54.587,-1.2274
W052857,2024-06-10,HR3,Cocaine,Snow white,White,Powder,Not Stated,Not Stated,Cocaine,,52.08754242424242,-3.049269696969697
000040370,2024-06-10,NP20,Crack cocaine,Not Stated,White,Powder,Smoked,"Increased Energy, Auditory Hallucinations, Visual Hallucinations, Chest Pains, Vomiting, Paranoia, Agitation",Cocaine,,51.5877,-2.9984
W052743,2024-06-10,TW18,Cocaine,Not Stated,White,Powder,Not Stated,Not Stated,"Cocaine, Procaine",,51.42025,-0.49775
W052434,2024-06-10,SP10,Cocaine,Not Stated,White,Powder,Snort / Sniff,"Euphoria, Increased Energy, Increased Confidence, Enhanced Senses, Increased Stamina, Increased Libido, Nosebleeds, Agitation","Cocaine, Procaine",,51.2167,-1.49775
W052900,2024-06-11,Array,Cocaine,Not Stated,White,Powder,Snort / Sniff,"Euphoria, Increased Energy, Increased Confidence, Increased Strength, Vomiting, Memory Loss, Confusion, Loss of consciousness, Agitation, Insomnia, Seizure",Cocaine,,,
W052556,2024-06-11,BD7,Cocaine,Not Stated,White,Powder,Not Stated,Not Stated,Cocaine,,53.7835,-1.7851
W052959,2024-06-11,E8,Cocaine,Not Stated,White,Powder,Not Stated,Not Stated,Cocaine,,51.548,-0.0629
000232187,2024-06-18,GL15,Cocaine,Not Stated,White,Solid,Not Stated,Not Stated,Cocaine,Benzoylecgonine,51.73502173913044,-2.559021739130435
W053033,2024-06-18,OL8,Cocaine,USA,White,Powder,Not Stated,"Euphoria, Increased Energy, Increased Confidence, Increased Libido, Empathy",Cocaine,,53.526,-2.1173
W053028,2024-06-18,LS26,Cocaine,Not Stated,White,Powder,Not Stated,Not Stated,Ketamine,,53.7504,-1.4537
W052986,2024-06-18,AB43,Cocaine,Not Stated,White,Powder,Snort / Sniff,"Euphoria, Increased Energy, Increased Confidence, Enhanced Senses, Increased Stamina, Increased Libido, Irregular Heartbeat, Insomnia","Cocaine, Levamisole, Procaine","Phenacetin, Norcocaine",57.65489545454545,-2.046884090909091
W053169,2024-06-18,N4,Cocaine,Not Stated,White,Granules,Not Stated,Not Stated,Cocaine,,51.5693,-0.1069
000233277,2024-06-18,CF10,Cocaine,Not Stated,White,Powder,Not Stated,Not Stated,No Active Component Identified,,51.48,-3.18
W052794,2024-06-18,EN2,Crack cocaine,Not Stated,"White, Pink",Solid,Not Stated,Not Stated,Cocaine,,51.6515,-0.085
W052861,2024-06-18,CF44,Cocaine,Not Stated,White,Solid,Snort / Sniff,"Euphoria, Increased Energy, Increased Confidence, Increased Libido, Increased Strength",Cocaine,,51.7327125,-3.48293125
W053234,2024-06-18,G12,Cocaine,Not Stated,White,Powder,Not Stated,Not Stated,Cocaine,,55.8804,-4.3007
000232186,2024-06-18,GL15,Cocaine,Not Stated,White,Solid,Snort / Sniff,"Euphoria, Increased Energy, Increased Confidence, Irregular Heartbeat, Agitation",Cocaine,Benzoylecgonine,51.73502173913044,-2.559021739130435
W053186,2024-06-18,G12,Cocaine,Not Stated,White,Powder,Not Stated,Not Stated,Cocaine,,55.8804,-4.3007
W052511,2024-06-18,B79,Bicarb Cook- crack,Not Stated,White,Granules,Not Stated,Not Stated,Cocaine,,52.6647125,-1.6657125
W051702,2024-06-18,CV10,Cocaine,Not Stated,White,Powder,Not Stated,Not Stated,Cocaine,,52.531725,-1.5322000000000002
W051701,2024-06-18,CV10,Cocaine,Not Stated,White,Powder,Not Stated,Not Stated,Cocaine,,52.531725,-1.5322000000000002
W053204,2024-06-18,TR7,Cocaine,Not Stated,White,Powder,Not Stated,Not Stated,Cocaine,"Benzoylecgonine, Norcocaine",50.41865,-5.060475
W052979,2024-06-18,SW19,Cocaine,Martell,White,Powder,Not Stated,Not Stated,Cocaine,,51.42343333333333,-0.1973333333333333
W052975,2024-06-20,SW18,Cocaine,Not Stated,White,Powder,Not Stated,Not Stated,Cocaine,,51.4489,-0.1971
W053333,2024-06-20,N1,Cocaine,Not Stated,White,Solid,Not Stated,Not Stated,Cocaine,,51.53669,-0.0944
W053599,2024-07-02,SA7,Cocaine,Not Stated,White,Powder,Not Stated,"Increased Energy, Increased Confidence, Enhanced Senses, Agitation, Nosebleeds, Violence/Aggression",Cocaine,"Benzoylecgonine, Norcocaine",51.6703,-3.8862
W053460,2024-07-02,EH88,Cocaine,Not Stated,White,Granules,Not Stated,Not Stated,Cocaine,Benzoylecgonine,55.9489,-3.1632
W053453,2024-07-02,RG12,Cocaine,Illuminati,White,Powder,Snort / Sniff,"Euphoria, Increased Confidence, Increased Energy, Increased Stamina, Increased Strength, Empathy, Insomnia",Cocaine,Norcocaine,51.4007,-0.7635
000231488,2024-07-02,NP20,Cocaine,Not Stated,White,Powder,Snort / Sniff,"Euphoria, Increased Confidence, Increased Energy, Increased Stamina, Empathy, Irregular Heartbeat, Nosebleeds, Paranoia, Array",Cocaine,,51.5877,-2.9984
000231555,2024-07-02,NP20,Cocaine,Not Stated,White,Powder,Snort / Sniff,"Euphoria, Increased Confidence, Increased Energy, Nosebleeds, Paranoia, Array, Suicidal Ideation",Cocaine,,51.5877,-2.9984
W053571,2024-07-02,W7,Cocaine,Not Stated,White,Powder,Not Stated,"Euphoria, Increased Confidence, Increased Energy, Insomnia",Cocaine,"Norcocaine, Benzoylecgonine",51.5118,-0.3358999999999999
W053653,2024-07-02,DY10,Cocaine,Cocaine,White,Powder,Not Stated,Not Stated,Cocaine,"Benzoylecgonine, Norcocaine",52.3848,-2.212788888888889
W053683,2024-07-02,HR3,Cocaine ,JGL,White,Powder,Not Stated,Not Stated,Cocaine,Benzoylecgonine,52.08754242424242,-3.049269696969697
W053652,2024-07-02,EC1,Cocaine,Not Stated,White,Powder,Not Stated,Not Stated,Cocaine,,51.52320909090909,-0.1055181818181818
W053629,2024-07-02,EC17,Cocaine,Not Stated,White,Powder,Snort / Sniff,Not Stated,"Ketamine, Levamisole","Phenacetin, MDMA, Cocaine",51.52320909090909,-0.1055181818181818
W053643,2024-07-02,LL31,Cocaine,Not Stated,White,Powder,Snort / Sniff,"No Effect, Euphoria, Increased Energy, Enhanced Senses, Nausea, Insomnia",Cocaine,,53.29415,-3.81595
W053022,2024-07-08,TR10,Cocaine,Not Stated,White,Powder,Not Stated,Not Stated,Cocaine,,50.16754,-5.11564
W053817,2024-07-09,BD1,Cocaine,Not Stated,White,Powder,Not Stated,Not Stated,Ketamine,,53.7939,-1.7521
W053644,2024-07-09,LL31,Cocaine,Not Stated,White,Powder,Not Stated,Not Stated,Cocaine,,53.29415,-3.81595
W053740,2024-07-09,TF2,Cocaine,Not Stated,White,Powder,Not Stated,Not Stated,Cocaine,,52.704975,-2.449375
W053787,2024-07-09,SA18,Cocaine,Strawberry fields cocaine,White,Powder,Snort / Sniff,No Effect,"Ketamine, Cocaine",Procaine,51.791845,-3.966785
W053863,2024-07-09,AB15,Cocaine,Not Stated,White,Powder,Not Stated,Not Stated,No Active Component Identified,,57.1378,-2.1663
000235115,2024-07-09,CF83,Cocaine,Not Stated,White,Granules,Not Stated,Not Stated,Cocaine,Ketamine,51.59288333333333,-3.2333833333333337
W053859,2024-07-09,SW18,Cocaine,Veuveu,White,Powder,Not Stated,Not Stated,Cocaine,,51.4489,-0.1971
W053276,2024-07-09,TS21,Cocaine,German White Bolivian,White,Powder,Not Stated,Not Stated,Cocaine,,54.6124625,-1.4342875
W053353,2024-07-09,E17,Cocaine,Not Stated,White,Powder,Not Stated,Not Stated,Cocaine,Benzoylecgonine,51.58758,-0.02048
W053751,2024-07-09,SA43,Cocaine,Not Stated,White,Granules,Not Stated,Not Stated,Cocaine,,52.07603076923077,-4.6376
W053784,2024-07-09,BN1,Cocaine,Colombian,White,Powder,Not Stated,Not Stated,Cocaine,,50.8614,-0.1204166666666666
W053662,2024-07-09,SO51,Cocaine,Ve cocaine,White,Powder,Not Stated,Not Stated,Cocaine,,51.01539047619048,-1.494095238095238
W053706,2024-07-09,HS1,Cocaine,Not Stated,White,Powder,Snort / Sniff,"Euphoria, Increased Energy, Increased Confidence, Increased Stamina, Increased Libido, Empathy",Cocaine,,58.211675,-6.382675
W054034,2024-07-11,MK3,Cocaine,Not Stated,White,Powder,Snort / Sniff,"Euphoria, Increased Energy, Increased Confidence",Cocaine,Benzoylecgonine,51.9933,-0.7347
W053974,2024-07-11,BS4,Cocaine,Not Stated,White,Powder,Not Stated,Not Stated,Cocaine,,51.4345,-2.55525
W053988,2024-07-11,HR3,Cocaine,Not Stated,White,Powder,Not Stated,Not Stated,Cocaine,Ketamine,52.08754242424242,-3.049269696969697
W053923,2024-07-11,SW1,Cocaine,Not Stated,White,Powder,Not Stated,Not Stated,Cocaine,Norcocaine,51.495583333333336,-0.1417916666666666
W054022,2024-07-16,RG12,Cocaine,Cielo,White,Powder,Snort / Sniff,"Euphoria, Increased Energy, Increased Confidence, Enhanced Senses, Increased Stamina, Empathy, Insomnia",Cocaine,,51.4007,-0.7635
W054023,2024-07-16,RG12,Cocaine,Cup,White,Powder,Snort / Sniff,"Euphoria, Increased Energy, Increased Confidence, Enhanced Senses, Increased Stamina, Insomnia",Cocaine,,51.4007,-0.7635
000235181,2024-07-16,CF63,Cocaine,Not Stated,White,Powder,Snort / Sniff,"Increased Energy, Breathlesness, Irregular Heartbeat, Confusion",Cocaine,,51.4172,-3.2614
W053985,2024-07-16,DT9,Coke,Not Stated,White,Powder,"Smoked, Intravenous","Euphoria, Increased Energy, Nausea, Vomiting, Insomnia, Depression",Cocaine,,50.93853428571428,-2.519611428571429
W054245,2024-07-22,BS5,Cocaine,Not Stated,White,Powder,Not Stated,Not Stated,Cocaine,Levamisole,51.462,-2.5519
000042622,2024-07-22,CH7,Coke,Not Stated,White,Powder,Not Stated,Not Stated,Cocaine,,53.17209696969697,-3.163118181818182
W054208,2024-07-22,RH12,Cocaine,Not Stated,White,Powder,Not Stated,Not Stated,Cocaine,Procaine,51.08464615384616,-0.3276153846153846
W054142,2024-07-22,SG12,Cocaine,Not Stated,White,Powder,Not Stated,Not Stated,Cocaine,Phenacetin,51.819266666666664,-0.0074866666666666
W054189,2024-07-22,BN1,Cocaine,Not Stated,White,Powder,Not Stated,Not Stated,Paracetamol,,50.8614,-0.1204166666666666
W054166,2024-07-22,EH32,Crack cocaine,Not Stated,White,Solid,Smoked,"Euphoria, Increased Energy, Increased Confidence, Enhanced Senses, Increased Stamina, Chest Pains",Cocaine,,55.97811428571429,-2.9193571428571423
W054129,2024-07-22,TF3,Cocaine,4corners,White,Powder,Not Stated,Not Stated,Cocaine,,52.6766,-2.4493
W054213,2024-07-22,SO51,Cocaine,NB2 Cocaine,White,Powder,Not Stated,Not Stated,Cocaine,Norcocaine,51.01539047619048,-1.494095238095238
W054267,2024-07-22,HU5,Cocaine,Not Stated,White,Powder,Not Stated,Not Stated,"Cocaine, Procaine",,53.7603,-0.3758
W054207,2024-07-22,EH8,Cocaine,Not Stated,White,Powder,Snort / Sniff,"Euphoria, Increased Energy, Insomnia",Cocaine,,55.9489,-3.1632
W054248,2024-07-23,G31,Cocaine,Ax Cielo,White,Powder,Snort / Sniff,"Euphoria, Increased Energy, Increased Confidence, Enhanced Senses, Increased Stamina, Increased Libido, Irregular Heartbeat, Agitation, Depression",Cocaine,,55.857,-4.209
000231603,2024-07-23,NP18,Cocaine,Not Stated,Colourless,Granules,"Oral, Snort / Sniff","Increased Energy, Increased Confidence, Enhanced Senses, Paranoia, Panic Attack","Cocaine, Levamisole",,51.6084,-2.9435
W054335,2024-07-23,GU34,Coke,MMM coke,White,Powder,Not Stated,Not Stated,Cocaine,,51.13411875,-0.9863125
W054264,2024-07-23,LU4,Cocaine,Not Stated,White,Powder,Snort / Sniff,"Increased Energy, Increased Confidence, Increased Stamina",Cocaine,"Procaine, Phenacetin",51.91505,-0.48075
000233768,2024-07-23,CF10,Crack,Not Stated,White,Crystalline,Not Stated,Not Stated,Cocaine,Benzoylecgonine,51.48,-3.18
W054388,2024-07-25,DA1,Cocaine,Not Stated,White,Powder,Not Stated,Not Stated,"Cocaine, Procaine",,51.4477,0.1994
W054195,2024-07-25,TW6,Cocaine,Not Stated,White,Powder,Not Stated,Not Stated,Cocaine,,51.47,-0.4509
W054431,2024-07-25,NP10,Cocaine,Champions washed,White,Powder,Not Stated,Not Stated,Cocaine,,51.5877,-2.9984
W054382,2024-07-29,M35,Cocaine,Not Stated,White,Powder,Snort / Sniff,"Increased Energy, Enhanced Senses, Chest Pains",Cocaine,,53.5048,-2.1657
W054384,2024-07-29,M35,Cocaine,Not Stated,White,Powder,Snort / Sniff,"Euphoria, Increased Energy, Enhanced Senses",Cocaine,,53.5048,-2.1657
W054469,2024-07-29,L24,cocaine,Cocaine,White,Powder,Not Stated,Not Stated,Cocaine,,53.3407,-2.841
W054476,2024-07-29,HR3,Cocaine,BBB,White,Powder,Not Stated,Not Stated,Cocaine,,52.08754242424242,-3.049269696969697
W053691,2024-07-29,RG12,Cocaine,BLVN,White,Powder,Snort / Sniff,"Euphoria, Increased Energy, Increased Confidence, Enhanced Senses, Increased Stamina, Agitation, Insomnia",Cocaine,,51.4007,-0.7635
W054479,2024-07-29,SA20,Cocaine,Not Stated,White,Powder,Not Stated,Not Stated,Cocaine,Norcocaine,52.01661333333333,-3.785813333333333
W054407,2024-07-29,G12,Cocaine,Steeee Big Dawg,White,Powder,Not Stated,Not Stated,Cocaine,,55.8804,-4.3007
W054589,2024-08-01,NW1,Cocaine,Not Stated,White,Powder,Not Stated,Not Stated,Cocaine,,51.52988181818182,-0.1471818181818182
W054640,2024-08-01,CV37,Cocaine,Not Stated,White,Powder,Not Stated,Not Stated,Cocaine,,52.17773703703704,-1.6896925925925923
W054758,2024-08-01,SY23,Cocaine,Not Stated,White,Powder,Snort / Sniff,"Euphoria, Increased Energy",Cocaine,,52.34458541666667,-3.9885
W054684,2024-08-01,TF2,Cocaine,Not Stated,White,Powder,Not Stated,Not Stated,Cocaine,,52.704975,-2.449375
W054492,2024-08-01,CO1,Cocaine,Not Stated,White,Crystalline,Snort / Sniff,"Euphoria, Increased Energy, Chest Pains, Irregular Heartbeat, Paranoia, Agitation, Violence/Aggression, Insomnia",Cocaine,,51.8892,0.9042
W054706,2024-08-05,CA28,Cocaine,Not Stated,White,Powder,Snort / Sniff,"Euphoria, Increased Energy, Increased Confidence, Increased Libido",Cocaine,"Loratadine, Phenacetin",54.55781666666667,-3.5837
W054822,2024-08-05,MK17,Cocaine,Cocaine,White,Powder,Not Stated,Not Stated,"Cocaine, Procaine",,51.98291739130435,-0.7129
W054807,2024-08-05,CF5,Crack,Not Stated,White,,Smoked,"Nausea, Dizziness, Itching, Numbness","Cocaine, Phenacetin",Benzoylecgonine,51.471875,-3.275816666666667
W054771,2024-08-05,SE16,Cocaine,Not Stated,White,Powder,Not Stated,Not Stated,"Cocaine, Procaine",,51.49742,-0.0528
W053498,2024-08-05,EH3,Cocaine,Not Stated,White,Granules,Intravenous,"Increased Energy, Auditory Hallucinations, Visual Hallucinations, Breathlesness, Chest Pains, Irregular Heartbeat",Cocaine,,55.9521,-3.1965
W053655,2024-08-07,EC1,Cocaine,Not Stated,White,Powder,Not Stated,Not Stated,Cocaine,,51.52320909090909,-0.1055181818181818
W054949,2024-08-07,DE6,Cocaine,Not Stated,White,Powder,Not Stated,Not Stated,Cocaine,,52.98940476190476,-1.7187920634920637
W055055,2024-08-12,TF2,Cocaine,Cocaine,White,Powder,Not Stated,Not Stated,Cocaine,,52.704975,-2.449375
W054994,2024-08-12,DY10,Cocaine,BLVN,White,Powder,Not Stated,Not Stated,Cocaine,"Benzoylecgonine, Norcocaine",52.3848,-2.212788888888889
000232198,2024-08-12,NP20,Cocaine,Not Stated,White,Powder,Not Stated,"Euphoria, Increased Energy, Increased Confidence, Increased Stamina, Empathy, Irregular Heartbeat, Paranoia, Panic Attack, Insomnia, Depression",Cocaine,,51.5877,-2.9984
W054451,2024-08-12,DA1,Cocaine,Not Stated,White,Powder,Not Stated,Not Stated,"Procaine, Cocaine",,51.4477,0.1994
W054591,2024-08-12,DA1,Cocaine,Not Stated,White,Powder,Not Stated,Not Stated,Cocaine,,51.4477,0.1994
W054452,2024-08-12,DA1,Cocaine,Not Stated,White,Powder,Not Stated,Not Stated,Cocaine,Norcocaine,51.4477,0.1994
W054964,2024-08-12,DA1,Cocaine,Not Stated,White,Powder,Not Stated,Not Stated,Cocaine,,51.4477,0.1994
000231419,2024-08-15,NP20,Crack,Not Stated,"White, Blue",,Not Stated,Increased Stamina,Cocaine,,51.5877,-2.9984
W055098,2024-08-15,NP10,Cocaine,Not Stated,White,Powder,Not Stated,Not Stated,Cocaine,Norcocaine,51.5877,-2.9984
W055096,2024-08-15,N1,Cocaine ,TPS,White,Solid,Not Stated,Not Stated,Cocaine,,51.53669,-0.0944
W055072,2024-08-15,NW6,Cocaine,Cocaine,White,Powder,Not Stated,"Increased Energy, Increased Confidence, Enhanced Senses, Panic Attack, Violence/Aggression",Cocaine,,51.54194444444445,-0.1931888888888888
W055093,2024-08-15,SW1A,Cocaine,Cocaine,White,Powder,Not Stated,Not Stated,Cocaine,,51.5018,-0.1328
W057039,2024-08-20,BS1,Cocaine,Not Stated,White,Powder,Not Stated,Not Stated,Cocaine,,51.4552,-2.5966
W056959,2024-08-20,L3,Crack,Not Stated,White,Granules,Intravenous,Increased Stamina,Cocaine,,53.4106,-2.9779
W056889,2024-08-20,G12,Cocaine,Bolo,White,Powder,Not Stated,Not Stated,Cocaine,Norcocaine,55.8804,-4.3007
W057104,2024-08-23,CW10,Coke ,Coke,White,Powder,Not Stated,Not Stated,Cocaine,Norcocaine,53.193,-2.444
W057102,2024-08-23,E8,Cocaine,Not Stated,White,Powder,Not Stated,"Euphoria, Increased Energy, Increased Confidence, Enhanced Senses, Increased Libido, Increased Strength",Cocaine,,51.548,-0.0629
W054579,2024-08-23,TD12,Cocaine,Not Stated,White,Powder,Snort / Sniff,"Increased Energy, Increased Confidence, Increased Stamina, Irregular Heartbeat, Insomnia",Cocaine,,55.600560869565214,-2.204578260869565
W057224,2024-08-30,PO77,Cocaine,Cocaine,White,Powder,Snort / Sniff,"Euphoria, Increased Energy, Increased Confidence, Increased Stamina, Empathy",Cocaine,"Norcocaine, Benzoylecgonine",50.8953875,-1.0532125
W057235,2024-08-30,CV11,Cocaine,Not Stated,White,Powder,Snort / Sniff,"Increased Confidence, Increased Energy, Increased Strength, Auditory Hallucinations, Chest Pains, Irregular Heartbeat, Paranoia, Panic Attack, Insomnia",Caffeine,Amphetamine,52.51296666666667,-1.437366666666667
W057173,2024-08-30,NG5,Cocaine,Not Stated,White,Powder,Snort / Sniff,"Increased Energy, Increased Confidence, Euphoria, Insomnia",Cocaine,"Benzoylecgonine, Norcocaine",53.0006,-1.1315
W057185,2024-09-03,WA60,Cocaine,Coain,White,Solid,Snort / Sniff,"Increased Energy, Increased Confidence, Euphoria, Increased Stamina, Increased Libido, Irregular Heartbeat",Cocaine,,53.26614166666667,-2.732791666666667
W057319,2024-09-03,EX31,Coke,Not Stated,White,Powder,Not Stated,Not Stated,Cocaine,Benzocaine,51.10911951219512,-4.008517073170732
W057352,2024-09-03,NG34,Cocaine,Cocaine,White,Powder,Not Stated,Not Stated,"Cocaine, MDMA",,52.960240909090906,-0.3849454545454545
W057282,2024-09-03,TN13,Cocaine,Not Stated,White,Powder,Snort / Sniff,"Euphoria, Increased Energy, Increased Stamina",Cocaine,,51.28125,0.178125
W057231,2024-09-03,HR3,Cocaine,Vanilla king,White,Powder,Not Stated,Not Stated,Cocaine,,52.08754242424242,-3.049269696969697
W057331,2024-09-03,TD12,Cocaine,Not Stated,White,Powder,Snort / Sniff,"Euphoria, Increased Energy, Enhanced Senses, Increased Stamina, Increased Confidence",Cocaine,,55.600560869565214,-2.204578260869565
W057295,2024-09-03,SW4,Cocaine,Not Stated,White,Powder,Not Stated,Not Stated,Cocaine,,51.46758,-0.12912
W057145,2024-09-03,DY10,Cocaine,Butterfly,White,Powder,Not Stated,Not Stated,Cocaine,"Norcocaine, Levamisole",52.3848,-2.212788888888889
W057246,2024-09-03,BH23,Crack,Crack,White,Solid,Smoked,Nausea,Phenacetin,Benzocaine,50.755406666666666,-1.7577666666666665
W057272,2024-09-03,DY10,Cocaine,ROMA,White,Powder,Not Stated,Not Stated,Cocaine,,52.3848,-2.212788888888889
W057294,2024-09-03,SW4,Cocaine,Not Stated,White,Powder,Not Stated,Not Stated,"Cocaine, Procaine",Caffeine,51.46758,-0.12912
W057575,2024-09-12,DA11,Cocaine,Not Stated,White,Granules,Not Stated,Not Stated,Cocaine,,51.4349,0.3513
W057521,2024-09-12,GU27,Cocaine,Not Stated,White,Powder,Not Stated,Not Stated,Cocaine,,51.07171,-0.72636
W057584,2024-09-12,HR3,Cocaine,Snowfall Bolivian,White,Powder,Not Stated,Not Stated,Cocaine,,52.08754242424242,-3.049269696969697
W057437,2024-09-12,SA38,Cocaine,Coke,White,Powder,Intravenous,"Euphoria, Increased Energy, Auditory Hallucinations, Visual Hallucinations, Breathlesness, Irregular Heartbeat, Paranoia, Confusion, Panic Attack, Violence/Aggression, Insomnia",Cocaine,Benzoylecgonine,52.04396923076923,-4.4788538461538465
W057555,2024-09-12,NW1,Cocaine,Not Stated,White,Powder,Not Stated,Not Stated,Cocaine,,51.52988181818182,-0.1471818181818182
W057554,2024-09-12,NW1,Cocaine,Not Stated,White,Powder,Not Stated,Not Stated,Cocaine,,51.52988181818182,-0.1471818181818182
W057508,2024-09-12,RG12,Cocaine,Astro,White,Powder,Snort / Sniff,"Euphoria, Increased Energy, Increased Confidence, Enhanced Senses, Increased Stamina, Empathy","Cocaine, Phenacetin",,51.4007,-0.7635
W057490,2024-09-17,DG1,Cocaine,Not Stated,White,Powder,Not Stated,Not Stated,Caffeine,,55.0743962962963,-3.5466296296296296
W057753,2024-09-17,PO12,Cocaine,Not Stated,White,Powder,Snort / Sniff,"Increased Energy, Increased Libido, Increased Strength, Irregular Heartbeat, Agitation",Cocaine,,50.79176666666667,-1.1393666666666666
W057756,2024-09-17,PO12,Cocaine,Not Stated,White,Powder,Not Stated,Not Stated,2-Methylmethcathinone,,50.79176666666667,-1.1393666666666666
W057886,2024-09-19,NP20,Cocaine,Not Stated,White,Powder,Snort / Sniff,"Increased Energy, Increased Confidence, Enhanced Senses, Increased Stamina, Increased Libido, Increased Strength, Breathlesness, Irregular Heartbeat",Cocaine,,51.5877,-2.9984
W057816,2024-09-19,G12,Cocaine,World Stamp,White,Powder,Not Stated,Not Stated,"Cocaine, Procaine",,55.8804,-4.3007
W057838,2024-09-19,BT7,Cocaine,Not Stated,White,Powder,Snort / Sniff,"Increased Energy, Increased Stamina, Irregular Heartbeat, Nosebleeds, Paranoia, Agitation, Insomnia, Depression",Cocaine,,54.58144,-5.9185
W057641,2024-09-19,SE10,Cocaine,Not Stated,White,Powder,Snort / Sniff,"Euphoria, Increased Energy, Increased Confidence",Cocaine,,51.4779,-0.0118
W057685,2024-09-19,L10,Cocaine,Not Stated,White,Powder,Snort / Sniff,Not Stated,Cocaine,Benzocaine,53.4754,-2.952
W057846,2024-09-19,SW1,Coke,Coke super,White,Powder,Not Stated,Not Stated,Cocaine,,51.495583333333336,-0.1417916666666666
W057959,2024-09-23,NW1,Cocaine,Not Stated,White,Granules,Not Stated,Not Stated,Cocaine,Norcocaine,51.52988181818182,-0.1471818181818182
W057896,2024-09-23,LD15,Cocaine,Not Stated,White,Powder,Not Stated,Not Stated,Cocaine,,52.2618,-3.3257903225806453
W057960,2024-09-23,EC1,Cocaine,TPS,White,Solid,Not Stated,Not Stated,Cocaine,,51.52320909090909,-0.1055181818181818
W057899,2024-09-23,OX5,Cocaine,Not Stated,White,Powder,Not Stated,Not Stated,Cocaine,,51.844725,-1.2513
W058098,2024-10-01,FK10,Cocaine,Not Stated,White,Powder,Intravenous,"Euphoria, Increased Energy, Enhanced Senses, Increased Confidence, Breathlesness",Phenacetin,Cocaine,56.10687777777778,-3.7534
W058155,2024-10-01,TP3,Cocaine,Cocaine,White,Powder,Not Stated,Not Stated,Cocaine,,,
W058191,2024-10-01,SP4,Cocaine,Cocaine,White,Powder,Not Stated,Not Stated,Cocaine,,51.17019285714286,-1.7557571428571428
W057982,2024-10-01,DY10,Cocaine,Creed,White,Plant Matter,Not Stated,Not Stated,Cocaine,,52.3848,-2.212788888888889
W058123,2024-10-01,HS1,Cocaine,Cocaine 1g,White,Powder,Snort / Sniff,"Euphoria, Increased Energy, Increased Confidence, Empathy, Increased Libido",Cocaine,,58.211675,-6.382675
W057961,2024-10-01,OL2,Coke,Not Stated,White,Powder,Not Stated,Not Stated,Cocaine,,53.5659,-2.103
W058083,2024-10-01,LD1,Cocaine,Not Stated,White,Powder,Snort / Sniff,"Euphoria, Increased Energy, Increased Confidence, Insomnia","Cocaine, Procaine",,52.2618,-3.3257903225806453
W057850,2024-10-01,MK16,Cocaine,Not Stated,White,Powder,Snort / Sniff,"Increased Energy, Increased Confidence, Euphoria","Cocaine, Phenacetin",Benzoylecgonine,52.100484615384616,-0.7084846153846154
W058410,2024-10-08,KT12,Cocaine,Not Stated,White,Powder,Not Stated,Not Stated,"Cocaine, Phenacetin",,51.3765,-0.4111
W058384,2024-10-08,RG12,Cocaine,Pirelli,White,Powder,Snort / Sniff,"Euphoria, Increased Energy, Empathy, Insomnia","Cocaine, Phenacetin",,51.4007,-0.7635
W058385,2024-10-08,RG12,Cocaine,World cup,White,Powder,Snort / Sniff,"Increased Energy, Increased Confidence, Insomnia","Cocaine, Procaine",,51.4007,-0.7635
000233734,2024-10-08,CF10,Crack,Not Stated,White,Crystalline,Not Stated,Not Stated,"Cocaine, Phenacetin",,51.48,-3.18
W058264,2024-10-08,W13,Cocaine,Not Stated,White,Powder,Not Stated,Not Stated,No Active Component Identified,,51.5122,-0.311625
W058341,2024-10-08,LL18,Cocaine,Not Stated,White,Powder,Snort / Sniff,"Euphoria, Increased Energy, Increased Confidence, Enhanced Senses, Increased Stamina, Empathy, Relaxed, Insomnia, Depression",Cocaine,,53.291819999999994,-3.45482
W058340,2024-10-08,W1J,Cocaine,Not Stated,White,Powder,Snort / Sniff,"Increased Energy, Increased Confidence, Chest Pains, Irregular Heartbeat",Phenacetin,,51.5085,-0.1257
W058284,2024-10-08,SK23,Cocaine,Not Stated,White,Powder,Not Stated,Not Stated,Cocaine,,53.33156666666667,-1.9448333333333336
W057973,2024-10-08,G12,Cocaine,STE Bolivian,White,Powder,Not Stated,Not Stated,"Cocaine, Procaine",,55.8804,-4.3007
W058187,2024-10-08,W13,Cocaine,Not Stated,"White, White",Powder,Not Stated,Not Stated,Cocaine,,51.5122,-0.311625
W058311,2024-10-08,DY1,Cocaine,Not Stated,White,Powder,Snort / Sniff,"Increased Energy, Auditory Hallucinations, Visual Hallucinations, Breathlesness, Chest Pains, Paranoia, Confusion, Agitation, Depression",Cocaine,,52.5,-2.0833
000233265,2024-10-11,CF10,crack,Not Stated,White,Granules,Smoked,Nausea,"Cocaine, Phenacetin",Levamisole,51.48,-3.18
W058368,2024-10-11,NG18,Cocaine,Not Stated,White,Granules,Not Stated,Not Stated,Cocaine,,53.1333,-1.2
W058428,2024-10-11,TF1,Cocaine,Bossman Sniff,White,Powder,Not Stated,Not Stated,Cocaine,,52.7,-2.5
W058117,2024-10-11,IP1,Cocaine,Not Stated,White,Powder,Not Stated,Not Stated,Cocaine,Norcocaine,52.071275,1.1444
W058397,2024-10-11,GU26,Cocaine,Not Stated,White,Powder,Snort / Sniff,"Increased Energy, Memory Loss, Depression",Cocaine,,51.1138,-0.7334999999999999
W058395,2024-10-11,BN3,Cocaine,Not Stated,White,Powder,Not Stated,Not Stated,"Cocaine, Procaine",,50.836725,-0.179625
W058394,2024-10-11,BN3,Cocaine,Not Stated,White,Powder,Snort / Sniff,"Irregular Heartbeat, Agitation, Depression",Cocaine,Norcocaine,50.836725,-0.179625
W058441,2024-10-15,SG1,Crack cocaine,Not Stated,White,Solid,Smoked,"Euphoria, Increased Energy, Increased Confidence, Increased Stamina",Cocaine,Benzoylecgonine,51.9022,-0.2026
W058499,2024-10-15,RH20,Cocaine,Cocaine Vanilla UK,White,Powder,Not Stated,Not Stated,Cocaine,,50.937535714285715,-0.4877357142857143
W058569,2024-10-15,SW11,Cocaine,HGM washed,White,Powder,Not Stated,Not Stated,Cocaine,Norcocaine,51.469166666666666,-0.1619333333333333
000230441,2024-10-15,NP20,Crack cocaine,Not Stated,White,Solid,Smoked,"Increased Confidence, Memory Loss, Insomnia",Cocaine,Benzoylecgonine,51.5877,-2.9984
W058509,2024-10-15,G11,Cocaine,Dealios Stamp,White,Powder,Not Stated,Not Stated,Cocaine,,55.8708,-4.3057
W058452,2024-10-15,BS5,Cocaine,SW creed,White,Powder,Not Stated,Not Stated,Cocaine,Norcocaine,51.462,-2.5519
W058660,2024-10-17,OX4,Cocaine,Not Stated,"White, Pink",Granules,Snort / Sniff,"Euphoria, Increased Energy, Nosebleeds, Empathy, Insomnia",Cocaine,,51.723725,-1.224375
W058563,2024-10-17,CT9,Cocaine,Not Stated,White,Crystalline,Snort / Sniff,"Euphoria, Increased Energy, Increased Confidence, Increased Stamina, Increased Libido",Cocaine,,51.385000000000005,1.3956
W058661,2024-10-17,OX4,Cocaine,Not Stated,White,Powder,Snort / Sniff,"Euphoria, Increased Confidence, Enhanced Senses, Empathy, Insomnia",Cocaine,Norcocaine,51.723725,-1.224375
W058670,2024-10-17,L18,cocaine,Not Stated,White,Powder,Snort / Sniff,"Euphoria, Increased Energy, Increased Confidence",Cocaine,,53.3805,-2.9086
W058757,2024-10-22,N9,Cocaine,Not Stated,White,Powder,Snort / Sniff,"Euphoria, Increased Energy, Increased Confidence, Increased Stamina, Empathy, Memory Loss, Agitation, Insomnia",Cocaine,,51.6285,-0.0581
W058771,2024-10-22,LD1,Cocaine,Cocaine,White,Powder,Snort / Sniff,"Increased Energy, Increased Confidence, Nausea","Cocaine, Procaine",,52.2618,-3.3257903225806453
W058523,2024-10-22,DL1,Cocaine,Not Stated,White,Powder,Not Stated,Not Stated,Cocaine,,54.55433333333334,-1.5298166666666664
W058772,2024-10-22,LD1,"Cocaine, benzocaine",Columbian cocaine,White,Powder,Snort / Sniff,Increased Energy,"Cocaine, Procaine",,52.2618,-3.3257903225806453
W058776,2024-10-22,G12,Cocaine,Not Stated,White,Powder,Not Stated,Not Stated,Cocaine,,55.8804,-4.3007
W058795,2024-10-22,EH21,Cocaine,Not Stated,White,Powder,Smoked,"Euphoria, Increased Energy, Increased Confidence, Enhanced Senses",Cocaine,Norcocaine,55.94169999999999,-3.0499
W058763,2024-10-22,SN3,Cocaine,Not Stated,White,Powder,Snort / Sniff,"Increased Energy, Empathy, Relaxed",Cocaine,,51.5892,-1.7194
W058773,2024-10-22,LD1,Columbian cocaine,HQ cocaine,White,Powder,Snort / Sniff,"Increased Energy, Increased Confidence, Nausea",Cocaine,,52.2618,-3.3257903225806453
W058879,2024-10-24,BS1,Cocaine,Eye sample,White,Powder,Not Stated,"Euphoria, Increased Energy, Increased Confidence, Increased Stamina, Increased Libido",Cocaine,,51.4552,-2.5966
W058836,2024-10-24,TR72,Cocaine,Flurry Colo 16,"White, Yellow",Crystalline,Not Stated,Not Stated,"Cocaine, Levamisole, Procaine",,50.41865,-5.060475
000234309,2024-10-24,CF14,Cocaine ,Not Stated,White,Powder,Snort / Sniff,"Increased Energy, Increased Confidence, Insomnia, Insomnia",Cocaine,,51.5199,-3.204
W058918,2024-10-24,CM77,Cocaine,TXR Stamp,White,Powder,Snort / Sniff,"Euphoria, Increased Energy, Enhanced Senses, Increased Stamina, Empathy, Irregular Heartbeat, Paranoia, Agitation",Cocaine,,51.8782,0.5529
000041446,2024-10-24,LD3,Cocaine,Not Stated,White,Powder,Snort / Sniff,Not Stated,Cocaine,,51.99435362318841,-3.411075362318841
W058877,2024-10-24,BS1,Cocaine,test 1,White,Powder,Snort / Sniff,"Increased Confidence, Increased Stamina, Euphoria, Increased Libido, Insomnia","Cocaine, Procaine",,51.4552,-2.5966
W058819,2024-10-24,HR3,Cocaine,RR Stamp,White,Powder,Not Stated,Not Stated,Cocaine,,52.08754242424242,-3.049269696969697
W058888,2024-10-24,SW4,Cocaine,NHS h20,White,Powder,Not Stated,"Euphoria, Increased Confidence, Enhanced Senses, Increased Energy",Cocaine,Norcocaine,51.46758,-0.12912
W058850,2024-10-28,HR3,Cocaine,Boss,White,Powder,Not Stated,Not Stated,Cocaine,,52.08754242424242,-3.049269696969697
W058924,2024-10-28,LE16,Cocaine,Not Stated,White,Powder,Snort / Sniff,"Increased Energy, Increased Confidence, Enhanced Senses, Increased Stamina, Agitation, Insomnia",Cocaine,Norcocaine,52.50364878048781,-0.8708170731707316
000233582,2024-10-28,NP20,Crack,Not Stated,White,Powder,Smoked,"Relaxed, Chest Pains, Irregular Heartbeat",Cocaine,Benzoylecgonine,51.5877,-2.9984
W058926,2024-10-28,UB7,Cocaine,TPS,White,Solid,Not Stated,Not Stated,Cocaine,"Norcocaine, Tropacocaine, Benzoylecgonine",51.50226,-0.47134
W059163,2024-11-05,BT48,Cocaine,Not Stated,White,Powder,Snort / Sniff,"Euphoria, Increased Energy, Increased Confidence, Enhanced Senses, Increased Stamina, Empathy, Relaxed, Chest Pains, Insomnia",Cocaine,,55.02711428571428,-7.280900000000001
W059256,2024-11-05,BS5,Cocaine,Not Stated,White,Powder,Snort / Sniff,"Euphoria, Increased Energy, Increased Confidence, Increased Libido, Increased Stamina, Insomnia",Cocaine,,51.462,-2.5519
W059369,2024-11-05,LS11,Cocaine,IVN Brick Stamp,White,Powder,Not Stated,Not Stated,Cocaine,,53.7667,-1.5667
000233687,2024-11-05,CF10,Crack,Not Stated,Colourless,Liquid,Not Stated,No Effect,Cocaine,,51.48,-3.18
000233688,2024-11-05,CF10,Crack,Not Stated,White,Powder,Not Stated,No Effect,Cocaine,,51.48,-3.18
000233689,2024-11-05,CF10,Cocaine,Not Stated,White,Powder,Not Stated,Not Stated,Ketamine,,51.48,-3.18
W059156,2024-11-05,BS05,Cocaine,Not Stated,White,Powder,Snort / Sniff,"Euphoria, Increased Energy, Irregular Heartbeat, Insomnia",Cocaine,,51.4646,-2.5636
W059142,2024-11-05,SN3,Cocaine,Not Stated,White,Powder,Snort / Sniff,"Increased Energy, Increased Confidence, Empathy",Cocaine,,51.5892,-1.7194
W059137,2024-11-05,G12,Cocaine,SW Creed,White,Powder,Not Stated,Not Stated,Cocaine,Norcocaine,55.8804,-4.3007
W058944,2024-11-05,CO14,Coke,Not Stated,Colourless,Powder,Not Stated,Not Stated,Cocaine,,51.8482,1.2674
W054214,2024-11-05,SO51,Cocaine,Putin Cocaine,White,Powder,Not Stated,Not Stated,Cocaine,,51.01539047619048,-1.494095238095238
W059094,2024-11-05,FK10,Cocaine,Not Stated,"White, Yellow",Powder,Snort / Sniff,"Euphoria, Increased Confidence, Increased Energy, Insomnia, Irregular Heartbeat","Cocaine, Phenacetin, Procaine",Benzoylecgonine,56.10687777777778,-3.7534
W058982,2024-11-05,WA15,Pink Cocaine,tvsi,Pink,Powder,Snort / Sniff,Not Stated,"MDMA, Ketamine",,53.3761,-2.3331
W059111,2024-11-05,T33,Cocaine,Wispa Halloween,White,Powder,Not Stated,Not Stated,Cocaine,,,
W058948,2024-11-05,BN3,Cocaine peruvian 89% Fishscale,Not Stated,White,Powder,Snort / Sniff,"Increased Confidence, Insomnia",Cocaine,Norcocaine,50.836725,-0.179625
W058943,2024-11-05,CO14,Coke,Not Stated,,Powder,"Oral, Smoked","Euphoria, Increased Confidence, Increased Energy, Enhanced Senses, Increased Stamina, Increased Libido, Breathlesness, Chest Pains, Irregular Heartbeat, Nausea, Paranoia, Panic Attack",Cocaine,,51.8482,1.2674
W059029,2024-11-05,CF24,Cocaine,mny,White,Powder,Snort / Sniff,"Euphoria, Increased Energy, Increased Confidence, Increased Stamina, Increased Libido, Irregular Heartbeat, Panic Attack",Cocaine,Norcocaine,51.48,-3.18
W059377,2024-11-12,SW4,Cocaine,IVN,White,Powder,Snort / Sniff,"Euphoria, Increased Confidence, Empathy, Nosebleeds, Insomnia",Cocaine,,51.46758,-0.12912
W059368,2024-11-12,CF71,Cocaine,Not Stated,White,Powder,Not Stated,Not Stated,"Cocaine, Procaine",,51.45726086956522,-3.472304347826087
W052814,2024-11-12,AB24,White (crack),Not Stated,White,Solid,Smoked,No Effect,"Cocaine, Phenacetin",,57.1437,-2.0981
W059164,2024-11-12,GL54,Cocaine,Not Stated,White,Powder,Not Stated,Not Stated,Cocaine,,51.88724642857143,-1.8609214285714288
W059432,2024-11-12,CA14,Cocaine,Not Stated,White,Powder,Snort / Sniff,"Increased Energy, Increased Confidence, Increased Libido, Increased Strength, Irregular Heartbeat, Paranoia, Confusion","Caffeine, Amphetamine",,54.630025,-3.50065
W059339,2024-11-12,W2,Cocaine,Not Stated,White,Powder,Snort / Sniff,"Visual Hallucinations, Chest Pains, Irregular Heartbeat, Nosebleeds, Nausea, Vomiting, Agitation, Insomnia, Depression, Suicidal Ideation",Cocaine,,51.51413636363636,-0.1886454545454545
W059307,2024-11-14,RG12,Cocaine,polo,White,Powder,Not Stated,Not Stated,Cocaine,,51.4007,-0.7635
W059308,2024-11-14,RG12,Cocaine,Ixo,White,Powder,Not Stated,Not Stated,Cocaine,,51.4007,-0.7635
W059309,2024-11-14,RG12,Cocaine,Ixo,White,Powder,Not Stated,Not Stated,Cocaine,,51.4007,-0.7635
W059629,2024-11-14,MK1,Cocaine,Not Stated,White,Powder,Not Stated,Not Stated,Cocaine,,52.0075,-0.7271
W059640,2024-11-14,WS1,COCAINE ,Not Stated,White,Powder,Snort / Sniff,"Increased Energy, Increased Confidence",Cocaine,Norcocaine,52.5853,-1.984
W059756,2024-11-19,BS5,Cocaine,AMG,White,Powder,Snort / Sniff,"Euphoria, Increased Energy, Insomnia",Cocaine,,51.462,-2.5519
W059596,2024-11-19,E1,Cocaine,Not Stated,White,Powder,Snort / Sniff,"Euphoria, Increased Energy, Increased Confidence, Enhanced Senses, Increased Stamina, Relaxed",Cocaine,,51.51302727272727,-0.0617727272727272
W059806,2024-11-19,SM2,Cocaine,TPS,White,Solid,Not Stated,Not Stated,Cocaine,,51.351,-0.1994
W059755,2024-11-19,BS5,Cocaine,Chat GPT,White,Powder,Snort / Sniff,"Euphoria, Increased Energy, Increased Confidence, Enhanced Senses, Increased Stamina, Increased Libido, Insomnia",Cocaine,,51.462,-2.5519
W059646,2024-11-19,HP23,Cocaine,Not Stated,White,Powder,Not Stated,Not Stated,Cocaine,,51.79858333333333,-0.6616
W059453,2024-11-19,SE20,Cocaine,Not Stated,White,Powder,Not Stated,Not Stated,Cocaine,,51.41095,-0.05695
000235903,2024-11-20,SA1,Cocaine,Not Stated,White,Powder,Not Stated,Not Stated,Cocaine,,51.633979999999994,-3.94848
W059782,2024-11-20,BN10,Cocaine,Not Stated,White,Powder,Snort / Sniff,Increased Energy,Cocaine,,50.7927,-0.0065
W059688,2024-11-21,WV14,Cocaine,Not Stated,White,Powder,Not Stated,Not Stated,Cocaine,,52.556266666666666,-2.0771
W059874,2024-11-21,BT47,Cocaine,Colombian cocaine,White,Powder,Snort / Sniff,"Euphoria, Increased Energy, Increased Stamina, Empathy, Relaxed, Agitation, Insomnia",Cocaine,,54.94983333333333,-7.084177777777778
W060027,2024-11-26,BT35,Cocaine,Not Stated,White,Powder,Not Stated,Not Stated,Cocaine,,54.17227142857143,-6.455271428571429
W059968,2024-11-26,EH1,Cocaine,Not Stated,White,Powder,Not Stated,Not Stated,Cocaine,,55.9521,-3.1965
W059959,2024-11-26,WV7,Cocaine,Not Stated,White,Powder,Not Stated,No Effect,Cocaine,,52.6313,-2.274375
000234219,2024-11-26,CF83,Cocaine,Not Stated,White,Powder,Snort / Sniff,"Increased Energy, Increased Confidence, Increased Stamina",Cocaine,,51.59288333333333,-3.2333833333333337
000234220,2024-11-26,CF83,Cocaine,Not Stated,White,Powder,Snort / Sniff,"Increased Confidence, Increased Stamina",Cocaine,,51.59288333333333,-3.2333833333333337
W059625,2024-11-26,CV11,Cocaine,Not Stated,White,Powder,Snort / Sniff,"Increased Energy, Increased Confidence",Cocaine,,52.51296666666667,-1.437366666666667
W059984,2024-11-26,CA11,Coke,Not Stated,White,Powder,Not Stated,Not Stated,Cocaine,,54.62787027027027,-2.8327162162162165
W059994,2024-11-26,AB24,Crack cocaine,Not Stated,White,Powder,Smoked,"Euphoria, Increased Confidence, Enhanced Senses, Memory Loss, Confusion, Agitation, Insomnia","Cocaine, Phenacetin",,57.1437,-2.0981
W059995,2024-11-26,WF10,Cocaine,Not Stated,Yellow,Powder,Snort / Sniff,"Euphoria, Increased Energy, Increased Stamina, Relaxed, Nosebleeds",Cocaine,Procaine,53.73315,-1.3529
W059933,2024-11-26,G12,Cocaine,Putin stamp,White,Powder,Not Stated,Not Stated,Cocaine,,55.8804,-4.3007
W059909,2024-11-26,L23,Cocaine,Not Stated,White,Powder,"Oral, Snort / Sniff","Increased Energy, Enhanced Senses, Paranoia, Agitation",Paracetamol,,53.489425,-3.021375
W059920,2024-11-26,MK19,Cocaine,Not Stated,White,Powder,Not Stated,Not Stated,"Cocaine, Procaine",,52.06605384615385,-0.8461307692307692
W060153,2024-12-04,W11,Cocaine,Not Stated,White,Powder,Not Stated,Not Stated,Cocaine,,51.507525,-0.205
W060792,2025-01-08,GL54,Cocaine,Creed,White,Powder,Snort / Sniff,Euphoria,Cocaine,,51.88724642857143,-1.8609214285714288
W061006,2025-01-08,N178,Cocaine,Not Stated,White,Powder,Not Stated,Not Stated,Cocaine,Levamisole,51.59922,-0.07094
W061046,2025-01-08,WA10,Pink cocaine,Not Stated,Pink,Powder,Not Stated,Not Stated,"Ketamine, MDMA",,53.45000000000001,-2.7583
W060977,2025-01-08,WF10,Cocaine,Not Stated,White,Powder,Snort / Sniff,"Nausea, Vomiting, Confusion, Panic Attack",Cocaine,,53.73315,-1.3529
W060984,2025-01-08,CF24,Cocaine,Not Stated,White,Powder,Not Stated,Not Stated,Cocaine,,51.48,-3.18
W061031,2025-01-08,RG12,Cocaine,Amiri,White,Powder,Snort / Sniff,"Increased Energy, Increased Confidence",Cocaine,,51.4007,-0.7635
W061029,2025-01-08,RG12,Cocaine,Lucky 7's,White,Powder,Snort / Sniff,"Insomnia, Euphoria, Increased Energy, Enhanced Senses, Increased Stamina, Empathy, Increased Confidence",Cocaine,Norcocaine,51.4007,-0.7635
W061030,2025-01-08,RG12,Cocaine,v-v,White,Powder,Snort / Sniff,"Euphoria, Increased Energy, Enhanced Senses, Increased Stamina, Empathy",Cocaine,"Norcocaine, Benzoylecgonine",51.4007,-0.7635
W060822,2025-01-09,KY71,Liquid cocaine,Not Stated,Colourless,Liquid,Snort / Sniff,"Increased Energy, Increased Confidence, Increased Stamina",Cocaine,,56.19679,-3.1358
W061082,2025-01-09,NR2,Cocaine,Not Stated,White,Powder,Not Stated,Not Stated,Cocaine,,52.62865,1.28955
W061009,2025-01-09,HP22,Cocaine,Not Stated,White,Solid,Snort / Sniff,"Euphoria, Increased Energy",Cocaine,,51.83288095238095,-0.786652380952381
W061008,2025-01-09,HP22,Cocaine,Not Stated,White,Powder,Snort / Sniff,"Euphoria, Increased Energy",Cocaine,,51.83288095238095,-0.786652380952381
W061182,2025-01-16,NW11,Cocaine,Not Stated,White,Powder,Snort / Sniff,"Enhanced Senses, Relaxed","Cocaine, Procaine",,51.578133333333334,-0.1980499999999999
000231885,2025-01-16,,Cocaine,Not Stated,White,Powder,Not Stated,"Euphoria, Increased Energy, Increased Confidence, Auditory Hallucinations, Visual Hallucinations",Cocaine,,0,0
W061174,2025-01-16,E11,Cocaine,Not Stated,White,Powder,Not Stated,Not Stated,Cocaine,,51.57656666666667,0.0171666666666666
W061187,2025-01-16,HP4,Cocaine,Not Stated,White,Crystalline,Snort / Sniff,"Increased Confidence, Enhanced Senses",Cocaine,,51.774116666666664,-0.56985
W061185,2025-01-16,N1,Cocaine,Not Stated,White,Powder,Snort / Sniff,"Euphoria, Increased Energy, Insomnia","Cocaine, Levamisole",,51.53669,-0.0944
W061232,2025-01-16,BN8,Cocaine,Martell Pure Bolivian cocaine,White,Powder,Not Stated,Not Stated,"Cocaine, Procaine, Phenacetin",,50.90176086956522,0.0753
W061109,2025-01-17,CR6,Cocaine,Not Stated,White,Powder,Not Stated,Not Stated,Cocaine,,51.31583333333333,-0.0407999999999999
W061233,2025-01-17,RG12,Cocaine,Scorpian,White,Powder,Snort / Sniff,"Euphoria, Increased Energy, Increased Confidence, Enhanced Senses, Increased Stamina, Increased Strength, Empathy, Insomnia","Cocaine, Phenacetin",,51.4007,-0.7635
000233046,2025-01-20,KY12,Cocaine,Not Stated,White,Powder,Smoked,"Euphoria, Increased Energy, Increased Confidence, Panic Attack, Agitation","Cocaine, Phenacetin",,56.087095,-3.539235
000230716,2025-01-20,NP13,Cocaine,Not Stated,White,Powder,Snort / Sniff,"Increased Energy, Increased Confidence, Increased Stamina, Nausea, Paranoia, Panic Attack, Agitation, Depression, Headache",Cocaine,,51.7298,-3.1343
W061313,2025-01-22,BS1,Crack cocaine,Not Stated,White,Solid,"Smoked, Intravenous","Increased Energy, Increased Confidence, Enhanced Senses, Paranoia, Confusion, Agitation","Cocaine, Phenacetin",,51.4552,-2.5966
000234024,2025-01-22,NP20,Cocaine,Not Stated,White,Powder,Snort / Sniff,"Euphoria, Increased Energy, Increased Confidence, Enhanced Senses, Increased Stamina, Increased Libido",Cocaine,,51.5877,-2.9984
000234025,2025-01-22,NP20,Cocaine,Not Stated,"White, White",Powder,Snort / Sniff,"Euphoria, Increased Energy, Increased Confidence, Enhanced Senses, Increased Stamina, Increased Libido",Cocaine,,51.5877,-2.9984
000234026,2025-01-22,NP20,Cocaine,Not Stated,White,Powder,Not Stated,"Euphoria, Increased Energy, Increased Confidence, Enhanced Senses, Increased Stamina, Increased Libido",Cocaine,,51.5877,-2.9984
000234027,2025-01-22,NP20,Cocaine,Not Stated,White,Powder,Snort / Sniff,"Euphoria, Increased Energy, Increased Confidence, Enhanced Senses, Increased Stamina, Increased Libido",Cocaine,,51.5877,-2.9984
W061522,2025-01-28,N1,Cocaine,TPS,White,Powder,Not Stated,Not Stated,Cocaine,,51.53669,-0.0944
W061287,2025-01-28,PO77,Cocaine,Coke,White,Powder,Not Stated,Not Stated,Cocaine,,50.8953875,-1.0532125
W061429,2025-01-28,PE1,Cocaine,Not Stated,White,Powder,Snort / Sniff,"Euphoria, Increased Energy, Increased Confidence, Enhanced Senses, Increased Libido, Breathlesness, Nausea",Cocaine,,52.58253333333334,-0.2419333333333333
000233841,2025-01-28,NP20,Crack/Heroin,Not Stated,,Powder,Smoked,Not Stated,"Heroin, Noscapine, 6-MAM",,51.5877,-2.9984
W061548,2025-01-29,CH6,Cocaine,Coke,White,Powder,Not Stated,Not Stated,Cocaine,,53.255125,-3.1489
000039665,2025-01-29,,Cocaine,Not Stated,White,,Snort / Sniff,"Increased Confidence, Increased Stamina, Enhanced Senses, Chest Pains, Nosebleeds, Seizure",Cocaine,,0,0
W061585,2025-01-30,NE15,Cocaine,Not Stated,White,Powder,Snort / Sniff,"Euphoria, Increased Energy, Irregular Heartbeat",Cocaine,,54.99177142857143,-1.7885428571428572
W061597,2025-01-30,BD16,Cocaine,Not Stated,White,Powder,Not Stated,Not Stated,Paracetamol,,53.846,-1.8493
W061819,2025-02-04,BT7,Cocaine,Not Stated,White,Powder,Snort / Sniff,"Increased Energy, Increased Stamina, Irregular Heartbeat, Nosebleeds, Paranoia, Agitation, Insomnia",Cocaine,,54.58144,-5.9185
W061698,2025-02-04,DT6,Cocaine,Not Stated,White,Powder,Snort / Sniff,No Effect,Caffeine,"Ketamine, Amphetamine",50.74444722222222,-2.776736111111111
W061679,2025-02-04,S2,Cocaine,Not Stated,White,Powder,Not Stated,Not Stated,"Cocaine, Phenacetin, Procaine",,53.383,-1.4659
W061677,2025-02-04,S2,Cocaine,Not Stated,White,Powder,Snort / Sniff,Not Stated,Cocaine,,53.383,-1.4659
W061703,2025-02-06,TS10,Cocaine,Not Stated,White,,Not Stated,Not Stated,Ketamine,,54.60510000000001,-1.07006
000234016,2025-02-06,NP20,Crack,Not Stated,White,Solid,Smoked,"Enhanced Senses, Relaxed",Cocaine,,51.5877,-2.9984
000234018,2025-02-06,NP20,Crack,Not Stated,White,Solid,Smoked,"Enhanced Senses, Relaxed",Cocaine,,51.5877,-2.9984
000038657,2025-02-06,NP20,Cocaine,Not Stated,White,Capsule,Not Stated,"Euphoria, Increased Energy, Increased Confidence, Enhanced Senses",Cocaine,,51.5877,-2.9984
000038615,2025-02-06,NP20,Cocaine,Not Stated,"White, White",Powder,Snort / Sniff,"Euphoria, Increased Energy, Increased Confidence, Enhanced Senses",Cocaine,,51.5877,-2.9984
000234039,2025-02-06,NP20,Crack,Not Stated,White,Solid,Not Stated,Not Stated,Cocaine,Benzoylecgonine,51.5877,-2.9984
W061809,2025-02-07,HP2,Cocaine,pomello,White,Powder,Snort / Sniff,Increased Energy,Cocaine,,51.7639,-0.4531
W061946,2025-02-11,KY12,Cocaine,Clear plaster,White,Powder,Snort / Sniff,Not Stated,Ketamine,,56.087095,-3.539235
W061993,2025-02-11,BN8,Cocaine,Martell cocaine eship,White,Powder,Not Stated,Not Stated,"Cocaine, Procaine",,50.90176086956522,0.0753
W061996,2025-02-11,N1,Cocaine,Not Stated,White,Solid,Not Stated,Not Stated,Cocaine,,51.53669,-0.0944
W061881,2025-02-11,SY23,Cocaine,Not Stated,White,Powder,Snort / Sniff,"Increased Energy, Enhanced Senses, Increased Stamina",Ketamine,,52.34458541666667,-3.9885
W062001,2025-02-12,NE15,Cocaine,Not Stated,White,Powder,Snort / Sniff,"Euphoria, Increased Confidence, Increased Energy, Irregular Heartbeat",Cocaine,Norcocaine,54.99177142857143,-1.7885428571428572
W062052,2025-02-12,SE01,Cocaine,SEUK Sociable Cocaine,White,Powder,Not Stated,Not Stated,Cocaine,Benzocaine,,
W061900,2025-02-12,SO23,Cocaine,Disco Flake,White,Solid,Not Stated,Not Stated,"Cocaine, Procaine",Norcocaine,51.07606666666667,-1.3140666666666665
W062008,2025-02-12,BR14,Cocaine,Cocaine,White,Powder,Snort / Sniff,"Euphoria, Increased Energy, Enhanced Senses, Increased Confidence, Increased Strength, Agitation",Cocaine,,51.4037,0.0305
100004197,2025-02-12,ML4,Cocaine,Not Stated,White,Powder,Snort / Sniff,"Irregular Heartbeat, No Effect",Paracetamol,,55.8167,-4.00835
W062267,2025-02-17,BS3,COCAINE,COCAINE ,White,Powder,Snort / Sniff,"Increased Energy, Increased Stamina, Increased Confidence",Cocaine,,51.4552,-2.5966
W062117,2025-02-17,S3,COCAINE,Not Stated,"White, White",Powder,Snort / Sniff,"Agitation, Insomnia, Irregular Heartbeat",Cocaine,,53.383,-1.4659
W062234,2025-02-17,N1,COCAINE ,Not Stated,White,Powder,Not Stated,Not Stated,Cocaine,"Procaine, Levamisole",51.53669,-0.0944
W062199,2025-02-17,SW12,COCAINE ,COCAINE ,White,Crystalline,Not Stated,Not Stated,Cocaine,,51.4469,-0.1384
000233914,2025-02-17,NP12,cocaine ,cocaine ,White,Powder,Snort / Sniff,Not Stated,Cocaine,Norcocaine,51.6678,-3.2075
W062033,2025-02-17,N95,COCAINE ,Not Stated,White,Powder,Snort / Sniff,"Euphoria, Increased Energy, Increased Confidence, Irregular Heartbeat, Paranoia, Insomnia",Cocaine,Procaine,,
W062145,2025-02-17,RG12,Cocaine,Not Stated,White,Powder,Snort / Sniff,"Euphoria, Increased Energy, Increased Confidence, Empathy, Insomnia",Cocaine,,51.4007,-0.7635
W062144,2025-02-17,RG12,Cocaine,Polo,White,Powder,Snort / Sniff,"Euphoria, Increased Energy, Increased Confidence, Enhanced Senses, Increased Stamina, Insomnia",Cocaine,Procaine,51.4007,-0.7635
W062142,2025-02-18,RG12,Cocaine,HIJ,White,Powder,Snort / Sniff,"Euphoria, Increased Energy, Increased Confidence, Agitation, Insomnia",Cocaine,"Levamisole, Norcocaine",51.4007,-0.7635
000233913,2025-02-18,NP12,Cocaine,Not Stated,White,Powder,Snort / Sniff,"Increased Energy, Increased Confidence, Enhanced Senses, Increased Stamina, Relaxed, Paranoia, Depression",Cocaine,,51.6678,-3.2075
W062435,2025-02-25,SE13,Cocaine,Not Stated,White,Powder,Snort / Sniff,"Increased Energy, Relaxed","Pseudoephedrine, Paracetamol",,51.4643,-0.0119
W062346,2025-02-25,S6,Cocaine,Not Stated,White,Powder,Snort / Sniff,"Agitation, Insomnia","Cocaine, Procaine",,53.3931,-1.5452
W062302,2025-02-25,CM77,Cocaine,Not Stated,White,Plant Matter,Not Stated,Not Stated,Cocaine,,51.8782,0.5529
W062331,2025-02-25,HP22,Cocaine,Bloodline,White,Solid,Snort / Sniff,"Increased Libido, Empathy, Insomnia",Cocaine,,51.83288095238095,-0.786652380952381
000234035,2025-02-25,NP20,Crack cocaine,Not Stated,White,Powder,Smoked,"Euphoria, Increased Energy",Cocaine,,51.5877,-2.9984
W062496,2025-02-25,SW4,Cocaine,Not Stated,White,Powder,Snort / Sniff,"Increased Energy, Increased Confidence, Visual Hallucinations, Irregular Heartbeat",Cocaine,,51.46758,-0.12912
W062488,2025-02-25,KY12,Cocaine,Not Stated,White,Powder,Snort / Sniff,Not Stated,"Ketamine, Cocaine",Levamisole,56.087095,-3.539235
000233929,2025-02-25,CF83,Suspected Cocaine,Not Stated,Yellow,Powder,Not Stated,Not Stated,Cocaine,Norcocaine,51.59288333333333,-3.2333833333333337
W062439,2025-02-25,GL51,Cocaine,TPS,White,Powder,Not Stated,Not Stated,Cocaine,,51.90277692307692,-2.1239538461538463
000234036,2025-02-25,NP20,Cocaine,Not Stated,White,Powder,Not Stated,Not Stated,Cocaine,,51.5877,-2.9984
W062473,2025-02-28,RG12,Cocaine,GOTA#2,White,Powder,Not Stated,Not Stated,Cocaine,,51.4007,-0.7635
W062472,2025-02-28,RG12,Cocaine,GOTA#1,White,Powder,Not Stated,Not Stated,Cocaine,,51.4007,-0.7635
W062518,2025-02-28,OX4,Cocaine,10%,White,Powder,Snort / Sniff,"Euphoria, Increased Energy, Increased Confidence, Empathy, Insomnia",Cocaine,,51.723725,-1.224375
W061974,2025-02-28,HR3,Cocaine,Snow White Creed,White,Powder,Not Stated,Not Stated,Cocaine,Norcocaine,52.08754242424242,-3.049269696969697
W062631,2025-03-03,OX13,Cocaine,Not Stated,White,Powder,Not Stated,Not Stated,Cocaine,Benzoylecgonine,51.673544444444445,-1.3561166666666666
W061973,2025-03-03,HR3,Cocaine,German White Bolivian,White,Powder,Not Stated,Not Stated,Cocaine,"Procaine, Phenacetin",52.08754242424242,-3.049269696969697
W062684,2025-03-03,E2,Cocaine,Not Stated,White,Powder,Not Stated,Not Stated,Cocaine,,51.5386,-0.055525
W062741,2025-03-04,BS3,Cocaine,Not Stated,White,Powder,Snort / Sniff,"Increased Energy, Agitation",Cocaine,,51.4552,-2.5966
W062748,2025-03-04,SP8,Cocaine,Not Stated,White,Powder,Not Stated,Not Stated,Cocaine,,51.02831333333334,-2.308673333333333
W059560,2025-03-11,W12,Cocaine,Not Stated,White,Powder,Snort / Sniff,"Increased Energy, Loss of consciousness, Seizure",Cocaine,,51.505,-0.2211
W062929,2025-03-11,RG21,Cocaine/Coke,MMMC,White,Powder,Not Stated,Not Stated,Cocaine,,51.2625,-1.0871
W062869,2025-03-11,NE15,Cocaine,Not Stated,White,Powder,Snort / Sniff,"Euphoria, Increased Energy, Increased Confidence, Irregular Heartbeat, Agitation",Cocaine,Norcocaine,54.99177142857143,-1.7885428571428572
W062345,2025-03-11,TS3,Cocaine,Not Stated,"White, White",Powder,Intravenous,Not Stated,Cocaine,Phenacetin,54.562099999999994,-1.1877666666666666
W062971,2025-03-11,BN2,Cocaine,Not Stated,White,Powder,Snort / Sniff,"Euphoria, Increased Energy, Increased Confidence, Relaxed",Cocaine,,50.823825,-0.082825
W062970,2025-03-11,BN21,Cocaine,Not Stated,White,Powder,Snort / Sniff,"Euphoria, Increased Energy, Increased Confidence, Relaxed",Cocaine,,50.7687,0.2845
W062946,2025-03-12,FK2,Cocaine,Cocaine,"White, Green",Powder,"Snort / Sniff, Intravenous","Increased Energy, Increased Confidence, Chest Pains, Irregular Heartbeat, Nosebleeds, Paranoia, Panic Attack","Heroin, Noscapine, 6-Acetylcodeine","6-MAM, Papaverine",56.01717272727273,-3.755472727272727
W062945,2025-03-12,FK2,Cocaine,Cocaine,"White, Grey",Powder,Not Stated,Not Stated,"Heroin, Noscapine, 6-Acetylcodeine","6-MAM, Caffeine, Papaverine",56.01717272727273,-3.755472727272727
W062660,2025-03-12,HR3,Cocaine,Cocaine,White,Powder,Not Stated,Not Stated,Cocaine,"Levamisole, Norcocaine",52.08754242424242,-3.049269696969697
W062825,2025-03-12,HR3,Washed Cocaine,SP Six/ Acetone Washed,White,Powder,Not Stated,Not Stated,Cocaine,,52.08754242424242,-3.049269696969697
W063063,2025-03-18,SE01,Cocaine,Seuk Colo #03,White,Powder,Not Stated,Not Stated,Cocaine,Norcocaine,,
W063004,2025-03-18,L10,Cocaine,Not Stated,White,Powder,Not Stated,Not Stated,Cocaine,,53.4754,-2.952
W062638,2025-03-18,SW18,Cocaine,Veuveu,White,Granules,Not Stated,Not Stated,Cocaine,,51.4489,-0.1971
W062637,2025-03-18,SW18,Cocaine,Viktor Vaughn,White,Powder,Not Stated,Not Stated,Cocaine,,51.4489,-0.1971
W062738,2025-03-18,ML3,Cocaine,Not Stated,White,Powder,Snort / Sniff,"Increased Libido, Chest Pains, Panic Attack, Insomnia",Paracetamol,,55.76254285714286,-4.045457142857143
W062791,2025-03-18,RG1,Cocaine,Not Stated,White,Powder,Not Stated,Not Stated,Cocaine,,51.4563,-0.9711
W062832,2025-03-18,EH1,Coke,Not Stated,White,Powder,Not Stated,Not Stated,Cocaine,,55.9521,-3.1965
W062707,2025-03-18,EH1,Cocaine,Not Stated,White,Powder,Not Stated,Not Stated,Cocaine,,55.9521,-3.1965
W062636,2025-03-18,SW18,Cocaine,HGM Washed,White,Powder,Not Stated,Not Stated,Cocaine,,51.4489,-0.1971
W063304,2025-03-20,BO13,Crack,Not Stated,White,Solid,Smoked,"Increased Energy, Nausea, Irregular Heartbeat",Cocaine,,,
000042536,2025-03-20,NP20,Cocaine/ketamine,Not Stated,White,Powder,Not Stated,Not Stated,Cocaine,Norcocaine,51.5877,-2.9984
W063278,2025-03-20,WR1,Cocaine,Not Stated,White,Powder,Not Stated,"Increased Energy, Memory Loss",Cocaine,,52.1894,-2.22
W063214,2025-03-20,SO14,Crack cocaine,Mo's light,"White, Grey",Solid,Smoked,"Irregular Heartbeat, Nausea, Paranoia, Agitation, Insomnia, Depression",Cocaine,,50.911,-1.392
000042530,2025-03-20,NP20,Cocaine/ketamine,Not Stated,White,Powder,Snort / Sniff,Not Stated,Cocaine,,51.5877,-2.9984
W063001,2025-03-20,EH21,Cocaine,Not Stated,White,Granules,Smoked,"Increased Energy, Increased Confidence",Cocaine,,55.94169999999999,-3.0499
W063028,2025-03-20,HR3,Cocaine,UKP - Pare,White,Powder,Not Stated,Not Stated,Cocaine,,52.08754242424242,-3.049269696969697
W063170,2025-03-20,EN2,Crack cocaine,Not Stated,White,Solid,Not Stated,Not Stated,Cocaine,"Benzoylecgonine, Ecgonine methyl ester",51.6515,-0.085
000042537,2025-03-20,NP20,Cocaine,Not Stated,White,Powder,Not Stated,Not Stated,Ketamine,,51.5877,-2.9984
W060182,2025-03-27,AB11,Crack cocaine,Not Stated,White,Granules,Smoked,Not Stated,"Cocaine, Phenacetin",Benzoylecgonine,57.1437,-2.0981
W063176,2025-03-27,SW19,CK calvin klein coke +ketamine,Not Stated,White,Powder,Not Stated,Not Stated,"MDMA, Ketamine, Cocaine, Levamisole",,51.42343333333333,-0.1973333333333333
000042538,2025-03-27,CF10,Cocaine or ketamine,Not Stated,White,Crystalline,Not Stated,Not Stated,Ketamine,,51.48,-3.18
W063212,2025-03-27,TF9,Cocaine,Not Stated,White,Powder,Not Stated,Not Stated,Cocaine,,52.85675853658537,-2.425558536585366
W063375,2025-03-27,TR14,Cocaine,Not Stated,White,Powder,Not Stated,Not Stated,Cocaine,,50.19814,-5.30309
W063373,2025-03-27,TW11,cocaine,Not Stated,White,Granules,Not Stated,Not Stated,Cocaine,,51.4223,-0.3305
W063356,2025-03-27,WF3,Cocaine,Not Stated,White,Granules,Not Stated,Not Stated,Cocaine,,53.729016666666666,-1.5177500000000002
000234054,2025-04-03,NP20,Crack,Not Stated,White,Solid,Not Stated,Not Stated,Cocaine,"Benzoylecgonine, Ecgonine methyl ester",51.5877,-2.9984
000233211,2025-04-03,CF3,Cocaine,Not Stated,White,Powder,Snort / Sniff,Not Stated,Cocaine,,51.52382222222222,-3.0891333333333333
000233212,2025-04-03,CF3,Cocaine,Not Stated,White,Powder,Snort / Sniff,"Euphoria, Increased Confidence, Increased Energy, Increased Stamina, Increased Strength, Nosebleeds, Memory Loss, Paranoia, Agitation",Cocaine,,51.52382222222222,-3.0891333333333333
W063653,2025-04-07,UB7,Cocaine,TPS,White,Solid,Not Stated,Not Stated,Cocaine,,51.50226,-0.47134
000233816,2025-04-07,NP4,Cocaine,Not Stated,White,Powder,Not Stated,Not Stated,Cocaine,,51.718515789473685,-3.030521052631579
W063606,2025-04-07,NP19,Cocaine,Not Stated,White,Powder,Snort / Sniff,"Increased Energy, Increased Confidence, Paranoia, Breathlesness, Chest Pains, Irregular Heartbeat",Cocaine,,51.5888,-2.9638
000235402,2025-04-07,LD3,Cocaine,Not Stated,White,Powder,Snort / Sniff,"Euphoria, Irregular Heartbeat, Agitation, Insomnia, Nausea","Cocaine, Procaine",,51.99435362318841,-3.411075362318841
W063336,2025-04-07,G11,Cocaine,Streee deal,White,Powder,Not Stated,Not Stated,Cocaine,,55.8708,-4.3057
000235556,2025-04-07,NP12,Cocaine,Cocaine,White,Powder,Not Stated,"Increased Energy, Nosebleeds",Cocaine,,51.6678,-3.2075
W063463,2025-04-07,WC1,Cocaine,Cocaine,White,Powder,Not Stated,Not Stated,Cocaine,,51.525485714285715,-0.1222999999999999
W062544,2025-04-08,CH65,Bolivian coke,Coke,White,Granules,Not Stated,Not Stated,Cocaine,,53.2787,-2.9013
W063577,2025-04-08,TW9,Cocaine,High Purity cocaine (UKP),White,Powder,Snort / Sniff,No Effect,Phenacetin,Benzocaine,51.47153333333333,-0.2963666666666666
W063602,2025-04-08,KY5,Crack cocaine,Not Stated,"White, White",Crystalline,Smoked,Not Stated,Cocaine,Benzoylecgonine,56.1493125,-3.285875
W063664,2025-04-15,SE4,Cocaine,Not Stated,White,Powder,Snort / Sniff,"Increased Energy, Increased Confidence",Cocaine,,51.46099999999999,-0.0352
W063787,2025-04-15,BN1,Cocaine,Soical Pharma 2,White,Powder,Oral,"Euphoria, Increased Energy, Nausea",Cocaine,,50.8614,-0.1204166666666666
W063514,2025-04-15,G82,Crack,Not Stated,White,Granules,Smoked,Euphoria,"Cocaine, Phenacetin",,55.954800000000006,-4.5815222222222225
W063776,2025-04-24,EH51,Cocaine,Cocaine,White,Powder,Intravenous,"Increased Energy, Increased Confidence, Increased Stamina, Increased Libido, Irregular Heartbeat",Cocaine,,56.01669999999999,-3.6167
W063775,2025-04-24,EH51,Cocaine,Cocaine,White,Powder,Not Stated,Not Stated,Cocaine,,56.01669999999999,-3.6167
W064270,2025-04-24,HR3,Cocaine,Popege Colombian Dream,White,Powder,Not Stated,Not Stated,Cocaine,,52.08754242424242,-3.049269696969697
W063544,2025-04-24,HR3,COCAINE,SOCIAL PHARMA #6,White,Powder,Not Stated,Not Stated,Cocaine,,52.08754242424242,-3.049269696969697
W063543,2025-04-24,HR3,COCAINE,UK PABLO,White,Powder,Not Stated,Not Stated,Cocaine,Phenacetin,52.08754242424242,-3.049269696969697
W064186,2025-04-24,G12,Cocaine,KYL Stamp,White,Powder,Not Stated,Not Stated,Cocaine,,55.8804,-4.3007
W064275,2025-04-24,RG12,Cocaine,Top2,White,Powder,Snort / Sniff,"Increased Energy, Empathy, Insomnia, Agitation",Cocaine,,51.4007,-0.7635
W064276,2025-04-24,RG12,Cocaine,Fifa,White,Powder,Snort / Sniff,"Euphoria, Increased Energy, Increased Confidence, Empathy, Insomnia",Cocaine,,51.4007,-0.7635
000232527,2025-04-24,G403,Cocaine,Cocaine,White,Powder,"Smoked, Snort / Sniff, Intravenous",Not Stated,Cocaine,Norcocaine,55.8485,-4.2235
W064243,2025-04-24,NG5,Cocaine,Not Stated,White,Powder,Snort / Sniff,"Euphoria, Increased Confidence, Increased Energy, Agitation",Cocaine,,53.0006,-1.1315
W064242,2025-04-24,NG5,Cocaine,Not Stated,White,Powder,Snort / Sniff,"Increased Energy, Increased Confidence, Agitation",Cocaine,,53.0006,-1.1315
W063856,2025-04-24,TF3,cocaine,the Connect - King,White,Powder,Not Stated,Not Stated,Cocaine,,52.6766,-2.4493
W063934,2025-04-29,OX3,Cocaine,Not Stated,White,Powder,Not Stated,Not Stated,Cocaine,,51.78040000000001,-1.2171666666666667
W064141,2025-04-29,W72,Cocaine,Not Stated,White,Powder,Not Stated,Not Stated,"Cocaine, Procaine",,,
W064058,2025-04-29,NE1,Cocaine,Not Stated,White,Powder,Not Stated,Not Stated,Cocaine,,54.9733,-1.614
W064143,2025-04-29,SW34,Cocaine,Viktor Vaughn,White,Powder,Not Stated,Not Stated,Cocaine,,51.487975000000006,-0.165875
W064541,2025-04-30,SW4,Cocaine,Cocaine pix,White,Powder,Snort / Sniff,"Euphoria, Increased Confidence, Enhanced Senses",Cocaine,Norcocaine,51.46758,-0.12912
W064319,2025-04-30,BS13,Cocaine,Not Stated,White,Granules,Not Stated,Not Stated,Cocaine,,51.4121,-2.612
W064130,2025-04-30,TR14,Cocaine,Not Stated,White,Powder,Not Stated,Not Stated,Cocaine,,50.19814,-5.30309
W064108,2025-04-30,RG12,Cocaine,Not Stated,White,Powder,Snort / Sniff,"Euphoria, Increased Energy, Insomnia",Cocaine,,51.4007,-0.7635
W064110,2025-04-30,RG12,Cocaine,PP3,White,Powder,Smoked,"Euphoria, Increased Energy, Empathy",Cocaine,,51.4007,-0.7635
W064109,2025-04-30,RG12,Cocaine,Not Stated,White,Powder,Snort / Sniff,"Euphoria, Increased Energy, Increased Confidence, Insomnia",Cocaine,,51.4007,-0.7635
W064308,2025-05-07,SY7,Cocaine,Cocaine,White,Powder,Not Stated,Not Stated,Cocaine,Norcocaine,52.436390540540536,-2.832714864864865
W047844,2025-05-07,KY2,Cocaine,Not Stated,"Colourless, White",Powder,Intravenous,"Increased Energy, Increased Confidence, Increased Stamina, Increased Libido, Relaxed, Vomiting",Phenacetin,,56.116666666666674,-3.2097
W064294,2025-05-07,RG12,Cocaine,GR#2,White,Powder,Not Stated,Not Stated,Cocaine,Norcocaine,51.4007,-0.7635
W064293,2025-05-07,RG12,Cocaine,GR#1,White,Powder,Not Stated,Not Stated,Cocaine,"Norcocaine, Benzoylecgonine",51.4007,-0.7635
W064268,2025-05-07,G12,Cocaine,KRN stamp,White,Powder,Not Stated,Not Stated,Cocaine,"Levamisole, Norcocaine",55.8804,-4.3007
W064333,2025-05-07,KY12,Cocaine,Not Stated,White,Powder,Not Stated,Not Stated,Cocaine,Procaine,56.087095,-3.539235
W064187,2025-05-07,MK17,Cocaine,Cocaine,White,Powder,Not Stated,Not Stated,Cocaine,,51.98291739130435,-0.7129
000234721,2025-05-07,CF10,Cocaine,Not Stated,White,Solid,Smoked,Not Stated,Cocaine,Benzoylecgonine,51.48,-3.18
W064185,2025-05-07,G12,Cocaine,Taz Shamp,White,Powder,Not Stated,Not Stated,Cocaine,"Caffeine, Phenacetin, Procaine, Benzocaine",55.8804,-4.3007
W063949,2025-05-07,TF9,Cocaine,Double star,White,Powder,Not Stated,Not Stated,Cocaine,"Norcocaine, Levamisole",52.85675853658537,-2.425558536585366
W064459,2025-05-08,SW19,Cocaine,Not Stated,White,Powder,Not Stated,Not Stated,Cocaine,,51.42343333333333,-0.1973333333333333
W064490,2025-05-08,HR3,Cocaine,RW triple G,White,Powder,Not Stated,Not Stated,Cocaine,,52.08754242424242,-3.049269696969697
W063457,2025-05-08,BS5,Cocaine,Cocaine,White,Powder,Not Stated,"Euphoria, Increased Energy, Increased Confidence, Empathy, Agitation",Cocaine,,51.462,-2.5519
W064467,2025-05-08,DL15,Cocaine,Cocaine,White,Powder,Not Stated,"Increased Energy, Increased Confidence, Irregular Heartbeat, Nosebleeds, Paranoia",Cocaine,,54.7021875,-1.730175
W064403,2025-05-08,SA6,Cocaine,Cocaine basin,White,Powder,Snort / Sniff,"Euphoria, Visual Hallucinations, Nosebleeds, Nausea",Cocaine,,51.6766,-3.9147
W064469,2025-05-08,NW6,Cocaine,Not Stated,White,Powder,Snort / Sniff,"Auditory Hallucinations, Relaxed, Breathlesness, Chest Pains, Confusion, Agitation",Cocaine,Norcocaine,51.54194444444445,-0.1931888888888888
000236851,2025-05-13,CF63,COCAINE,Not Stated,White,Powder,Snort / Sniff,Not Stated,Cocaine,"Norcocaine, Benzoylecgonine",51.4172,-3.2614
W064447,2025-05-13,E17,COCAINE,COCAINE,White,Powder,Not Stated,Not Stated,Cocaine,"Norcocaine, Benzoylecgonine",51.58758,-0.02048
W064879,2025-05-13,SA13,Cocaine,Not Stated,White,Powder,Not Stated,Not Stated,Paracetamol,,51.63321111111111,-3.670888888888888
W064861,2025-05-13,SE1,Coke,Not Stated,White,Powder,Not Stated,Not Stated,Cocaine,,51.49874615384616,-0.0930384615384615
W064874,2025-05-13,PE18,Cocaine,Not Stated,"White, White",Powder,Not Stated,Not Stated,Cocaine,,52.58253333333334,-0.2419333333333333
000233057,2025-05-13,G29,Cocaine,Cocaine,White,Granules,Not Stated,Not Stated,Cocaine,Benzoylecgonine,,
W064677,2025-05-13,NP19,Cocaine,Cocaine Rayful white,White,Granules,Snort / Sniff,"Increased Energy, Increased Confidence, Enhanced Senses, Confusion, Agitation, Headache",Cocaine,"Benzoylecgonine, Levamisole",51.5888,-2.9638
W064668,2025-05-13,SE1,Coke,Not Stated,White,Powder,Not Stated,Not Stated,Cocaine,,51.49874615384616,-0.0930384615384615
W064649,2025-05-13,CF44,Cocaine,Cocaine,White,Powder,Oral,"Increased Energy, Increased Confidence, Increased Strength, Insomnia",Cocaine,,51.7327125,-3.48293125
000233959,2025-05-13,CF83,Cocaine,Cocaine,White,Powder,Snort / Sniff,"Increased Energy, Increased Confidence, Nausea, Agitation","Cocaine, Levamisole, Procaine",,51.59288333333333,-3.2333833333333337
000230490,2025-05-13,NP20,Cocaine,Not Stated,White,Powder,Not Stated,Not Stated,Cocaine,,51.5877,-2.9984
W064640,2025-05-13,G12,Cocaine,King stamp,White,Powder,Not Stated,Not Stated,Cocaine,,55.8804,-4.3007
W064591,2025-05-13,S2,Cocaine,Cocaine,White,Powder,Not Stated,Not Stated,Cocaine,,53.383,-1.4659
W064633,2025-05-13,WR13,Crack cocaine,Not Stated,,Powder,Smoked,Chest Pains,"Cocaine, Phenacetin",Benzoylecgonine,52.09508421052632,-2.3295421052631577
W064568,2025-05-13,KY58,Cocaine,Not Stated,White,Powder,Intravenous,"Psychosis, Vomiting, Nausea",Cocaine,,56.1493125,-3.285875
000236852,2025-05-13,CF62,Cocaine,Not Stated,White,Granules,Not Stated,"Euphoria, Increased Energy, Increased Confidence, Enhanced Senses, Increased Stamina, Nosebleeds, Depression, Suicidal Ideation",No Active Component Identified,,51.4027,-3.37145
W064601,2025-05-13,CM18,Cocaine,Not Stated,White,Powder,Snort / Sniff,"Euphoria, Increased Energy, Increased Confidence, Empathy, Irregular Heartbeat, Paranoia, Confusion, Panic Attack, Depression",Cocaine,,51.7766,0.1116
W064602,2025-05-13,CM18,Cocaine,Cocaine,White,Powder,Not Stated,Not Stated,"Cocaine, Lidocaine",Procaine,51.7766,0.1116
W064636,2025-05-13,SA1,Cocaine,Not Stated,White,Powder,Snort / Sniff,No Effect,Sertraline,,51.633979999999994,-3.94848
W064645,2025-05-13,CM18,Cocaine,Cocaine,"White, White",Powder,Not Stated,Not Stated,"Cocaine, Lidocaine",Procaine,51.7766,0.1116
W065077,2025-05-16,TN23,Cocaine,Cocaine,White,Powder,Not Stated,Not Stated,No Active Component Identified,,51.1301,0.8432
W063777,2025-05-16,52,Cocaine,Cocaine,White,Powder,Smoked,"Increased Energy, Increased Confidence, Chest Pains, Irregular Heartbeat","Cocaine, Phenacetin",,,
000233950,2025-05-16,CF83,Cocaine,cocaine,White,Powder,Not Stated,"Increased Energy, Increased Stamina, Increased Libido, Increased Strength, Chest Pains, Irregular Heartbeat, Vomiting",Cocaine,,51.59288333333333,-3.2333833333333337
W064976,2025-05-16,G12,Cocaine,Jaguar stamp,,Powder,Not Stated,Not Stated,Cocaine,,55.8804,-4.3007
W065119,2025-05-22,RG12,Cocaine,Not Stated,White,Powder,Snort / Sniff,"Euphoria, Increased Energy, Increased Confidence, Enhanced Senses, Increased Stamina, Empathy, Insomnia",Cocaine,Norcocaine,51.4007,-0.7635
W065175,2025-05-22,CF23,Cocaine,Not Stated,White,Powder,Not Stated,Not Stated,Cocaine,,51.5144,-3.1545
W065063,2025-05-22,CB22,Bolivian cocaine,Not Stated,White,Powder,Snort / Sniff,"Increased Energy, Enhanced Senses, Insomnia",Cocaine,,52.13283157894737,0.1341894736842105
W065179,2025-05-22,FK3,Cocaine,Not Stated,White,Powder,Smoked,"Increased Energy, Increased Confidence, Chest Pains, Irregular Heartbeat",Cocaine,,56.0114,-3.7218
000236981,2025-05-22,,Crack cocaine,Not Stated,Orange,Powder,Oral,"Nausea, Vomiting, Paranoia","Caffeine, Amphetamine",,0,0
W065121,2025-05-22,RG12,Cocaine,GC,White,Powder,Snort / Sniff,"Increased Energy, Increased Confidence, Increased Strength, Empathy, Insomnia",Cocaine,Norcocaine,51.4007,-0.7635
000237000,2025-05-22,,Crak cocaine,Not Stated,White,Solid,Oral,Increased Confidence,"Caffeine, Amphetamine",,0,0
W065148,2025-05-22,AB51,Cocaine,Cocaine,White,Powder,Snort / Sniff,"Chest Pains, Irregular Heartbeat, Breathlesness, Nosebleeds, Nausea, Paranoia, Confusion, Agitation",Cocaine,Levamisole,57.276892045454545,-2.442275
W065120,2025-05-22,RG12,Cocaine,Fifa,White,Powder,Snort / Sniff,"Empathy, Auditory Hallucinations, Visual Hallucinations, Insomnia",Cocaine,Levamisole,51.4007,-0.7635
000232895,2025-05-22,CF83,Cocaine,Cocaine,White,Powder,Snort / Sniff,Not Stated,Cocaine,,51.59288333333333,-3.2333833333333337
000234086,2025-05-22,NP20,Cocaine,Not Stated,White,Powder,Snort / Sniff,"Euphoria, Increased Energy, Increased Libido",Cocaine,,51.5877,-2.9984
W065177,2025-05-22,MS0,Coke,Not Stated,White,Powder,Snort / Sniff,"Euphoria, Increased Energy, Increased Confidence",No Active Component Identified,,,
W065178,2025-05-22,MS01,Coke,Not Stated,White,Powder,Snort / Sniff,"Euphoria, Increased Energy, Increased Confidence",No Active Component Identified,,,
W065379,2025-05-28,RG12,Cocaine,Bolivian rube,White,Powder,Snort / Sniff,"Euphoria, Increased Confidence, Enhanced Senses, Increased Stamina, Empathy, Insomnia",Cocaine,,51.4007,-0.7635
W065378,2025-05-28,RG12,Cocaine,Pix ,White,Powder,Snort / Sniff,"Euphoria, Increased Confidence, Enhanced Senses, Insomnia",Cocaine,Norcocaine,51.4007,-0.7635
W065274,2025-05-28,NR1,Cocaine,Not Stated,White,,Not Stated,Not Stated,Cocaine,,52.6271,1.3072
W065420,2025-05-28,TS01,Cocaine,Cocaine,White,Powder,Not Stated,Not Stated,Cocaine,,,
W065421,2025-05-28,TS01,Cocaine,Cocaine,White,Powder,Not Stated,Not Stated,Cocaine,,,
W065333,2025-05-30,EH12,cocaine,21/MNUK,White,Powder,Not Stated,Not Stated,Cocaine,,55.9429,-3.285
W065246,2025-05-30,TD1,cocaine,Not Stated,White,Powder,Smoked,"Euphoria, Increased Energy, Paranoia, Agitation",Cocaine,,55.66659333333334,-2.8606933333333333
W065429,2025-05-30,EH51,cocaine,cocaine,White,Powder,Intravenous,"Increased Energy, Increased Confidence, Increased Libido, Chest Pains, Irregular Heartbeat",Cocaine,,56.01669999999999,-3.6167
000236297,2025-06-06,CF83,Cocaine,Not Stated,White,Powder,Not Stated,"Increased Energy, Increased Confidence, Irregular Heartbeat, Paranoia, Agitation",Cocaine,,51.59288333333333,-3.2333833333333337
W065203,2025-06-13,SL4,Cocaine,Not Stated,White,Solid,Not Stated,Not Stated,Cocaine,,51.47827692307692,-0.6311692307692307
W065477,2025-06-13,HR3,Cocaine,AX-eagle Stamp,White,Powder,Not Stated,Not Stated,Cocaine,,52.08754242424242,-3.049269696969697
W065205,2025-06-13,SL4,Cocaine,Not Stated,White,Powder,Not Stated,Not Stated,Cocaine,,51.47827692307692,-0.6311692307692307
W065478,2025-06-13,HR3,Cocaine,Popeye-cola dream,,Powder,Not Stated,Not Stated,Cocaine,,52.08754242424242,-3.049269696969697
W065444,2025-06-13,NR2,Cocaine,Cocaine,White,Granules,Snort / Sniff,"No Effect, Euphoria, Increased Confidence, Enhanced Senses",Cocaine,,52.62865,1.28955
W065474,2025-06-13,DY10,Cocaine,Cocaine,White,Powder,Not Stated,Not Stated,Cocaine,,52.3848,-2.212788888888889
W065534,2025-06-16,S1,Cocaine,Not Stated,White,Powder,Not Stated,Not Stated,Cocaine,,53.383,-1.4659
W065688,2025-06-16,G12,Cocaine,Pix Stamp,"White, White",Powder,Not Stated,Not Stated,Cocaine,Norcocaine,55.8804,-4.3007
W065723,2025-06-17,BS24,Cocaine,Not Stated,White,Powder,Not Stated,Not Stated,Cocaine,,51.32409,-2.91161
000236502,2025-06-17,CF31,Crack cocaine,Not Stated,Green,Solid,Not Stated,Not Stated,"Cocaine, Benzoylecgonine",,51.507666666666665,-3.577733333333333
W065599,2025-06-17,HP22,Cocaine,Not Stated,White,Solid,Snort / Sniff,"Euphoria, Enhanced Senses, Increased Libido",Cocaine,,51.83288095238095,-0.786652380952381
W065685,2025-06-17,G12,Cocaine,Not Stated,White,Powder,Not Stated,Not Stated,"Cocaine, Procaine",,55.8804,-4.3007
W065551,2025-06-17,SE4,Cocaine,Not Stated,White,Powder,Not Stated,Not Stated,Cocaine,,51.46099999999999,-0.0352
W065522,2025-06-17,WV1,Cocaine,Not Stated,White,Powder,Snort / Sniff,"Euphoria, Increased Energy, Increased Confidence, Enhanced Senses, Increased Stamina, Increased Libido, Empathy",Cocaine,,52.58135,-2.11545
W065456,2025-06-17,WV1,Cocaine,Not Stated,White,Powder,Snort / Sniff,"Euphoria, Increased Energy, Increased Confidence, Enhanced Senses, Increased Stamina, Increased Libido",Cocaine,,52.58135,-2.11545
000039659,2025-06-17,NP12,Cocaine powder,Not Stated,White,Powder,Snort / Sniff,"Increased Energy, Increased Confidence, Enhanced Senses, Chest Pains, Depression",Cocaine,,51.6678,-3.2075
W065458,2025-06-17,SO17,Cocaine,veujw,White,Powder,Not Stated,Not Stated,Cocaine,,50.927,-1.394
W065550,2025-06-17,OX5,Cocaine,Peruvian Coke,White,Powder,Snort / Sniff,"Euphoria, Increased Confidence, Increased Libido, Irregular Heartbeat, Nosebleeds, Depression, Nasal Burning",Cocaine,,51.844725,-1.2513
W065588,2025-06-17,SE1,Cocaine,Not Stated,White,Powder,Not Stated,Not Stated,Cocaine,Procaine,51.49874615384616,-0.0930384615384615
W065693,2025-06-17,BS4,Cocaine,Not Stated,White,Powder,Not Stated,Not Stated,"Ketamine, Cocaine",,51.4345,-2.55525
W065595,2025-06-17,B18,Cocaine,Not Stated,White,Powder,Not Stated,Not Stated,Cocaine,,52.4814,-1.8998
W065466,2025-06-17,NP20,Crack cocaine,Not Stated,White,Solid,Smoked,"Euphoria, Increased Energy, Visual Hallucinations, Chest Pains, Paranoia, Confusion, Agitation",Cocaine,Benzoylecgonine,51.5877,-2.9984
W065825,2025-06-20,OX4,Cocaine,Mule,White,Powder,Snort / Sniff,"Euphoria, Increased Energy, Increased Confidence, Enhanced Senses, Empathy, Insomnia",Cocaine,,51.723725,-1.224375
W065826,2025-06-20,OX4,Cocaine,peruvian,White,Powder,Snort / Sniff,"Increased Energy, Increased Confidence, Empathy, Insomnia",Cocaine,,51.723725,-1.224375
W065770,2025-06-20,TD11,Cocaine,Not Stated,White,Powder,"Smoked, Snort / Sniff","Euphoria, Increased Energy, Increased Confidence, Enhanced Senses, Nausea, Vomiting",Cocaine,,55.78830869565218,-2.312726086956522
W065819,2025-06-20,N1,Cocaine,Not Stated,White,Solid,Not Stated,Not Stated,Cocaine,,51.53669,-0.0944
W065459,2025-06-20,SO15,COCAINE,SPAINCARTELCOLO,White,Powder,Not Stated,Not Stated,Cocaine,,50.913799999999995,-1.419675
W065822,2025-06-20,SE1,cocaine,cocaine,White,Powder,Not Stated,Not Stated,"Cocaine, Procaine",,51.49874615384616,-0.0930384615384615
W065771,2025-06-20,TD11,Cocaine,Not Stated,White,Powder,"Smoked, Snort / Sniff","Euphoria, Increased Energy, Increased Confidence, Enhanced Senses, Nausea, Vomiting",Cocaine,,55.78830869565218,-2.312726086956522
W065851,2025-06-24,BS1,Cocaine,Not Stated,White,Powder,Snort / Sniff,Increased Confidence,Cocaine,,51.4552,-2.5966
W065845,2025-06-24,FK2,Crack cocaine,Crack cocaine,White,Solid,Smoked,"Increased Confidence, Irregular Heartbeat",Cocaine,"Benzoylecgonine, Norcocaine",56.01717272727273,-3.755472727272727
W065827,2025-06-24,OX4,Cocaine,Bolt tube,"White, White",Powder,Snort / Sniff,"Euphoria, Increased Energy, Increased Confidence, Enhanced Senses, Increased Stamina, Empathy, Insomnia",Cocaine,,51.723725,-1.224375
W065828,2025-06-24,OX4,Cocaine,Goa 1,White,Powder,Snort / Sniff,"Increased Energy, Increased Stamina, Empathy, Insomnia",Cocaine,,51.723725,-1.224375
W066099,2025-06-24,CF14,Cocaine,Not Stated,White,Powder,Not Stated,Not Stated,"Cocaine, Norcocaine",,51.5199,-3.204
W065994,2025-06-25,SG14,Cocaine,Not Stated,White,Powder,Not Stated,Not Stated,Cocaine,Procaine,51.811775,-0.11705
W065733,2025-06-25,EH3,Cocaine,Not Stated,White,Powder,Snort / Sniff,"Euphoria, Increased Energy, Irregular Heartbeat, Nausea, Confusion, Agitation, Tiredness, Dizziness",Cocaine,,55.9521,-3.1965
W065786,2025-06-25,BN3,Cocaine,Not Stated,White,Powder,Snort / Sniff,"Euphoria, Increased Energy, Increased Confidence, Increased Libido, Breathlesness, Chest Pains, Irregular Heartbeat",Cocaine,,50.836725,-0.179625
W065996,2025-06-25,S14,Cocaine,Not Stated,White,Powder,Not Stated,Not Stated,Cocaine,Procaine,53.3462,-1.4445
W065882,2025-06-25,HD92,Cocaine,Not Stated,White,Powder,Snort / Sniff,"Euphoria, Increased Energy, Increased Confidence, Increased Libido, Relaxed, Irregular Heartbeat, Insomnia",Cocaine,Procaine,53.5697,-1.7878
W065983,2025-06-25,SE11,Cocaine,Cocaine,White,Powder,Not Stated,Not Stated,Cocaine,,51.4881,-0.113125
W066162,2025-07-01,G12,Cocaine,pix stamp SW,White,Powder,Not Stated,Not Stated,Cocaine,Norcocaine,55.8804,-4.3007
W066129,2025-07-01,G12,Cocaine,Greengo 2,White,Powder,Not Stated,Not Stated,"Cocaine, Procaine",,55.8804,-4.3007
W065735,2025-07-01,EH11,Cocaine,Not Stated,White,Powder,Snort / Sniff,"Chest Pains, Nausea, Headache",Cocaine,,55.9326,-3.2531
W066274,2025-07-01,NG20,Cocaine,Mrwhiteuk,White,Powder,Not Stated,Not Stated,Cocaine,,53.21734,-1.18344
W066249,2025-07-01,KY11,Coke,Not Stated,White,Capsule,"Oral, Snort / Sniff","Euphoria, Increased Energy, Enhanced Senses, Increased Libido, Nausea","Paracetamol, Cocaine",,56.037644444444446,-3.422588888888889
W066368,2025-07-02,BS1,Cocaine,Not Stated,White,Powder,Not Stated,"Increased Energy, Increased Confidence, Increased Stamina, Increased Libido, Relaxed",Cocaine,,51.4552,-2.5966
000236873,2025-07-02,CF63,Cocaine,Not Stated,White,Powder,Snort / Sniff,No Effect,Cocaine,,51.4172,-3.2614
000234061,2025-07-03,NP20,Crack Cocaine,Not Stated,,,Smoked,Euphoria,Cocaine,Benzoylecgonine,51.5877,-2.9984
W066542,2025-07-08,TN14,Cocaine,Not Stated,White,Powder,Snort / Sniff,"Increased Energy, Increased Stamina, Headache",Cocaine,,51.29797857142857,0.1372928571428571
W066554,2025-07-08,B12,Cocaine,Not Stated,White,Powder,Snort / Sniff,"Increased Energy, Enhanced Senses, Increased Libido, Irregular Heartbeat, Memory Loss, Depression",Cocaine,,52.4814,-1.8998
W066477,2025-07-08,BN12,Cocaine,Not Stated,White,Powder,Snort / Sniff,"Euphoria, Increased Energy, Increased Confidence, Enhanced Senses, Increased Stamina, Increased Libido, Nosebleeds, Insomnia",Cocaine,,50.80785,-0.43005
W066318,2025-07-08,SA1,Crack cocaine,Not Stated,White,Powder,Intravenous,"Euphoria, Increased Energy, Increased Confidence, Paranoia, Insomnia",Cocaine,,51.633979999999994,-3.94848
000233938,2025-07-08,CF83,Suspected cocaine,Not Stated,White,Powder,Snort / Sniff,"Euphoria, Increased Energy, Agitation",Cocaine,,51.59288333333333,-3.2333833333333337
000234897,2025-07-09,SA45,Cocaine,Cocaine,White,Powder,Not Stated,Not Stated,"Cocaine, Paracetamol",Caffeine,52.209680000000006,-4.35834
W066604,2025-07-09,B930,Cocaine,Not Stated,White,Granules,Not Stated,Not Stated,"Cocaine, Phenacetin",,52.38528333333333,-1.7273166666666668
W066522,2025-07-09,RG12,Cocaine,Porsche,White,Powder,Snort / Sniff,"Euphoria, Increased Confidence, Enhanced Senses, Empathy, Insomnia",Cocaine,,51.4007,-0.7635
000234893,2025-07-09,SY23,Cocaine,Not Stated,White,Powder,Not Stated,Not Stated,Cocaine,,52.34458541666667,-3.9885
000236994,2025-07-09,CF31,Cocaine,Not Stated,White,Powder,Not Stated,Not Stated,"Cocaine, Phenacetin",,51.507666666666665,-3.577733333333333
W066569,2025-07-09,BN2,Cocaine,Not Stated,White,Powder,Snort / Sniff,"Increased Energy, Irregular Heartbeat, Nausea","Cocaine, Paracetamol",,50.823825,-0.082825
W066523,2025-07-09,RG12,Cocaine,Ace of Diamonds,White,Powder,Snort / Sniff,"Euphoria, Increased Energy, Empathy, Insomnia",Cocaine,,51.4007,-0.7635
W066657,2025-07-15,WR4,Cocaine,Not Stated,White,Powder,Snort / Sniff,"Enhanced Senses, Auditory Hallucinations, Visual Hallucinations, Irregular Heartbeat, Nosebleeds, Paranoia, Memory Loss, Panic Attack, Agitation, Insomnia, Depression, Suicidal Ideation",Cocaine,,52.2038,-2.1897
W066773,2025-07-15,DA12,Pink cocaine,Not Stated,Pink,Powder,Not Stated,Not Stated,"Ketamine, MDMA",,51.4177875,0.3915125
W066770,2025-07-15,NR3,Cocaine,Not Stated,White,Powder,Snort / Sniff,"Increased Energy, Insomnia",Cocaine,,52.6278,1.2983
W066741,2025-07-15,W2,Cocaine,Not Stated,White,Powder,Not Stated,Not Stated,Cocaine,,51.51413636363636,-0.1886454545454545
W066768,2025-07-15,PO77,Cocaine,Not Stated,Yellow,Powder,Snort / Sniff,"Euphoria, Increased Energy, Increased Confidence, Enhanced Senses, Increased Stamina, Increased Libido, Empathy","Cocaine, Phenacetin",Levamisole,50.8953875,-1.0532125
W066765,2025-07-15,PO77,Cocaine,Coke,White,Granules,Not Stated,Not Stated,Cocaine,,50.8953875,-1.0532125
W066767,2025-07-17,PO77,Cocaine,Poor quality coke,White,Powder,Not Stated,Not Stated,Cocaine,,50.8953875,-1.0532125
W066796,2025-07-17,RG14,Cocaine,Not Stated,White,Powder,Snort / Sniff,"Euphoria, Increased Energy, Enhanced Senses, Irregular Heartbeat, Nausea, Paranoia, Confusion, Agitation, Depression",Cocaine,,51.407383333333335,-1.3243833333333337
W066823,2025-07-17,TN18,Cocaine,Snow flake,White,Powder,Not Stated,Not Stated,Cocaine,,51.0387875,0.5377625
W066822,2025-07-17,TN21,Cocaine,Nieve,White,Powder,Snort / Sniff,"Euphoria, Increased Energy, Increased Confidence, Increased Stamina, Relaxed, Chest Pains, Irregular Heartbeat, Paranoia, Panic Attack",Cocaine,,50.95209411764706,0.2694941176470588
W066769,2025-07-17,IP22,Cocaine,Not Stated,White,Powder,Snort / Sniff,"Euphoria, Increased Energy, Increased Confidence, Nosebleeds, Nausea, Agitation, Insomnia",Cocaine,,52.37848666666666,1.0111766666666666
W066763,2025-07-17,PO77,Cocaine,Snow,White,Powder,Snort / Sniff,"Euphoria, Increased Energy, Increased Confidence, Enhanced Senses, Increased Stamina, Empathy",Cocaine,,50.8953875,-1.0532125
W066797,2025-07-17,BN11,Cocaine,Not Stated,White,Powder,Not Stated,"Breathlesness, Chest Pains, Irregular Heartbeat, Confusion, Panic Attack",Cocaine,Norcocaine,50.81425,-0.38285
W066853,2025-07-21,E173,Cocaine,Donjulio 1942,White,Powder,Snort / Sniff,"Euphoria, Increased Energy, Enhanced Senses, Increased Libido, Increased Confidence, Insomnia",Cocaine,,51.58758,-0.02048
W067005,2025-07-21,CH6,Cocaine,Not Stated,White,Powder,Not Stated,Not Stated,Cocaine,,53.255125,-3.1489
W066993,2025-07-21,BS8,Cocaine/ketamine,Not Stated,White,Powder,Not Stated,Not Stated,Cocaine,,51.450199999999995,-2.65032
W067022,2025-07-24,IP19,Cocaine,Coke,White,Powder,Not Stated,Not Stated,Cocaine,,52.33587692307693,1.488580769230769
W067116,2025-07-24,G12,Cocaine,Habibi,White,Powder,Not Stated,Not Stated,Cocaine,Norcocaine,55.8804,-4.3007
W066995,2025-07-24,SE1,Cocaine,Not Stated,White,Powder,Not Stated,Not Stated,Cocaine,,51.49874615384616,-0.0930384615384615
000234066,2025-07-24,NP20,Crack,Not Stated,White,Solid,Smoked,"Euphoria, Breathlesness, Nosebleeds, Nausea",Cocaine,"Benzoylecgonine, Anhydroecgonine methyl ester",51.5877,-2.9984
W067047,2025-07-24,BH23,Cocaine,Not Stated,White,Powder,Snort / Sniff,"Euphoria, Increased Energy, Increased Confidence, Increased Stamina, Irregular Heartbeat, Nausea, Headache",Cocaine,,50.755406666666666,-1.7577666666666665
W067020,2025-07-24,SW2,Cocaine,Not Stated,White,Powder,Snort / Sniff,"Increased Energy, Nausea, Agitation",Cocaine,,51.4548,-0.1158
W066924,2025-07-24,BD23,Cocaine,Not Stated,White,Powder,Snort / Sniff,"Euphoria, Increased Energy, Increased Confidence, Relaxed",Cocaine,,54.03083055555555,-2.0930944444444446
000234053,2025-07-25,NP20,Crack,Not Stated,White,Solid,Smoked,"Euphoria, Relaxed, Breathlesness, Paranoia",Cocaine,Benzoylecgonine,51.5877,-2.9984
W067144,2025-07-25,SA1,Cocaine + ketamine,Not Stated,Pink,Powder,Snort / Sniff,No Effect,Ketamine,"Caffeine, Cocaine, MDMA",51.633979999999994,-3.94848
W067071,2025-07-25,RH1,Cocaine,Not Stated,White,Powder,Snort / Sniff,"Euphoria, Increased Energy, Increased Confidence, Increased Stamina",Cocaine,Levamisole,51.2289125,-0.1439625
000233937,2025-07-25,CF83,Coke,Not Stated,"White, White",Powder,Snort / Sniff,Increased Energy,Cocaine,,51.59288333333333,-3.2333833333333337
W067163,2025-07-29,DA12,Cocaine,Not Stated,White,Powder,Snort / Sniff,"Euphoria, Increased Confidence",Cocaine,,51.4177875,0.3915125
W067145,2025-07-29,EH74,Cocaine,Not Stated,White,Powder,Not Stated,Not Stated,Cocaine,,55.9521,-3.1965
W067307,2025-07-29,35,Cocaine,Not Stated,White,Powder,Snort / Sniff,Not Stated,Cocaine,,,
W067156,2025-07-29,LD1,Cocaine,Not Stated,White,Granules,Not Stated,Not Stated,"Cocaine, Procaine",,52.2618,-3.3257903225806453
W067189,2025-07-29,B930,Cocaine,Not Stated,White,Tablet,Not Stated,Not Stated,Cocaine,,52.38528333333333,-1.7273166666666668
W067219,2025-07-29,LD1,Cocaine,Mayflower,White,Powder,Not Stated,Not Stated,Cocaine,,52.2618,-3.3257903225806453
000235844,2025-07-29,CF10,Crack cocaine,Not Stated,White,Crystalline,Smoked,"Euphoria, Increased Confidence, Auditory Hallucinations, Visual Hallucinations",Cocaine,"Benzoylecgonine, Ecgonine methyl ester",51.48,-3.18
W067368,2025-07-30,BS5,Cocaine,Not Stated,White,Powder,Not Stated,Not Stated,Cocaine,,51.462,-2.5519
W067410,2025-08-01,HP22,Cocaine,CUUK,White,Solid,Snort / Sniff,"Euphoria, Increased Energy, Increased Confidence, Relaxed","Cocaine, Normethadone","Procaine, Norcocaine",51.83288095238095,-0.786652380952381
W067399,2025-08-01,PO16,Cocaine,Not Stated,White,Powder,Not Stated,Not Stated,Cocaine,Norcocaine,50.847775,-1.155475
W067361,2025-08-01,EH21,Cocaine,Cocaine,White,Powder,Not Stated,Not Stated,Cocaine,Norcocaine,55.94169999999999,-3.0499
W067034,2025-08-05,NP19,Cocaine,Cocaine Madmax,White,Granules,Snort / Sniff,"Euphoria, Increased Energy, Increased Confidence, Enhanced Senses, Chest Pains, Paranoia",Cocaine,Levamisole,51.5888,-2.9638
W067033,2025-08-05,NP19,Cocaine,Cocaine,White,Granules,Not Stated,"Euphoria, Increased Confidence, Enhanced Senses, Increased Energy, Tiredness",Cocaine,,51.5888,-2.9638
W067032,2025-08-05,NP19,Cocaine,Cocaine  - the connect,White,Granules,Snort / Sniff,"Euphoria, Increased Confidence, Increased Energy, Confusion, Agitation",Cocaine,,51.5888,-2.9638
000232291,2025-08-05,CF10,Crack,Not Stated,White,,Smoked,Not Stated,Cocaine,Benzoylecgonine,51.48,-3.18
W067522,2025-08-05,SA10,Cocaine,Not Stated,White,Powder,"Smoked, Snort / Sniff","Increased Energy, Increased Confidence, Chest Pains, Nosebleeds, Paranoia",Cocaine,,51.71421818181818,-3.720372727272728
W067566,2025-08-07,E11,Cocaine,Not Stated,White,Powder,Not Stated,Not Stated,Cocaine,,51.57656666666667,0.0171666666666666
W067499,2025-08-07,RG12,Cocaine,Macallan,White,Powder,Snort / Sniff,"Euphoria, Increased Energy, Increased Confidence, Increased Stamina, Empathy, Insomnia, Nosebleeds",Cocaine,,51.4007,-0.7635
W067346,2025-08-07,DL39,Cocaine,Not Stated,,,Not Stated,Not Stated,Cocaine,"Levamisole, Norcocaine",54.5243,-1.5504
W067500,2025-08-07,RG12,Cocaine,369,White,Plant Matter,Snort / Sniff,"Euphoria, Empathy, Insomnia",Cocaine,,51.4007,-0.7635
W067491,2025-08-12,SA1,Cocaine,Not Stated,White,Powder,Snort / Sniff,Not Stated,Cocaine,"Benzoylecgonine, Ecgonine methyl ester",51.633979999999994,-3.94848
W067402,2025-08-12,SE1,Cocaine,Not Stated,White,Powder,Not Stated,Not Stated,Cocaine,"Phenacetin, Norcocaine",51.49874615384616,-0.0930384615384615
W067508,2025-08-12,CM77,Cocaine,L3thal polo,White,Powder,Snort / Sniff,"Increased Confidence, Enhanced Senses, Increased Stamina, Increased Libido, Empathy, Irregular Heartbeat, Paranoia",Cocaine,"Procaine, Norcocaine",51.8782,0.5529
W067400,2025-08-12,GU72,Cocaine,Not Stated,White,Powder,Not Stated,Not Stated,MDMA,,51.1846,-0.6173
W067858,2025-08-14,S1,Cocaine,Cocaine,White,Powder,Not Stated,Not Stated,Cocaine,Benzoylecgonine,53.383,-1.4659
W067841,2025-08-14,BA2,Cocaine,Not Stated,White,,Not Stated,Not Stated,No Active Component Identified,,51.35473913043478,-2.3910565217391304
W067838,2025-08-14,GL51,Cocaine,TPS,White,Solid,Not Stated,Not Stated,"Cocaine, Phenacetin",Benzoylecgonine,51.90277692307692,-2.1239538461538463
W068002,2025-08-19,TS39,Cocaine,Not Stated,White,Powder,"Oral, Snort / Sniff","Euphoria, Increased Energy, Increased Confidence, Insomnia, Depression",Cocaine,,54.562099999999994,-1.1877666666666666
W068004,2025-08-19,RG12,Cocaine,Stone,White,Powder,Snort / Sniff,"Euphoria, Increased Energy",Cocaine,,51.4007,-0.7635
W068003,2025-08-19,RG12,Cocaine,THe,White,Powder,Snort / Sniff,"Euphoria, Increased Energy, Increased Confidence, Increased Stamina, Empathy",Cocaine,"Tropacocaine, Benzoylecgonine, Ecgonine methyl ester, Norcocaine",51.4007,-0.7635
W067877,2025-08-19,SW18,Cocaine,Viktor Voughn,White,Granules,Not Stated,Not Stated,Cocaine,,51.4489,-0.1971
000234097,2025-08-19,CF10,Crack cocaine,Not Stated,White,Solid,Smoked,"Euphoria, Nausea, Confusion, Agitation, Violence/Aggression, Depression","Cocaine, Benzoylecgonine, Tropacocaine","Ecgonine methyl ester, Norcocaine",51.48,-3.18
W067807,2025-08-19,KT19,Crack weed,Poly weed,"White, Green",Granules,Smoked,"Euphoria, Increased Energy, Increased Stamina, Nausea, Panic Attack, Loss of consciousness, Insomnia","Ibuprofen, Tetrahydrocannabinol, Cyclizine, Paracetamol",,51.3305,-0.2701
W067586,2025-08-19,TD9,Cocaine,Not Stated,White,Powder,"Snort / Sniff, Intravenous","Euphoria, Increased Energy, Increased Confidence, Paranoia, Agitation",Cocaine,,55.39354782608696,-2.707571739130435
W067615,2025-08-20,6607,cocaine,Not Stated,White,Powder,Not Stated,Not Stated,Mephedrone,,,
W067618,2025-08-20,6607,Crack,Not Stated,Grey,Crystalline,Not Stated,Not Stated,Mephedrone,,,
W068047,2025-08-20,CF11,Cocaine,Not Stated,"White, Grey",Powder,Snort / Sniff,"Euphoria, Increased Energy, Increased Confidence, Chest Pains",Cocaine,,51.48,-3.18
W068076,2025-08-20,DA15,Cocaine,Not Stated,White,Powder,Not Stated,Not Stated,Cocaine,,51.4412,0.0983
W068083,2025-08-21,G312,Cocaine,Not Stated,White,Powder,Not Stated,Increased Confidence,Cocaine,Norcocaine,55.857,-4.209
W068212,2025-08-26,GL11,Cocaine,Not Stated,"White, White",Powder,Not Stated,Not Stated,Cocaine,,51.68968571428571,-2.354142857142857
W068174,2025-08-26,ST8,Cocaine,Not Stated,White,Powder,Snort / Sniff,"Euphoria, Increased Confidence, Nausea, Confusion",Cocaine,,53.11565714285714,-2.169114285714286
W068323,2025-08-28,LE85,Cocaine,Not Stated,White,Powder,Snort / Sniff,Not Stated,Cocaine,,52.54881176470588,-1.0493705882352942
W068361,2025-08-28,PH22,Cocaine,Not Stated,White,,Not Stated,Not Stated,Cocaine,,57.190822222222224,-3.818822222222222
W067320,2025-08-28,BS10,Cocaine,Not Stated,White,Powder,Not Stated,Not Stated,Cocaine,,51.509866666666674,-2.635366666666666
W068266,2025-08-28,PA87,Cocaine,Not Stated,White,Powder,Snort / Sniff,"Auditory Hallucinations, Visual Hallucinations, Chest Pains, Irregular Heartbeat, Nosebleeds, Nausea, Vomiting, Paranoia, Memory Loss, Confusion, Panic Attack, Loss of consciousness, Agitation, Violence/Aggression, Insomnia, Depression, Suicidal Ideation",Cocaine,,55.9005,-4.4503
W068260,2025-08-28,SW19,Cocaine,Not Stated,,,Not Stated,Increased Energy,Cocaine,,51.42343333333333,-0.1973333333333333
000234884,2025-09-01,SY23,Cocaine,Not Stated,White,Powder,Not Stated,Not Stated,Ketamine,,52.34458541666667,-3.9885
W068229,2025-09-01,RG12,Cocaine,Not Stated,White,Powder,Snort / Sniff,"Euphoria, Increased Energy, Empathy, Vomiting, Insomnia",Cocaine,,51.4007,-0.7635
W068380,2025-09-01,G12,Cocaine,Single-washed,White,Powder,Not Stated,Not Stated,Cocaine,,55.8804,-4.3007
W068214,2025-09-02,TD11,Cocaine,Not Stated,White,Powder,Smoked,"Enhanced Senses, Empathy, Relaxed, Breathlesness, Chest Pains, Irregular Heartbeat, Memory Loss, Confusion, Panic Attack, Agitation, Insomnia, Depression",Cocaine,,55.78830869565218,-2.312726086956522
W068488,2025-09-02,G12,Cocaine,Double wanted,White,Powder,Not Stated,Not Stated,"Cocaine, Phenacetin",,55.8804,-4.3007
W068518,2025-09-03,HP22,Cocaine,Not Stated,White,Powder,Snort / Sniff,"Euphoria, Increased Energy, Increased Confidence, Nosebleeds, Depression",Cocaine,,51.83288095238095,-0.786652380952381
000232417,2025-09-03,SY21,Cocaine,Not Stated,White,,Not Stated,Not Stated,Cocaine,,52.670813513513515,-3.1976945945945947
W068496,2025-09-03,TF10,Cocaine,Not Stated,White,Powder,Not Stated,Not Stated,Ketamine,,52.765905,-2.350815
W068547,2025-09-03,RG12,Cocaine,Not Stated,White,Powder,Not Stated,Not Stated,Caffeine,Amphetamine,51.4007,-0.7635
000231925,2025-09-03,SY18,Cocaine,Not Stated,White,Powder,Snort / Sniff,"Increased Energy, Enhanced Senses, Increased Stamina, Auditory Hallucinations, Visual Hallucinations, Irregular Heartbeat, Increased Confidence, Nosebleeds, Paranoia, Memory Loss, Insomnia, Depression, Suicidal Ideation",Cocaine,,52.428,-3.5729875
W068528,2025-09-09,BR14,Cocaine,Not Stated,White,Powder,Snort / Sniff,"Enhanced Senses, Irregular Heartbeat, Nosebleeds, Paranoia, Confusion, Panic Attack, Agitation",Cocaine,,51.4037,0.0305
W068506,2025-09-09,RH12,Cocaine,don Julio,White,Powder,Snort / Sniff,"Euphoria, Empathy, Insomnia",Cocaine,,51.08464615384616,-0.3276153846153846
W068445,2025-09-09,WA4,Cocaine,Not Stated,White,Powder,Not Stated,Not Stated,Cocaine,Phenacetin,53.34801875,-2.583875
W068589,2025-09-09,SY8,cocaine,cocaine,White,Powder,Not Stated,Not Stated,"Cocaine, Levamisole",,52.36667333333334,-2.6940066666666667
W068453,2025-09-09,BT41,cocaine,Cacaine,White,Solid,Snort / Sniff,"Euphoria, Increased Energy, Increased Stamina, Increased Libido, Empathy, Visual Hallucinations, Nosebleeds",Cocaine,,54.70416,-6.19582
W068575,2025-09-09,CH41,Cocaine,Mr white Uk nw31,White,Powder,Not Stated,Not Stated,Cocaine,,53.4015,-3.0163
W068608,2025-09-09,EK10,Cocaine,Not Stated,White,Powder,Intravenous,"Breathlesness, Chest Pains, Vomiting, Loss of consciousness, Seizure",Cocaine,,,
W068505,2025-09-09,RG12,cocaine,Apple,White,Powder,Snort / Sniff,"Euphoria, Increased Energy, Increased Confidence, Empathy, Insomnia",Cocaine,,51.4007,-0.7635
000236860,2025-09-09,CF63,Cocaine,Not Stated,White,Powder,Not Stated,No Effect,Cocaine,,51.4172,-3.2614
W068748,2025-09-09,SY8,Cociane,UKpablo,White,Powder,Not Stated,Not Stated,Cocaine,,52.36667333333334,-2.6940066666666667
W068813,2025-09-11,M25,Cocaine,Not Stated,White,Powder,Snort / Sniff,"Chest Pains, Nausea",Phenacetin,,53.5333,-2.2833
W068713,2025-09-11,G3,Crack cocaine,Not Stated,White,Crystalline,Smoked,"Nausea, Vomiting, Memory Loss, Confusion, Loss of consciousness",MDMB-4en-PINACA,,55.8651,-4.2576
W068814,2025-09-11,M25,Cocaine,Not Stated,White,Powder,Snort / Sniff,"Euphoria, Increased Energy, Increased Confidence, Paranoia, Panic Attack",Cocaine,,53.5333,-2.2833
W068823,2025-09-15,HP22,Cocaine,Not Stated,White,Powder,Snort / Sniff,"Increased Confidence, Insomnia, Nausea",No Active Component Identified,,51.83288095238095,-0.786652380952381
W068831,2025-09-15,W51,Cocaine,mr clean,White,Powder,Snort / Sniff,"Euphoria, Increased Confidence, Insomnia, Paranoia",Cocaine,,,
000237809,2025-09-15,CF31,Cocaine,Not Stated,White,Powder,Snort / Sniff,Nausea,Phenacetin,,51.507666666666665,-3.577733333333333
W068865,2025-09-15,SY8,washed cocaine,washed cocaine,White,Powder,Not Stated,Not Stated,"Cocaine, Levamisole",,52.36667333333334,-2.6940066666666667
W068601,2025-09-15,SO52,Cocaine,KMX cocaine,White,Powder,Not Stated,Not Stated,Cocaine,,50.9775,-1.4455
W068958,2025-09-15,EX31,cocaine,Not Stated,White,Powder,Not Stated,Not Stated,Cocaine,Norcocaine,51.10911951219512,-4.008517073170732
W068971,2025-09-15,SE6,Cocaine,Cocaine,White,Powder,Snort / Sniff,"Euphoria, Increased Confidence",Cocaine,,51.44165,-0.0185
W069049,2025-09-18,PH1,Cocaine,Not Stated,White,Powder,Snort / Sniff,"Breathlesness, Chest Pains, Irregular Heartbeat, Nausea, Panic Attack",Cocaine,,56.43174736842105,-3.4980552631578945
W068993,2025-09-18,TW13,White crack,Not Stated,White,Powder,Smoked,"Euphoria, Increased Energy, Insomnia",Cocaine,"Phenacetin, Benzoylecgonine",51.43975,-0.3985999999999999
W069014,2025-09-18,TN27,Cocaine,Cocaine,White,Powder,Not Stated,Not Stated,Cocaine,Norcocaine,51.170506249999995,0.71509375
W069022,2025-09-18,DY10,Crack,Not Stated,White,Granules,Smoked,"Paranoia, Agitation","Cocaine, Phenacetin",,52.3848,-2.212788888888889
000237811,2025-09-18,CF31,Cocaine,Not Stated,White,Powder,Not Stated,Increased Energy,Cocaine,Phenacetin,51.507666666666665,-3.577733333333333
W069023,2025-09-18,DY10,Crack,Not Stated,White,Granules,Smoked,Paranoia,Cocaine,"Benzoylecgonine, Ecgonine methyl ester",52.3848,-2.212788888888889
000233233,2025-09-22,CF10,CRACK,Not Stated,White,Granules,Not Stated,Not Stated,"Cocaine, Benzoylecgonine, Ecgonine methyl ester",,51.48,-3.18
W069039,2025-09-22,W1B,COCAINE,COCAINE CLEANED,White,Crystalline,Not Stated,Not Stated,Cocaine,,51.5085,-0.1257
W069072,2025-09-22,SO16,COCAINE,KMX COCAINE,White,Powder,Not Stated,Not Stated,Cocaine,,50.942125,-1.431825
W069185,2025-09-22,EH16,COCAINE,COCAINE,White,Powder,Not Stated,Not Stated,Cocaine,,55.92249999999999,-3.1511333333333336
W069071,2025-09-25,SO16,COCAINE,MR CLEAN COCAINE ,White,Powder,Not Stated,Not Stated,Cocaine,,50.942125,-1.431825
W069125,2025-09-25,BS21,cocaine ,cocaine,White,Powder,Not Stated,Not Stated,Cocaine,,51.43066,-2.8366800000000003
000233527,2025-09-26,NP20,Crack,Not Stated,,Solid,Not Stated,Not Stated,Cocaine,,51.5877,-2.9984
000235887,2025-09-26,CF10,Crack cocaine,Not Stated,White,Granules,Smoked,"Euphoria, Increased Energy, Dizziness","Cocaine, Phenacetin",,51.48,-3.18
W069301,2025-09-26,G31,Cocaine,Not Stated,White,Powder,Intravenous,Not Stated,Cocaine,,55.857,-4.209
000234776,2025-09-26,CF10,Cocaine,Not Stated,White,Powder,Not Stated,Not Stated,Cocaine,,51.48,-3.18
W069208,2025-10-02,GL29,Crack cocaine,Not Stated,White,Solid,Smoked,"Euphoria, Increased Energy",Cocaine,"Benzoylecgonine, Ecgonine methyl ester, Norcocaine",51.85873125,-2.2777125
000042493,2025-10-02,LL65,Cocaine,Not Stated,White,Powder,Not Stated,"Increased Energy, Increased Libido, Chest Pains, Nausea, Memory Loss",Cocaine,,53.289686206896555,-4.534455172413793
W069234,2025-10-02,CH5,Cocaine,Not Stated,White,Powder,Snort / Sniff,"Euphoria, Increased Confidence, Irregular Heartbeat, Nausea, Insomnia",Cocaine,,53.19930000000001,-3.03614
W069406,2025-10-02,CF24,COCAINE BUT WASHED IT BACK HIMSELF,Not Stated,White,Granules,Smoked,Increased Energy,Cocaine,Benzoylecgonine,51.48,-3.18
W069401,2025-10-02,RG12,cocaine,horse,White,Powder,Snort / Sniff,"Euphoria, Increased Energy, Empathy, Insomnia",Cocaine,,51.4007,-0.7635
W069402,2025-10-02,RG12,cocaine,ALO,White,Powder,Snort / Sniff,"Euphoria, Increased Energy, Increased Confidence, Enhanced Senses, Empathy, Incontinence",Cocaine,Norcocaine,51.4007,-0.7635
W069407,2025-10-02,G12,cocaine,'fine white',White,Powder,Not Stated,Not Stated,Cocaine,,55.8804,-4.3007
W069550,2025-10-02,E1,crack cocaine ,0.4g special crack ,White,Granules,Smoked,"Paranoia, Loss of consciousness, Agitation, Visual Hallucinations","Cocaine, Benzoylecgonine",,51.51302727272727,-0.0617727272727272
000234333,2025-10-03,CF11,CRACK,Not Stated,White,Powder,Intravenous,"Increased Energy, Paranoia, Memory Loss, Agitation",Cocaine,,51.48,-3.18
W069468,2025-10-03,OX3,cocaine powder,Not Stated,White,Powder,Not Stated,Not Stated,Cocaine,,51.78040000000001,-1.2171666666666667
W069467,2025-10-03,OX3,cocaine powder,Not Stated,White,Powder,Not Stated,Not Stated,Cocaine,Procaine,51.78040000000001,-1.2171666666666667
W069494,2025-10-03,LL11,CRACK COCAINE,CRACK COCAINE ,White,Solid,Not Stated,Not Stated,Cocaine,,53.064506666666674,-3.052973333333333
W069493,2025-10-03,LL11,COCAINE,COCAINE (POWDER),White,Solid,Not Stated,Not Stated,Cocaine,,53.064506666666674,-3.052973333333333
W069405,2025-10-03,CF24,CRACK,Not Stated,White,Granules,Smoked,Not Stated,"Cocaine, Phenacetin",,51.48,-3.18
W069371,2025-10-03,DY53,CRACK COCAINE ,Not Stated,White,Solid,Smoked,"Euphoria, Increased Energy, Increased Confidence",Cocaine,Benzoylecgonine,52.490875,-2.119025
W069619,2025-10-07,TF9,Cocaine,Cocaine,White,Powder,Snort / Sniff,"Increased Energy, Increased Confidence, Increased Libido",Cocaine,,52.85675853658537,-2.425558536585366
W069618,2025-10-07,TF9,Cocaine,Cocaine,White,Powder,Not Stated,Not Stated,Cocaine,,52.85675853658537,-2.425558536585366
W069596,2025-10-07,AB51,COCAINE,Not Stated,White,Powder,Smoked,"Euphoria, Increased Confidence, Vomiting, Panic Attack, Agitation, Violence/Aggression, Insomnia",Cocaine,Benzoylecgonine,57.276892045454545,-2.442275
W069663,2025-10-07,SO15,cocaine,esnortiar cocaine,White,Powder,Not Stated,Not Stated,Cocaine,,50.913799999999995,-1.419675
W069599,2025-10-07,RG12,COCAINE,FINE WINE,White,Powder,Snort / Sniff,"Increased Confidence, Increased Energy, Enhanced Senses, Increased Stamina, Empathy, Insomnia",Cocaine,,51.4007,-0.7635
W069604,2025-10-07,LS11,COCAINE,VeVeUK,White,Granules,Snort / Sniff,"Euphoria, Increased Energy, Enhanced Senses, Increased Stamina, Chest Pains, Irregular Heartbeat, Insomnia",Cocaine,,53.7667,-1.5667
000236430,2025-10-07,NP20,CRACK,Not Stated,White,Solid,Not Stated,Not Stated,Cocaine,"Benzoylecgonine, Ecgonine methyl ester, Norcocaine",51.5877,-2.9984
000236429,2025-10-07,NP20,COCAINE,Not Stated,"White, White",Powder,Snort / Sniff,"Euphoria, Increased Energy, Increased Confidence, Enhanced Senses, Increased Libido, Empathy",Cocaine,,51.5877,-2.9984
000237045,2025-10-15,NP20,Crack cocaine,Not Stated,"Yellow, Brown",Crystalline,Smoked,"Euphoria, Confusion",Cocaine,,51.5877,-2.9984
W079103,2025-10-15,DY11,Cocaine,Not Stated,White,Powder,Not Stated,Not Stated,Cocaine,Norcocaine,52.375,-2.2416875
W070029,2025-10-21,BN1,Cocaine,Not Stated,White,Powder,Snort / Sniff,"Euphoria, Increased Energy, Increased Confidence",Cocaine,,50.8614,-0.1204166666666666
W070051,2025-10-21,SY21,cocaine ,DW coke,White,Powder,Not Stated,Not Stated,Cocaine,,52.670813513513515,-3.1976945945945947
W069743,2025-10-21,SO18,cocaine,yesika cocaine ,White,Powder,Not Stated,Not Stated,Cocaine,,50.925650000000005,-1.3684
000234082,2025-10-21,NP20,Crack,Not Stated,White,Solid,Smoked,"Euphoria, Nausea",No Active Component Identified,,51.5877,-2.9984
W069930,2025-10-21,EH12,cocaine,Not Stated,White,Crystalline,Not Stated,Not Stated,Cocaine,,55.9429,-3.285
W069699,2025-10-21,TQ19,cocaine,Not Stated,White,Crystalline,Snort / Sniff,"No Effect, Euphoria, Increased Energy, Increased Confidence, Increased Stamina, Increased Strength, Empathy, Auditory Hallucinations, Visual Hallucinations, Relaxed, Chest Pains, Irregular Heartbeat, Nosebleeds, Nausea, Vomiting, Paranoia, Memory Loss, Confusion, Panic Attack, Loss of consciousness, Agitation, Violence/Aggression, Insomnia, Depression, Suicidal Ideation",Cocaine,,50.4782,-3.5176
W070090,2025-10-28,PH1,crack,Not Stated,White,Solid,Smoked,"Chest Pains, Irregular Heartbeat",Cocaine,,56.43174736842105,-3.4980552631578945
W070147,2025-10-28,RG12,COCAINE ,GOAT,"White, White",Powder,Snort / Sniff,"Increased Energy, Increased Confidence, Increased Libido, Increased Stamina, Enhanced Senses, Empathy, Insomnia",Cocaine,Benzoylecgonine,51.4007,-0.7635
W070211,2025-10-28,SE10,COCAINE,COCAINE,White,Powder,Snort / Sniff,"Euphoria, Increased Energy, Increased Confidence","Cocaine, Levamisole",Benzoylecgonine,51.4779,-0.0118
000237872,2025-10-28,CF10,COCAINE,COCAINE,White,Powder,Snort / Sniff,"No Effect, Nausea, Vomiting, Memory Loss, Violence/Aggression, Insomnia, Depression",Cocaine,Benzoylecgonine,51.48,-3.18
W070193,2025-10-28,CF44,CRACK COCAINE,Not Stated,White,Granules,Smoked,"Increased Energy, Increased Confidence","Cocaine, Benzoylecgonine",Ecgonine methyl ester,51.7327125,-3.48293125
W070242,2025-10-28,G320,COCAINE,Not Stated,White,Powder,Snort / Sniff,"Euphoria, Increased Energy, Increased Confidence, Increased Libido, Chest Pains, Irregular Heartbeat, Agitation",Cocaine,Benzoylecgonine,55.85,-4.1833
W070160,2025-10-28,PH22,COCAINE,Not Stated,White,Granules,Not Stated,Not Stated,Cocaine,,57.190822222222224,-3.818822222222222
W069916,2025-10-28,LD15,COCAINE,COCAINE,Yellow,Powder,Snort / Sniff,Increased Energy,Cocaine,,52.2618,-3.3257903225806453
W069912,2025-10-28,CM77,Cocaine,Airmax,White,Powder,Not Stated,Not Stated,Cocaine,Levamisole,51.8782,0.5529
W070000,2025-10-28,LD1,COCAINE,Not Stated,White,Granules,Snort / Sniff,"Increased Confidence, Enhanced Senses, Relaxed, Insomnia",Cocaine,,52.2618,-3.3257903225806453
W070003,2025-10-28,HP23,Cocaine,Not Stated,White,Powder,Not Stated,Not Stated,Cocaine,,51.79858333333333,-0.6616
W070004,2025-10-28,HP23,Cocaine,Not Stated,White,Powder,Not Stated,Not Stated,Cocaine,,51.79858333333333,-0.6616
W070116,2025-10-28,HP23,COcaine,Not Stated,White,Powder,Not Stated,Not Stated,Cocaine,,51.79858333333333,-0.6616
W070005,2025-10-28,HP23,Cocaine,Not Stated,White,Powder,Not Stated,Not Stated,Cocaine,,51.79858333333333,-0.6616
W070043,2025-10-28,G12,Cocaine,Mixed,White,Powder,Not Stated,Not Stated,Cocaine,,55.8804,-4.3007
W069998,2025-10-28,LD1,COCAINE,Array,"White, White",Granules,Not Stated,Not Stated,Cocaine,,52.2618,-3.3257903225806453
W070213,2025-10-30,S610,cocaine,cocaine ,White,Powder,Snort / Sniff,Increased Energy,Cocaine,,53.4567,-1.3738
W070246,2025-10-30,TD14,COCAINE,Not Stated,White,Powder,Smoked,"Euphoria, Enhanced Senses, Relaxed",Cocaine,"Benzoylecgonine, Ecgonine methyl ester",55.862981818181815,-2.158118181818182
W069358,2025-10-30,WS28,Cocaine,Not Stated,White,Powder,Snort / Sniff,"Euphoria, Increased Confidence, Increased Energy, Increased Strength",Cocaine,Norcocaine,52.5853,-1.984
W070335,2025-10-30,M145,Cocaine,Zy coke,White,Powder,Not Stated,Not Stated,No Active Component Identified,,53.4482,-2.2257
W069929,2025-10-30,LS11,cocaine,Not Stated,"White, White",Powder,Snort / Sniff,"Euphoria, Increased Energy, Enhanced Senses, Irregular Heartbeat",Caffeine,Amphetamine,53.7667,-1.5667
W070214,2025-10-30,S610,COCAINE,COCAINE ,White,Powder,Snort / Sniff,"Euphoria, Increased Energy, Increased Confidence",Cocaine,,53.4567,-1.3738
W070212,2025-10-30,SE10,Cocaine,Cocaine,White,Powder,Snort / Sniff,"Euphoria, Increased Energy, Increased Confidence, Irregular Heartbeat",Cocaine,,51.4779,-0.0118
W070383,2025-11-05,OX4,COCAINE,007,White,Powder,Snort / Sniff,"Euphoria, Increased Energy, Increased Confidence, Enhanced Senses, Increased Strength, Empathy, Insomnia",Cocaine,,51.723725,-1.224375
W070474,2025-11-05,HX1,cocaine,Not Stated,Green,Tablet,Not Stated,Not Stated,Diclofenac,,53.7167,-1.85
000233443,2025-11-05,LL49,Cocaine,Not Stated,White,Powder,Not Stated,Not Stated,Cocaine,,52.942910000000005,-4.16
W070592,2025-11-05,BD21,Cocaine,Cocaine,White,Powder,Snort / Sniff,"Increased Confidence, Enhanced Senses, Nausea, Paranoia, Panic Attack, Agitation",Cocaine,,53.8611,-1.91155
W070420,2025-11-05,SL8,COCAINE,Not Stated,White,Powder,Snort / Sniff,"Increased Energy, Increased Stamina, Nosebleeds, Agitation, Insomnia",Cocaine,,51.5786,-0.7089
W070591,2025-11-05,BD21,COCAINE,COCAINE,White,Powder,Snort / Sniff,"No Effect, Increased Energy, Enhanced Senses, Nausea, Paranoia, Vomiting, Panic Attack, Agitation",Cocaine,Benzocaine,53.8611,-1.91155
W070589,2025-11-05,NR7,cocaine,cocaine,White,Powder,Snort / Sniff,"Increased Energy, Increased Confidence, Enhanced Senses, Increased Stamina, Increased Libido",Cocaine,,52.64305,1.3373
W070385,2025-11-05,LD1,cocaine,Not Stated,White,Powder,Not Stated,Not Stated,Cocaine,,52.2618,-3.3257903225806453
W070574,2025-11-05,LL30,cocaine,not labelled - in plastic bag clear ,White,Powder,Snort / Sniff,"Increased Energy, Enhanced Senses, Agitation, Insomnia, Depression",Cocaine,,53.325,-3.8315
W070516,2025-11-05,SW24,COCAINE,MrWhite 32,White,Powder,Not Stated,Not Stated,Cocaine,,51.4548,-0.1158
000238601,2025-11-05,NP23,cocaine,Not Stated,White,Powder,Snort / Sniff,"Relaxed, Nausea",Cocaine,,51.7771,-3.2079
000234078,2025-11-05,NP25,crack,Not Stated,White,Crystalline,Not Stated,Not Stated,Cocaine,Benzoylecgonine,51.8127,-2.7136
W070504,2025-11-05,SW3,cocaine,cuz,White,Powder,Not Stated,Not Stated,Cocaine,Norcocaine,51.487975000000006,-0.165875
000233871,2025-11-05,NP10,CRACK COCAINE,Not Stated,White,,Not Stated,Not Stated,Cocaine,,51.5877,-2.9984
W070414,2025-11-05,TR18,cocaine,Not Stated,Yellow,,Snort / Sniff,Not Stated,"Cocaine, Tetracaine, Phenacetin","Benzoylecgonine, Paracetamol",50.120720000000006,-5.537180000000001
W070565,2025-11-05,LN59,pink cocaine,Not Stated,Pink,Powder,Snort / Sniff,"Irregular Heartbeat, Nausea, Vomiting, Memory Loss, Confusion, Panic Attack, Loss of consciousness","Ketamine, MDMA",2C-B,53.11980555555555,-0.58195
W069259,2025-11-05,BN20,COCAINE,PREMIUM COCAINE ,White,Powder,Not Stated,Not Stated,Cocaine,Norcocaine,50.777640000000005,0.24224
000231429,2025-11-12,NP20,Crack cocaine,Crack cocaine,White,Solid,Smoked,"Euphoria, Increased Energy, Enhanced Senses, Chest Pains, Irregular Heartbeat, Paranoia",No Active Component Identified,,51.5877,-2.9984
000237701,2025-11-12,CF40,Cocaine,Not Stated,White,Powder,Not Stated,Not Stated,Cocaine,,51.627316666666665,-3.461883333333333
000233884,2025-11-12,NP20,Crack,Not Stated,Brown,Solid,Not Stated,Euphoria,Cocaine,,51.5877,-2.9984
W070671,2025-11-12,BN29,Cocaine,Not Stated,White,Powder,Not Stated,Not Stated,Cocaine,Norcocaine,50.823825,-0.082825
W070723,2025-11-12,SA12,Cocaine,Not Stated,White,Powder,Snort / Sniff,"Relaxed, Paranoia, Memory Loss, Confusion, Agitation, Insomnia, Depression",Ketamine,,51.61181666666667,-3.7703
W070885,2025-11-14,SW1,Cocaine,Not Stated,White,Powder,Not Stated,Not Stated,Cocaine,,51.495583333333336,-0.1417916666666666
W070781,2025-11-14,KY12,Cocaine,Not Stated,White,Capsule,Smoked,"Euphoria, Breathlesness, Chest Pains, Irregular Heartbeat, Nausea, Confusion, Panic Attack",Ketamine,,56.087095,-3.539235
W070727,2025-11-14,OX4,Cocaine,Pineapple,"White, White",Powder,Snort / Sniff,"Euphoria, Increased Energy, Increased Confidence, Empathy, Insomnia",Cocaine,,51.723725,-1.224375
W070729,2025-11-14,OX4,Cocaine,AA10,White,Powder,Snort / Sniff,"Euphoria, Increased Energy, Increased Confidence, Enhanced Senses, Increased Stamina, Increased Libido, Empathy, Agitation, Insomnia",Cocaine,,51.723725,-1.224375
W071019,2025-11-18,OX4,Cocaine,Goa,White,Powder,Snort / Sniff,"Euphoria, Increased Energy, Increased Confidence, Enhanced Senses, Increased Strength, Empathy, Insomnia",Cocaine,,51.723725,-1.224375
W071065,2025-11-18,OX4,Cocaine,HS,White,Powder,Snort / Sniff,"Euphoria, Increased Energy, Increased Confidence, Enhanced Senses, Increased Stamina, Empathy, Insomnia",Cocaine,,51.723725,-1.224375
W071035,2025-11-18,RM3,Cocaine,Not Stated,White,Powder,Snort / Sniff,"Euphoria, Increased Energy, Increased Confidence, Enhanced Senses, Empathy",Cocaine,,51.5946,0.2329
W070668,2025-11-18,B3,Cocaine,trident,White,Powder,Snort / Sniff,"Breathlesness, Nosebleeds",Cocaine,Norcocaine,52.4814,-1.8998
W069092,2025-11-18,EH20,Pink champagne (ketamine and cocaine),Not Stated,"Purple, Pink",Powder,"Smoked, Snort / Sniff","Enhanced Senses, Auditory Hallucinations, Visual Hallucinations, Relaxed, Paranoia","Ketamine, MDMA",,55.879000000000005,-3.1578999999999997
000237518,2025-11-18,CF47,Cocaine,Not Stated,White,Powder,Not Stated,Not Stated,Cocaine,,51.7479,-3.3778
W070940,2025-11-18,ML52,Cocaine (Prop),Prop,White,Powder,Snort / Sniff,"Euphoria, Increased Energy, Increased Confidence, Irregular Heartbeat, Insomnia",Cocaine,,55.8782,-4.035433333333334
000237406,2025-11-18,NP20,Cocaine,Not Stated,White,Powder,Snort / Sniff,"Euphoria, Increased Energy, Paranoia, Confusion, Agitation",Cocaine,,51.5877,-2.9984
W069796,2025-11-24,TD14,cocaine,Not Stated,White,Powder,"Smoked, Snort / Sniff","Nausea, Paranoia, Confusion, Panic Attack, Insomnia, Auditory Hallucinations, Chest Pains, Irregular Heartbeat",Cocaine,"Benzoylecgonine, Ecgonine methyl ester",55.862981818181815,-2.158118181818182
W071333,2025-11-24,AB43,Crack cocaine,Not Stated,White,Solid,Smoked,"Euphoria, Increased Energy, Increased Confidence, Breathlesness, Vomiting, Paranoia, Insomnia, Depression, Tiredness","Cocaine, Phenacetin","Benzoylecgonine, Ecgonine methyl ester",57.65489545454545,-2.046884090909091
W071222,2025-11-24,G12,Cocaine,S Unwashed,White,Powder,Not Stated,Not Stated,Cocaine,,55.8804,-4.3007
000237007,2025-11-24,G40,Crack cocaine,Not Stated,Blue,Solid,Smoked,"Increased Energy, Chest Pains, Irregular Heartbeat, Confusion, Insomnia","Cocaine, Benzoylecgonine",,55.8485,-4.2235
W070685,2025-11-24,EH47,Crack cocaine,Not Stated,White,Solid,Smoked,"Increased Energy, Increased Stamina, Increased Confidence, Irregular Heartbeat, Paranoia",Cocaine,,55.85647142857143,-3.669085714285714
W070686,2025-11-24,TR11,Cocaine,Not Stated,White,Powder,Snort / Sniff,"Increased Energy, Increased Stamina, Breathlesness",Cocaine,,50.14498571428572,-5.109414285714286
000237703,2025-11-24,CF32,Cocaine,Not Stated,"Colourless, White",Powder,Not Stated,Not Stated,Cocaine,,51.536704166666674,-3.5931333333333337
W071161,2025-11-24,EH14,CRACK COCAINE,Not Stated,White,Crystalline,Smoked,"Euphoria, Increased Confidence, Enhanced Senses, Auditory Hallucinations, Visual Hallucinations, Confusion, Panic Attack, Agitation",Cocaine,,55.894733333333335,-3.3110166666666667
W071354,2025-11-27,WA10,cocaine,Not Stated,White,Powder,Not Stated,Not Stated,Cocaine,,53.45000000000001,-2.7583
W071418,2025-11-27,E3,cocaine,Not Stated,White,Powder,Snort / Sniff,"Increased Energy, Increased Confidence",Cocaine,,51.527657142857144,-0.0265714285714285
W071444,2025-11-28,SA15,Cocaine,Not Stated,White,Powder,Not Stated,Not Stated,Cocaine,Phenacetin,51.74003,-4.187250000000001
000233254,2025-11-28,CF10,Pink Cocaine,Not Stated,Pink,Powder,Snort / Sniff,"Increased Confidence, Increased Energy, Visual Hallucinations, Paranoia, Confusion, Panic Attack",MDMA,,51.48,-3.18
W071416,2025-11-28,E3,Cocaine,Not Stated,White,Powder,Snort / Sniff,"Increased Energy, Increased Confidence",Cocaine,,51.527657142857144,-0.0265714285714285
W071417,2025-11-28,E3,Cocaine,Not Stated,White,Powder,Snort / Sniff,"Increased Confidence, Increased Energy",Cocaine,,51.527657142857144,-0.0265714285714285
W071411,2025-11-28,HP22,Coke,Peruvian,White,Crystalline,Snort / Sniff,"Increased Energy, Increased Confidence, Increased Libido, Relaxed",Cocaine,Norcocaine,51.83288095238095,-0.786652380952381
W071419,2025-11-28,E3,Cocaine,Not Stated,White,Powder,Snort / Sniff,"Increased Energy, Increased Confidence",Cocaine,,51.527657142857144,-0.0265714285714285
W071515,2025-12-03,EC1,Cocaine,Not Stated,White,Powder,Not Stated,Not Stated,Cocaine,,51.52320909090909,-0.1055181818181818
W071485,2025-12-03,SW8,Cocaine,Not Stated,White,Powder,Not Stated,"Euphoria, Increased Energy",Cocaine,,51.48162,-0.1276
W071448,2025-12-03,NG5,Cocaine,Not Stated,White,Powder,Snort / Sniff,"Euphoria, Increased Energy, Increased Confidence, Irregular Heartbeat, Agitation",Cocaine,,53.0006,-1.1315
W071379,2025-12-03,NW10,Cocaine,Not Stated,White,Powder,Snort / Sniff,"Euphoria, Increased Energy, Increased Confidence, Increased Libido, Visual Hallucinations, Nosebleeds, Paranoia",Cocaine,Norcocaine,51.53758571428572,-0.2431214285714285
000239501,2025-12-09,NP20,Cocaine,Not Stated,White,Powder,Not Stated,Not Stated,Cocaine,,51.5877,-2.9984
W071701,2025-12-09,HR3,Cocaine,Snow White Euro,White,Powder,Not Stated,Not Stated,Cocaine,Norcocaine,52.08754242424242,-3.049269696969697
W071731,2025-12-09,WS11,Cocaine,Not Stated,White,Powder,Not Stated,Not Stated,Cocaine,,52.682460000000006,-2.02148
W071651,2025-12-09,PO77,Cocaine,Coke,White,Powder,Not Stated,Not Stated,Cocaine,,50.8953875,-1.0532125
W071712,2025-12-09,TF13,Crack cocaine,Not Stated,White,Granules,Not Stated,Not Stated,Cocaine,,52.56572857142857,-2.602778571428572
W071680,2025-12-09,SK14,Cocaine,Flake,White,Powder,Not Stated,Not Stated,Cocaine,,53.45065,-2.04802
W071700,2025-12-09,HR3,Cocaine ,UKP Pure,White,Powder,Not Stated,Not Stated,Cocaine,Norcocaine,52.08754242424242,-3.049269696969697
W071672,2025-12-09,MK18,Cocaine,Cocaine C,"White, White",Powder,Not Stated,Not Stated,Cocaine,,51.968651515151514,-0.965221212121212
W071823,2025-12-11,BS34,Cocaine,cocaine,White,Powder,Snort / Sniff,"Euphoria, Increased Energy, Increased Confidence, Agitation",Cocaine,,51.5241,-2.5661
W071777,2025-12-11,WR1,heroin and crack,Not Stated,"White, Brown",Powder,Not Stated,"Euphoria, Relaxed","Phenacetin, Cocaine","Noscapine, 6-MAM, Heroin, Diazepam, 6-Acetylcodeine, Papaverine",52.1894,-2.22
W071791,2025-12-16,DL39,Cocaine,Not Stated,White,Powder,Oral,"Euphoria, Increased Energy, Increased Confidence, Enhanced Senses","Cocaine, Norcocaine",,54.5243,-1.5504
W071849,2025-12-16,LL22,Crack cocaine,Not Stated,,,Not Stated,Not Stated,No Active Component Identified,,53.20816315789474,-3.6482
W071758,2025-12-16,CV11,Cocaine,Not Stated,White,Powder,Snort / Sniff,Not Stated,Cocaine,,52.51296666666667,-1.437366666666667
W071917,2025-12-16,GL51,cocaine,TPS,White,Powder,Not Stated,Not Stated,Cocaine,,51.90277692307692,-2.1239538461538463
W071962,2025-12-19,KY12,Crack cocaine,Not Stated,White,Powder,Smoked,"Euphoria, Increased Energy, Increased Confidence",Cocaine,Procaine,56.087095,-3.539235
W071908,2025-12-19,SW8,Cocaine,CO5,White,Powder,Snort / Sniff,"Euphoria, Increased Energy, Increased Confidence",Cocaine,,51.48162,-0.1276
W071687,2025-12-22,E11,Cocaine,Not Stated,White,Powder,Not Stated,Not Stated,Cocaine,Procaine,51.57656666666667,0.0171666666666666
W071686,2025-12-22,E11,Cocaine,Not Stated,White,Powder,Not Stated,Not Stated,Cocaine,,51.57656666666667,0.0171666666666666
W072133,2025-12-22,E11,Cocaine,Not Stated,White,Powder,Not Stated,Not Stated,Cocaine,"Procaine, Norcocaine",51.57656666666667,0.0171666666666666
W072161,2025-12-22,HR27,Cocaine,Not Stated,White,Powder,"Smoked, Intravenous","Euphoria, Increased Energy, Increased Confidence, Enhanced Senses, Increased Stamina, Empathy, Relaxed, Irregular Heartbeat, Paranoia, Insomnia",Cocaine,Benzoylecgonine,51.98334078947369,-2.796544736842105
000234105,2025-12-22,NP20,Cocaine,Not Stated,White,Powder,Snort / Sniff,"Increased Energy, Increased Confidence, Increased Stamina, Increased Libido",Cocaine,,51.5877,-2.9984
W072163,2025-12-23,HX12,Cocaine,Not Stated,White,Powder,Snort / Sniff,Increased Confidence,"Cocaine, Paracetamol",,53.7167,-1.85
W072213,2025-12-23,EH16,Cocaine,Not Stated,White,Solid,Oral,"Euphoria, Increased Confidence, Increased Stamina","Cocaine, Phenacetin",,55.92249999999999,-3.1511333333333336
W072210,2025-12-23,W14,Cocaine,Cocaine cleaned,White,Powder,Not Stated,Not Stated,Cocaine,,51.49550000000001,-0.21798
W072196,2025-12-23,S3,Cocaine,Not Stated,"Orange, White",,Not Stated,Not Stated,Cocaine,,53.383,-1.4659
W071870,2025-12-24,BS1,Cocaine,Not Stated,White,Powder,Snort / Sniff,"Memory Loss, Confusion, Loss of consciousness, Agitation, loss of coordination","Cocaine, Ketamine",,51.4552,-2.5966
W072154,2025-12-24,EH8,Cocaine,Not Stated,White,Powder,Intravenous,"Increased Confidence, Enhanced Senses, Empathy, Auditory Hallucinations, Irregular Heartbeat, Confusion, Agitation, Insomnia, Depression",Cocaine,,55.9489,-3.1632
W071867,2025-12-24,BS1,Cocaine,Not Stated,White,Powder,Snort / Sniff,"Relaxed, Irregular Heartbeat, Confusion, Loss of consciousness",Cocaine,Norcocaine,51.4552,-2.5966
W072274,2025-12-24,LL28,Cocaine,Not Stated,White,Solid,Not Stated,Not Stated,Cocaine,,53.28348999999999,-3.7664
W071640,2025-12-24,PH1,Cocaine,Not Stated,White,Powder,Snort / Sniff,"Increased Energy, Increased Confidence, Increased Stamina, Nausea",Cocaine,Norcocaine,56.43174736842105,-3.4980552631578945
W072314,2025-12-24,DA16,Cocaine,Not Stated,White,Powder,Snort / Sniff,"Euphoria, Increased Energy, Increased Confidence, Relaxed, Insomnia",Cocaine,,51.4625,0.1075999999999999
W072476,2026-01-06,S6,Cocaine,Not Stated,White,Powder,Not Stated,Not Stated,Cocaine,,53.3931,-1.5452
W071901,2026-01-08,E3,cocaine,cocaine,White,Powder,Not Stated,Not Stated,Cocaine,,51.527657142857144,-0.0265714285714285
W072694,2026-01-13,SO51,cocaine,Fendi cocaine,White,Powder,Not Stated,Not Stated,Cocaine,Phenacetin,51.01539047619048,-1.494095238095238
W072872,2026-01-19,RG7,Cocaine,Not Stated,White,Powder,Not Stated,Not Stated,Cocaine,,51.40035833333334,-1.0685638888888889
W072965,2026-01-19,GU1,Cocaine,Cocaine,White,Powder,Not Stated,Not Stated,Cocaine,,51.24703333333333,-0.5499999999999999
000236828,2026-01-19,CF63,Cocaine,Not Stated,White,Powder,Snort / Sniff,"Nosebleeds, Panic Attack, Agitation, Depression",Cocaine,,51.4172,-3.2614
W072955,2026-01-23,RG12,cocaine,HS,White,Powder,Snort / Sniff,"Euphoria, Increased Energy, Enhanced Senses, Increased Libido, Empathy",Cocaine,,51.4007,-0.7635
W072992,2026-01-23,EH8,cocaine,Not Stated,White,Powder,Intravenous,"Increased Energy, Increased Confidence, Enhanced Senses, Auditory Hallucinations, Visual Hallucinations, Irregular Heartbeat, Chest Pains, Paranoia, Memory Loss, Panic Attack, Agitation, Loss of consciousness, Depression",Cocaine,,55.9489,-3.1632
W073004,2026-01-23,CV34,Cocaine,Not Stated,White,Powder,Not Stated,Not Stated,Cocaine,,52.28345,-1.58235
W072999,2026-01-23,OX15,Cocaine,UKpoo1,White,Powder,Snort / Sniff,"Auditory Hallucinations, Visual Hallucinations, Chest Pains, Irregular Heartbeat, Nosebleeds, Nausea, Vomiting, Paranoia, Memory Loss, Loss of consciousness, Violence/Aggression, Insomnia, Depression, Suicidal Ideation",Amphetamine,,52.0376935483871,-1.419861290322581
000236270,2026-01-23,CF83,Cocaine,Cocain,White,,Snort / Sniff,"Euphoria, Increased Stamina, Increased Strength",Cocaine,,51.59288333333333,-3.2333833333333337
W072988,2026-01-23,SW34,Cocaine,mr white,White,Powder,Not Stated,Not Stated,Cocaine,,51.487975000000006,-0.165875
W072950,2026-01-23,EH12,Cocaine,Not Stated,White,Powder,Snort / Sniff,"Increased Libido, Irregular Heartbeat",Cocaine,,55.9429,-3.285
000239096,2026-01-23,CF83,cocaine,cocain,White,,Snort / Sniff,Not Stated,Cocaine,Norcocaine,51.59288333333333,-3.2333833333333337
000237154,2026-01-23,CF5,cocaine,Cocaine,White,Crystalline,Snort / Sniff,"Euphoria, Increased Energy, Increased Confidence, Relaxed, Irregular Heartbeat, Nosebleeds, Panic Attack, Agitation, Violence/Aggression",Cocaine,Norcocaine,51.471875,-3.275816666666667
000236727,2026-01-23,SA1,Cocaine,Not Stated,White,Powder,Smoked,"Euphoria, Increased Energy, Memory Loss",Cocaine,,51.633979999999994,-3.94848
W072954,2026-01-23,RG12,Cocaine,Chinese ,White,Powder,Snort / Sniff,"Euphoria, Increased Energy, Increased Confidence, Empathy, Insomnia",Cocaine,,51.4007,-0.7635
W072966,2026-01-23,EX46,cocaine,Not Stated,,,Snort / Sniff,Not Stated,Cocaine,,50.73776,-3.5296999999999996
W073039,2026-01-26,G206,Cocaine,Not Stated,White,Powder,Smoked,"Euphoria, Increased Confidence, Increased Energy, Insomnia",Cocaine,,55.8906,-4.2904
W071902,2026-01-26,E3,Cocaine,Not Stated,White,Powder,Not Stated,Not Stated,Cocaine,,51.527657142857144,-0.0265714285714285
W073112,2026-01-26,SY8,Cocaine, Paddington QC,"White, White",Powder,Snort / Sniff,Not Stated,Cocaine,,52.36667333333334,-2.6940066666666667
W073264,2026-01-28,M33,Cocaine,coke,White,Powder,Snort / Sniff,"Increased Energy, Increased Confidence, Increased Libido","Mephedrone, Cocaine",,53.4252,-2.3244
000236111,2026-01-28,CF62,Cocaine,Not Stated,White,Powder,Snort / Sniff,"Euphoria, Increased Energy, Increased Confidence, Enhanced Senses, Irregular Heartbeat",Cocaine,,51.4027,-3.37145
000234127,2026-01-28,NP20,Crack,Not Stated,White,Crystalline,Smoked,"Increased Energy, Increased Confidence, Increased Stamina",Cocaine,,51.5877,-2.9984
000234128,2026-01-28,NP20,Crack,Not Stated,Brown,Granules,Smoked,"Increased Energy, Increased Confidence, Increased Stamina",Cocaine,,51.5877,-2.9984
000234129,2026-01-28,NP19,Crack,Not Stated,Brown,Granules,Smoked,"Increased Energy, Increased Confidence",Cocaine,,51.5888,-2.9638
W067771,2026-02-03,EH8,Cocaine,Not Stated,White,Powder,Not Stated,Not Stated,MDMA,"Caffeine, Amphetamine",55.9489,-3.1632
W073484,2026-02-03,SE1,Coke,Acetone cleaned,White,Powder,Not Stated,Not Stated,Cocaine,,51.49874615384616,-0.0930384615384615
W073466,2026-02-03,AB43,Crack cocaine,Not Stated,White,Solid,Smoked,"Increased Energy, Enhanced Senses, Visual Hallucinations, Paranoia, Confusion, Agitation",Cocaine,,57.65489545454545,-2.046884090909091
W073265,2026-02-03,N17,Cocaine,Not Stated,White,Powder,Snort / Sniff,"Increased Energy, Chest Pains, Panic Attack",Cocaine,,51.59922,-0.07094
W073318,2026-02-03,CH5,Cocaine,Not Stated,White,Powder,Not Stated,Not Stated,Cocaine,,53.19930000000001,-3.03614
W073289,2026-02-03,PL4,Cocaine,Not Stated,White,Powder,Not Stated,Not Stated,Cocaine,,50.3715,-4.143
W073290,2026-02-03,PL4,Cocaine,Not Stated,White,Powder,Not Stated,Not Stated,Cocaine,,50.3715,-4.143
000236842,2026-02-03,CF63,Cocaine,Not Stated,White,Powder,Snort / Sniff,"Increased Energy, Increased Confidence, Nosebleeds",Cocaine,,51.4172,-3.2614
W073353,2026-02-03,EC1,Cocaine,snow white euro,White,Powder,Not Stated,Not Stated,Cocaine,Norcocaine,51.52320909090909,-0.1055181818181818
W073407,2026-02-03,S64B,Coke,Street coke,White,Powder,Not Stated,Not Stated,Benzocaine,,53.4826,-1.304275
W073593,2026-02-06,TS01,Cocaine ,Not Stated,White,Powder,Not Stated,Not Stated,Cocaine,,,
W073521,2026-02-06,W4,Cocaine,Not Stated,White,Powder,Snort / Sniff,"Increased Energy, Increased Confidence, Increased Libido, Agitation, Insomnia",Cocaine,,51.4927,-0.258
W073293,2026-02-06,M32,coke,Not Stated,White,Powder,Not Stated,Not Stated,Cocaine,Phenacetin,53.45,-2.3167
W073709,2026-02-10,DY11,Cocaine,Coacine,White,Powder,Not Stated,Not Stated,Cocaine,Benzoylecgonine,52.375,-2.2416875
W073631,2026-02-10,OX4,Cocaine,Genzo,White,Powder,Snort / Sniff,"Euphoria, Increased Energy, Increased Confidence, Empathy, Insomnia",Cocaine,,51.723725,-1.224375
W073745,2026-02-10,WN5,Cocaine,Not Stated,White,Powder,Snort / Sniff,"Euphoria, Increased Energy, Increased Confidence, Increased Stamina, Relaxed, Nausea, Memory Loss",Cocaine,,53.497899999999994,-2.7081
W073737,2026-02-10,SG1,Cocaine,Not Stated,White,Powder,Snort / Sniff,Not Stated,Cocaine,Benzoylecgonine,51.9022,-0.2026
W073756,2026-02-11,SY21,Cocaine,snail coke,White,Powder,Not Stated,Not Stated,"Cocaine, Phenacetin",Benzoylecgonine,52.670813513513515,-3.1976945945945947
W073757,2026-02-11,SY21,Double wash coke,dw cola,White,Powder,Not Stated,Not Stated,Cocaine,,52.670813513513515,-3.1976945945945947
W073762,2026-02-11,SY21,Cocaine,coke 2,White,Powder,Not Stated,Not Stated,Cocaine,Tropacocaine,52.670813513513515,-3.1976945945945947
W073869,2026-02-11,B75,Cocaine,c,White,Powder,Snort / Sniff,"Increased Energy, Increased Confidence, Increased Libido, Empathy, Insomnia",Cocaine,Amphetamine,52.5879,-1.8128
W073901,2026-02-13,EX32,Cocaine,Not Stated,White,Powder,Not Stated,"Chest Pains, Irregular Heartbeat, Nosebleeds, Vomiting",Cocaine,Benzoylecgonine,51.07364,-3.97823
W073867,2026-02-13,B75,Cocaine,Nosey,White,Powder,Snort / Sniff,"Euphoria, Increased Energy, Increased Confidence, Increased Libido, Empathy, Insomnia",Cocaine,,52.5879,-1.8128
W073903,2026-02-17,EH16,Cocaine,cocaine,White,Powder,Snort / Sniff,Relaxed,Cocaine,,55.92249999999999,-3.1511333333333336
W073862,2026-02-17,HR3,Cocaine,RFW 1942 stamp,White,Powder,Not Stated,Not Stated,Cocaine,,52.08754242424242,-3.049269696969697
W073767,2026-02-17,DL39,Cocaine,Not Stated,White,Powder,Snort / Sniff,"Euphoria, Increased Confidence, Increased Energy, Enhanced Senses, Increased Stamina",Cocaine,Norcocaine,54.5243,-1.5504
000233847,2026-02-17,NP20,Cocaine,Not Stated,White,Powder,Not Stated,Not Stated,Cocaine,,51.5877,-2.9984
000233061,2026-02-17,,Crack cocaine,Not Stated,White,Solid,Smoked,"Euphoria, Increased Energy, Increased Confidence, Increased Stamina, Relaxed, Insomnia",Cocaine,"Benzocaine, Ecgonine methyl ester",0,0
W074082,2026-02-18,WF2,Cocaine,Cocaine,White,Powder,Not Stated,Not Stated,Cocaine,,53.66534,-1.51568
W074254,2026-02-20,CF32,Cocaine,Not Stated,White,Powder,Snort / Sniff,"Euphoria, Increased Energy, Increased Confidence",Cocaine,,51.536704166666674,-3.5931333333333337
W074257,2026-02-25,MK17,Cocaine,Cocaine,White,Powder,Not Stated,Not Stated,Cocaine,,51.98291739130435,-0.7129
W074174,2026-02-25,KX11,Cocaine,Not Stated,White,Powder,Not Stated,Not Stated,Cocaine,,,
W074284,2026-02-25,CM77,Cocaine,LD 574,White,Powder,Snort / Sniff,"Euphoria, Increased Energy, Enhanced Senses, Increased Libido, Increased Strength, Paranoia, Agitation, Insomnia",Cocaine,,51.8782,0.5529
W074223,2026-02-25,G12,Cocaine,Bolo,White,Powder,Not Stated,Not Stated,"Cocaine, Benzocaine, Procaine",Levamisole,55.8804,-4.3007
W074226,2026-02-25,HR3,Cocaine,UKP Rare powder,White,Powder,Not Stated,Not Stated,Cocaine,,52.08754242424242,-3.049269696969697
W074227,2026-02-25,HR3,Cocaine,Esco p1 p1,White,Powder,Not Stated,Not Stated,Cocaine,Benzoylecgonine,52.08754242424242,-3.049269696969697
W074422,2026-02-27,ML6,Cocaine,Not Stated,White,Powder,Snort / Sniff,"Dizziness, Nosebleeds, Nausea",Cocaine,Benzocaine,55.876992307692305,-3.925407692307692
W074480,2026-02-27,TF2,Cocaine,CMC,White,Powder,Not Stated,Not Stated,Cocaine,,52.704975,-2.449375
000238662,2026-03-09,NP22,Crack cocaine,Not Stated,Grey,Crystalline,Smoked,"Relaxed, Confusion, Depression","Cocaine, Benzoylecgonine",Ecgonine methyl ester,51.7725,-3.2468
W074471,2026-03-09,PE2,Cocaine,Cocaine 92%,White,Powder,Not Stated,Not Stated,Cocaine,,52.55525,-0.2665666666666667
W074458,2026-03-09,DY11,Cocaine,Esco Peru 2,White,Powder,Not Stated,Not Stated,Cocaine,"Norcocaine, Benzoylecgonine",52.375,-2.2416875
W074485,2026-03-09,PA26,Cocaine,Not Stated,White,Powder,Snort / Sniff,"Increased Energy, Increased Confidence",Cocaine,,56.25834285714286,-4.9370714285714286
W074542,2026-03-09,S6,cocaine,Not Stated,White,Solid,Not Stated,Not Stated,Cocaine,,53.3931,-1.5452
W074541,2026-03-09,S6,Cocaine,Not Stated,White,Solid,Not Stated,Not Stated,Cocaine,,53.3931,-1.5452
W074454,2026-03-09,EH47,Cocaine,Not Stated,White,Powder,Snort / Sniff,"Increased Energy, Increased Confidence, Increased Stamina, Increased Libido",Cocaine,"Benzoylecgonine, Tropacocaine",55.85647142857143,-3.669085714285714
W074733,2026-03-10,SO21,CRACK COCAINE,Not Stated,White,Powder,Not Stated,Not Stated,"Caffeine, Paracetamol",,51.08811935483871,-1.300141935483871
W074520,2026-03-10,LS17,cocaine,Not Stated,White,Powder,Snort / Sniff,"Increased Energy, Increased Confidence, Relaxed",Cocaine,,53.88427272727272,-1.5127545454545457
W074687,2026-03-10,TD1,COCAINE,COCAINE ,White,Powder,Smoked,"Euphoria, Increased Confidence, Increased Energy, Empathy","Noscapine, Caffeine, Heroin, Paracetamol, Metonitazene",6-MAM,55.66659333333334,-2.8606933333333333
W074707,2026-03-10,SE9,COCAINE ,Not Stated,White,Powder,Snort / Sniff,Not Stated,No Active Component Identified,,51.44698000000001,0.0542799999999999
W074638,2026-03-10,EH54,COCAINE,NO LABEL,White,Powder,Snort / Sniff,"Euphoria, Increased Energy, Relaxed, Irregular Heartbeat, Nosebleeds",Cocaine,"Benzocaine, Norcocaine",55.9029,-3.5226
000234138,2026-03-10,NP20,CRACK,Not Stated,"White, White",Powder,Smoked,Not Stated,Cocaine,,51.5877,-2.9984
000234141,2026-03-10,NP23,CRACK,Not Stated,White,Crystalline,Not Stated,Not Stated,Cocaine,"Phenacetin, Benzocaine",51.7771,-3.2079
000234145,2026-03-10,NP20,CRACK,Not Stated,White,Crystalline,Smoked,Relaxed,Cocaine,,51.5877,-2.9984
000234146,2026-03-10,NP20,CRACK,Not Stated,White,Crystalline,Smoked,Relaxed,Cocaine,"Benzocaine, Ecgonine methyl ester",51.5877,-2.9984
W074636,2026-03-10,RG12,cocaine,RCN,White,Powder,Snort / Sniff,"Euphoria, Increased Energy, Increased Confidence, Increased Libido, Empathy, Nosebleeds, Insomnia",Cocaine,,51.4007,-0.7635
W074407,2026-03-10,EH39,COCAINE,Not Stated,White,Powder,Snort / Sniff,"Euphoria, Increased Energy, Nausea, Insomnia",Cocaine,,56.0277,-2.7334
W074534,2026-03-10,DL39,COCAINE,Not Stated,White,Powder,Snort / Sniff,"Euphoria, Increased Energy, Increased Confidence, Enhanced Senses, Increased Stamina, Increased Libido, Empathy","Cocaine, Procaine, Levamisole","Norcocaine, Benzocaine",54.5243,-1.5504
000234137,2026-03-10,NP20,CRACK,Not Stated,White,Crystalline,Smoked,Relaxed,Cocaine,"Benzocaine, Ecgonine methyl ester",51.5877,-2.9984
W074829,2026-03-13,S139LW,COCAINE,Not Stated,White,Powder,Snort / Sniff,"No Effect, Euphoria, Increased Energy, Increased Confidence, Enhanced Senses, Increased Stamina, Increased Libido, Increased Strength, Empathy, Auditory Hallucinations, Visual Hallucinations, Relaxed, Chest Pains, Irregular Heartbeat, Nosebleeds, Nausea, Vomiting, Paranoia, Memory Loss, Confusion, Panic Attack, Loss of consciousness, Agitation, Violence/Aggression, Insomnia, Depression, Suicidal Ideation, Loss of consciousness",Cocaine,,53.3642,-1.3745
W074781,2026-03-13,BN1,cocaine,cocaine,White,Powder,Snort / Sniff,Not Stated,Cocaine,,50.8614,-0.1204166666666666
W074817,2026-03-13,PO20,COCAINE,Not Stated,White,Powder,Not Stated,Not Stated,Cocaine,,50.801327586206895,-0.7736275862068966
W074962,2026-03-17,NW74,COCAINE,Not Stated,White,Powder,Not Stated,Not Stated,Cocaine,Procaine,51.6094,-0.2273
000236729,2026-03-17,CF10,CRACK COCAINE,Not Stated,White,Tablet,Oral,Not Stated,No Active Component Identified,,51.48,-3.18
W074919,2026-03-17,G12,cocaine,F.W,White,Powder,Not Stated,Not Stated,Cocaine,Norcocaine,55.8804,-4.3007
W074974,2026-03-17,BN11,COCAINE,COCAINE,White,Powder,Not Stated,Not Stated,Cocaine,Norcocaine,50.81425,-0.38285
W074860,2026-03-17,EH12,COCAINE,Not Stated,White,Powder,Snort / Sniff,"Increased Energy, Increased Confidence, Insomnia",Cocaine,Procaine,55.9429,-3.285
W074820,2026-03-17,SR1,PINK COCAINE,PINK COCAINE,Pink,Granules,Not Stated,Not Stated,"Ketamine, MDMA, Cocaine","Procaine, Levamisole",54.9046,-1.3822
000236730,2026-03-17,,crack cocaine ,Not Stated,Brown,Powder,Smoked,Not Stated,Cocaine,Benzoylecgonine,0,0
000236818,2026-03-18,CF63,cocaine,Not Stated,White,Powder,Not Stated,Not Stated,Cocaine,,51.4172,-3.2614
W075012,2026-03-18,SE1,COCAINE,CLEANED WITH ACETONE,White,Powder,Not Stated,Not Stated,Cocaine,,51.49874615384616,-0.0930384615384615
W075107,2026-03-20,PH18,Cocaine,Not Stated,White,Solid,Not Stated,Not Stated,Cocaine,,56.75799000000001,-3.92878
W075174,2026-03-24,SO51,Cocaine,Wispa cocaine,White,Powder,Not Stated,Not Stated,Cocaine,Norcocaine,51.01539047619048,-1.494095238095238
000238830,2026-03-24,CF10,Cocaine,Cocain,,,Snort / Sniff,"Nosebleeds, Nausea",Cocaine,,51.48,-3.18
000238834,2026-03-24,CF83,Cocaine,Cocain,"White, White",Powder,Snort / Sniff,Headache,Cocaine,,51.59288333333333,-3.2333833333333337
100004538,2026-03-24,SY16,Cocaine,Not Stated,White,Powder,"Snort / Sniff, Intravenous",Not Stated,Cocaine,,52.50787647058824,-3.3015823529411765
W075034,2026-03-25,HR14,cocaine,Not Stated,White,Powder,Not Stated,Not Stated,Cocaine,,52.08174186046512,-2.612990697674419
W075194,2026-03-25,G3,Cocaine,1ce,White,Powder,Not Stated,Not Stated,Cocaine,"Norcocaine, Benzoylecgonine",55.8651,-4.2576
W075311,2026-03-25,B30,Cocaine,Open line,White,Powder,Not Stated,Not Stated,Cocaine,,52.4167,-1.9167
W074497,2026-03-31,HR14,crack cocaine,Not Stated,White,Solid,Not Stated,Not Stated,Cocaine,"Benzoylecgonine, Phenacetin",52.08174186046512,-2.612990697674419
W075474,2026-04-07,NG17,Cocaine,Cocaine,White,Powder,Not Stated,"Increased Energy, Increased Confidence, Increased Strength, Nosebleeds, Paranoia",Cocaine,Benzoylecgonine,53.128366666666665,-1.2676833333333335
W075478,2026-04-07,NG71,Cocaine,Cocaine ,White,Powder,Snort / Sniff,Not Stated,Cocaine,,52.9536,-1.1505
W062376,2026-04-08,EH66,Cocaine,white rock,White,Solid,Smoked,"Auditory Hallucinations, Visual Hallucinations, Paranoia, Confusion, Panic Attack, Suicidal Ideation, Shaking/Shivering",Cocaine,"Benzoylecgonine, Ecgonine methyl ester",55.9617,-3.1844
W075514,2026-04-08,CB80,Cocaine,Not Stated,Not stated Sample form Not stated Consumption method Snort / Sniff Self-reported effects Euphoria,Not stated,Snort / Sniff,"Euphoria, Increased Energy, Increased Confidence, Increased Stamina",Cocaine,MDMA,52.20595,0.4459611111111111
000236130,2026-04-09,CF72,Cocaine,Not Stated,White,Granules,Not Stated,Not Stated,Cocaine,Phenacetin,51.530146153846154,-3.408415384615384
W075489,2026-04-09,AL1,cocaine nike,Not Stated,White,Solid,Not Stated,Not Stated,"Caffeine, Amphetamine",,51.75,-0.3333
W075703,2026-04-13,LN1,Cocaine,Not Stated,White,Powder,Not Stated,Not Stated,Cocaine,Ketamine,53.288,-0.6507473684210526
000235788,2026-04-13,CF31,Crack,Not Stated,White,Solid,Not Stated,"Auditory Hallucinations, Visual Hallucinations, Breathlesness, Irregular Heartbeat, Paranoia, Memory Loss, Confusion, Panic Attack, Violence/Aggression, Depression",Cocaine,,51.507666666666665,-3.577733333333333
W075813,2026-04-14,TD11,Cocaine,Not Stated,Orange,Granules,Not Stated,Not Stated,Cocaine,,55.78830869565218,-2.312726086956522
W075699,2026-04-14,AB24,cocaine,cocaine,White,Powder,Snort / Sniff,"Euphoria, Increased Energy, Increased Confidence, Visual Hallucinations, Paranoia",Cocaine,,57.1437,-2.0981
W075796,2026-04-14,NN1,coke,Not Stated,White,Powder,Not Stated,Not Stated,Procaine,,52.25,-0.8833
W075916,2026-04-14,LS28,Cocaine,TC CAT 2,White,Solid,Not Stated,Not Stated,"Cocaine, Phenacetin",,53.81066666666667,-1.6737
W069516,2026-04-14,AB16,Cocaine/ketamine,Not Stated,White,Powder,Not Stated,Not Stated,"Cocaine, Benzocaine",,57.16,-2.1567
W075829,2026-04-14,SY23,cocaine,Coke,White,Powder,Snort / Sniff,Not Stated,Cocaine,,52.34458541666667,-3.9885
W075810,2026-04-14,BN1,Cocaine,Not Stated,White,Powder,Not Stated,Not Stated,Cocaine,,50.8614,-0.1204166666666666
000235790,2026-04-14,CF31,Crack cocaine,Not Stated,White,Solid,Smoked,"Auditory Hallucinations, Visual Hallucinations, Irregular Heartbeat, Paranoia, Memory Loss, Confusion, Violence/Aggression, Depression, Suicidal Ideation",Cocaine,"Benzoylecgonine, Ecgonine methyl ester",51.507666666666665,-3.577733333333333
W072607,2026-04-16,EK1,Cocaine,Not Stated,White,Powder,Snort / Sniff,Not Stated,"Phenacetin, Cocaine",,,
W075618,2026-04-16,TN4,Cocaine,Not Stated,Not stated Sample form Powder Consumption method Snort / Sniff Self-reported effects Increased Energy,Powder,Snort / Sniff,Increased Energy,Cocaine,,51.1568,0.244275
W075917,2026-04-16,LL76,Cocaine,Cocaine,White,Powder,Snort / Sniff,Not Stated,"Cocaine, Norcocaine",,53.3003,-4.2364
W075918,2026-04-16,LL76,Cocaine,Cocaine,White,Powder,Snort / Sniff,Not Stated,Cocaine,,53.3003,-4.2364
W075824,2026-04-17,CF24,Cocaine,Not Stated,White,Powder,Not Stated,Not Stated,Cocaine,,51.48,-3.18
000234168,2026-04-17,NP20,Crack,Not Stated,White,Granules,Not Stated,Not Stated,"Cocaine, Phenacetin",,51.5877,-2.9984
000234157,2026-04-17,CF10,Cocaine,Not Stated,White,Powder,Snort / Sniff,"Increased Energy, Increased Confidence, Enhanced Senses, Increased Stamina",Cocaine,,51.48,-3.18
W075748,2026-04-17,DN15,Crack cocaine,Not Stated,White,Powder,Smoked,Not Stated,Cocaine,Benzoylecgonine,53.63215789473684,-0.6457368421052632
000234150,2026-04-17,NP20,Cocaine,Not Stated,White,Powder,Snort / Sniff,"Increased Energy, Increased Confidence, Increased Strength, Chest Pains",Cocaine,,51.5877,-2.9984
W075973,2026-04-17,G82,Crack,Not Stated,White,Solid,Smoked,"Nausea, Confusion, Loss of consciousness",Cocaine,"Benzoylecgonine, Ecgonine methyl ester",55.954800000000006,-4.5815222222222225
000234171,2026-04-17,NP20,Cocaine,Not Stated,White,Powder,Not Stated,"Euphoria, Increased Energy, Increased Confidence, Enhanced Senses, Empathy",Cocaine,,51.5877,-2.9984
W076143,2026-04-22,EH12,Cocaine,Not stated,White,Granules,Not stated,"Not stated,  ",Cocaine,Benzoylecgonine,55.9429,-3.285
W076051,2026-04-22,DT11,Cocaine,Not Stated,White,Tablet,Oral,"Euphoria, Increased Confidence, Empathy, Relaxed",Codeine,,50.86008723404256,-2.1794021276595745
W076171,2026-04-24,BN3,Cocaine,Not stated,White,Powder,Not stated,"Not stated,  ",Cocaine,,50.836725,-0.179625
W076205,2026-04-28,ME59,Cocaine,Not stated,White,Powder,Not stated,"Not stated,  ",Cocaine,,51.352066666666666,0.5337
W100096,2026-04-29,DN16,Cocaine,Not stated,White,Powder,Not stated,"Not stated,  ","Cocaine, Procaine","Cocaine, Nor",53.55885,-0.64505
W076165,2026-04-30,NW5,COCAINE,Not stated,White,Powder,Not stated,"Not stated,  ",Cocaine,,51.5517,-0.1413
W100073,2026-04-30,GU21,COCAINE,Not stated,White,Powder,Not stated,"Not stated,  ",Cocaine,,51.322399999999995,-0.5923666666666666
W100072,2026-04-30,GU21,COCAINE,Not stated,White,Powder,Not stated,"Not stated,  ",Cocaine,,51.322399999999995,-0.5923666666666666
W100088,2026-04-30,CM77,COCAINE,L.D KMX,White,Powder,Snort / Sniff,"Euphoria, Increased energy, Increased confidence, Increased senses, Increased stamina, Increased libido, Increased strength, Empathy, Irregular heartbeat, Paranoia, Agitation, Insomnia",Cocaine,Benzoylecgonine,51.8782,0.5529
W100089,2026-04-30,CM77,Pink Cocaine (tusi),Ld Pink cocaine Tusi,Pink,Powder,Not stated,"Not stated,  ","Ketamine, MDMA",,51.8782,0.5529
W076182,2026-04-30,Not stated,COCAINE,Not stated,White,Other,Snort / Sniff,No effect,Cocaine,Phenacetine,,
W100271,2026-05-01,SW99,Cocaine,Not stated,White,Powder,Not stated,"Not stated,  ",Cocaine,Benzoylecgonine,51.474,-0.1168
W100228,2026-05-01,SY23,Cocaine,Not stated,White,Powder,Snort / Sniff,"Increased confidence, Auditory hallucinations, Visual hallucinations, Chest pains, Nausea, Paranoia, Memory loss, Confusion, Insomnia, Depression, Panic attack",Cocaine,,52.34458541666667,-3.9885
W100302,2026-05-06,SA43,cocaine,Not stated,White,Powder,Snort / Sniff,"Euphoria, Increased energy, Increased confidence, Irregular heartbeat",Cocaine,,52.07603076923077,-4.6376
W100353,2026-05-06,GL11,Cocaine,Not stated,White,Powder,Not stated,"Not stated,  ",Cocaine,,51.68968571428571,-2.354142857142857
W100305,2026-05-06,SA43,cocaine,Not stated,White,Powder,Snort / Sniff,"Increased energy, Increased confidence, Increased senses",Cocaine,"Benzoylecgonine, Levamisole, Paracetamol",52.07603076923077,-4.6376
W100419,2026-05-06,NR33,Cocaine,Not stated,White,Powder,Oral,"Euphoria, Increased energy, Increased confidence, Increased stamina, Breathlessness",Cocaine,,52.439275,1.7061875
W075776,2026-05-06,PO6,Cocaine,cocaine,White,Powder,Snort / Sniff,"Euphoria, Increased energy, Increased confidence, Increased senses, Increased libido, Paranoia, Insomnia",Cocaine,,50.8473,-1.060466666666667
W100304,2026-05-06,SA42,cocaine,Not stated,White,Powder,Snort / Sniff,No effect,Cocaine,,52.0168,-4.842714285714286
W100277,2026-05-06,BS39,Cocaine,Not stated,White,Powder,Snort / Sniff,"Increased confidence, Increased senses, Empathy, Relaxed",Cocaine,,51.329,-2.5339
W100477,2026-05-07,SW19,cocaine,Not stated,White,Powder,Not stated,"Not stated,  ",Cocaine,"Benzoylecgonine, Cocaine, Nor, Ketamine",51.42343333333333,-0.1973333333333333
W100462,2026-05-07,SW19,Cocaine,Not stated,White,Powder,Not stated,"Not stated,  ",Cocaine,"Cocaine, Nor",51.42343333333333,-0.1973333333333333
W100486,2026-05-07,SG89,Cocaine,Cocaine,White,Powder,Not stated,"Not stated,  ",Ketamine,,52.07207058823529,-0.0231647058823529
W100360,2026-05-07,G15,cocaine,Not stated,White,Granules,Not stated,"Not stated,  ",Cocaine,"Benzoylecgonine, Cocaine, Nor",55.9102,-4.3733
W100278,2026-05-07,Not stated,cocaine,Not stated,White,Powder,Snort / Sniff,"Increased confidence, Increased senses, Empathy, Relaxed",Cocaine,Benzoylecgonine,,
W100490,2026-05-11,TW8,cocaine,cocaine,White,Powder,Snort / Sniff,"Increased energy, Increased confidence, Increased senses, Agitation, Depression",Cocaine,"Benzoylecgonine, Cocaine, Nor",51.4862,-0.3083
W100540,2026-05-11,PH1,Crack cocaine,Not stated,Grey,Solid,Smoked,"Chest pains, Irregular heartbeat, Nausea, Agitation, Sweating",Cocaine,Benzoylecgonine,56.43174736842105,-3.4980552631578945
W100515,2026-05-11,BT23,Cocaine,Not stated,White,Granules,Not stated,"Not stated,  ",Cocaine,,54.5924,-5.6909
W100610,2026-05-13,IV1,crack cocaine,Not stated,White,Crystalline,Not stated,"Not stated,  ","Cocaine, Phenacetine",Benzoylecgonine,57.4836,-4.2330359375
W100562,2026-05-13,LS1,cocaine,Not stated,White,Powder,Snort / Sniff,"Increased energy, Increased confidence, Increased stamina, Insomnia",Cocaine,,53.7965,-1.5478
W100341,2026-05-13,CB22,COCAINE,Not stated,White,Powder,Snort / Sniff,"Increased energy, Increased confidence",Cocaine,,52.13283157894737,0.1341894736842105
W100340,2026-05-13,CB22,COCAINE,Not stated,White,Powder,Snort / Sniff,"Increased energy, Relaxed",Cocaine,,52.13283157894737,0.1341894736842105
W100342,2026-05-13,CB22,ETHER WASHED COCAINE,Not stated,White,Powder,Not stated,"Increased energy, Relaxed",Cocaine,,52.13283157894737,0.1341894736842105
W100339,2026-05-13,CB22,Cocaine,Not stated,White,Powder,Snort / Sniff,"Increased energy, Relaxed",Cocaine,,52.13283157894737,0.1341894736842105
W100713,2026-05-14,CF38,CRACK £80,CRACK-,Colourless,Crystalline,Not stated,"Not stated,  ",Cocaine,"Benzoylecgonine, Ecgonine methyl ester",51.5543,-3.34528
000039758,2026-05-19,LL17,cocaine,Not stated,White,Powder,Not stated,"Increased energy, Increased confidence",Cocaine,,53.25438333333333,-3.4133833333333334
W100469,2026-05-19,M1,Cocaine,Not stated,White,Powder,Not stated,"Not stated,  ",Cocaine,,53.4809,-2.2374
000237596,2026-05-19,CF44,cocaine,cocaine,White,Powder,Not stated,"Not stated,  ",Ketamine,,51.7327125,-3.48293125
W100892,2026-05-19,E16,cocaine,cocaine,White,Powder,Not stated,"Not stated,  ",Cocaine,Phenacetine,51.50108,0.0442
W100897,2026-05-19,SY2,Cocaine,Not stated,White,Powder,Not stated,"Not stated,  ",Cocaine,Paracetamol,52.7065,-2.7295
W100797,2026-05-19,CT20,Cocaine,Not stated,White,Powder,Not stated,"Not stated,  ",Cocaine,,51.0746,1.1448
W100828,2026-05-19,BA11,Cocaine,hgh purity coke,White,Powder,Snort / Sniff,"Euphoria, Increased energy, Increased confidence, Increased stamina, Shaking","Cocaine, Phenacetine",,51.216945,-2.351325
W100925,2026-05-26,NW36,Cocaine,Cocaine,White,Powder,Snort / Sniff,"Increased energy, Agitation, Insomnia",Cocaine,,51.5462,-0.168075
W076252,2026-05-26,TD1,cocaine,Not stated,White,Powder,Intramuscular,Relaxed,Cocaine,Phenacetine,55.66659333333334,-2.8606933333333333
000236538,2026-05-26,CF44,Cocaine,Not stated,White,Powder,Snort / Sniff,"Euphoria, Increased energy, Increased confidence, Increased senses, Increased stamina, Increased libido, Irregular heartbeat, Nosebleeds, Paranoia, Agitation, Insomnia, Depression, Suicidal ideation, Violence, Loss of consciousness",Cocaine,,51.7327125,-3.48293125
W076300,2026-05-26,SO51,Cocaine,Top dog 777,White,Granules,Not stated,"Not stated,  ",Cocaine,"Cocaine, Nor",51.01539047619048,-1.494095238095238
W076301,2026-05-26,SW1,Cocaine,HGM washed,White,Powder,Not stated,"Not stated,  ",Cocaine,,51.495583333333336,-0.1417916666666666
W076302,2026-05-26,SW1,Cocaine,vauveu,White,Powder,Not stated,"Not stated,  ",Cocaine,,51.495583333333336,-0.1417916666666666
W101025,2026-05-26,BS42,Cocaine,Cocaine,White,Powder,Not stated,"Not stated,  ",Cocaine,,51.4345,-2.55525
W101048,2026-05-29,NG18,Cocaine,Not stated,White,Powder,Not stated,"Not stated,  ",Cocaine,,53.1333,-1.2
W101114,2026-05-29,NG18,Cocaine,Not stated,White,Powder,Not stated,"Not stated,  ","Cocaine, Phenacetine",,53.1333,-1.2
W101264,2026-05-29,E14,Cocaine,TPS,White,Powder,Not stated,"Not stated,  ",Cocaine,"Benzoylecgonine, Ecgonine methyl ester",51.50563529411765,-0.0187647058823529
W101211,2026-05-29,BS32,Pink cocaine,Pink cocaine,Pink,Powder,Not stated,"Not stated,  ","Methylphenidate, Paracetamol, Promethazine",,51.5441,-2.5582
W076123,2026-05-29,OX4,COCAINE,Not stated,White,Powder,Not stated,"Not stated,  ",Cocaine,,51.723725,-1.224375
W101089,2026-05-29,CO11,COCAINE,Not stated,White,Powder,Not stated,"Not stated,  ",Cocaine,,51.93195,1.0912416666666669
W101305,2026-06-05,BT18,CRACK COCAINE,Not stated,White,Crystalline,Smoked,Relaxed,Cocaine,Benzoylecgonine,54.6386,-5.8247
W101213,2026-06-05,CB10,COCAINE,Not stated,White,Powder,Not stated,"Not stated,  ",Cocaine,"Cocaine, Nor",52.03342941176471,0.2682294117647059
W101288,2026-06-05,FK10,COCAINE,Not stated,White,Powder,Intravenous,"Euphoria, Increased energy, Increased confidence",Cocaine,"Cocaine, Nor",56.10687777777778,-3.7534
000233457,2026-06-05,LL57,POWDER COCAINE,Not stated,White,Other,Smoked,"Euphoria, Relaxed",Cocaine,,53.203925000000005,-4.106675
000233458,2026-06-05,LL57,POWDER COCAINE,Not stated,White,Other,Smoked,"Euphoria, Relaxed",Cocaine,,53.203925000000005,-4.106675
000238486,2026-06-05,LD1,COCAINE,COCAINE,White,Powder,Smoked,Nausea,"Cocaine, Procaine",,52.2618,-3.3257903225806453
W101430,2026-06-05,BS31,COCAINE,COCAINE,Pink,Powder,Not stated,"Not stated,  ","Paracetamol, Promethazine",,51.4084,-2.4918
W101539,2026-06-09,UB6,Coke,Not stated,White,Powder,Snort / Sniff,"Nausea, Depression, Headache",Cocaine,,51.534099999999995,-0.33285
W101592,2026-06-09,TN14,Cocaine,Not stated,White,Powder,Snort / Sniff,"Increased energy, Increased confidence, Increased libido, Agitation",Cocaine,,51.29797857142857,0.1372928571428571
W101519,2026-06-09,EH12,Cocaine,Not stated,White,Powder,Snort / Sniff,"Increased energy, Irregular heartbeat, Paranoia, Agitation",Cocaine,,55.9429,-3.285
000234188,2026-06-10,NP20,COCAINE,Not stated,White,Granules,Snort / Sniff,Euphoria,Cocaine,,51.5877,-2.9984
000234176,2026-06-10,NP20,GL COCAINE,Not stated,Brown,Granules,Not stated,"Not stated,  ",Cocaine,Benzoylecgonine,51.5877,-2.9984
000234181,2026-06-10,NP20,CRACK,Not stated,White,Powder,Not stated,"Not stated,  ","Cocaine, Tapentadol",Benzoylecgonine,51.5877,-2.9984
W101712,2026-06-11,BD20,COCAINE,Not stated,White,Powder,Not stated,"Not stated,  ","Cocaine, Benzocaine",Benzoylecgonine,53.90161666666666,-1.9787083333333335
W076332,2026-06-15,PO77,Cocaine,Fire Coke,White,Powder,Not stated,"Not stated,  ","Cocaine, Procaine",,50.8953875,-1.0532125
W101440,2026-06-15,NG6,Cocaine,Not stated,White,Powder,Not stated,"Euphoria, Increased energy, Increased confidence, Irregular heartbeat, Agitation",Cocaine,Benzoylecgonine,52.9989,-1.1971
W101439,2026-06-15,NG5,Cocaine,Not stated,White,Powder,Snort / Sniff,"Euphoria, Increased energy, Increased confidence, Increased senses, Increased stamina, Irregular heartbeat, Agitation",Cocaine,Tropacocaine,53.0006,-1.1315
W101645,2026-06-15,EH6,Cocaine,Not stated,White,Powder,Snort / Sniff,"Euphoria, Increased energy, Increased confidence, Increased senses",Cocaine,"Ecgonine methyl ester, Tropacocaine",55.9617,-3.1844
W101641,2026-06-15,BN1,Cocaine,Not stated,White,Powder,Not stated,"Not stated,  ",No active compound identified,,50.8614,-0.1204166666666666
W101761,2026-06-15,SW17,Cocaine,Cocaine,White,Powder,Snort / Sniff,"Not stated,  ",Cocaine,"Cocaine, Nor",51.4307,-0.1647
W101827,2026-06-16,NR7,Cocaine,Cocaine,White,Powder,Snort / Sniff,"Euphoria, Increased energy, Increased confidence, Increased senses, Increased libido",Cocaine,,52.64305,1.3373
000236948,2026-06-16,CF32,Cocaine,Not stated,White,Powder,Not stated,"Not stated,  ","Cocaine, Paracetamol, Phenacetin","Mephedrone, Cocaine, Nor, Tropacocaine",51.536704166666674,-3.5931333333333337
W101797,2026-06-16,EH4,Cocaine,Not stated,White,Powder,Not stated,"Not stated,  ",Cocaine,,55.965133333333334,-3.2708999999999997
W101798,2026-06-16,EH4,Cocaine,Cocaine,White,Powder,Snort / Sniff,"Euphoria, Increased energy, Increased confidence, Nosebleeds",Cocaine,,55.965133333333334,-3.2708999999999997
000023561,2026-06-16,SY16,Cocaine,Not stated,White,Powder,Not stated,"Auditory hallucinations, Visual hallucinations, Relaxed, Irregular heartbeat, Paranoia, Confusion, Agitation, Loss of consciousness",Cocaine,,52.50787647058824,-3.3015823529411765
000235609,2026-06-16,SY16,Cocaine,Not stated,White,Powder,Snort / Sniff,"Euphoria, Increased energy, Relaxed",Cocaine,,52.50787647058824,-3.3015823529411765
000235612,2026-06-16,SY16,Cocaine,Not stated,White,Powder,Vaped,"Auditory hallucinations, Visual hallucinations, Relaxed, Irregular heartbeat, Paranoia, Confusion, Agitation, Panic attack",Cocaine,,52.50787647058824,-3.3015823529411765
000234424,2026-06-16,CF10,Cocaine,Not stated,White,Powder,Snort / Sniff,"Increased energy, Increased confidence",Cocaine,,51.48,-3.18
000234423,2026-06-16,CF10,Cocaine,Not stated,White,Powder,Not stated,"Not stated,  ",Cocaine,,51.48,-3.18
000235445,2026-06-16,SY16,COCAINE,Not stated,White,Powder,Not stated,"Auditory hallucinations, Visual hallucinations, Relaxed, Irregular heartbeat, Paranoia, Confusion, Violence",Cocaine,,52.50787647058824,-3.3015823529411765
W101822,2026-06-16,KT13,Cocaine,Cocaine,White,Powder,Not stated,"Not stated,  ",Caffeine,Amphetamine,51.3722,-0.453
W101841,2026-06-16,DA12,Cocaine,Not stated,White,Powder,Not stated,"Not stated,  ",Cocaine,Benzoylecgonine,51.4177875,0.3915125
W101973,2026-06-18,UB6,Coke,Not stated,White,Crystalline,Snort / Sniff,"Irregular heartbeat, Nausea, Paranoia, Confusion, Insomnia",Cocaine,,51.534099999999995,-0.33285
W102041,2026-06-18,ST50,Cocaine,Not stated,White,Powder,Not stated,"Not stated,  ",No active compound identified,,53.00718,-2.253533333333333
W101873,2026-06-19,CF24,Cocaine,A,White,Powder,Not stated,"Not stated,  ","Cocaine, Phenacetin",Benzoylecgonine,51.48,-3.18
W102105,2026-06-22,SO20,Cocaine,Cocaine,White,Powder,Not stated,"Not stated,  ",Cocaine,,51.1102125,-1.4976625
W101875,2026-06-22,CF24,Cocaine,B,White,Powder,Not stated,"Not stated,  ",Cocaine,Tropacocaine,51.48,-3.18
W101946,2026-06-24,N1,Cocaine,Not stated,White,Powder,Not stated,"Not stated,  ",Cocaine,,51.53669,-0.0944
W102276,2026-06-24,NW3,Cocaine,Not stated,White,Powder,Not stated,"Not stated,  ",Cocaine,,51.5462,-0.168075
W102158,2026-06-24,AB42,Crack cocaine,Crack cocaine,White,Crystalline,Not stated,"Not stated,  ",Cocaine,"Benzoylecgonine, Ecgonine methyl ester",57.48231142857143,-1.924825714285714
W102251,2026-06-24,SE1,Cocaine,Not stated,White,Powder,Not stated,"Not stated,  ",Cocaine,,51.49874615384616,-0.0930384615384615
W102288,2026-06-26,LL28,Cocaine (powder),Not stated,White,Granules,Not stated,"Not stated,  ",Cocaine,,53.28348999999999,-3.7664
000239418,2026-06-29,NP20,Crack,Not stated,White,Crystalline,Not stated,"Not stated,  ",No active compound identified,,51.5877,-2.9984
W102331,2026-06-29,EH48,Cocaine,Not stated,White,Granules,Smoked,"Increased libido, Relaxed, Confusion",Cocaine,,55.91305714285714,-3.6746285714285714
W102512,2026-07-02,BS3,Cocaine,Columbian cocaine 93%,White,Powder,Snort / Sniff,"Increased energy, Increased confidence, Increased stamina, Diarrhoea",Cocaine,,51.4552,-2.5966
W102513,2026-07-02,BS3,Cocaine,Colombian cocaine 93%,White,Powder,Snort / Sniff,"Increased energy, Increased confidence, Increased stamina",Cocaine,,51.4552,-2.5966
W102405,2026-07-03,EH13,Cocaine,Not stated,White,Powder,Not stated,"Not stated,  ","Cocaine, Cocaine, Nor",Benzoylecgonine,55.9074,-3.2561
W102360,2026-07-03,G12,Cocaine,7CE,White,Powder,Not stated,"Not stated,  ",Cocaine,,55.8804,-4.3007
W102643,2026-07-06,TQ12,Cocaine,Not stated,White,Powder,Not stated,"Not stated,  ",Cocaine,,50.526051851851854,-3.6118259259259258
W102550,2026-07-06,CB25,Cocaine,Not stated,White,Granules,Not stated,"Not stated,  ",Cocaine,"Benzoylecgonine, Tropacocaine",52.26066923076923,0.2374153846153846
W102593,2026-07-06,LL65,Pink cocaine,Pink cocaine,Pink,Powder,Snort / Sniff,"Increased senses, Empathy, Relaxed, Nausea, Confusion, Agitation, Depression","Ketamine, MDMA","Caffeine, Procaine",53.289686206896555,-4.534455172413793
W102588,2026-07-06,M30,Cocaine,Not stated,White,Powder,Snort / Sniff,"Chest pains, Irregular heartbeat, Confusion, Loss of consciousness, Breathlessness",Cocaine,Tropacocaine,53.4833,-2.3333
000040220,2026-07-14,CF63,Crack,Not stated,Brown,Granules,Smoked,"Relaxed, Tiredness",Cocaine,"Benzoylecgonine, Cocaine, Nor, Paracetamol, Tropacocaine",51.4172,-3.2614
W102783,2026-07-14,WA10,Cocaine,Not stated,White,Powder,Not stated,"Not stated,  ",Ketamine,,53.45000000000001,-2.7583
W102504,2026-07-14,WA10,Cocaine,Not stated,White,Powder,Not stated,"Not stated,  ",Cocaine,Tropacocaine,53.45000000000001,-2.7583
W102735,2026-07-14,Not stated,Cocaine,Cocaine,White,Powder,Not stated,"Not stated,  ",Cocaine,"Cocaine, Nor, Tropacocaine",,
W102728,2026-07-14,SY23,Cocaine,Cocaine,White,Powder,Not stated,"Not stated,  ",Cocaine,Benzoylecgonine,52.34458541666667,-3.9885
W102757,2026-07-14,SW17,Cocaine,Not stated,White,Powder,Not stated,"Not stated,  ",Cocaine,Benzoylecgonine,51.4307,-0.1647
W102727,2026-07-14,SY23,Cocaine,Cocaine,White,Powder,Not stated,"Not stated,  ","Cocaine, Benzoylecgonine","Cocaine, Nor, Paracetamol",52.34458541666667,-3.9885
W102729,2026-07-14,SY23,Cocaine,Cocaine,White,Powder,Not stated,"Not stated,  ",Cocaine,"Benzoylecgonine, Tropacocaine",52.34458541666667,-3.9885
W102561,2026-07-14,CV4,Cocaine,cocaine,White,Powder,Snort / Sniff,"Euphoria, Increased energy, Nausea, Agitation, Insomnia",Cocaine,"Benzoylecgonine, Tropacocaine",52.3833,-1.5833000000000002
W102673,2026-07-14,FY8,Cocaine,Not stated,White,Powder,Not stated,"Not stated,  ",Cocaine,"Benzoylecgonine, Tropacocaine",53.7435,-2.9898
W102685,2026-07-14,BT17,Cocaine,Cocaine uncut,White,Powder,Snort / Sniff,"Euphoria, Increased energy, Increased confidence, Increased libido, Relaxed, Nosebleeds, Nausea, Paranoia, Agitation, Insomnia, Depression, Suicidal ideation, Violence, Loss of consciousness",Cocaine,"Cocaine, Nor, Levamisole",54.56660000000001,-5.9648
000232443,2026-07-16,SY16,Cocaine,Not stated,White,Powder,Not stated,"Not stated,  ",Cocaine,,52.50787647058824,-3.3015823529411765
W102694,2026-07-16,CB22,Cocaine,Not stated,White,Powder,Snort / Sniff,"Increased energy, Increased confidence",Cocaine,,52.13283157894737,0.1341894736842105
W102974,2026-07-16,SO20,Cocaine,Cocaine,White,Powder,Not stated,"Not stated,  ",Cocaine,,51.1102125,-1.4976625
W102822,2026-07-16,SN25,Cocaine,Not stated,White,Powder,Snort / Sniff,"Increased energy, Increased confidence, Headache","Cocaine, Procaine",,51.558,-1.7812
W102940,2026-07-16,SW18,Coke-mr white,Not stated,White,Powder,Not stated,"Not stated,  ",Cocaine,,51.4489,-0.1971
W102695,2026-07-16,CB22,Ethanol + acetone washed cocaine,Not stated,White,Powder,Snort / Sniff,"Increased energy, Increased confidence",Cocaine,,52.13283157894737,0.1341894736842105
W103018,2026-07-20,HS1,Cocaine,Not stated,White,Powder,Oral,"Euphoria, Increased energy, Increased confidence, Increased senses, Increased libido, Empathy, Irregular heartbeat, Insomnia",Cocaine,Levamisole,58.211675,-6.382675
W103228,2026-07-23,B20,Double wash cocaine,double wash,White,Powder,Snort / Sniff,"Euphoria, Increased stamina, Numbness",Cocaine,"Cocaine, Nor",52.5156,-1.9195
000235872,2026-07-23,CF10,Cocaine,Not stated,White,Powder,Intravenous,"Chest pains, Panic attack",Cocaine,,51.48,-3.18
000235814,2026-07-23,CF10,Cocaine,Not stated,White,Powder,Not stated,No effect,"Cocaine, Phenacetine",Procaine,51.48,-3.18
W103167,2026-07-23,E3,Pink cocaine,Not stated,Pink,Powder,Not stated,"Not stated,  ",Ketamine,MDMA,51.527657142857144,-0.0265714285714285
W103215,2026-07-23,ZE10,Cocaine,cocaine,White,Powder,Snort / Sniff,No effect,"Cocaine, Procaine",,60.14640000000001,-1.2131857142857143
W102752,2026-07-23,IP12,Cocaine,Not stated,White,Powder,Smoked,"Euphoria, Increased energy, Memory loss, Insomnia",Cocaine,"Benzoylecgonine, Ecgonine methyl ester",52.0811,1.3992074074074072
W103181,2026-07-23,TQ9,Cocaine,Not stated,White,Powder,Not stated,"Not stated,  ",Cocaine,,50.40683125,-3.696409375
W103377,2026-07-27,KY11,Cocaine,Cocaine,White,Crystalline,Not stated,"Not stated,  ",Phenacetin,,56.037644444444446,-3.422588888888889
000235613,2026-07-27,SY16,Cocaine,Not stated,White,Powder,Snort / Sniff,"Increased energy, Increased confidence, Increased stamina, Insomnia",Cocaine,"Cocaine, Nor",52.50787647058824,-3.3015823529411765
000233452,2026-07-27,LL65,Cocaine,Not stated,White,Powder,Not stated,"Not stated,  ",Cocaine,Benzoylecgonine,53.289686206896555,-4.534455172413793
000239443,2026-07-27,NP20,Crack,Not stated,White,Crystalline,Not stated,"Not stated,  ",Cocaine,"Benzoylecgonine, Ecgonine methyl ester, Tropacocaine",51.5877,-2.9984
W103406,2026-07-27,BD21,Crack Cocaine,Not stated,White,Solid,Not stated,"Not stated,  ","Cocaine, Phenacetin",Benzoylecgonine,53.8611,-1.91155
W074876,2026-07-29,EH26,Cocaine,Not stated,White,Liquid,Intravenous,"Euphoria, Increased energy, Increased confidence, Increased senses, Increased stamina, Agitation",Phenacetin,Cocaine,55.82387142857142,-3.241371428571429
W103229,2026-07-29,B20,Cocaine,C,White,Powder,Snort / Sniff,"Euphoria, Increased senses, Increased strength, Nosebleeds","Cocaine, Cocaine, Nor",Tropacocaine,52.5156,-1.9195
W103286,2026-07-29,L4,Cocaine,coke,White,Powder,Snort / Sniff,"Euphoria, Increased energy, Increased stamina",Cocaine,"Benzoylecgonine, Tropacocaine",53.4378,-2.9611
000232125,2026-07-29,NP44,Crack,Crack,White,Crystalline,Not stated,"Not stated,  ","Cocaine, Phenacetin",Caffeine,51.65070000000001,-3.0178
W103631,2026-07-31,UB7,Cocaine,Eagle,White,Powder,Not stated,"Not stated,  ",Cocaine,,51.50226,-0.47134
W103718,2026-08-11,BR87,cocaine,Not stated,White,Solid,Snort / Sniff,"Euphoria, Increased energy, Increased confidence","Cocaine, Phenacetine","Cocaine, Nor",51.3972,0.1732
W103749,2026-08-11,CF50,Cocaine,Chess,White,Powder,Snort / Sniff,"Euphoria, Increased energy, Increased confidence",Cocaine,"Benzoylecgonine, Tropacocaine, Gabapentin, Cocaine, Nor",51.471875,-3.275816666666667
W103712,2026-08-11,BS5,Cocaine,Not stated,White,Powder,Not stated,"Not stated,  ","Cocaine, Procaine","Benzoylecgonine, Caffeine, Tropacocaine, Ecgonine methyl ester",51.462,-2.5519
W103723,2026-08-11,SY1,cocaine,coke 1,White,Powder,Snort / Sniff,"Increased energy, Increased confidence, Increased senses, Increased stamina",Cocaine,"Benzoylecgonine, Cocaine, Nor, Tropacocaine",52.71675,-2.7468
W103765,2026-08-11,SE5,Cocaine,Not stated,White,Powder,Not stated,"Not stated,  ","Cocaine, Phenacetin","Cocaine, Nor, Ecgonine methyl ester, Tropacocaine",51.474575,-0.090125
W103773,2026-08-11,SE5,Cocaine,Not stated,White,Powder,Not stated,"Not stated,  ","Cocaine, Phenacetin","Cocaine, Nor, Tropacocaine",51.474575,-0.090125
000236942,2026-08-11,Not stated,Cocaine or Ketamine,Not stated,White,Powder,Not stated,"Not stated,  ",No active compound identified,,,
W103663,2026-08-11,BT1,Crack Cocaine,Not stated,White,Crystalline,Not stated,"Not stated,  ",Buprenorphine,,54.5833,-5.9333
W103870,2026-08-11,M14,Cocaine,Not stated,White,Powder,Not stated,"Not stated,  ",Cocaine,"Cocaine, Nor, Tropacocaine",53.4482,-2.2257
W103918,2026-08-11,BT37,Cocaine,Cocaine Clover,White,Powder,Snort / Sniff,"Euphoria, Increased energy, Increased confidence, Increased senses, Increased libido, Relaxed, Insomnia, Loss of consciousness","Cocaine, Phenacetin","Cocaine, Nor, Ecgonine methyl ester, Tropacocaine",54.6598,-5.9086
W103725,2026-08-11,PL4,Cocaine,Not stated,White,Powder,Not stated,"Not stated,  ",Cocaine,,50.3715,-4.143
W103813,2026-08-11,E11,Cocaine,Not stated,White,Powder,Not stated,"Not stated,  ","Cocaine, Phenacetin",,51.57656666666667,0.0171666666666666
W103791,2026-08-11,NE61,Cocaine,Not stated,White,Solid,Not stated,"Not stated,  ",Cocaine,Tropacocaine,55.165690000000005,-1.7111625
W103794,2026-08-11,RG12,Cocaine,Bitcoin 1,White,Powder,Snort / Sniff,"Euphoria, Increased energy, Empathy, Insomnia",Cocaine,"Cocaine, Nor",51.4007,-0.7635
W103795,2026-08-11,RG12,Cocaine,Bitcoin 2,White,Powder,Snort / Sniff,"Euphoria, Increased energy, Increased confidence, Increased libido, Empathy, Insomnia",Cocaine,"Cocaine, Nor",51.4007,-0.7635
W103894,2026-08-11,LL13,Crack cocaine,Not stated,White,Crystalline,Not stated,"Not stated,  ",Cocaine,,52.9917619047619,-2.9116809523809524
000239904,2026-08-11,NP20,Crack,Not stated,White,Granules,Smoked,"Euphoria, Increased energy",Cocaine,Ecgonine methyl ester,51.5877,-2.9984
000236931,2026-08-12,CF47,Cocaine,not app,White,Powder,Snort / Sniff,"Not stated,  ",Cocaine,Tropacocaine,51.7479,-3.3778
W104014,2026-08-13,SE26,Cocaine,Not stated,White,Powder,Snort / Sniff,"Increased energy, Increased confidence, Irregular heartbeat, Nosebleeds, Nausea, Agitation, Shaking",Cocaine,,51.422775,-0.0665
W104168,2026-08-14,TW8,Cocaine,Cocaine,White,Powder,Snort / Sniff,"Increased energy, Increased confidence, Increased senses, Increased strength, Nosebleeds, Agitation, Insomnia","Cocaine, Procaine",Benzoylecgonine,51.4862,-0.3083
000237493,2026-08-14,NP20,Crack cocaine,Not stated,Grey,Granules,Smoked,"Increased energy, Increased confidence, Increased senses, Relaxed, Paranoia","Cocaine, Phenacetin","Benzoylecgonine, Tropacocaine",51.5877,-2.9984
W104037,2026-08-14,BS1,Cocaine,Not stated,White,Powder,Not stated,No effect,Caffeine,,51.4552,-2.5966
W103911,2026-08-14,SY2,Cocaine,Coke 2,White,Powder,Snort / Sniff,"Euphoria, Increased energy, Increased confidence, Increased senses, Increased stamina, Increased libido","Cocaine, Phenacetin","Cocaine, Nor, Tropacocaine",52.7065,-2.7295
W104116,2026-08-14,BS31,Cocaine,Not stated,White,Powder,Not stated,"Not stated,  ",Cocaine,"Cocaine, Nor, Phenacetin",51.4084,-2.4918
000034041,2026-08-14,Not stated,Cocaine,Cocaine,White,Powder,Snort / Sniff,"Euphoria, Auditory hallucinations, Irregular heartbeat, Confusion, Insomnia","Cocaine, Levamisole","Benzoylecgonine, Tropacocaine",,
W104167,2026-08-14,TW8,Cocaine,cocaine,White,Powder,Snort / Sniff,"Increased energy, Increased confidence, Increased senses, Increased strength, Nosebleeds, Agitation, Insomnia","Cocaine, Procaine","Benzoylecgonine, Tropacocaine",51.4862,-0.3083
W104205,2026-08-18,G12,Cocaine,El rey stamp,White,Powder,Not stated,"Not stated,  ",Cocaine,"Ecgonine methyl ester, Tropacocaine",55.8804,-4.3007
000239965,2026-08-18,NP20,Cocaine,Not stated,White,Powder,Not stated,"Not stated,  ",Cocaine,"Benzoylecgonine, Cocaine, Nor, Phenacetin, Tropacocaine",51.5877,-2.9984
W104166,2026-08-18,W1B,Cocaine,Cleaned cocaine,White,Powder,Not stated,"Not stated,  ","Cocaine, Procaine",Tropacocaine,51.5085,-0.1257
000239966,2026-08-18,NP20,Cocaine,Not stated,White,Powder,Not stated,"Not stated,  ","Cocaine, Phenacetin",Tropacocaine,51.5877,-2.9984
W103901,2026-08-18,PH1,Cocaine,Not stated,White,Powder,Snort / Sniff,"Euphoria, Increased energy, Increased confidence, Visual hallucinations, Nosebleeds, Memory loss, Confusion, Agitation, Loss of consciousness",Cocaine,Benzoylecgonine,56.43174736842105,-3.4980552631578945
