,date_received,postcode,intent,label,colour,form,consumption_method,effects,major,minor,latitude,longitude
W045048,2024-01-10,B23,THC vape pens,THC,"Colourless, Brown",Liquid,Not Stated,Not Stated,"Tetrahydrocannabinol, Cannabinol",,52.5282,-1.8549
W045088,2024-01-11,ST5,THC vape liquid,Not Stated,"Colourless, Blue",Liquid,Not Stated,"Euphoria, Enhanced Senses, Relaxed, Breathlesness, Chest Pains, Irregular Heartbeat, Paranoia, Array, Panic Attack, Agitation, Depression",MDMB-4en-PINACA,,53.00718,-2.253533333333333
W045098,2024-01-15,BS4,THC e-liquid,Not Stated,Red,Liquid,Not Stated,Relaxed,4F-MDMB-BINACA,,51.4345,-2.55525
W045025,2024-01-15,WF8,THC vape oil/liquid,Not Stated,Blue,Liquid,Not Stated,Not Stated,MDMB-BUTINACA,,53.6601375,-1.2671875
W047536,2024-01-15,SA73,THC vape oil,Not Stated,Red,Liquid,Not Stated,"Auditory Hallucinations, Visual Hallucinations, Nausea, Paranoia, Confusion, Agitation",ADB-BUTINACA,,51.719835714285715,-4.983364285714286
W044812,2024-01-15,HX1,THC vape,Not Stated,Colourless,Liquid,Not Stated,Not Stated,"ADB-BUTINACA, MDMB-4en-PINACA, Nicotine",,53.7167,-1.85
W047749,2024-01-24,CM6,THC vape juice,Not Stated,Blue,Liquid,Not Stated,"Euphoria, Increased Libido, Relaxed, Irregular Heartbeat, Paranoia, Memory Loss, Panic Attack, Loss of consciousness","MDMB-4en-PINACA, MDMB-BUTINACA",,51.85778157894737,0.3257684210526315
W047879,2024-01-25,PE29,THC vape liquid,Not Stated,"Colourless, Purple",Liquid,Not Stated,"Euphoria, Relaxed, Nausea, Insomnia","5F-ADB, MDMB-4en-PINACA, 4F-MDMB-BINACA",,52.3305,-0.1865
W047967,2024-01-26,HA14,THC vape,Not Stated,"Orange, Brown",Array,Not Stated,"Euphoria, Enhanced Senses, Relaxed, Breathlesness, Chest Pains, Irregular Heartbeat, Nausea, Panic Attack, Agitation, Depression","Tetrahydrocannabinol, Cannabinol, Cannabidiol",,51.5774,-0.33615
W048032,2024-01-30,CB4,Disposable THC vape,Not Stated,"Yellow, Brown",Liquid,Not Stated,Relaxed,"Tetrahydrocannabinol, Cannabinol",,52.22380625,0.131525
W047645,2024-01-30,SW9,Cannabis vape liquid,Not Stated,Pink,Liquid,Not Stated,"Relaxed, Irregular Heartbeat, Vomiting, Paranoia, Memory Loss, Confusion, Loss of consciousness, loss of coordination",ADB-BUTINACA,,51.474,-0.1168
W047918,2024-01-30,DA11,CBD vape,Not Stated,Blue,Liquid,Not Stated,Not Stated,MDMB-4en-PINACA,,51.4349,0.3513
W047994,2024-01-30,SA15,THC vape liquid,Candy floss,Colourless,Liquid,Smoked,"Breathlesness, Nausea, Paranoia, Confusion, Depression",MDMB-4en-PINACA,,51.74003,-4.187250000000001
W048056,2024-01-31,LS24,THC vape,Live Resin,Yellow,Liquid,Not Stated,"Relaxed, Breathlesness, Chest Pains, Nausea, Paranoia, Headache","Cannabidiol, Cannabinol, Tetrahydrocannabinol",,53.875150000000005,-1.2486785714285715
W048070,2024-01-31,LS24,THC vape,Live Resin,Yellow,Liquid,Not Stated,"Relaxed, Breathlesness, Chest Pains, Paranoia, Headache","Cannabinol, Cannabidiol",,53.875150000000005,-1.2486785714285715
W048119,2024-02-05,SY10,THC vape,THC vape,Yellow,Liquid,Not Stated,Not Stated,"Cannabinol, Tetrahydrocannabinol",,52.83394150943396,-3.1469735849056604
W048185,2024-02-05,BH23,THC vape juice,Not Stated,Colourless,Liquid,Not Stated,Not Stated,Tetrahydrocannabinol,,50.755406666666666,-1.7577666666666665
W048240,2024-02-06,NP18,THC vape ,THC vape juice,Pink,Liquid,Not Stated,Not Stated,Unable to identify,,51.6084,-2.9435
W047993,2024-02-06,ME89,THC concentrate e-liquid,THC concentrate (pink lemonade),Pink,Liquid,Not Stated,Not Stated,"5F-ADB, MDMB-4en-PINACA",,51.36225,0.6025
W048279,2024-02-09,SA61,THC vape oil,Not Stated,Blue,Liquid,Not Stated,"Relaxed, Memory Loss, Confusion, Depression",MDMB-4en-PINACA,,51.8017,-4.9691
W048273,2024-02-09,FY7,Premium THC vape liquid,Strawberry,Brown,Liquid,Not Stated,"Euphoria, Relaxed, Irregular Heartbeat, Loss of consciousness","Tetrahydrocannabinol, Cannabinol",,53.9253,-3.0109
W048338,2024-02-13,G12,THC Vape (live Resin),Jeeter Juice Blue Banana,"Yellow, Brown",Liquid,Smoked,"Euphoria, Enhanced Senses, Relaxed, Memory Loss","Tetrahydrocannabinol, Cannabidiol, Cannabinol",,55.8804,-4.3007
W048443,2024-02-13,HR1,THC Vape,Not Stated,Red,Liquid,Smoked,"Euphoria, Auditory Hallucinations, Relaxed, Chest Pains, Irregular Heartbeat, Memory Loss, Confusion, Agitation",5F-ADB,"MDMB-4en-PINACA, Nicotine",52.08174186046512,-2.612990697674419
W048590,2024-02-19,N11,delta9-THC distillate vape,Litto infused blueberry,Brown,Liquid,Not Stated,Not Stated,Cannabinol,,51.6165,-0.1441
W048662,2024-02-20,EN6,THC liquid,Not Stated,Colourless,Liquid,Not Stated,"Euphoria, Relaxed, Breathlesness, Irregular Heartbeat, Paranoia, Memory Loss, Confusion, Panic Attack, Agitation, Depression","MDMB-4en-PINACA, 5F-ADB",,51.69798000000001,-0.1830999999999999
W048591,2024-02-20,N11,delta9-THC distillate vape,10/10 bags space skittles,Brown,Liquid,Not Stated,Not Stated,Cannabinol,,51.6165,-0.1441
W048732,2024-02-27,TS39,THC liquid,Premium THC,Colourless,Liquid,Oral,"Nausea, Vomiting, Paranoia, Confusion, Agitation, Insomnia","Cannabidiol, Cannabinol",,54.562099999999994,-1.1877666666666666
W048666,2024-02-27,E1,SV THC vape,Not Stated,Orange,Liquid,Not Stated,"Euphoria, Increased Energy, Increased Confidence, Enhanced Senses, Increased Libido, Relaxed, Memory Loss","Cannabidiol, Cannabinol",,51.51302727272727,-0.0617727272727272
W048697,2024-02-27,ST10,THC vape,Not Stated,Yellow,Liquid,Not Stated,Not Stated,Cannabinol,,52.994534615384616,-1.9419576923076924
W048752,2024-02-29,L7,THC E-liquid,THC E-liquid vape juice,"Pink, Red",Liquid,Not Stated,"Euphoria, Enhanced Senses, Visual Hallucinations, Relaxed",5F-ADB,,53.4106,-2.9779
W048805,2024-03-04,CO11,THC vape cartridge,THC vape cartridge,"Brown, Black",Liquid,Smoked,"Euphoria, Increased Energy, Increased Confidence, Relaxed","Tetrahydrocannabinol, Cannabidiol, Cannabinol",,51.93195,1.0912416666666669
W048804,2024-03-04,CO11,THC distillate vape,Cookies THC Vape,Orange,Liquid,Smoked,"Increased Energy, Increased Confidence, Paranoia, Panic Attack, Agitation","Tetrahydrocannabinol, Cannabinol",,51.93195,1.0912416666666669
W048802,2024-03-04,CO11,THC Extract vape cartridge,THC vape cart,"Brown, Black",Liquid,Smoked,"Increased Energy, Increased Confidence, Euphoria, Breathlesness, Irregular Heartbeat, Paranoia","Tetrahydrocannabinol, Cannabinol, Cannabidiol",,51.93195,1.0912416666666669
W048801,2024-03-04,CO11,THC Extract vape,THC Vape,"Orange, Yellow",Liquid,Smoked,"Euphoria, Increased Energy, Increased Confidence, Enhanced Senses, Relaxed, Breathlesness, Irregular Heartbeat, Paranoia, Panic Attack","Cannabidiol, Cannabinol",,51.93195,1.0912416666666669
W049129,2024-03-07,G12,Live Resin Vape,Jungle Boys Chief OG,"Yellow, Brown",Liquid,Not Stated,Not Stated,"Cannabinol, Cannabidiol",,55.8804,-4.3007
W049321,2024-03-12,B69,Vape,Not Stated,,Liquid,Not Stated,Not Stated,Nicotine,,52.5,-2.0167
W049298,2024-03-12,ST7,THC vape,Not Stated,Brown,Liquid,Not Stated,"Empathy, Relaxed, Chest Pains","Tetrahydrocannabinol, Cannabidiol, Cannabinol",,53.08970625,-2.2678125
W049336,2024-03-12,E1,SV THC vape,Not Stated,"Orange, Brown",Liquid,Not Stated,"Euphoria, Increased Energy, Increased Confidence, Enhanced Senses, Increased Libido, Relaxed, Memory Loss","Tetrahydrocannabinol, Cannabidiol, Cannabinol",,51.51302727272727,-0.0617727272727272
W049139,2024-03-12,BT12,THC vape distillate,Packwoods xRunts,Orange,Liquid,Not Stated,"Euphoria, Increased Confidence, Enhanced Senses, Increased Libido, Relaxed, Breathlesness, Memory Loss, Confusion","Tetrahydrocannabinol, Cannabidiol, Cannabinol",,54.583299999999994,-5.9333
W049373,2024-03-15,TD15,THC vape liquid,THC vape liquid,Yellow,Liquid,Not Stated,"Euphoria, Enhanced Senses",MDMB-4en-PINACA,,55.71179743589744,-2.051723076923077
W049419,2024-03-15,LE35,Vape,Not Stated,"Orange, Yellow",Liquid,Not Stated,Not Stated,Nicotine,,52.6325,-1.1869666666666667
W049604,2024-03-20,DY11,THC liquid,THC liquid,Blue,Liquid,Not Stated,Not Stated,ADB-BUTINACA,,52.375,-2.2416875
W049768,2024-03-26,DA12,eliquid,Not Stated,Yellow,Liquid,Not Stated,Not Stated,MDMB-4en-PINACA,,51.4177875,0.3915125
W049763,2024-03-26,DA12,E-Liquid,Not Stated,Colourless,Liquid,Not Stated,Not Stated,No Active Component Identified,,51.4177875,0.3915125
W049770,2024-03-26,DA12,eLiquid,Not Stated,Colourless,Liquid,Not Stated,Not Stated,MDMB-4en-PINACA,,51.4177875,0.3915125
W049764,2024-03-26,DA12,Vape liquid,Not Stated,Colourless,Liquid,Not Stated,Not Stated,MDMB-4en-PINACA,,51.4177875,0.3915125
W049766,2024-03-26,DA12,Eliquid,Not Stated,Purple,Liquid,Not Stated,Not Stated,Cannabidiol,,51.4177875,0.3915125
W049886,2024-03-28,CF5,Vape oil,Not Stated,Yellow,Liquid,Not Stated,Relaxed,"MDMB-4en-PINACA, Nicotine",,51.471875,-3.275816666666667
W049891,2024-04-02,DA12,THC Vape liquid,Not Stated,Red,Liquid,Not Stated,Not Stated,"MDMB-4en-PINACA, Nicotine",,51.4177875,0.3915125
W049888,2024-04-02,DA12,Vape liquid (thc?),Not Stated,Green,Liquid,Not Stated,Not Stated,MDMB-4en-PINACA,Nicotine,51.4177875,0.3915125
W049944,2024-04-02,G12,THC vape e-liquid,Not Stated,Red,Liquid,Not Stated,Not Stated,"MDMB-4en-PINACA, Nicotine",,55.8804,-4.3007
W053404,2024-04-07,LU4,THC e-liquid,Not Stated,Yellow,Liquid,Not Stated,Not Stated,MDMB-4en-PINACA,,51.91505,-0.48075
W050232,2024-04-10,DG2,THC Vape liquid,Not Stated,,Liquid,Not Stated,"Increased Strength, Auditory Hallucinations, Visual Hallucinations, Chest Pains, Irregular Heartbeat, Paranoia, Confusion, Panic Attack, Array, Violence/Aggression, Suicidal Ideation",MDMB-4en-PINACA,,55.0759,-3.6539760869565217
W050208,2024-04-12,TS3,THC liquid,Not Stated,Pink,Liquid,Oral,"Relaxed, Memory Loss, Confusion",MDMB-4en-PINACA,,54.562099999999994,-1.1877666666666666
W050450,2024-04-15,GU12,THC vape,THC distillate vape (Groove salad),Yellow,Liquid,Not Stated,"Euphoria, Relaxed, Confusion, Sweating, Lethargy","Cannabidiol, Cannabinol",,51.25775,-0.725625
W050410,2024-04-15,TS3,Liquid for vape,Not Stated,Colourless,Liquid,Smoked,Not Stated,4F-MDMB-BINACA,MDMB-4en-PINACA,54.562099999999994,-1.1877666666666666
W050408,2024-04-15,TS3,Vape,Not Stated,Colourless,Liquid,Smoked,"Breathlesness, Nausea, Vomiting, Confusion, Loss of consciousness, Agitation","MDMB-4en-PINACA, Nicotine",,54.562099999999994,-1.1877666666666666
W050409,2024-04-15,TS3,Vape,Not Stated,,Liquid,Smoked,"Relaxed, Nausea, Vomiting, Confusion, Loss of consciousness, Agitation",Nicotine,,54.562099999999994,-1.1877666666666666
000043230,2024-04-18,CF11,CBD vape,Not Stated,Brown,Liquid,Smoked,Relaxed,"Cannabinol, Cannabidiol",,51.48,-3.18
000040283,2024-04-18,CF11,CBD vape,Not Stated,Brown,Liquid,Smoked,"Euphoria, Enhanced Senses, Empathy, Relaxed","Cannabinol, Cannabidiol",,51.48,-3.18
W050463,2024-04-18,GL54,THC vape,Packwoods Runtz Wedding Cake,"Orange, Yellow",Liquid,Smoked,"Euphoria, Increased Libido, Enhanced Senses, Relaxed, Breathlesness, Irregular Heartbeat, Chest Pains, Confusion","Cannabinol, Tetrahydrocannabinol, Cannabidiol",,51.88724642857143,-1.8609214285714288
000232968,2024-04-18,CF37,Vape,Jungle Boys,Brown,Liquid,Not Stated,"Breathlesness, Chest Pains","Cannabinol, Cannabidiol, Tetrahydrocannabinol",,51.613815384615386,-3.3598076923076925
W049323,2024-04-18,E14,THC vape liquid,Not Stated,Colourless,Liquid,Not Stated,Relaxed,Unable to identify,,51.50563529411765,-0.0187647058823529
W050626,2024-04-18,PE30,THC vape liquid,Not Stated,Colourless,Liquid,Not Stated,"Enhanced Senses, Auditory Hallucinations, Nausea, Paranoia, Memory Loss, Confusion, Panic Attack","5F-ADB, MDMB-4en-PINACA",,52.766575,0.420875
000040284,2024-04-18,CF11,CBD Juice,Not Stated,Red,Liquid,Smoked,"Euphoria, Increased Confidence, Empathy, Relaxed",Nicotine,,51.48,-3.18
000232969,2024-04-18,CF37,Vape ,Jungle Boys,Green,Solid,Not Stated,"Breathlesness, Chest Pains","Cannabinol, Cannabidiol",,51.613815384615386,-3.3598076923076925
W050581,2024-04-22,DN32,THC Vape Liquid ,Space vapes,Colourless,Liquid,Smoked,"Memory Loss, Loss of consciousness, Relaxed, Irregular Heartbeat","MDMB-4en-PINACA, MDMB-BUTINACA, 5F-ADB",,53.5654,-0.0755
W051116,2024-04-23,CR0,THC vape juice ,Not Stated,Colourless,Liquid,Smoked,"Euphoria, Empathy, Relaxed, Paranoia, Memory Loss, Loss of consciousness, Depression, Suicidal Ideation",MDMB-4en-PINACA,,51.3703,-0.060975
W051249,2024-04-25,TS3,Prefilled vape,Not Stated,Colourless,Liquid,Smoked,"Euphoria, Relaxed",Nicotine,,54.562099999999994,-1.1877666666666666
W051237,2024-04-30,AL10,THC E-Liquid,THC Liquid 80%,"Yellow, Blue",Liquid,Smoked,"Euphoria, Relaxed, Confusion","MDMB-4en-PINACA, 5F-ADB",,51.7634,-0.2242
W051329,2024-04-30,NW3,THC liquid,Not Stated,Pink,Liquid,Not Stated,"Increased Energy, Increased Confidence, Relaxed, Nausea, Memory Loss, Agitation","MDMB-4en-PINACA, Nicotine",,51.5462,-0.168075
W051299,2024-04-30,DA13,Vape / Vape Juice,ELUX / ELFBAR,Purple,Liquid,Not Stated,Not Stated,Nicotine,,51.374091666666665,0.3562166666666667
W051313,2024-04-30,SN3,Weed vape jucie,Not Stated,Blue,Liquid,Not Stated,Not Stated,"5F-ADB, MDMB-4en-PINACA, 4F-MDMB-BINACA",,51.5892,-1.7194
W051513,2024-05-07,NN56,THC weed vape,Not Stated,Yellow,Liquid,Not Stated,Not Stated,MDMB-4en-PINACA,,52.242575,-0.93795
W051510,2024-05-07,NN56,THC vape juice,Not Stated,Red,Liquid,Not Stated,Not Stated,"Aspirin, Nicotine",,52.242575,-0.93795
W051476,2024-05-10,DA12,E Liquid,Not Stated,Colourless,Array,Not Stated,Not Stated,"Nicotine, Aspirin",,51.4177875,0.3915125
W051514,2024-05-10,NN56,THC VAPE Juice ,Not Stated,Colourless,Liquid,Not Stated,Not Stated,MDMB-4en-PINACA,,52.242575,-0.93795
W051699,2024-05-10,W91T,THC Eliquid,Not Stated,Blue,Liquid,Smoked,"Euphoria, Increased Energy, Enhanced Senses, Relaxed, Paranoia, Panic Attack, Agitation, Insomnia, Depression","4F-MDMB-BINACA, MDMB-4en-PINACA",,,
W051511,2024-05-10,NN5,THC vape juice,Not Stated,Yellow,Liquid,Not Stated,Not Stated,MDMB-4en-PINACA,,52.242575,-0.93795
W051704,2024-05-13,OX1,THC E-Liquid ,Not Stated,Blue,Liquid,Not Stated,"Euphoria, Visual Hallucinations, Relaxed, Paranoia","5F-ADB, MDMB-4en-PINACA, Nicotine",,51.72478,-1.275
W051395,2024-05-13,TS39,THC vape,THC vape,Colourless,Liquid,Smoked,"Increased Energy, Increased Confidence, Violence/Aggression",MDMB-4en-PINACA,,54.562099999999994,-1.1877666666666666
W051400,2024-05-13,TS39,THC vape,THC VAPE,Colourless,Liquid,Not Stated,"Increased Energy, Increased Strength",MDMB-4en-PINACA,,54.562099999999994,-1.1877666666666666
W051399,2024-05-13,TS39,THC vape,THC vape,Yellow,Liquid,Smoked,Not Stated,Nicotine,MDMB-4en-PINACA,54.562099999999994,-1.1877666666666666
W051578,2024-05-13,WS10,Vape,Vape,Colourless,Liquid,Not Stated,No Effect,"MDMB-4en-PINACA, Nicotine",,52.559025,-2.028425
W051583,2024-05-13,SA13,THC VAPE,THC VAPE,"Orange, Yellow",Liquid,Smoked,"Euphoria, Relaxed, Irregular Heartbeat, Paranoia, Memory Loss","Tetrahydrocannabinol, Cannabinol, Cannabidiol",,51.63321111111111,-3.670888888888888
W051379,2024-05-13,TN34,THC VAPE,Not Stated,Yellow,Liquid,Smoked,"Euphoria, Incontinence, Increased Confidence, Enhanced Senses, Empathy, Visual Hallucinations, Relaxed, Irregular Heartbeat, Paranoia, Agitation",MDMB-4en-PINACA,,50.8552,0.5729
W051380,2024-05-13,TN34,THC vape liquid,Not Stated,Yellow,Liquid,Smoked,"Euphoria, Relaxed, Visual Hallucinations, Irregular Heartbeat, Paranoia, Loss of consciousness, Agitation, Insomnia, Depression",MDMB-4en-PINACA,,50.8552,0.5729
W051439,2024-05-13,EH7,CBD vape oil,Not Stated,Green,Liquid,Smoked,"Euphoria, Relaxed, Array, Memory Loss, Confusion, Agitation","MDMB-4en-PINACA, 5F-ADB",,55.9521,-3.1965
W051418,2024-05-13,TS39,THC Vape ,THC Vape,Colourless,Liquid,Smoked,Relaxed,No Active Component Identified,,54.562099999999994,-1.1877666666666666
W051397,2024-05-13,TS39,THC VAPE,THC VAPE,Colourless,Liquid,Smoked,"Increased Energy, Memory Loss, Confusion, Agitation",MDMB-4en-PINACA,,54.562099999999994,-1.1877666666666666
000037000,2024-05-14,CF39,THC vape,Not Stated,Yellow,Liquid,Oral,"Relaxed, Memory Loss, Confusion",MDMB-4en-PINACA,,51.5988125,-3.447975
W051944,2024-05-16,TS8,THC vape,Not Stated,Yellow,Liquid,Not Stated,Not Stated,"Tetrahydrocannabinol, Cannabidiol, Cannabinol",,54.51546,-1.24278
W051128,2024-05-16,MK11,THC vape,blue magic,Blue,Liquid,Not Stated,Not Stated,MDMB-4en-PINACA,,52.0568,-0.8528
000232940,2024-05-28,CF40,Vape,Crystal vape,Brown,Liquid,Not Stated,Not Stated,Nicotine,,51.627316666666665,-3.461883333333333
W052337,2024-05-30,ME12,THC vape liquid,Not Stated,Colourless,Liquid,Not Stated,Not Stated,MDMB-4en-PINACA,4F-MDMB-BINACA,51.41452857142857,0.8513999999999999
W052347,2024-05-30,LU4,THC vape liquid,Not Stated,Blue,Liquid,Not Stated,Not Stated,No Active Component Identified,,51.91505,-0.48075
W052444,2024-06-03,TS1,THC disposable vape,Tyson Pineapple express,Yellow,Liquid,Not Stated,Not Stated,"Tetrahydrocannabinol, Cannabidiol, Cannabinol",,54.5762,-1.2348
W052362,2024-06-04,SO50,THC e-liquid,Not Stated,Blue,Liquid,Not Stated,"Euphoria, Increased Energy, Paranoia","5F-ADB, MDMB-4en-PINACA",,50.9627,-1.3284714285714287
W052348,2024-06-04,SM4,THC vape liquid,Not Stated,Purple,Liquid,Not Stated,"Euphoria, Enhanced Senses, Increased Libido, Empathy, Relaxed, Paranoia",4F-MDMB-BINACA,,51.394866666666665,-0.1992
W052698,2024-06-07,BR75,THC distillate vape,Tree2 Grape Crush Vape,"Colourless, White",Liquid,Not Stated,Not Stated,"Cannabinol, Tetrahydrocannabinol, Cannabidiol",,51.4171,0.0686
W052677,2024-06-10,TS3,Vape,Not Stated,Colourless,Liquid,Smoked,"Breathlesness, Irregular Heartbeat, Nausea, Confusion, Panic Attack, Agitation",Nicotine,,54.562099999999994,-1.1877666666666666
W052890,2024-06-10,NE2,THC vape,Dark Dabs,"Yellow, Brown",Liquid,Not Stated,"Increased Confidence, Enhanced Senses, Relaxed, Chest Pains, Paranoia, Array, Agitation, Depression",Cannabinol,,54.9867,-1.592
W052676,2024-06-10,TS3,Vape,Not Stated,Colourless,Liquid,Smoked,"Breathlesness, Irregular Heartbeat, Nausea, Confusion, Panic Attack, Agitation",MDMB-4en-PINACA,,54.562099999999994,-1.1877666666666666
W052561,2024-06-10,BT37,THC vape oil,Big puff,Colourless,Liquid,Not Stated,"Euphoria, Enhanced Senses, Relaxed","ADB-BUTINACA, MDMB-4en-PINACA, Nicotine",,54.6598,-5.9086
W052645,2024-06-10,NP7,THC vape,Tequilla sunrise,Yellow,Liquid,Not Stated,"Increased Strength, Relaxed, Chest Pains, Irregular Heartbeat, Nausea, Vomiting, Paranoia, Memory Loss, Confusion, Panic Attack, Agitation",MDMB-4en-PINACA,,51.851292105263155,-3.0386236842105263
W052859,2024-06-10,TN21,THC/cannabis vape pen,THC vape pen,Colourless,Liquid,Smoked,"Relaxed, Nausea","Tetrahydrocannabinol, Cannabinol, Cannabidiol",,50.95209411764706,0.2694941176470588
W052570,2024-06-10,BS14,THC vape,Not Stated,Yellow,Liquid,Not Stated,"Euphoria, Increased Confidence, Enhanced Senses, Empathy, Relaxed, Nausea, Paranoia, Panic Attack",4F-MDMB-BINACA,,51.4061,-2.5627
W052854,2024-06-10,CT6,THC vape oil,Not Stated,Brown,Liquid,Not Stated,Not Stated,MDMB-4en-PINACA,,51.36518888888889,1.1433444444444445
W052675,2024-06-10,TS3,Vape liquid,Not Stated,Green,Liquid,Smoked,"Breathlesness, Irregular Heartbeat, Nausea, Confusion, Panic Attack, Agitation",MDMB-4en-PINACA,,54.562099999999994,-1.1877666666666666
W052929,2024-06-11,UB2,THC vape juice,Not Stated,Brown,Liquid,Not Stated,"Relaxed, Irregular Heartbeat, Insomnia","Cannabinol, Tetrahydrocannabinol",,51.4954,-0.3763
W053294,2024-06-18,TS3,Vape liquid,Elux legend- Apple peach,Yellow,Liquid,Smoked,No Effect,Nicotine,,54.562099999999994,-1.1877666666666666
W053293,2024-06-18,TS4,Vape liquid,Not Stated,Colourless,Liquid,Smoked,No Effect,MDMB-4en-PINACA,,54.5762,-1.2348
W052937,2024-06-18,SG8,THC vape juice,Not Stated,Brown,Liquid,Not Stated,Not Stated,No Active Component Identified,,52.07207058823529,-0.0231647058823529
W053219,2024-06-18,BT54,THC vape,Sin city Diesel Disposable vape,Yellow,Liquid,Not Stated,Not Stated,"Tetrahydrocannabinol, Cannabinol",Cannabidiol,55.19017272727273,-6.2478181818181815
W053291,2024-06-18,TS3,Vape,Not Stated,Colourless,Liquid,Smoked,No Effect,Nicotine,,54.562099999999994,-1.1877666666666666
W053174,2024-06-18,BN2,THC vape,Not Stated,Yellow,Liquid,Not Stated,"Increased Energy, Relaxed, Breathlesness, Irregular Heartbeat, Chest Pains, Nausea, Confusion","Tetrahydrocannabinol, Cannabinol, Cannabidiol",,50.823825,-0.082825
W053287,2024-06-18,TS3,Vape,Not Stated,Colourless,Liquid,Smoked,No Effect,Nicotine,,54.562099999999994,-1.1877666666666666
W053285,2024-06-18,TS3,Vape,Not Stated,Colourless,Liquid,Smoked,No Effect,Nicotine,,54.562099999999994,-1.1877666666666666
W052785,2024-06-18,NP12,Vape juice,Not Stated,Colourless,Liquid,Not Stated,Not Stated,Nicotine,,51.6678,-3.2075
000235118,2024-07-02,CF83,Vape,Random Tobacco,,Liquid,Smoked,"Relaxed, Irregular Heartbeat, Paranoia",Nicotine,,51.59288333333333,-3.2333833333333337
W053418,2024-07-03,UB7,THC vape,Cookies London Pound Cake,"Yellow, Blue",Liquid,Not Stated,"Euphoria, Chest Pains, Tinnitus","Tetrahydrocannabinol, Cannabinol",,51.50226,-0.47134
W053613,2024-07-03,DD7,THC vape liquid,Hash liquid,"Orange, Brown",Liquid,Not Stated,Not Stated,"Tetrahydrocannabinol, Cannabinol, Cannabidiol, Nicotine",,56.50305,-2.70545
W053408,2024-07-03,CH6,THC vape,Not Stated,"Yellow, Brown",Liquid,Not Stated,"Euphoria, Enhanced Senses, Relaxed",No Active Component Identified,,53.255125,-3.1489
000042637,2024-07-04,CH4,Vape,Not Stated,,Liquid,Smoked,"Vomiting, Agitation, loss of coordination",Nicotine,,53.15806666666666,-2.9534749999999996
W053445,2024-07-04,PR3,THC vape pen,10/10 boys Vapouriser,"Orange, Brown",Liquid,Not Stated,"Increased Confidence, Relaxed, Chest Pains, Memory Loss, Anxiety",No Active Component Identified,,53.903882857142854,-2.707102857142857
W053847,2024-07-09,LL65,Vape juice,Not Stated,Brown,Liquid,Not Stated,"Visual Hallucinations, Relaxed, Nausea, Paranoia, Memory Loss, Confusion","MDMB-4en-PINACA, Nicotine",,53.289686206896555,-4.534455172413793
W053345,2024-07-09,TS3,Vape,Not Stated,Colourless,Liquid,Smoked,"Relaxed, Sweating",Nicotine,,54.562099999999994,-1.1877666666666666
W053346,2024-07-09,TS3,Vape,Not Stated,Colourless,Liquid,Smoked,"Relaxed, Sweating",Nicotine,,54.562099999999994,-1.1877666666666666
W053450,2024-07-09,BN1,Liquid LSD,Not Stated,Colourless,Liquid,Not Stated,Not Stated,Lysergic acid diethylamide,,50.8614,-0.1204166666666666
W053767,2024-07-09,CF11,THC vape liquid,Not Stated,Red,Liquid,Not Stated,"Euphoria, Relaxed",MDMB-4en-PINACA,,51.48,-3.18
000041931,2024-07-09,CF83,THC vape,Crystal,"White, Yellow",Liquid,Not Stated,"Relaxed, Irregular Heartbeat, Paranoia","MDMB-4en-PINACA, Nicotine",,51.59288333333333,-3.2333833333333337
000235298,2024-07-09,CF31,THC liquid,Not Stated,Blue,Liquid,Not Stated,Not Stated,4F-MDMB-BINACA,,51.507666666666665,-3.577733333333333
W054153,2024-07-16,SA7,THC vape juice,Not Stated,Red,Liquid,Not Stated,"Euphoria, Relaxed, Memory Loss",No Active Component Identified,,51.6703,-3.8862
W054028,2024-07-16,PL1,THC therapeutic vape,Runtz,Brown,Liquid,Not Stated,Not Stated,"Tetrahydrocannabinol, Cannabinol, Cannabidiol",,50.37435000000001,-4.1642
W054116,2024-07-16,TS3,Vape liquid,Not Stated,Yellow,Liquid,Smoked,No Effect,Nicotine,,54.562099999999994,-1.1877666666666666
W054094,2024-07-16,DD70,THC vape liquid,Hash liquid,"Orange, Brown",Liquid,Not Stated,Not Stated,"Tetrahydrocannabinol, Cannabinol, Nicotine",,56.50305,-2.70545
W054179,2024-07-22,TS4,Vape,Not Stated,Colourless,Liquid,Smoked,No Effect,Nicotine,,54.5762,-1.2348
W054301,2024-07-23,TS1,DMT liquid,Not Stated,Orange,Liquid,Not Stated,Not Stated,DMT,,54.5762,-1.2348
W054300,2024-07-23,TS1,Tyson 2.0 vape,Not Stated,Orange,Liquid,Not Stated,Not Stated,"Tetrahydrocannabinol, Cannabinol",,54.5762,-1.2348
W054221,2024-07-23,TS3,Vape,Not Stated,Colourless,Liquid,Not Stated,Not Stated,No Active Component Identified,,54.562099999999994,-1.1877666666666666
W054219,2024-07-23,TS3,Vape,Not Stated,Colourless,Liquid,Not Stated,No Effect,Nicotine,,54.562099999999994,-1.1877666666666666
W054281,2024-07-23,ML66,Delta 9 THC vape oil,"Sankawic THC oil, delta-9","Orange, Yellow",Liquid,Not Stated,"Euphoria, Increased Energy, Increased Libido, Relaxed",Tetrahydrocannabinol,,55.876992307692305,-3.925407692307692
W054222,2024-07-23,TS3,Vape,Not Stated,Colourless,Liquid,Smoked,No Effect,Nicotine,,54.562099999999994,-1.1877666666666666
W054454,2024-07-25,DT6,THC vape juice,D9 infused Vape liquid,"Yellow, Brown",Liquid,Not Stated,Not Stated,MDMB-4en-PINACA,,50.74444722222222,-2.776736111111111
W054379,2024-07-25,TS11,Vape,Not Stated,"Colourless, Yellow",Liquid,Not Stated,Not Stated,25B-NBOH,,54.57873333333333,-1.028166666666667
W054608,2024-08-01,BT8,THC E-juice,Not Stated,Colourless,Liquid,Not Stated,Not Stated,MDMB-4en-PINACA,Nicotine,54.55041666666667,-5.9068
W054552,2024-08-01,MK15,THC vape oil,THC oil,"Colourless, Yellow",Liquid,Not Stated,"Relaxed, Headache","Tetrahydrocannabinol, Cannabidiol",,52.0641,-0.7231
000039663,2024-08-05,NP20,THC vape,Not Stated,Yellow,Liquid,Smoked,"Empathy, Visual Hallucinations","ADB-4en-PINACA, MDMB-4en-PINACA",,51.5877,-2.9984
W054802,2024-08-05,PL9,THC juice,Not Stated,Yellow,Liquid,Smoked,"Euphoria, Breathlesness",Nicotine,,50.34709090909091,-4.0945
W054831,2024-08-05,NP4,Boys vape,Not Stated,Orange,Liquid,Not Stated,Not Stated,"Tetrahydrocannabinol, Cannabinol",,51.718515789473685,-3.030521052631579
W054798,2024-08-06,LS15,THC vape juice,Not Stated,"Green, Blue",Liquid,Not Stated,"Breathlesness, Chest Pains, Irregular Heartbeat, Nausea, Paranoia, Memory Loss, Confusion, Panic Attack, Agitation, Depression, Suicidal Ideation",MDMB-4en-PINACA,,53.81088333333333,-1.4424166666666665
W054683,2024-08-06,CF63,THC vape liquid,Double KO THC vape oil,Colourless,Liquid,Not Stated,Not Stated,No Active Component Identified,,51.4172,-3.2614
W054788,2024-08-06,SL2,THC vape cart,Not Stated,"Orange, Yellow",Liquid,Not Stated,"Euphoria, Increased Energy, Increased Confidence, Enhanced Senses, Relaxed, Breathlesness, Chest Pains, Irregular Heartbeat","Cannabinol, Tetrahydrocannabinol, Cannabidiol",,51.553075,-0.606025
W054837,2024-08-07,EN2,Cannabis vape,Not Stated,Purple,Liquid,Not Stated,Not Stated,"Tetrahydrocannabinol, Cannabinol",,51.6515,-0.085
W055009,2024-08-12,TS89,THC Dab Pen,NErds Gummy Cluster,"Orange, Yellow",Liquid,Not Stated,"Breathlesness, Paranoia, Memory Loss, Agitation","Cannabidiol, Cannabinol",,54.51546,-1.24278
W055123,2024-08-15,NA,Cannabis Vape Juice ,Not Stated,"Pink, Red",Liquid,Not Stated,Not Stated,MDMB-4en-PINACA,,,
000044255,2024-08-23,CF39,THC Vape,Not Stated,Colourless,Liquid,Smoked,"Increased Strength, Auditory Hallucinations, Relaxed, Nausea, Vomiting, Paranoia, Insomnia",No Active Component Identified,,51.5988125,-3.447975
W057063,2024-08-23,MK17,Shatter Vape E-liquid THC,Shatter Vape E-liquid THC Skittles,"Red, Red",Liquid,Not Stated,Not Stated,MDMB-4en-PINACA,,51.98291739130435,-0.7129
W057078,2024-08-23,WA16,Cannabis Vape,Full Spectrum Cannabis vape Resin Wax,Colourless,Liquid,Smoked,"Euphoria, Increased Libido, Relaxed, Chest Pains, Irregular Heartbeat, Confusion",Cannabinol,,53.3064125,-2.37901875
W057107,2024-08-23,CF61,THC Vape Juice,Not Stated,Pink,Liquid,Not Stated,"Relaxed, Confusion",MDMB-4en-PINACA,"Nicotine, Caffeine",51.41158,-3.4909999999999997
W057064,2024-08-23,SW18,Pure THc vape ,99% THC Distillate,Brown,Liquid,Smoked,Relaxed,Ketamine,Nicotine,51.4489,-0.1971
000040323,2024-08-23,NP20,THC Vape,Not Stated,,,Not Stated,"Relaxed, Confusion","Tetrahydrocannabinol, Cannabinol",,51.5877,-2.9984
W057081,2024-08-28,DE11,THC liquid,Not Stated,Colourless,Liquid,Smoked,"Euphoria, Enhanced Senses, Relaxed, Breathlesness, Chest Pains, Paranoia, Memory Loss, Agitation",MDMB-4en-PINACA,,52.7698,-1.5538777777777777
W057196,2024-08-28,SG8,THC Vape,THC Doctor Rosin Vape,"Orange, Brown",Liquid,Not Stated,Not Stated,Cannabinol,,52.07207058823529,-0.0231647058823529
W057174,2024-08-30,NG7,Liquid,Not Stated,Red,Liquid,Smoked,"Empathy, Relaxed, Paranoia, Confusion","Ketamine, MDMB-4en-PINACA, Cocaine, 5F-ADB",,52.9536,-1.1505
000234543,2024-09-03,CF11,CBD Vape,Splyft bar,Brown,Liquid,Not Stated,"Euphoria, Empathy",Cannabinol,,51.48,-3.18
W051546,2024-09-03,IG1,THC Vape,Not Stated,Yellow,Liquid,Not Stated,Not Stated,Tetrahydrocannabinol,,51.5576,0.0728
W057227,2024-09-03,BH22,THC Oil / Vape juice,Not Stated,Yellow,Liquid,Smoked,"Euphoria, Visual Hallucinations, Relaxed, Memory Loss","4F-MDMB-BINACA, MDMB-4en-PINACA",MDMB-BUTINACA,50.798257142857146,-1.8945142857142856
000234542,2024-09-03,CF11,THC VAPE,THC VAPE,Brown,Liquid,Not Stated,"Euphoria, Increased Confidence, Enhanced Senses, Visual Hallucinations, Relaxed","Cannabinol, Tetrahydrocannabinol",,51.48,-3.18
W057626,2024-09-12,TW1,Spaceclub THC vape,Not Stated,"Orange, Yellow",Liquid,Not Stated,Not Stated,Ketamine,,51.4454,-0.3297
000233790,2024-09-12,CF10,THC vape liquid,Not Stated,Blue,Liquid,Not Stated,Relaxed,Nicotine,,51.48,-3.18
W057669,2024-09-17,DA12,Vape liquid,Not Stated,Yellow,Liquid,Not Stated,Not Stated,Nicotine,,51.4177875,0.3915125
W057668,2024-09-17,DA12,Vape liquid,Not Stated,Yellow,Liquid,Not Stated,Not Stated,Nicotine,,51.4177875,0.3915125
W057662,2024-09-17,DA12,Vape liquid,Not Stated,Yellow,Liquid,Not Stated,Not Stated,Nicotine,,51.4177875,0.3915125
W057663,2024-09-17,DA12,Vape liquid,Not Stated,Yellow,Liquid,Not Stated,Not Stated,Nicotine,,51.4177875,0.3915125
W057667,2024-09-17,DA12,Vape liquid,Not Stated,Yellow,Liquid,Not Stated,Not Stated,"Nicotine, Unable to identify",,51.4177875,0.3915125
W057710,2024-09-17,SG8,THC vape cart,Sweetshop blue dream live resin,Colourless,Liquid,Not Stated,"Euphoria, Relaxed, Memory Loss","Cannabinol, Cannabidiol",,52.07207058823529,-0.0231647058823529
W057727,2024-09-17,B11,THC e-liquid,Not Stated,"Colourless, White",Liquid,Not Stated,Not Stated,Nicotine,,52.4548,-1.8596
W057712,2024-09-17,SG8,THC vape cart,THC doctor alien OG liver resin,Colourless,Liquid,Not Stated,Not Stated,"Cannabinol, Tetrahydrocannabinol, Cannabidiol",,52.07207058823529,-0.0231647058823529
W057709,2024-09-17,SG8,THC oil vape,Cali Soul Fruity Pebbles,"Colourless, Orange",Liquid,Not Stated,Not Stated,Cannabinol,,52.07207058823529,-0.0231647058823529
W057665,2024-09-17,DA12,Vape liquid,Not Stated,Orange,Liquid,Not Stated,Not Stated,Nicotine,,51.4177875,0.3915125
W057704,2024-09-19,G11,THC VAPE CART,Cannabis Oil Concentrate Vape Cart Watermelon Og 90.7% THC 907MG 0-92% CBD,"Orange, Yellow",Liquid,Smoked,"Euphoria, Enhanced Senses, Relaxed","Cannabinol, Tetrahydrocannabinol",,55.8708,-4.3057
W057801,2024-09-19,TS39,THC vape,Not Stated,Colourless,Liquid,Not Stated,Relaxed,4F-MDMB-BINACA,,54.562099999999994,-1.1877666666666666
W057722,2024-09-19,B61,THC vape,"THC (cannabis oil, live resin and liquid diamonds)","Yellow, Brown",Liquid,Not Stated,Not Stated,"Cannabinol, Cannabidiol",,52.3427125,-2.07645
W057664,2024-09-19,DA12,Vape liquid,Not Stated,Yellow,Liquid,Not Stated,Not Stated,Nicotine,,51.4177875,0.3915125
W057941,2024-09-23,DA12,Vape liquid,Not Stated,"Colourless, Colourless",Liquid,Not Stated,Not Stated,Nicotine,,51.4177875,0.3915125
W057926,2024-09-23,DA12,E-liquid,Not Stated,Pink,Liquid,Not Stated,Not Stated,MDMB-4en-PINACA,,51.4177875,0.3915125
W057927,2024-09-23,DA12,Vape,Not Stated,Colourless,Liquid,Not Stated,Not Stated,MDMB-4en-PINACA,,51.4177875,0.3915125
W058124,2024-10-01,BL35,THC Vape,Lemonhead,Yellow,Liquid,Not Stated,"Violence/Aggression, Relaxed, Irregular Heartbeat, Memory Loss, Confusion, Loss of consciousness","Cannabinol, Nicotine, Noscapine",,53.5635,-2.378
W058136,2024-10-01,CF24,THC vape,Jungle Bay,"Blue, Brown",Liquid,Smoked,No Effect,"Tetrahydrocannabinol, Cannabinol",,51.48,-3.18
W058096,2024-10-01,TA02,Normal vape,vape,"Yellow, Blue",Liquid,Smoked,"Memory Loss, Confusion",Nicotine,,,
000234734,2024-10-01,CF44,Dimethyltriptamine vape pen,Not Stated,Colourless,Liquid,Not Stated,"Euphoria, Auditory Hallucinations, Visual Hallucinations, Relaxed, Memory Loss","Cannabinol, Tetrahydrocannabinol",,51.7327125,-3.48293125
W058092,2024-10-01,BS3,THC e-liquid,Not Stated,Red,Liquid,Not Stated,"Relaxed, Memory Loss, Agitation",5F-ADB,,51.4552,-2.5966
W058059,2024-10-08,CV34,THC vape,Not Stated,Colourless,Liquid,Smoked,"Euphoria, Relaxed, Confusion, Loss of consciousness",Nicotine,,52.28345,-1.58235
W058361,2024-10-08,B13,Vape,Not Stated,,Liquid,Not Stated,Not Stated,Nicotine,,52.442,-1.88385
W058359,2024-10-08,B13,Vape,Not Stated,,Liquid,Not Stated,Not Stated,Nicotine,,52.442,-1.88385
W058398,2024-10-08,G83,THC vape,Not Stated,Brown,Liquid,Not Stated,"Relaxed, Chest Pains","Cannabinol, Cannabidiol",,56.03989166666666,-4.6006583333333335
W058227,2024-10-08,PO19,THC vape,Not Stated,Yellow,Liquid,Not Stated,"Enhanced Senses, Relaxed, Breathlesness, Irregular Heartbeat, Paranoia, Memory Loss, Confusion, Panic Attack, Agitation","Cannabidiol, Cannabinol",,50.8373,-0.77915
000231924,2024-10-08,CH7,Vape,Not Stated,,Liquid,Smoked,"Memory Loss, Confusion",Nicotine,,53.17209696969697,-3.163118181818182
W058057,2024-10-08,CV34,THC vape,Not Stated,Colourless,Liquid,Smoked,"Euphoria, Relaxed, Confusion, Loss of consciousness",Nicotine,,52.28345,-1.58235
W058058,2024-10-08,CV34,THC vape,Not Stated,Colourless,Liquid,Smoked,"Euphoria, Relaxed, Loss of consciousness",Nicotine,,52.28345,-1.58235
W058061,2024-10-08,CV34,THC vape,Not Stated,Colourless,Liquid,Smoked,"Euphoria, Relaxed, Confusion, Loss of consciousness",Nicotine,,52.28345,-1.58235
W058056,2024-10-08,CV34,THC vape,Not Stated,Colourless,Liquid,Smoked,"Euphoria, Relaxed, Confusion, Loss of consciousness","Nicotine, MDMB-4en-PINACA",,52.28345,-1.58235
W058060,2024-10-08,CV34,THC vape,Not Stated,Colourless,Liquid,Smoked,"Euphoria, Relaxed, Confusion, Loss of consciousness",Nicotine,,52.28345,-1.58235
W058475,2024-10-11,TS3,Vape,Not Stated,Colourless,Liquid,Smoked,No Effect,Nicotine,,54.562099999999994,-1.1877666666666666
W058476,2024-10-11,TS3,Vape,Not Stated,Colourless,Liquid,Smoked,No Effect,Cannabinol,,54.562099999999994,-1.1877666666666666
W058430,2024-10-11,G84,THC vape,Not Stated,Blue,Liquid,Not Stated,Not Stated,"Cannabinol, Tetrahydrocannabinol",Cannabidiol,56.06313214285715,-4.785921428571428
W058431,2024-10-11,G84,THC vape,Not Stated,Green,Liquid,Not Stated,Not Stated,"Cannabidiol, Tetrahydrocannabinol, Cannabinol, Nicotine",,56.06313214285715,-4.785921428571428
W058538,2024-10-15,CV32,THC oil for vape,Not Stated,Yellow,Liquid,Not Stated,Not Stated,Nicotine,,52.303333333333335,-1.5231666666666666
W058510,2024-10-15,DA2,Vape,Not Stated,"Orange, Red",Liquid,Not Stated,Not Stated,MDMB-4en-PINACA,Nicotine,51.42953333333333,0.2391
W058461,2024-10-17,NE3,THC vape cartridge,Not Stated,"Yellow, Brown",Liquid,Not Stated,"Euphoria, Relaxed","Tetrahydrocannabinol, Cannabinol",,55.003175,-1.6339
W058550,2024-10-17,EN2,THC vape,Not Stated,Blue,Liquid,Not Stated,Not Stated,"Tetrahydrocannabinol, Cannabinol, Nicotine",,51.6515,-0.085
W058602,2024-10-17,B13,Vape,Not Stated,,Liquid,Not Stated,"Vomiting, Confusion, Loss of consciousness",Nicotine,,52.442,-1.88385
W058785,2024-10-22,NE25,Fruit flavoured vape,Hayati Pro Ultra,"Purple, Red",Liquid,Not Stated,Not Stated,Nicotine,,55.053425,-1.497
W058698,2024-10-22,WD3,THC vape,Live resin,Yellow,Liquid,Not Stated,"Euphoria, Enhanced Senses, Relaxed",Cannabinol,,51.65108,-0.49022
W058716,2024-10-22,B13,Vape,Not Stated,Colourless,Liquid,Not Stated,Not Stated,Nicotine,,52.442,-1.88385
W058962,2024-10-28,SA7,THC Liquid,Not Stated,Blue,Liquid,Not Stated,"Relaxed, Paranoia, Memory Loss, Confusion, Agitation, Violence/Aggression",MDMB-4en-PINACA,Nicotine,51.6703,-3.8862
W058928,2024-10-28,SY50,THC Juice (100%),THC Juice,Colourless,Liquid,Smoked,"Euphoria, Increased Confidence, Enhanced Senses, Increased Libido, Relaxed, Auditory Hallucinations, Vomiting",ADB-BUTINACA,,52.64781071428572,-2.8251761904761903
W058935,2024-10-28,SA1,THC vape Delta -9 ,Not Stated,Colourless,Liquid,Smoked,"Enhanced Senses, Chest Pains",MDMB-4en-PINACA,,51.633979999999994,-3.94848
W058964,2024-10-28,SA73,THC Liquid,Not Stated,Green,Liquid,Smoked,"Paranoia, Memory Loss, Confusion, Agitation, Violence/Aggression",MDMB-4en-PINACA,,51.719835714285715,-4.983364285714286
W058963,2024-10-28,SA73,THC Liquid,Not Stated,Green,Liquid,Smoked,"Relaxed, Paranoia, Memory Loss, Agitation, Violence/Aggression",MDMB-4en-PINACA,,51.719835714285715,-4.983364285714286
W058959,2024-10-28,SA7,THC liquid,Not Stated,Blue,Liquid,Smoked,"Relaxed, Paranoia, Memory Loss, Confusion, Agitation, Violence/Aggression",MDMB-4en-PINACA,,51.6703,-3.8862
W058960,2024-10-28,SA7,THC liquid,Not Stated,Blue,Liquid,Smoked,"Relaxed, Paranoia, Memory Loss, Confusion, Agitation, Violence/Aggression",MDMB-4en-PINACA,,51.6703,-3.8862
W058975,2024-10-28,NE1,Pure THC + vape oil,Not Stated,"Colourless, White",Liquid,Not Stated,Not Stated,MDMB-4en-PINACA,,54.9733,-1.614
W058922,2024-11-05,DY47,Vape,Vape,Orange,Liquid,Smoked,Confusion,Nicotine,MDMB-4en-PINACA,52.529599999999995,-2.0677
W059078,2024-11-05,WS10,CBD liquid,Not Stated,Yellow,Liquid,Not Stated,Not Stated,MDMB-4en-PINACA,,52.559025,-2.028425
000038605,2024-11-05,NP16,THC vape juice,Not Stated,Yellow,Liquid,Not Stated,"Enhanced Senses, Relaxed",MDMB-4en-PINACA,,51.6409,-2.6768
W059050,2024-11-05,WV5,Vape,Not Stated,Grey,Liquid,Not Stated,"Increased Energy, Auditory Hallucinations, Visual Hallucinations, Relaxed, Irregular Heartbeat, Nausea, Paranoia, Memory Loss, Confusion, Insomnia, Depression","Nicotine, MDMB-4en-PINACA",,52.5421875,-2.2366
W059410,2024-11-12,TS4,THC dab pen,Jeeter,Yellow,Liquid,Smoked,"Relaxed, Irregular Heartbeat, Confusion, Agitation, Depression","Cannabinol, Cannabidiol",,54.5762,-1.2348
W059412,2024-11-12,TS4,THC dab pen,Jeeter,"Yellow, White",Liquid,Smoked,"Visual Hallucinations, Relaxed, Agitation, Insomnia, Depression","Tetrahydrocannabinol, Cannabinol, Cannabidiol",,54.5762,-1.2348
W059411,2024-11-12,TS4,THC dab pen,Jeeter,Yellow,Liquid,Smoked,"Visual Hallucinations, Relaxed, Paranoia, Confusion, Depression","Cannabinol, Cannabidiol",,54.5762,-1.2348
W059804,2024-11-19,E10,THC vape,Not Stated,Brown,Liquid,Not Stated,"Euphoria, Relaxed",Cannabinol,,51.55960000000001,-0.0077999999999999
W059486,2024-11-20,BN2,THC vape,Not Stated,,Liquid,Not Stated,"Euphoria, Relaxed, Breathlesness, Chest Pains, Nausea, Paranoia, Confusion","Cannabinol, Cannabigerol, Tetrahydrocannabinol",,50.823825,-0.082825
W060028,2024-12-03,DH7,Vape,Not Stated,Yellow,Liquid,Not Stated,"Chest Pains, Irregular Heartbeat, Nausea, Memory Loss, Confusion, Panic Attack, Agitation, Anxiety, Loss of appetite, Sweating",MDMB-4en-PINACA,,54.78775789473684,-1.6808263157894736
W060940,2025-01-08,EN2,THC vape,Not Stated,Purple,,Not Stated,Not Stated,"Tetrahydrocannabinol, Cannabigerol, Cannabinol",,51.6515,-0.085
W060952,2025-01-09,TS39,Tabaco vape,Vape,Colourless,Liquid,Smoked,Nausea,Unable to identify,,54.562099999999994,-1.1877666666666666
W060822,2025-01-09,KY71,Liquid cocaine,Not Stated,Colourless,Liquid,Snort / Sniff,"Increased Energy, Increased Confidence, Increased Stamina",Cocaine,,56.19679,-3.1358
W061200,2025-01-16,DA12,Vape liquid,Not Stated,Yellow,Liquid,Not Stated,Not Stated,"Cannabidiol, Nicotine",,51.4177875,0.3915125
W061164,2025-01-17,KT19,THC  juice,Not Stated,,Liquid,Not Stated,Not Stated,"Nicotine, MDMB-4en-PINACA",,51.3305,-0.2701
W061206,2025-01-17,S18,THC vape liquid,Cali Liq,Green,Liquid,Not Stated,"Euphoria, Relaxed",MDMB-4en-PINACA,,53.29518,-1.4762
W061201,2025-01-20,DA12,Vape,Not Stated,Colourless,Liquid,Not Stated,Not Stated,Nicotine,,51.4177875,0.3915125
W061088,2025-01-20,DA12,Vape,Not Stated,Yellow,Liquid,Not Stated,Not Stated,Nicotine,,51.4177875,0.3915125
W061208,2025-01-22,TS4,Vape,Not Stated,Brown,Liquid,Smoked,"Euphoria, Increased Energy, Increased Confidence, Auditory Hallucinations, Visual Hallucinations, Irregular Heartbeat, Nausea, Vomiting, Paranoia, Confusion, Agitation, Violence/Aggression","Tetrahydrocannabinol, Cannabinol, Nicotine",,54.5762,-1.2348
W061269,2025-01-22,BR6,THC E-liquid,Not Stated,Green,Liquid,Not Stated,"Confusion, Agitation, Headache",MDMB-4en-PINACA,,51.362210000000005,0.09043
W061267,2025-01-22,NP26,THC vape liquid,Not Stated,Yellow,Liquid,Not Stated,"Euphoria, Increased Energy, Increased Confidence, Enhanced Senses, Empathy, Auditory Hallucinations, Relaxed, Irregular Heartbeat, Confusion, Agitation",Unable to identify,,51.5866,-2.7574
W061337,2025-01-28,SW6,2CB liquid,Rose oil,White,Liquid,Not Stated,Not Stated,No Active Component Identified,,51.4803,-0.1993
W061576,2025-01-28,B73,Nicotine vape juice,Not Stated,Colourless,Liquid,Not Stated,"Dizziness, Loss of appetite",MDMB-4en-PINACA,,52.5667,-1.8167
W061459,2025-01-28,S43,THC eliquid,Not Stated,"Green, Purple",Liquid,Not Stated,Not Stated,ADB-BUTINACA,,53.27028333333334,-1.3298
000234582,2025-01-28,CF10,Liquid THC,Not Stated,Brown,Liquid,Not Stated,Not Stated,No Active Component Identified,,51.48,-3.18
W060790,2025-01-28,NW10,THC vape,Not Stated,Yellow,Liquid,Not Stated,"Euphoria, Increased Energy, Relaxed, Paranoia",No Active Component Identified,,51.53758571428572,-0.2431214285714285
W061536,2025-01-31,SA31,THC vape,Not Stated,Colourless,Liquid,Not Stated,Not Stated,Cannabidiol,,51.85391,-4.30209
W061612,2025-01-31,NP21,Unipuff THC vape,Not Stated,Red,Solid,Not Stated,Not Stated,"Cannabinol, Tetrahydrocannabinol, Cannabidiol",,,
W061352,2025-02-04,V9,CBD liquid drops,MOT oil CBD,Orange,,Oral,"Nausea, Vomiting, Paranoia, Memory Loss, Confusion, Panic Attack, Agitation, Insomnia",Cannabidiol,,,
W061745,2025-02-04,BS34,THC vape oil,Not Stated,Colourless,Liquid,Not Stated,"Euphoria, Enhanced Senses, Auditory Hallucinations, Relaxed, Breathlesness, Irregular Heartbeat, Paranoia, Memory Loss",MDMB-4en-PINACA,,51.5241,-2.5661
W061644,2025-02-06,KY7,THC vape,turn,"Yellow, Brown",Liquid,Smoked,"Increased Confidence, Empathy, Relaxed, Chest Pains, Irregular Heartbeat, Nausea, Vomiting","Cannabinol, Cannabidiol",,56.19679,-3.1358
W061719,2025-02-06,W12,THC vape juice,Not Stated,Colourless,Liquid,Not Stated,Not Stated,"MDMB-4en-PINACA, MDMB-BUTINACA, Nicotine",,51.505,-0.2211
W061748,2025-02-07,SG18,THC delta-9 liquid,RAW,Colourless,Liquid,Not Stated,Enhanced Senses,MDMB-4en-PINACA,,52.07824545454545,-0.2732454545454545
W061747,2025-02-07,WS15,THC vape,Not Stated,"Pink, Red",Liquid,Not Stated,"Euphoria, Relaxed, Irregular Heartbeat, Headache, Confusion",ADB-BUTINACA,,52.7576625,-1.90304375
W061746,2025-02-07,WS15,THC vape,Not Stated,Brown,Liquid,Not Stated,"Euphoria, Relaxed, Headache","Tetrahydrocannabinol, Cannabinol",,52.7576625,-1.90304375
W061907,2025-02-11,NE61,THC vape,Cannabis oil,Orange,Liquid,Not Stated,"Euphoria, Relaxed, Enhanced Senses, Memory Loss, Insomnia","Tetrahydrocannabinol, Cannabigerol, Cannabinol",,55.165690000000005,-1.7111625
W061863,2025-02-11,BS5,THC vape Juice,Not Stated,"Orange, Pink",Liquid,Smoked,"Euphoria, Enhanced Senses, Relaxed",MDMB-4en-PINACA,,51.462,-2.5519
W061856,2025-02-12,TS3,Vape/Liquid,Not Stated,Colourless,Liquid,"Oral, Smoked",No Effect,Nicotine,,54.562099999999994,-1.1877666666666666
W061865,2025-02-12,EX81,THC Vape Juice,Not Stated,Yellow,Liquid,Not Stated,Not Stated,5F-ADB,Nicotine,50.631025,-3.409475
W061918,2025-02-12,DA1,THC Vape,10/10 Cherry Maze D9 Liquid diamond bar,Yellow,Liquid,Not Stated,Not Stated,"Tetrahydrocannabinol, Cannabinol",,51.4477,0.1994
W061227,2025-02-12,DA1,THC Vape,10/10 Boys mily way cookies 1000mg D9 liquid Diamond bar,"Yellow, Brown",Liquid,Not Stated,Not Stated,"Cannabinol, Tetrahydrocannabinol, Cannabidiol",,51.4477,0.1994
W061917,2025-02-12,DA1,THC Vape,10/10 Boys Elpatron D9 Liquid Diamonds bar,"Yellow, Brown",Liquid,Not Stated,Not Stated,"Cannabinol, Tetrahydrocannabinol, Cannabigerol, Cannabidiol",,51.4477,0.1994
W062061,2025-02-12,CF37,vape juice,Cookie Vapes,Colourless,Liquid,Smoked,Not Stated,MDMB-4en-PINACA,,51.613815384615386,-3.3598076923076925
W062266,2025-02-17,ME12,Vape,Enjoy Ultra Blue Razz,"Purple, Blue",Liquid,Not Stated,Not Stated,Nicotine,,51.41452857142857,0.8513999999999999
W062118,2025-02-17,BT4,THC E LIQUID ,PINAPPLE EXPRESS,"Orange, Brown",Liquid,Not Stated,"Euphoria, Enhanced Senses, Auditory Hallucinations, Visual Hallucinations, Relaxed, Chest Pains, Nausea, Paranoia, Memory Loss, Panic Attack, Agitation, Insomnia",Nicotine,,54.595659999999995,-5.88056
W062159,2025-02-17,B139,Vape,vape,Colourless,,Not Stated,Relaxed,"Nicotine, AB-CHMINACA",,52.442,-1.88385
W062238,2025-02-17,ME12,vape,crystal bar strawberry blast,Purple,Liquid,"Oral, Smoked",Not Stated,Nicotine,,51.41452857142857,0.8513999999999999
W062274,2025-02-17,B49,Vape,Not Stated,Colourless,Liquid,Not Stated,"Chest Pains, Irregular Heartbeat, Nausea, Vomiting, Confusion, Agitation","Aspirin, Nicotine",,52.224211764705885,-1.837441176470588
W062243,2025-02-18,ME12,Vape,waka matermelon chill,Red,Liquid,Not Stated,Not Stated,Nicotine,,51.41452857142857,0.8513999999999999
W062233,2025-02-18,ME12,Vape,Strawberry watermelon bubblegum ultra,"Red, Blue",Liquid,Not Stated,Not Stated,Nicotine,,51.41452857142857,0.8513999999999999
W062005,2025-02-18,CH3,THC e-liquid,Not Stated,"Orange, Yellow",Liquid,Not Stated,"Euphoria, Increased Energy, Increased Confidence, Enhanced Senses, Auditory Hallucinations, Visual Hallucinations","Tetrahydrocannabinol, Cannabinol, Cannabidiol",,53.154448571428574,-2.80734
W062470,2025-02-25,SG3,THC Vape,Jungle boy THC vape,"Colourless, Orange",,Not Stated,Not Stated,"Tetrahydrocannabinol, Cannabinol",,51.856883333333336,-0.1749833333333333
W062482,2025-02-25,SA14,Nicotine Juice,Nicotine Juice,"Purple, Orange",Liquid,Not Stated,"Increased Confidence, Relaxed, Irregular Heartbeat, Paranoia",Nicotine,,51.76378235294118,-4.089482352941177
W062515,2025-02-25,TS3,Vape,Not Stated,Colourless,Liquid,"Oral, Smoked",No Effect,Nicotine,,54.562099999999994,-1.1877666666666666
W062244,2025-02-25,WR9,THC Vape Liquid,Not Stated,,Liquid,Not Stated,Not Stated,Nicotine,,52.26260476190476,-2.1635809523809524
W062513,2025-02-25,TS3,Vape,Not Stated,Colourless,Liquid,Not Stated,No Effect,Nicotine,,54.562099999999994,-1.1877666666666666
W062516,2025-02-25,TS3,Vape,Not Stated,Colourless,Liquid,Not Stated,Not Stated,Nicotine,,54.562099999999994,-1.1877666666666666
W062083,2025-02-28,CH53,THC Vape,Not Stated,"Orange, Yellow",Liquid,Not Stated,Not Stated,"MDMB-4en-PINACA, Nicotine",,53.19930000000001,-3.03614
W062779,2025-03-04,TS3,Vape liquid,Not Stated,Yellow,Liquid,Not Stated,Euphoria,Nicotine,,54.562099999999994,-1.1877666666666666
W062468,2025-03-04,CH5,THC liquid,Not Stated,"Green, Yellow",Liquid,Not Stated,Nausea,MDMB-4en-PINACA,,53.19930000000001,-3.03614
W062778,2025-03-04,TS3,Vape,Not Stated,Black,Liquid,Not Stated,Euphoria,Nicotine,,54.562099999999994,-1.1877666666666666
W062639,2025-03-04,BR2,THC vape,Not Stated,"Orange, Yellow",Liquid,Not Stated,Not Stated,Nicotine,,51.370025,0.02375
W062788,2025-03-04,TS3,Vape,XLim Co vape,Blue,Liquid,Not Stated,Euphoria,Nicotine,,54.562099999999994,-1.1877666666666666
W062640,2025-03-04,BR2,THC vape,Not Stated,"Orange, Yellow",Liquid,Not Stated,Not Stated,"Tetrahydrocannabinol, Cannabinol, Cannabidiol, Cannabigerol",,51.370025,0.02375
W062383,2025-03-04,CH5,Vape,Vape,"Orange, Yellow",Liquid,Not Stated,Not Stated,Nicotine,,53.19930000000001,-3.03614
W062756,2025-03-11,NG11,THC liquid,Not Stated,Colourless,Liquid,Not Stated,"Euphoria, Relaxed, Irregular Heartbeat, Paranoia",MDMB-4en-PINACA,xylazine,52.87862,-1.19524
000233499,2025-03-11,LL27,Synthetic cannabinoid THC vape liquid,Not Stated,Yellow,,Smoked,"Seizure, Agitation, Memory Loss","MDMB-4en-PINACA, Nicotine",,53.1514,-3.8257
W062798,2025-03-12,BD10,THC Vape,Not Stated,"Orange, Yellow",Liquid,Smoked,"Euphoria, Enhanced Senses, Increased Libido, Relaxed, Paranoia",Testosterone acetate,,53.8328,-1.7255
W062699,2025-03-12,CH53,THC Vape,Not Stated,Yellow,Liquid,Not Stated,Loss of consciousness,MDMB-4en-PINACA,,53.19930000000001,-3.03614
W062701,2025-03-12,CH53,Thc Vape,Not Stated,Yellow,,Smoked,Loss of consciousness,MDMB-4en-PINACA,Nicotine,53.19930000000001,-3.03614
W062700,2025-03-12,CH53,THC Vape,Not Stated,"Orange, Yellow",Liquid,Smoked,Loss of consciousness,MDMB-4en-PINACA,Nicotine,53.19930000000001,-3.03614
W062645,2025-03-12,LL24,THC Vape Liquid Raw,Raw THC Vape,Colourless,Liquid,Smoked,"Chest Pains, Nausea, Panic Attack, Agitation",MDMB-4en-PINACA,,53.09246666666667,-3.80145
W063009,2025-03-18,SS5,THC Vape Liquid,Not Stated,Red,Liquid,Smoked,Not Stated,MDMB-4en-PINACA,,51.60523333333333,0.6486333333333333
000235852,2025-03-27,CF10,Cannabis vape,made in california,,Liquid,Smoked,Not Stated,Tetrahydrocannabinol,,51.48,-3.18
W063283,2025-04-01,TS3,Vape ,Not Stated,Colourless,,Not Stated,No Effect,Nicotine,,54.562099999999994,-1.1877666666666666
W063314,2025-04-01,,Vape,Not Stated,Colourless,Liquid,Not Stated,Relaxed,MDMB-4en-PINACA,,0,0
W063300,2025-04-01,TS3,Vape,Not Stated,Colourless,,Smoked,No Effect,Nicotine,,54.562099999999994,-1.1877666666666666
W063330,2025-04-01,S17,THC Vape Liquid,Not Stated,Blue,Liquid,Smoked,"Euphoria, Enhanced Senses, Relaxed, Irregular Heartbeat, Nausea, Paranoia, Confusion",MDMB-4en-PINACA,,53.3205,-1.54055
000231830,2025-04-01,CH51,Liquid THC,Not Stated,Yellow,Liquid,Smoked,Not Stated,MDMB-4en-PINACA,,53.19930000000001,-3.03614
000231850,2025-04-01,CH5,Liquid THC,Not Stated,Yellow,Liquid,Not Stated,Not Stated,MDMB-4en-PINACA,,53.19930000000001,-3.03614
W063496,2025-04-03,TS3,Vape head,Not Stated,White,Liquid,Smoked,No Effect,Nicotine,,54.562099999999994,-1.1877666666666666
W061578,2025-04-03,DA12,E liquid,Not Stated,Yellow,Liquid,Not Stated,Not Stated,Nicotine,,51.4177875,0.3915125
W063475,2025-04-03,NR32,THC VAPE,Delta 9 Distillate vape,"Orange, Yellow",,Smoked,"Euphoria, Increased Confidence, Enhanced Senses, Relaxed, Irregular Heartbeat","Tetrahydrocannabinol, Cannabinol",,52.50262222222222,1.7061666666666666
W063391,2025-04-03,PE2,THC Juice,Not Stated,"Colourless, Yellow",Liquid,Not Stated,Not Stated,"Nicotine, MDMB-4en-PINACA",,52.55525,-0.2665666666666667
000232979,2025-04-07,CF47,THC Vape,THC Vape,Red,Liquid,Oral,"Increased Confidence, Relaxed, Breathlesness, Paranoia, Confusion, Agitation, Violence/Aggression, Suicidal Ideation",MDMB-4en-PINACA,,51.7479,-3.3778
W063745,2025-04-07,M34,THC vape,Not Stated,Yellow,Liquid,Smoked,"Euphoria, Relaxed, Memory Loss, Agitation, Violence/Aggression, Depression","Nicotine, MDMB-4en-PINACA",,53.449000000000005,-2.108233333333333
W063482,2025-04-08,DA12,vape liquid,Not Stated,Yellow,Liquid,Not Stated,Not Stated,Nicotine,,51.4177875,0.3915125
W063478,2025-04-08,DA12,Vape,Not Stated,Yellow,Liquid,Not Stated,Not Stated,Nicotine,,51.4177875,0.3915125
W063479,2025-04-08,DA12,vape ,Not Stated,,,Not Stated,Not Stated,Nicotine,,51.4177875,0.3915125
W063415,2025-04-08,LE2,vape,Strawberry ice,"Colourless, Yellow",Liquid,Not Stated,Not Stated,Nicotine,,52.60181666666667,-1.1167166666666668
W062192,2025-04-15,WS10,Vape,Aspire Gotek Vape &amp; refil,"Colourless, Yellow",,Not Stated,Not Stated,Nicotine,,52.559025,-2.028425
W062186,2025-04-15,WS10,Vape,Aspire Gotek ,Colourless,,Smoked,"Increased Energy, Increased Stamina, Irregular Heartbeat, Memory Loss, Loss of consciousness, Agitation",Nicotine,,52.559025,-2.028425
W063352,2025-04-15,OX41,THC Vape,THC Vape 10/10 boys,Orange,Liquid,Smoked,"Relaxed, Chest Pains","Tetrahydrocannabinol, Cannabinol, Cannabidiol, Cannabigerol",,51.723725,-1.224375
W063871,2025-04-15,TS3,vape,Not Stated,Colourless,,Smoked,No Effect,Nicotine,,54.562099999999994,-1.1877666666666666
W063867,2025-04-15,OX28,THC vapourizer cartridge,Not Stated,"White, Yellow",Liquid,Smoked,"Euphoria, Relaxed","Cannabidiol, Cannabinol, Cannabigerol",,51.7836,-1.4854
W062190,2025-04-15,WS10,Vape,Aspire Gotek ,Colourless,,Not Stated,Not Stated,Nicotine,,52.559025,-2.028425
W063886,2025-04-24,CF63,THC VAPE LIQUID ,APPLE FLAV THC JUICE,Colourless,Liquid,Not Stated,No Effect,No Active Component Identified,,51.4172,-3.2614
W064166,2025-04-29,TS3,Vape,Not Stated,Black,Liquid,Smoked,Euphoria,No Active Component Identified,,54.562099999999994,-1.1877666666666666
W063955,2025-04-29,SA18,CBD vape with CBG,CBD/CBG disposable,Red,Liquid,Not Stated,"Relaxed, Pain Relief","Cannabinol, Cannabigerol",,51.791845,-3.966785
000233602,2025-04-30,CF10,Cannabis vape,Not Stated,Black,,Smoked,"Memory Loss, Confusion, Relaxed","Cannabinol, Tetrahydrocannabinol, Nicotine",,51.48,-3.18
W064511,2025-04-30,SR6,THC/VApe liquid,Not Stated,,Liquid,Not Stated,Not Stated,MDMB-4en-PINACA,,54.94488,-1.3725200000000002
W064449,2025-04-30,CM23,K2 (spice vape liquid),THC,Yellow,Liquid,Not Stated,Not Stated,MDMB-4en-PINACA,,51.89539,0.15618
W064756,2025-05-13,EN2,THC vape,Not Stated,White,,Not Stated,Not Stated,Nicotine,,51.6515,-0.085
W064900,2025-05-13,KY12,Nictone vape oil,Not Stated,Blue,Liquid,Smoked,"Euphoria, Relaxed, Paranoia, Confusion, Panic Attack, Agitation",MDMB-4en-PINACA,,56.087095,-3.539235
W064812,2025-05-13,B712,vape,Not Stated,White,Powder,Oral,Not Stated,Nicotine,,52.5359,-1.9905
W064582,2025-05-13,NR4,THC liquid,Not Stated,Green,Liquid,Not Stated,Not Stated,"MDMB-4en-PINACA, 5F-ADB",,52.61646,1.24368
000234964,2025-05-13,CF42,THC liquid,Not Stated,Colourless,Liquid,Smoked,"Relaxed, Nausea, Vomiting",MDMB-4en-PINACA,,51.66798333333333,-3.5247833333333336
W064793,2025-05-13,ST11,Delta 9 Cali dab vape,Cali Chap delta 9 cali Dab vape,"Colourless, Yellow",Liquid,Smoked,"Euphoria, Increased Energy, Enhanced Senses, Increased Libido, Empathy, Relaxed, Chest Pains, Paranoia",Hexahydrocannabinol,,52.9668,-2.0581199999999997
W064811,2025-05-13,B712,Vape,Not Stated,,Liquid,Smoked,Not Stated,Nicotine,,52.5359,-1.9905
W064809,2025-05-13,B712,vape,Not Stated,,Liquid,Not Stated,Not Stated,Nicotine,,52.5359,-1.9905
W064848,2025-05-15,G403,THC Vape,THC,"Orange, Yellow",Liquid,Smoked,"Relaxed, Memory Loss","Tetrahydrocannabinol, Cannabinol",,55.8485,-4.2235
W064581,2025-05-19,NR4,THC E liquid,Not Stated,Blue,Liquid,Not Stated,"Euphoria, Auditory Hallucinations, Visual Hallucinations, Relaxed, Irregular Heartbeat, Panic Attack",MDMB-4en-PINACA,,52.61646,1.24368
W065084,2025-05-22,TS3,vape,Not Stated,Yellow,Liquid,Smoked,Increased Energy,Nicotine,,54.562099999999994,-1.1877666666666666
W065009,2025-05-22,B70, vapes,flux legand nic salt ,Yellow,Liquid,Smoked,Not Stated,"Tetrahydrocannabinol, Nicotine",,52.5187,-1.9945
W065008,2025-05-22,BW20,Vape THC,Aspire goteka,Colourless,Liquid,Smoked,No Effect,Nicotine,,,
W065095,2025-05-22,SA1,vape,Not Stated,Colourless,Liquid,Smoked,Not Stated,Nicotine,,51.633979999999994,-3.94848
W065244,2025-05-22,TS3,vape,Not Stated,"White, Yellow",,Smoked,Euphoria,Nicotine,,54.562099999999994,-1.1877666666666666
W065188,2025-05-28,BT1,Vape,Gotek Aspire,"Grey, Black",Liquid,Smoked,"Confusion, Loss of consciousness",MDMB-4en-PINACA,,54.5833,-5.9333
000042529,2025-05-28,NP10,THC vape,THC vape,Orange,Liquid,Oral,"Relaxed, Irregular Heartbeat, Nausea, Vomiting, Paranoia, Memory Loss, Confusion, Agitation",Nicotine,,51.5877,-2.9984
W065160,2025-05-28,G403,THC vape,THC vape,"Orange, Yellow",Liquid,Smoked,"Euphoria, Enhanced Senses, Relaxed","Tetrahydrocannabinol, Cannabinol",,55.8485,-4.2235
W065410,2025-05-28,TS01,THC Vape,rockwood cali vape,"Orange, Yellow",Liquid,Not Stated,Not Stated,"Tetrahydrocannabinol, Cannabinol",,,
W065432,2025-06-02,DN1,THC vape,THC vape,Green,Liquid,Smoked,Relaxed,"Cannabinol, Tetrahydrocannabinol, Hexahydrocannabinol, Cannabidiol",,53.5228,-1.1312
W065433,2025-06-02,DN1,THC Vape,THC Vape,"Green, Brown",Liquid,Smoked,Relaxed,Tetrahydrocannabinol,,53.5228,-1.1312
W065431,2025-06-02,DN1,THC Vape,THC Vape,Brown,Liquid,Smoked,Relaxed,No Active Component Identified,,53.5228,-1.1312
W065473,2025-06-13,TS10,THC liquid,Volt Bloom 2500mg,Blue,Liquid,Not Stated,Not Stated,No Active Component Identified,,54.60510000000001,-1.07006
W065538,2025-06-16,TS3,Vape/THC,Not Stated,Brown,Liquid,Smoked,Euphoria,"Tetrahydrocannabinol, Cannabidiol",,54.562099999999994,-1.1877666666666666
W065587,2025-06-17,M12,Vape boutique live resin cannabis,Not Stated,"Colourless, Yellow",Liquid,Not Stated,"Euphoria, Increased Energy, Enhanced Senses, Relaxed","Cannabidiol, Cannabigerol, Tetrahydrocannabinol, Cannabinol, Nicotine",,53.4442,-2.1916
W065662,2025-06-20,B10,vape liquid,Not Stated,Yellow,Liquid,Not Stated,Not Stated,"Aspirin, Nicotine",,52.4698,-1.8523
W065844,2025-06-24,FK3,THC Vape,ACE ulta premium,Orange,Liquid,Smoked,Relaxed,"Tetrahydrocannabinol, Cannabinol, Cannabidiol",,56.0114,-3.7218
W065855,2025-06-24,N22,THC Vape,Not Stated,Yellow,Liquid,Not Stated,Not Stated,"Cannabidiol, Tetrahydrocannabinol, Cannabigerol",,51.6,-0.1167
W066138,2025-06-25,S61,Vape liquid,Elux legend Nic salts Tiger blood,Yellow,Liquid,Not Stated,No Effect,Nicotine,,53.4567,-1.3738
W066147,2025-06-25,B14,Vape,Vape,Colourless,Liquid,Not Stated,Relaxed,Nicotine,,52.4174,-1.8898
W066118,2025-06-25,TF31,THC vape liquidf,Not Stated,Colourless,Liquid,Not Stated,"Euphoria, Increased Libido, Relaxed, Breathlesness, Chest Pains, Irregular Heartbeat, Paranoia, Memory Loss, Agitation, Insomnia",Nicotine,,52.6766,-2.4493
W066209,2025-06-25,TR1,Cannabis vape,Not Stated,,Liquid,Not Stated,Not Stated,Tetrahydrocannabinol,,50.2637,-5.06268
W065984,2025-06-25,B10,Vape,Not Stated,Yellow,Liquid,Not Stated,Not Stated,Nicotine,,52.4698,-1.8523
W065956,2025-06-25,B10,Vape,Not Stated,Colourless,Liquid,Not Stated,Not Stated,MDMB-4en-PINACA,,52.4698,-1.8523
W065958,2025-06-25,B10,Vape liquid,Not Stated,Yellow,Liquid,Not Stated,Not Stated,No Active Component Identified,,52.4698,-1.8523
W065957,2025-06-25,B10,Vape liquid,Not Stated,Colourless,Liquid,Not Stated,Not Stated,MDMB-4en-PINACA,,52.4698,-1.8523
W066154,2025-07-01,NE34,Mazza vape liquid,Not Stated,Yellow,Liquid,Not Stated,Not Stated,MDMB-4en-PINACA,,54.9667,-1.4
W066207,2025-07-01,G12,THC Cartrigde,the cart,"Black, Brown",Liquid,Not Stated,Not Stated,"Cannabinol, Tetrahydrocannabinol, Nicotine",,55.8804,-4.3007
W066265,2025-07-01,TS3,vape,Not Stated,Brown,Liquid,Smoked,"Increased Strength, Violence/Aggression",Nicotine,,54.562099999999994,-1.1877666666666666
W066308,2025-07-02,,vape liquid,Not Stated,Yellow,Liquid,Smoked,Euphoria,"MDMB-4en-PINACA, Nicotine",,0,0
W066467,2025-07-03,B36,vape,blue Razz Cherry,"Red, Blue",Liquid,Oral,Not Stated,Nicotine,,52.5019,-1.7826
W066468,2025-07-03,B36,Vape,Cola Ice,Brown,,Not Stated,Not Stated,Nicotine,,52.5019,-1.7826
W066480,2025-07-08,SW17,THC vape,Original fake cartss,Brown,Liquid,Not Stated,"Euphoria, Increased Libido, Relaxed, Paranoia","Tetrahydrocannabinol, Cannabinol, Cannabigerol, Cannabidiol",,51.4307,-0.1647
W066507,2025-07-08,S61,Vape liquid,Not Stated,Yellow,Liquid,Not Stated,Relaxed,Nicotine,,53.4567,-1.3738
W066362,2025-07-08,SW19,THCA vape juice,Not Stated,Colourless,Liquid,Not Stated,"Euphoria, Relaxed, Paranoia",MDMB-4en-PINACA,Nicotine,51.42343333333333,-0.1973333333333333
000236307,2025-07-08,CF47,THC vape,Not Stated,Blue,Liquid,Smoked,"Increased Energy, Increased Stamina, Auditory Hallucinations, Breathlesness, Irregular Heartbeat, Chest Pains, Nausea, Vomiting, Paranoia, Confusion, Panic Attack, Agitation, Violence/Aggression",MDMB-4en-PINACA,,51.7479,-3.3778
W066506,2025-07-08,B30,Vape liquid,Not Stated,Yellow,Liquid,Not Stated,Not Stated,MDMB-4en-PINACA,,52.4167,-1.9167
W066547,2025-07-09,ME1,Weed vape,Skittles,Green,Liquid,Smoked,"Euphoria, Relaxed, Irregular Heartbeat, Agitation",MDMB-4en-PINACA,,51.36095,0.482575
000234280,2025-07-09,NP44,CBD e Liquid,CBD e liquid,Brown,Liquid,Not Stated,Relaxed,Cannabidiol,,51.65070000000001,-3.0178
W066520,2025-07-09,BB10,Vape liquid,Not Stated,Yellow,Liquid,Smoked,"Relaxed, Confusion",Nicotine,,53.7886,-2.2055249999999997
W066605,2025-07-09,TS3,Vape,Not Stated,Colourless,,Not Stated,Euphoria,Nicotine,,54.562099999999994,-1.1877666666666666
W066517,2025-07-09,BB10,vape liquid,Not Stated,Yellow,Liquid,Not Stated,Not Stated,Nicotine,,53.7886,-2.2055249999999997
W066701,2025-07-15,B64,CBD Vape oil,Not Stated,Yellow,Liquid,Smoked,"Relaxed, Nausea, Insomnia",MDMB-4en-PINACA,,52.4833,-2.0667
W066721,2025-07-15,S614,Vape with liquid,Vaporess,Yellow,Liquid,Smoked,Chest Pains,Nicotine,,53.4567,-1.3738
W066870,2025-07-17,TS3,VApe,Not Stated,Black,Liquid,Smoked,Euphoria,Nicotine,,54.562099999999994,-1.1877666666666666
W066690,2025-07-17,TR18,THC vape juice,h berg hulks,Colourless,Liquid,Not Stated,"Enhanced Senses, Increased Libido, Paranoia, Confusion, Agitation",MDMB-4en-PINACA,,50.120720000000006,-5.537180000000001
W065808,2025-07-17,AB56,THC e-liquid,Not Stated,Colourless,Liquid,Not Stated,"Euphoria, Increased Energy, Increased Confidence, Increased Stamina, Increased Strength, Paranoia, Confusion, Agitation",ADB-BUTINACA,,57.674435714285714,-2.921921428571429
W065807,2025-07-17,AB56,THC eliquid,Not Stated,Red,Liquid,Not Stated,"Euphoria, Increased Energy, Increased Stamina, Relaxed, Paranoia, Confusion",ADB-BUTINACA,,57.674435714285714,-2.921921428571429
000235759,2025-07-17,CF38,THC vape,Not Stated,Brown,Liquid,Smoked,Relaxed,"Cannabidiol, Cannabinol, Tetrahydrocannabinol, Cannabigerol",,51.5543,-3.34528
W066992,2025-07-21,B10,Vape,Not Stated,Colourless,Liquid,Not Stated,Relaxed,MDMB-4en-PINACA,,52.4698,-1.8523
W066671,2025-07-24,BL7,THC liquid weed,Not Stated,Pink,Liquid,Smoked,"Euphoria, Increased Energy, Increased Confidence, Enhanced Senses, Increased Stamina, Relaxed, Paranoia, Memory Loss, Confusion, Agitation, Violence/Aggression, Insomnia","5F-ADB, Paracetamol",Cocaine,53.63591666666667,-2.4445833333333336
W067029,2025-07-25,BD22,THC vape oil,Not Stated,Blue,Liquid,Not Stated,"Empathy, Relaxed, Memory Loss, Confusion, Insomnia",MDMB-4en-PINACA,,53.842875,-1.9667625
W066999,2025-07-25,B67,Vape,State made california,Yellow,Liquid,Not Stated,"Relaxed, Breathlesness, Chest Pains, Nausea, Confusion, Loss of consciousness","Tetrahydrocannabinol, Cannabinol, Cannabigerol",,52.4857,-1.9787
W067139,2025-07-25,BR60,THC vape pen,Treez Disposable vape pen,"Colourless, Yellow",Liquid,Not Stated,Not Stated,"Tetrahydrocannabinol, Cannabidiol",Cannabigerol,51.362210000000005,0.09043
W066433,2025-08-01,PM10,THC Blue Raspberry liquid,Not Stated,Blue,Liquid,Oral,"Euphoria, Increased Confidence, Enhanced Senses, Increased Libido, Empathy, Visual Hallucinations, Relaxed, Auditory Hallucinations","Tetrahydrocannabinol, Cannabinol, Cannabidiol",,,
W067401,2025-08-05,BT17,THC vape oil,Tutti fruity vape juice thc oil,Orange,Liquid,Smoked,"Euphoria, Increased Confidence, Enhanced Senses, Increased Stamina, Auditory Hallucinations, Visual Hallucinations, Relaxed, Paranoia, Memory Loss, Loss of consciousness, Agitation",MDMB-4en-PINACA,,54.56660000000001,-5.9648
W067427,2025-08-05,DY11,THC liquid,Not Stated,Purple,Liquid,Not Stated,Not Stated,"MDMB-4en-PINACA, 4F-MDMB-BINACA",,52.375,-2.2416875
W067505,2025-08-05,FK5,THC e liquid,Not Stated,Green,Liquid,Smoked,Not Stated,"MDMB-4en-PINACA, Nicotine",,56.0258,-3.823525
W065904,2025-08-05,LS10,Vape liquid,Not Stated,"Green, Yellow",Liquid,Not Stated,Not Stated,MDMB-4en-PINACA,,53.7496,-1.5494
W067581,2025-08-07,ME1,THC Liquid,THC liquid,Yellow,Liquid,Not Stated,Not Stated,"Tetrahydrocannabinol, Cannabinol, Cannabigerol",,51.36095,0.482575
000235462,2025-08-07,WP24,THC vape,Not Stated,Brown,,Smoked,"Chest Pains, Irregular Heartbeat, Paranoia, Panic Attack, Headache","Tetrahydrocannabinol, Cannabinol",,,
W067542,2025-08-14,BA1,THC vape,Not Stated,Brown,Liquid,Intramuscular,"Visual Hallucinations, Relaxed",DMT,,51.39846153846153,-2.361469230769231
000236251,2025-08-19,CF83,rasberry vape,Rasberry vape,Blue,Liquid,Smoked,"Relaxed, Chest Pains, Irregular Heartbeat, Nausea",Nicotine,,51.59288333333333,-3.2333833333333337
W067803,2025-08-19,BB10,Weed vape,Not Stated,Brown,Liquid,Smoked,"Euphoria, Increased Confidence, Enhanced Senses, Relaxed, Tiredness",Nicotine,,53.7886,-2.2055249999999997
W068056,2025-08-20,BN02,THC Disposable vape,THC vape Pen (hybrid),"Yellow, Brown",Liquid,Smoked,"Increased Energy, Enhanced Senses, Relaxed, Agitation, Depression","Cannabinol, Tetrahydrocannabinol, Cannabigerol",,,
W068055,2025-08-20,BN02,THC Disposable vape,THC vape pen liquid (hybrid),"Yellow, Brown",Liquid,Smoked,"Increased Energy, Enhanced Senses, Relaxed, Agitation, Depression","Cannabinol, Tetrahydrocannabinol, Cannabigerol",,,
W068208,2025-08-21,CV34,vape liquid,Not Stated,"Pink, Red",Liquid,Smoked,"Relaxed, Memory Loss, Confusion, Loss of consciousness",MDMB-4en-PINACA,,52.28345,-1.58235
W068202,2025-08-28,KT12,CBD vape,CBD,Colourless,Liquid,Smoked,"Relaxed, Violence/Aggression","Nicotine, MDMB-4en-PINACA",,51.3765,-0.4111
000234878,2025-09-01,SY23,Vape,High vape,Brown,Liquid,Not Stated,Not Stated,"Tetrahydrocannabinol, Cannabinol, Cannabidiol",,52.34458541666667,-3.9885
W068537,2025-09-03,WR2,THC vape,Runtz x litty ,"Orange, Yellow",Liquid,Smoked,"Euphoria, Enhanced Senses, Relaxed, Paranoia","Hexahydrocannabinol, Cannabinol",,52.19407857142857,-2.2507214285714285
W068533,2025-09-03,KT13,THC Vape liquid,MIX,Orange,Liquid,Not Stated,Not Stated,MDMB-4en-PINACA,,51.3722,-0.453
W068504,2025-09-03,CT11,THC Disposable vape,Disposable THC pen 2000mg,"Orange, Brown",Liquid,Not Stated,Not Stated,"Tetrahydrocannabinol, Cannabigerol, Cannabinol, Cannabidiol",,51.3358,1.4155
W068784,2025-09-09,TS4,Vape,Not Stated,Yellow,Liquid,Smoked,Increased Energy,Nicotine,,54.5762,-1.2348
W068569,2025-09-09,CH5,THC vape,Not Stated,Colourless,Liquid,Not Stated,Not Stated,MDMB-4en-PINACA,,53.19930000000001,-3.03614
W068584,2025-09-09,LE3,Raw THc vape juice,RAW,Yellow,Liquid,Smoked,"Euphoria, Enhanced Senses, Relaxed, Paranoia",MDMB-4en-PINACA,,52.6325,-1.1869666666666667
W068793,2025-09-11,N44L,THC vape,THC vape,Yellow,Liquid,Not Stated,Not Stated,"Tetrahydrocannabinol, Cannabinol, Cannabidiol, Nicotine",,,
W068792,2025-09-11,N8,Live resin THC Vape,Live resin THC vape,"Orange, Yellow",Liquid,Not Stated,Not Stated,Cannabinol,,51.58336666666667,-0.1158333333333333
000235760,2025-09-11,CF37,THC VAPE,Not Stated,Brown,Liquid,Not Stated,Relaxed,Nicotine,,51.613815384615386,-3.3598076923076925
000230983,2025-09-11,NP44,Vape liquid,Not Stated,Yellow,Liquid,Smoked,"Increased Energy, Auditory Hallucinations, Visual Hallucinations, Paranoia, Confusion, Loss of consciousness, Agitation, Insomnia",MDMB-4en-PINACA,,51.65070000000001,-3.0178
W068892,2025-09-15,KY12,2% vape liquid,2% vape liquid,Yellow,Liquid,Not Stated,Not Stated,Nicotine,,56.087095,-3.539235
W068791,2025-09-15,N1,THC cannabis vape,THC Cannabis vape woody boys,Yellow,Liquid,Smoked,"Euphoria, Empathy","Cannabinol, Tetrahydrocannabinol, Cannabigerol",,51.53669,-0.0944
W068830,2025-09-15,BN7,THC Vape oil,Not Stated,Yellow,Liquid,Not Stated,"Euphoria, Paranoia, Confusion, Depression",MDMB-4en-PINACA,,50.872718181818186,-0.0157
W068974,2025-09-15,CH8,THC Vape,ACE,Colourless,Liquid,Not Stated,Not Stated,"Cannabinol, Cannabidiol, Tetrahydrocannabinol",,53.2939,-3.261017391304348
W068789,2025-09-15,N103,cannabis THC vape,Full spectrum cannabis,Yellow,Liquid,Not Stated,Not Stated,Tetrahydrocannabinol,,51.5905,-0.1421
W069050,2025-09-22,LE2,VAPE,Not Stated,"Orange, Purple",Liquid,Not Stated,Not Stated,Nicotine,,52.60181666666667,-1.1167166666666668
W069020,2025-09-22,ME12,vape,taste the magic,"Yellow, Blue",,Not Stated,Not Stated,Nicotine,,51.41452857142857,0.8513999999999999
W069019,2025-09-22,ME12,vape ,taste the magic,"Pink, Blue",,Oral,Not Stated,Nicotine,,51.41452857142857,0.8513999999999999
W069033,2025-09-25,BB10,vape liquid ,Not Stated,"Colourless, Yellow",Liquid,Not Stated,Not Stated,Nicotine,,53.7886,-2.2055249999999997
W069110,2025-09-25,TS5,VAPE OIL ,NOT KNOWN,Yellow,Liquid,Not Stated,"Agitation, Violence/Aggression",Nicotine,,54.5507,-1.2521
W069327,2025-09-26,TS5,Vape,Not Stated,Colourless,Liquid,Not Stated,Not Stated,Nicotine,,54.5507,-1.2521
W069253,2025-09-26,IP9,THC vape,jungle boys THC vape,"Orange, Brown",Liquid,Not Stated,"Auditory Hallucinations, Visual Hallucinations, Breathlesness, Paranoia, Memory Loss, Confusion, Panic Attack, Agitation","Hexahydrocannabinol, Cannabinol, Tetrahydrocannabinol",,51.98621875,1.16570625
W069265,2025-09-26,WR1,THC vape,Green Crack Sugar Plum,Brown,Liquid,Not Stated,"Increased Energy, Relaxed","Tetrahydrocannabinol, Cannabinol, Nicotine",,52.1894,-2.22
W069044,2025-09-26,LL22,Vape,Not Stated,Colourless,Liquid,Not Stated,Not Stated,Nicotine,,53.20816315789474,-3.6482
W069526,2025-10-02,TS3,vape,Not Stated,Yellow,Liquid,Smoked,No Effect,Nicotine,,54.562099999999994,-1.1877666666666666
W069534,2025-10-02,B13,Vape,SKE BAR - DISPOSABLE CLEARLY TAMPERED WITH,Colourless,Liquid,Oral,Not Stated,Nicotine,MDMB-4en-PINACA,52.442,-1.88385
000237504,2025-10-02,CF44,THC Vape,Not Stated,Colourless,Liquid,Smoked,"Euphoria, Auditory Hallucinations, Relaxed, Chest Pains, Nausea",Nicotine,5F-ADB,51.7327125,-3.48293125
W069409,2025-10-02,WR1,Nictone vape,Vaporesso,Yellow,Liquid,Not Stated,"Increased Confidence, Nausea, Panic Attack",Nicotine,,52.1894,-2.22
W069366,2025-10-02,CB4,Weed vape,Weed vape,"Yellow, Black",Liquid,Smoked,"Euphoria, Relaxed","Cannabinol, Tetrahydrocannabinol",,52.22380625,0.131525
W069326,2025-10-02,TS5,Vape,Not Stated,Colourless,Liquid,Smoked,Not Stated,Nicotine,,54.5507,-1.2521
W069422,2025-10-02,NE34,Vape,vape liquid,Colourless,Liquid,Smoked,"Relaxed, Irregular Heartbeat, Nausea, Vomiting",Nicotine,,54.9667,-1.4
W069279,2025-10-02,E16,Vape,Vape,"Green, Blue",Liquid,Smoked,Not Stated,No Active Component Identified,,51.50108,0.0442
W069387,2025-10-02,TW7,THC Vape liquid,Not Stated,"Orange, Yellow",Liquid,Not Stated,Not Stated,MDMB-4en-PINACA,,51.4752,-0.3425
W069404,2025-10-02,BB3,THC Liquid,Not Stated,Colourless,Liquid,Smoked,"Relaxed, Irregular Heartbeat, Confusion, Panic Attack",Nicotine,,53.7082,-2.477433333333334
W069581,2025-10-07,CT06,THC VAPE,THC,Red,Liquid,Not Stated,Not Stated,Nicotine,,,
000238653,2025-10-08,,GLP-1 6 in 1 liquid,GLP-1,Colourless,Liquid,Oral,"Increased Energy, Increased Stamina",Unable to identify,,0,0
W069668,2025-10-15,ME12,Vape,IVG Pro,Black,Capsule,Oral,Not Stated,Nicotine,,51.41452857142857,0.8513999999999999
W069787,2025-10-17,IP14,THC liquid,Not Stated,Pink,Liquid,Not Stated,"Euphoria, Auditory Hallucinations, Visual Hallucinations, Breathlesness, Chest Pains, Irregular Heartbeat, Nausea, Paranoia, Confusion, Panic Attack, Suicidal Ideation",MDMB-4en-PINACA,,52.22075,1.0653
W069935,2025-10-21,B13,Vape,Hayati Pro Max,Yellow,Liquid,Not Stated,Not Stated,Nicotine,,52.442,-1.88385
000237516,2025-10-21,CF39,THC liquid,Not Stated,Yellow,Liquid,Not Stated,"Relaxed, Memory Loss, Confusion, Tiredness, Loss of appetite",5F-ADB,,51.5988125,-3.447975
W069936,2025-10-21,B13,Vape,Hayati Pro Max,"Colourless, Colourless",Liquid,Not Stated,Not Stated,Nicotine,,52.442,-1.88385
W069994,2025-10-21,TS18,DIZZY JUICE,Not Stated,Colourless,Liquid,Not Stated,"Enhanced Senses, Enhanced Senses, Relaxed, Chest Pains, Irregular Heartbeat, Nausea, Vomiting, Paranoia, Memory Loss, Confusion, Agitation, Violence/Aggression, Insomnia, Suicidal Ideation",No Active Component Identified,,54.5613,-1.3243
W069741,2025-10-21,HA0,Vape liquid,nicotine free vape liquid,Blue,Liquid,Not Stated,"Euphoria, Relaxed",MDMB-4en-PINACA,,51.5538,-0.3102333333333333
W069901,2025-10-28,DY4,THC vape,Gortek Aspire Vape,Yellow,Liquid,Not Stated,"Relaxed, Breathlesness, Chest Pains, Loss of consciousness",Nicotine,,52.529599999999995,-2.0677
W070233,2025-10-28,TS3,VAPE,Not Stated,Yellow,Liquid,Smoked,No Effect,Nicotine,,54.562099999999994,-1.1877666666666666
W070231,2025-10-28,TS3,VAPE,Not Stated,Yellow,Liquid,Smoked,No Effect,Nicotine,,54.562099999999994,-1.1877666666666666
W070053,2025-10-28,ML36,THC CANNABIS VAPE OIL,BANANA - RAZZ 500MG THC VAPE OIL,Colourless,Liquid,Not Stated,Not Stated,No Active Component Identified,,55.76254285714286,-4.045457142857143
W068245,2025-10-28,AB42,THC vape,Tropical Slurricane,Yellow,Liquid,Not Stated,"Euphoria, Relaxed","Tetrahydrocannabinol, Cannabinol",,57.48231142857143,-1.924825714285714
W070079,2025-10-28,BL5,E-Liquid,Vape liquid,Blue,Liquid,Not Stated,Relaxed,5F-ADB,,53.54875,-2.5203499999999996
W070112,2025-10-28,CB7,THC liquid,Not Stated,Green,Liquid,Not Stated,"Euphoria, Empathy, Relaxed, Nausea, Vomiting",MDMB-4en-PINACA,,52.3571125,0.337
W070141,2025-10-28,S61,VAPE OIL / VAPE,Not Stated,Blue,Liquid,Not Stated,"Relaxed, Memory Loss",Nicotine,,53.4567,-1.3738
W070326,2025-10-30,KA92,THC VAPE LIQUID ,Not Stated,Green,Liquid,Not Stated,Not Stated,MDMB-4en-PINACA,,55.494475,-4.6068750000000005
000232416,2025-11-05,SY21,THC vape juice,not labelled,"Pink, Red",Liquid,Not Stated,"Euphoria, Increased Energy, Increased Confidence, Relaxed, Paranoia, Panic Attack, Insomnia, Depression, Irregular Heartbeat",MDMB-4en-PINACA,,52.670813513513515,-3.1976945945945947
W070467,2025-11-05,LE2,VAPE,Not Stated,Yellow,Liquid,Not Stated,Not Stated,Nicotine,,52.60181666666667,-1.1167166666666668
W070569,2025-11-05,WS7,THC Liquid,THC Liquid,Yellow,Liquid,Smoked,"Euphoria, Enhanced Senses, Auditory Hallucinations, Relaxed, Chest Pains, Nausea, Vomiting, Paranoia, Memory Loss, Confusion, Loss of consciousness, Insomnia, Depression","Nicotine, MDMB-4en-PINACA",,52.67313333333333,-1.9180166666666665
W070468,2025-11-05,WD1,CANNABIS VAPE,INDICA DOMINANT HYBRID,Orange,Liquid,Smoked,"Chest Pains, Irregular Heartbeat, Paranoia, Confusion",No Active Component Identified,,51.6412,-0.380975
W070796,2025-11-12,TS3,Vape,Not Stated,Yellow,Liquid,Smoked,No Effect,Nicotine,,54.562099999999994,-1.1877666666666666
W070725,2025-11-12,SA1,THC vape juice,Not Stated,Yellow,Liquid,Not Stated,Not Stated,MDMB-4en-PINACA,Nicotine,51.633979999999994,-3.94848
W071216,2025-11-24,LL29,Vape,Not Stated,Pink,Liquid,Not Stated,Relaxed,Nicotine,,53.283275,-3.6966
W071312,2025-11-24,B65,Vape liquid,Elux legend liquid,Yellow,Liquid,Not Stated,"Euphoria, Relaxed",Nicotine,,52.4832,-2.04375
W071296,2025-11-24,B65,THC vape pod,Not Stated,Yellow,Liquid,Not Stated,"Euphoria, Relaxed",Nicotine,,52.4832,-2.04375
000236227,2025-11-24,CF83,THC oil for vape,THC vape oil,Yellow,Liquid,Not Stated,"Euphoria, Increased Energy, Increased Confidence, Enhanced Senses, Visual Hallucinations, Memory Loss, Confusion","MDMB-4en-PINACA, Nicotine",,51.59288333333333,-3.2333833333333337
W071178,2025-11-24,NN17,Vape,Not Stated,Colourless,Liquid,Not Stated,Not Stated,Nicotine,,52.5290625,-0.63365
W071218,2025-11-24,LL29,Vape,Not Stated,Yellow,Liquid,Not Stated,No Effect,Nicotine,,53.283275,-3.6966
W071220,2025-11-24,LL29,Vape,Not Stated,Yellow,Liquid,Not Stated,Not Stated,Nicotine,,53.283275,-3.6966
W071200,2025-11-24,S66,Vape liquid,hayati pro max,Yellow,Liquid,Smoked,No Effect,Nicotine,,53.4171125,-1.2347
W071196,2025-11-24,S66,Vape liquid,Elux pineapple ice,Yellow,Liquid,Not Stated,Not Stated,Nicotine,,53.4171125,-1.2347
W071191,2025-11-24,S66,Vape liquid,Fire rose 5000 ice pop,Yellow,Liquid,Smoked,"Relaxed, Irregular Heartbeat",Nicotine,,53.4171125,-1.2347
W071195,2025-11-24,S66,Vape liquid,Elux legend,Yellow,,Smoked,"Relaxed, Irregular Heartbeat, Violence/Aggression",Nicotine,,53.4171125,-1.2347
W071197,2025-11-24,S66,Vape liquid,Elux legend,Yellow,,Smoked,"Relaxed, Irregular Heartbeat, Violence/Aggression",Nicotine,,53.4171125,-1.2347
W071198,2025-11-24,S66,Vape Liquid,Ellix legend nic salts,Yellow,Liquid,Smoked,No Effect,Nicotine,,53.4171125,-1.2347
W070732,2025-11-24,TA1,THC Vape,Not Stated,"Colourless, Yellow",Liquid,Not Stated,Not Stated,DMT,,51.009225,-3.1091
W071201,2025-11-24,S66,Vape liquid,No  label,Yellow,Liquid,Smoked,No Effect,Nicotine,,53.4171125,-1.2347
000236226,2025-11-27,CF83,THC Oil for vape,THC vape oil,Yellow,Liquid,Not Stated,"Euphoria, Increased Energy, Increased Confidence, Enhanced Senses, Increased Strength, Relaxed, Memory Loss, Confusion","MDMB-4en-PINACA, Nicotine",,51.59288333333333,-3.2333833333333337
W071478,2025-11-28,TS3,Vape,Not Stated,Yellow,Liquid,Smoked,Relaxed,Nicotine,,54.562099999999994,-1.1877666666666666
W071423,2025-11-28,HA7,THC Vape Liquid,Not Stated,Green,Liquid,Smoked,Not Stated,MDMB-4en-PINACA,ADB-4en-PINACA,51.6167,-0.3167
W071490,2025-12-03,TS3,Vape,Not Stated,Yellow,Liquid,Smoked,Increased Energy,Nicotine,,54.562099999999994,-1.1877666666666666
W071496,2025-12-09,OL1,Vape/Nicotine,Not Stated,Yellow,Liquid,Smoked,Relaxed,MDMB-BUTINACA,,53.5405,-2.1183
W071866,2025-12-16,S61,Vape,rx m twister,,Liquid,Smoked,Increased Energy,"Tetrahydrocannabinol, Cannabinol, Nicotine",,53.4567,-1.3738
W071859,2025-12-16,LL29,vape,vape,Orange,Liquid,Not Stated,Relaxed,Nicotine,,53.283275,-3.6966
W071773,2025-12-16,SG2,THC VAPE,"JUNGLE BOYS ""COMA"" VAPE ",Yellow,,Not Stated,Not Stated,No Active Component Identified,,51.899049999999995,-0.14905
W071860,2025-12-16,LL29,vape,vape,Yellow,Liquid,Not Stated,Not Stated,Nicotine,,53.283275,-3.6966
100004521,2025-12-19,ME12,Vape,Lost Mary BM6000 Strawberry ICe,"Yellow, Pink",Liquid,Not Stated,Not Stated,Nicotine,,51.41452857142857,0.8513999999999999
W072203,2025-12-22,TS3,Vape,Not Stated,Yellow,Liquid,Smoked,Euphoria,Nicotine,,54.562099999999994,-1.1877666666666666
W072022,2025-12-22,HA7,THC vape liquid,Not Stated,Green,Liquid,Oral,"Euphoria, Enhanced Senses, Empathy, Relaxed, Paranoia",Tetrahydrocannabinol,,51.6167,-0.3167
W072204,2025-12-22,TS3,Vape,Not Stated,Colourless,Liquid,Smoked,Euphoria,Nicotine,,54.562099999999994,-1.1877666666666666
W072217,2025-12-22,B11,Vape,Not Stated,Yellow,Liquid,Not Stated,Relaxed,"Nicotine, MDMB-4en-PINACA",,52.4548,-1.8596
W071342,2025-12-23,CH3,THC e-liquid,Rainbow sherbert,Yellow,Liquid,Not Stated,"Euphoria, Increased Energy, Enhanced Senses, Relaxed",MDMB-4en-PINACA,,53.154448571428574,-2.80734
W072366,2025-12-31,NE34,vape lquid (nicotine free),Not Stated,Blue,Liquid,Smoked,Not Stated,MDMB-4en-PINACA,Nicotine,54.9667,-1.4
W072523,2026-01-08,N144,THC Vape juice,THC Vape juice,"Colourless, Blue",Liquid,Not Stated,"Euphoria, Enhanced Senses, Relaxed, Breathlesness, Irregular Heartbeat, Nausea, Paranoia, Confusion, Insomnia",MDMB-4en-PINACA,,51.63298,-0.13062
W072743,2026-01-15,WA3,LSD liquid,LSD liquid Vial,Colourless,Liquid,Not Stated,Relaxed,Lysergic acid diethylamide,,53.45247272727273,-2.5457272727272726
W072840,2026-01-19,DE14,THC vape Juice,5000mg THC,Purple,Liquid,Smoked,"Euphoria, Relaxed",No Active Component Identified,,52.7953,-1.6546500000000002
W072896,2026-01-19,TS4,THC (dab pen),Not Stated,Yellow,Liquid,Not Stated,"Increased Confidence, Paranoia, Memory Loss, Agitation",No Active Component Identified,,54.5762,-1.2348
W072888,2026-01-19,LE18,THC distillate vape liquid,Not Stated,Colourless,Liquid,Not Stated,Not Stated,"5F-ADB, MDMB-4en-PINACA, Nicotine",,52.57243333333333,-1.1044333333333334
W072846,2026-01-19,LL29,THC vape,Not Stated,Colourless,Liquid,Smoked,Not Stated,Nicotine,,53.283275,-3.6966
W072960,2026-01-23,GL53,THC Vape,Not Stated,Yellow,Liquid,Not Stated,Not Stated,"Cannabinol, Cannabigerol, Tetrahydrocannabinol, Nicotine",,51.8192,-2.05427
W073146,2026-01-26,RM18,THC Vape,Doja Hybrid THC,"Yellow, Brown",Liquid,Not Stated,Not Stated,Cannabinol,,51.47323333333333,0.3884
W073126,2026-01-26,S61,Vape liquid,SVR liquid blueberry ice 20mg,Colourless,Liquid,Not Stated,"Increased Confidence, Relaxed, Nausea, Vomiting, Confusion, Violence/Aggression",Nicotine,,53.4567,-1.3738
W073207,2026-01-26,TS3,Vape,Not Stated,Yellow,Liquid,Smoked,No Effect,Nicotine,,54.562099999999994,-1.1877666666666666
000236831,2026-01-26,CF5,THC vape liquid,Not Stated,Yellow,Liquid,Smoked,"Relaxed, Chest Pains, Irregular Heartbeat, Nausea, Vomiting, Memory Loss, Panic Attack, Suicidal Ideation",5F-ADB,,51.471875,-3.275816666666667
W071950,2026-01-26,IP84,THC vape liquid,THC vape liquid ,Colourless,Liquid,Smoked,"Euphoria, Relaxed",MDMB-BUTINACA,,52.072692307692314,1.0596
W073085,2026-01-26,LS10,THC liquid,Not Stated,Yellow,Liquid,Not Stated,"Relaxed, Paranoia",No Active Component Identified,,53.7496,-1.5494
W073208,2026-01-28,TS3,vape,Not Stated,Yellow,Liquid,Smoked,No Effect,Nicotine,,54.562099999999994,-1.1877666666666666
W073023,2026-02-03,CV6,THC vape,THC vape,Yellow,Liquid,Smoked,Chest Pains,"Cannabinol, Tetrahydrocannabinol",Cannabidiol,52.4414,-1.4998714285714283
W073295,2026-02-03,KY6,The vape liquid,Not Stated,Colourless,Liquid,Smoked,"Euphoria, Relaxed",5F-ADB,,56.2,-3.2167000000000003
W073510,2026-02-03,NE32,Dab Pen,"whole Melt Extracts, 100% organic Cannabis","Red, Brown",Liquid,Not Stated,Not Stated,Tetrahydrocannabinol,,54.974050000000005,-1.4842499999999998
W073022,2026-02-03,WR5,THC vape,THC vape,Yellow,,Not Stated,"Relaxed, Chest Pains","Cannabinol, Tetrahydrocannabinol",,52.1651,-2.1974428571428573
W073355,2026-02-03,TS3,Vape,vape,White,,Smoked,No Effect,Nicotine,,54.562099999999994,-1.1877666666666666
W073390,2026-02-03,LL29,Vape nictone,Not Stated,Colourless,,Smoked,Not Stated,Nicotine,,53.283275,-3.6966
W073471,2026-02-03,B13,THC vape,Not Stated,Colourless,Liquid,Not Stated,"Paranoia, Memory Loss, Agitation, Irregular Heartbeat",Nicotine,,52.442,-1.88385
W073423,2026-02-03,CT19,THC vape juice,Not Stated,Yellow,Liquid,Not Stated,"Euphoria, Relaxed, Chest Pains, Irregular Heartbeat, Paranoia, Confusion, Agitation, Depression",MDMB-4en-PINACA,,51.08615,1.1757
W073411,2026-02-03,NR1,Liquid THC,C Cherry Flavour,Colourless,Liquid,Not Stated,Not Stated,MDMB-4en-PINACA,,52.6271,1.3072
W073297,2026-02-03,KY6,THC vape liquid,Not Stated,Colourless,Liquid,Not Stated,"Euphoria, Relaxed","MDMB-4en-PINACA, 5F-ADB",,56.2,-3.2167000000000003
W073380,2026-02-03,LA12,vape,Not Stated,Yellow,Liquid,Smoked,Not Stated,Nicotine,,54.20815897435897,-3.0659179487179484
W073378,2026-02-03,LA12,vape,Not Stated,,Liquid,Smoked,Not Stated,Nicotine,,54.20815897435897,-3.0659179487179484
W073388,2026-02-03,LS12,vape,Not Stated,Yellow,Liquid,Smoked,Not Stated,Nicotine,,53.7913,-1.5972
W073385,2026-02-03,LA12,vape,Not Stated,,Liquid,Smoked,Not Stated,Nicotine,,54.20815897435897,-3.0659179487179484
W073389,2026-02-03,LA12,vape,Not Stated,,,Smoked,"Stomach pains, Shaking/Shivering",Nicotine,,54.20815897435897,-3.0659179487179484
W073375,2026-02-03,LL29,vape nicotine,Not Stated,Colourless,Liquid,Smoked,Not Stated,Nicotine,,53.283275,-3.6966
W073376,2026-02-03,LL29,vape,Not Stated,Yellow,Liquid,Smoked,Not Stated,Nicotine,,53.283275,-3.6966
W073387,2026-02-03,LA12,vape,Not Stated,Yellow,Liquid,Not Stated,Not Stated,5F-ADB,,54.20815897435897,-3.0659179487179484
W072024,2026-02-03,S65,Vape juice,Not Stated,Colourless,Liquid,Not Stated,Not Stated,"Aspirin, Nicotine",,53.448425,-1.287175
W073558,2026-02-06,TS3,vape liquid,Not Stated,"Colourless, Yellow",Liquid,Smoked,Not Stated,Nicotine,,54.562099999999994,-1.1877666666666666
W073749,2026-02-10,WS12,Weed liquid,Not Stated,Yellow,Liquid,Smoked,"Nausea, Paranoia, Panic Attack, Agitation, Depression",MDMB-4en-PINACA,Nicotine,52.706028571428575,-2.0061714285714287
W073615,2026-02-10,CF10,THC liquid,Not Stated,"White, Yellow",Liquid,Not Stated,Not Stated,MDMB-4en-PINACA,,51.48,-3.18
W073794,2026-02-11,NE10,THC vape,Not Stated,Brown,Liquid,Not Stated,Not Stated,Nicotine,,54.953,-1.5715
W073851,2026-02-11,S62,Liquid THC,Not Stated,Blue,Liquid,Oral,Not Stated,Nicotine,,53.464725,-1.364075
W073813,2026-02-13,TS3,VAPE,Not Stated,Yellow,Liquid,Smoked,No Effect,Nicotine,,54.562099999999994,-1.1877666666666666
W073863,2026-02-13,GL6,Liquid MDMA,Suda,"Colourless, Brown",Liquid,Not Stated,Not Stated,MDMA,,51.738542307692306,-2.1929
W073726,2026-02-17,AL10,THC vape,THC vape,"Colourless, Blue",Liquid,Not Stated,"Euphoria, Increased Energy, Increased Confidence, Relaxed, Irregular Heartbeat, Memory Loss, Confusion, Panic Attack",MDMB-4en-PINACA,,51.7634,-0.2242
W074015,2026-02-17,B13,Vape liquid,Hayatt pro max nic salt watermelon ice,Orange,Liquid,Not Stated,Not Stated,Nicotine,,52.442,-1.88385
000233877,2026-02-17,CF83,cannabis vape,Not Stated,,,Smoked,"Enhanced Senses, Chest Pains, Irregular Heartbeat","Cannabinol, Tetrahydrocannabinol, Cannabidiol",,51.59288333333333,-3.2333833333333337
W074014,2026-02-17,B13,vape liquid,no label,Blue,Liquid,Not Stated,Not Stated,"MDMB-4en-PINACA, Nicotine",,52.442,-1.88385
W074016,2026-02-17,B13,VAPE LIQUID,ELUX LEGEND NIC SALTS PINT LEREAIADE,Colourless,Liquid,Not Stated,Not Stated,No Active Component Identified,,52.442,-1.88385
W074093,2026-02-18,N7,Cannabis oil (vape),Best bud,Blue,Liquid,Smoked,"Euphoria, Increased Energy, Enhanced Senses, Increased Stamina, Empathy, Relaxed, Paranoia, Memory Loss",MDMB-4en-PINACA,,51.5491,-0.1205142857142857
W074023,2026-02-18,LE12,THC Vape juice,Not Stated,Green,Liquid,Smoked,"Euphoria, Increased Energy, Increased Confidence, Increased Libido, Empathy, Visual Hallucinations, Relaxed, Chest Pains, Irregular Heartbeat, Memory Loss, Panic Attack, Loss of consciousness, Agitation, Insomnia, Suicidal Ideation",5F-ADB,,52.78191071428571,-1.1845107142857143
W074125,2026-02-18,BS5,THC vape,Moo Exotics,Colourless,Liquid,Smoked,"Enhanced Senses, Relaxed, Confusion","Hexahydrocannabinol, Cannabinol, Tetrahydrocannabinol",,51.462,-2.5519
W074206,2026-02-20,E20,THC Vape,Hidden hills lemon,Yellow,Liquid,Not Stated,Not Stated,"Cannabinol, Tetrahydrocannabinol, Cannabigerol",,51.5468,-0.0096
W074199,2026-02-20,E20,THC vape,hidden hills Gelonade,"Orange, Yellow",Liquid,Not Stated,Not Stated,"Cannabinol, Tetrahydrocannabinol, Cannabigerol",,51.5468,-0.0096
W074380,2026-02-25,SL25,THC vape juice,Not Stated,Green,Liquid,Smoked,"Euphoria, Increased Confidence, Enhanced Senses, Increased Libido, Empathy, Relaxed, Paranoia, Memory Loss, Confusion, Depression",MDMB-4en-PINACA,,51.553075,-0.606025
000236005,2026-03-09,LL29,THC Vape,THC vape,Colourless,Liquid,Not Stated,Not Stated,"Cannabinol, Tetrahydrocannabinol",,53.283275,-3.6966
W074635,2026-03-09,B13,vape,Hayati pro max landan,"Colourless, Yellow",Liquid,Smoked,Not Stated,Nicotine,,52.442,-1.88385
W074634,2026-03-09,B13,Vape,Hayato pro max sakwr grape,"Colourless, Yellow",,Not Stated,Not Stated,Nicotine,,52.442,-1.88385
000232755,2026-03-09,NP44,vape blue sour raspberry,Not Stated,White,Liquid,Smoked,"Euphoria, Increased Energy, Auditory Hallucinations, Visual Hallucinations",Nicotine,,51.65070000000001,-3.0178
W074690,2026-03-10,B13,VAPE,HAYATI PRO MAX STRAWBERRY + RASPBERRY,Colourless,Liquid,Not Stated,Not Stated,Nicotine,,52.442,-1.88385
W074691,2026-03-10,B13,VAPE,HAYATI PRO MAX STRAWBERRY,Colourless,Liquid,Not Stated,Not Stated,Nicotine,,52.442,-1.88385
W074726,2026-03-10,ME43,VAPE LIQUID NICOTINE,Not Stated,Brown,Liquid,Not Stated,Not Stated,Nicotine,,51.38945,0.5306
W074728,2026-03-10,MF43,VAPE LIQUID NICOTINE,Not Stated,Brown,Liquid,Not Stated,Not Stated,No Active Component Identified,,,
W074722,2026-03-10,MK43,THC VAPE LIQUID,THC VAPE LIQUID,Colourless,Liquid,Not Stated,Not Stated,Nicotine,MDMB-4en-PINACA,52.11038275862069,-0.5643793103448276
W074725,2026-03-10,MF43,THC VAPE LIQUID,THC VAPE LIQUID ,Colourless,Liquid,Not Stated,Not Stated,MDMB-4en-PINACA,,,
W074798,2026-03-10,TS3,VAPE,UNKNOWN,Colourless,Liquid,Smoked,Euphoria,Nicotine,,54.562099999999994,-1.1877666666666666
000042528,2026-03-13,NP18,THC VAPE / SPICE,THC VAPE ,Yellow,Liquid,"Oral, Smoked",Not Stated,"Nicotine, 5F-ADB",,51.6084,-2.9435
W074793,2026-03-13,NE61,VAPE LIQUID,ELUX LEGEND NIC SALTS BLUEBERRY RASPBERRY,Yellow,Liquid,Not Stated,Not Stated,Nicotine,,55.165690000000005,-1.7111625
W074792,2026-03-13,NE61,VAPE LIQUID,ELUX LEGEND NUC SALTS WATERMELON ICE,Orange,Liquid,Not Stated,Not Stated,Nicotine,,55.165690000000005,-1.7111625
W074791,2026-03-13,NE61,VAPE,VAPORESSO VAPE,"Red, Brown",Liquid,Not Stated,Not Stated,Nicotine,,55.165690000000005,-1.7111625
W074832,2026-03-13,S13,VAPE / ?THC,Not Stated,"Colourless, Pink",Liquid,Not Stated,"No Effect, Euphoria, Increased Energy, Increased Confidence, Enhanced Senses, Increased Stamina, Increased Libido, Increased Strength, Empathy, Auditory Hallucinations, Visual Hallucinations, Relaxed, Chest Pains, Irregular Heartbeat, Nosebleeds, Nausea, Vomiting, Paranoia, Memory Loss, Confusion, Panic Attack, Loss of consciousness, Agitation, Violence/Aggression, Insomnia, Depression, Suicidal Ideation","MDMB-4en-PINACA, Nicotine",,53.3642,-1.3745
W074828,2026-03-13,S651SL,VAPE JUICE,CLEAR BOTTLE NO LABEL,Pink,Liquid,Smoked,"Euphoria, Increased Confidence",Nicotine,,53.448425,-1.287175
W074827,2026-03-13,BS5,THC OIL-VAPE,JUNGLE BOYS,Yellow,Liquid,Smoked,"Enhanced Senses, Relaxed, Paranoia","Cannabinol, Tetrahydrocannabinol, Cannabigerol",,51.462,-2.5519
W074927,2026-03-17,LL53,VAPE JUICE?,NO LABEL,Yellow,Liquid,Not Stated,"Nosebleeds, Nausea, Agitation",Nicotine,,52.89524166666667,-4.493856666666668
W074794,2026-03-17,NE61,VAPE LIQUID,ELUX LEGEND NIC SALTS GRAPE BERRY,Yellow,Liquid,Not Stated,Not Stated,Nicotine,,55.165690000000005,-1.7111625
W075036,2026-03-18,B100HJ,A VAPE,DOUBLE ADDLE,Yellow,Liquid,Not Stated,Not Stated,Nicotine,,52.4698,-1.8523
W075108,2026-03-20,SA15,THC vape juice,Not Stated,Yellow,Tablet,Smoked,"Euphoria, Enhanced Senses, Relaxed, Confusion",5F-ADB,,51.74003,-4.187250000000001
W075068,2026-03-20,CF24,LIQUID MDMA,Not Stated,Colourless,Liquid,Not Stated,Not Stated,Gamma-butyrolactone,,51.48,-3.18
W075057,2026-03-20,NE21,THC liquid,Not Stated,Purple,Liquid,Not Stated,Not Stated,MDMB-4en-PINACA,,54.9583,-1.718925
W075184,2026-03-24,NE32,vape oil,Not Stated,Purple,Liquid,Smoked,"Visual Hallucinations, Paranoia, Memory Loss, Confusion, Panic Attack, Loss of consciousness, Agitation, Dizziness, Sweating",MDMB-4en-PINACA,Nicotine,54.974050000000005,-1.4842499999999998
W075276,2026-03-24,TS3,vape,Not Stated,Yellow,Liquid,Oral,No Effect,Nicotine,,54.562099999999994,-1.1877666666666666
000237707,2026-03-27,CF40,THC vape juice,Not Stated,Yellow,Liquid,Not Stated,"Auditory Hallucinations, Irregular Heartbeat, Confusion, Violence/Aggression",5F-ADB,,51.627316666666665,-3.461883333333333
000237526,2026-04-07,CF37,Nictone vape,Not Stated,Colourless,Liquid,Not Stated,Not Stated,Unable to identify,,51.613815384615386,-3.3598076923076925
W075564,2026-04-08,NR30,THC juice,THC vape juice,Blue,Liquid,Smoked,"Euphoria, Enhanced Senses, Relaxed, Breathlesness, Irregular Heartbeat",No Active Component Identified,,52.629975,1.721625
W075512,2026-04-08,CB80,N-N DMT vape juicce,Not Stated,Colourless,Liquid,Not Stated,Not Stated,DMT,,52.20595,0.4459611111111111
W075493,2026-04-09,AL1,RSO liquid diamond edibles,Not Stated,Yellow,Not stated,Not Stated,Not Stated,No Active Component Identified,,51.75,-0.3333
W075538,2026-04-13,TS18,Nictone vape liquid,Not Stated,Purple,Liquid,Not Stated,Not Stated,No Active Component Identified,,54.5613,-1.3243
W075411,2026-04-14,B13,vape,1 vape great,Orange,Liquid,Not Stated,Not Stated,Nicotine,,52.442,-1.88385
W075412,2026-04-14,BB90,Vape,Hayati pro max,Pink,Liquid,Not Stated,Not Stated,Nicotine,,53.84652,-2.21094
W075416,2026-04-14,B13,Vape refil liquid,water melon e liquid,White,Liquid,Not Stated,Not Stated,No Active Component Identified,,52.442,-1.88385
W075827,2026-04-14,NE32,DAB pen,Not Stated,Colourless,Liquid,Not Stated,Not Stated,Tetrahydrocannabinol,,54.974050000000005,-1.4842499999999998
W075994,2026-04-16,NR30,THC vape juice,THC vape juice,Blue,Liquid,Smoked,"Euphoria, Relaxed, Breathlesness, Irregular Heartbeat",MDMB-4en-PINACA,,52.629975,1.721625
000039754,2026-04-17,LL65,THC vape,Not Stated,Colourless,Liquid,Smoked,"Relaxed, Chest Pains, Memory Loss, Depression",No Active Component Identified,,53.289686206896555,-4.534455172413793
W075996,2026-04-17,BD15,THC vape liquid,Not Stated,Yellow,Liquid,Not Stated,"Relaxed, Irregular Heartbeat, Nausea",MDMB-INACA,,53.814699999999995,-1.8435
W076003,2026-04-22,ST5,THC Liquid (vape),Not Stated,Colourless,Liquid,Smoked,"Euphoria, Relaxed, Paranoia","MDMB-4en-PINACA, Nicotine",,53.00718,-2.253533333333333
W076002,2026-04-22,NE34,vape liquid,Not Stated,Yellow,Liquid,Smoked,"Increased Confidence, Relaxed",Nicotine,5F-ADB,54.9667,-1.4
W076098,2026-04-24,ST10,THC Vape,THC Vape,Yellow,Liquid,Vaped,"Not stated,  ","Cannabidiol, Cannabinol, THC (Tetrahydrocannabinol)",,52.994534615384616,-1.9419576923076924
W075719,2026-04-29,Not stated,"""THC VAPE JUICE""",Not stated,Colourless,Liquid,Smoked,"Euphoria, Increased senses, Increased libido, Empathy, Visual hallucinations, Relaxed, Irregular heartbeat, Nausea, Paranoia, Confusion, Agitation, Depression, Panic attack, Sweating",5F-ADB,,,
W100312,2026-05-01,BB12,e liquid,Not stated,Blue,Liquid,Not stated,"Nausea, Vomiting, Confusion, Loss of consciousness","MDMB-4en-PINACA, Nicotine",,53.8044,-2.309675
W100217,2026-05-01,NR30,TC vape juice,thc vape juice,Blue,Liquid,Vaped,"Euphoria, Increased senses, Increased strength, Irregular heartbeat, Breathlessness","5F-ADB, MDMB-4en-PINACA",,52.629975,1.721625
W100319,2026-05-01,BB10,e liquid,Not stated,Colourless,Liquid,Vaped,"Vomiting, Confusion, Loss of consciousness",Nicotine,,53.7886,-2.2055249999999997
W100410,2026-05-06,CF38,Vape,Not stated,Orange,Liquid,Vaped,"Not stated,  ",Nicotine,,51.5543,-3.34528
000034275,2026-05-06,Not stated,Vape,Not stated,Orange,Liquid,Smoked,"Not stated,  ",No active compound identified,,,
W100447,2026-05-06,CT12,CBD vape liquid,Not stated,Colourless,Liquid,Vaped,"Euphoria, Increased senses, Relaxed, Nausea, Vomiting, Memory loss, Insomnia, Breathlessness",5F-ADB,,51.34236,1.33812
W100266,2026-05-06,WF3,vape,Not stated,Colourless,Liquid,Not stated,"Nausea, Paranoia, Dizziness","5F-ADB, Nicotine",,53.729016666666666,-1.5177500000000002
000034272,2026-05-06,Not stated,vape,Not stated,Orange,Liquid,Smoked,Relaxed,5F-ADB,MDMB-INACA,,
W100388,2026-05-07,LL29,Vape,Not stated,Pink,Liquid,Vaped,"Increased senses, Agitation",Nicotine,,53.283275,-3.6966
W100502,2026-05-07,TS3,Vape,Not stated,Colourless,Liquid,Smoked,Euphoria,Nicotine,,54.562099999999994,-1.1877666666666666
W076237,2026-05-11,NE61,Nictone vape,hatati mini ultra,Colourless,Liquid,Not stated,"Not stated,  ",Nicotine,,55.165690000000005,-1.7111625
W076239,2026-05-11,NE61,Nictone vape,blue raspberry iva pro,Colourless,Liquid,Not stated,"Not stated,  ",Nicotine,,55.165690000000005,-1.7111625
W100542,2026-05-11,BB11,THC liquid,Not stated,Yellow,Liquid,Vaped,"Relaxed, Chest pains, Paranoia, Memory loss, Confusion, Agitation, Violence",Nicotine,,53.79165,-2.275
W076238,2026-05-11,NE61,Nictone vape,Hatati pro max,Colourless,Liquid,Not stated,"Not stated,  ",Nicotine,,55.165690000000005,-1.7111625
W100533,2026-05-13,LS25,liquid vape refill,nic salts nicotine,Green,Liquid,Oral,No effect,Nicotine,,53.78189999999999,-1.2830333333333332
W100534,2026-05-13,LS25,A VAPE,Not stated,Yellow,Liquid,Oral,"Increased energy, Increased confidence",Nicotine,,53.78189999999999,-1.2830333333333332
W076251,2026-05-13,LE2,VAPE,Hayati blue sour raspberry,Colourless,Liquid,Not stated,"Not stated,  ",Nicotine,,52.60181666666667,-1.1167166666666668
W100566,2026-05-13,DN14,vape liquid,Not stated,Green,Liquid,Smoked,"Not stated,  ",MDMB-4en-PINACA,,53.7121625,-0.9026825
W100729,2026-05-14,CV47,THC VAPE JUICE,THC,Orange,Liquid,Not stated,"Not stated,  ",MDMB-4en-PINACA,,52.2527,-1.3884
000235499,2026-05-19,SY16,CBD vape,CBD,Colourless,Liquid,Smoked,"Not stated,  ",Nicotine,,52.50787647058824,-3.3015823529411765
W100778,2026-05-19,LL11,VAPE,VAPE,Colourless,Liquid,Not stated,"Not stated,  ",Nicotine,,53.064506666666674,-3.052973333333333
W100367,2026-05-19,LL11,VAPE,VAPE,Colourless,Liquid,Not stated,"Not stated,  ",Nicotine,,53.064506666666674,-3.052973333333333
W100777,2026-05-19,LL11,VAPE,VAPE,Colourless,Liquid,Not stated,"Not stated,  ",Nicotine,,53.064506666666674,-3.052973333333333
W100974,2026-05-26,NE39,Vape liquid,Not stated,Blue,Liquid,Not stated,"Not stated,  ",MDMB-4en-PINACA,,54.92312,-1.7570599999999998
W100971,2026-05-26,NE39,Vape liquid,Not stated,Purple,Liquid,Vaped,"Relaxed, Memory loss, Tiredness",Nicotine,,54.92312,-1.7570599999999998
W100954,2026-05-26,CF24,THC vape,pack woods,Orange,Liquid,Not stated,"Not stated,  ","Cannabidiol, Cannabinol, THC (Tetrahydrocannabinol)",,51.48,-3.18
W100975,2026-05-26,NE39,vape liquid,Not stated,Pink,Liquid,Vaped,"Relaxed, Memory loss, Confusion, Tiredness",Nicotine,,54.92312,-1.7570599999999998
W101099,2026-06-05,B13,vape,Hayati pro max +,Yellow,Liquid,Not stated,"Not stated,  ",Nicotine,,52.442,-1.88385
W101471,2026-06-05,TS3,VAPE,UNKNOWN,Black,Other,Vaped,Euphoria,Nicotine,,54.562099999999994,-1.1877666666666666
W101101,2026-06-05,B13,vape,Hayati pro max +,Colourless,Liquid,Not stated,"Not stated,  ",Nicotine,,52.442,-1.88385
W101128,2026-06-08,CH5,THC vape,SLUGGERS HIT,Orange,Liquid,Vaped,"Not stated,  ","Cannabidiol, Cannabinol, THC (Tetrahydrocannabinol)",,53.19930000000001,-3.03614
W101414,2026-06-08,NE61,Vape liquid,Deliciu grape nic salt,Yellow,Liquid,Not stated,"Not stated,  ",Nicotine,,55.165690000000005,-1.7111625
W101413,2026-06-08,NE61,Vape,Not stated,Yellow,Liquid,Not stated,"Not stated,  ",Nicotine,,55.165690000000005,-1.7111625
W076323,2026-06-09,BS19,THC Vape liquid,Not stated,Orange,Liquid,Vaped,"Not stated,  ",5F-ADB (5F-MDMB-PINACA),,51.4552,-2.5966
W101716,2026-06-15,LL29,Vape,Not stated,Yellow,Liquid,Vaped,"Not stated,  ",Nicotine,,53.283275,-3.6966
W102311,2026-06-25,PO73,THC oil/Vape liquid THC,THC vaping liquid,Blue,Liquid,Vaped,"Euphoria, Increased senses, Auditory hallucinations, Visual hallucinations, Relaxed, Memory loss, Confusion, Insomnia, Depression, Suicidal ideation, Violence","5F-ADB (5F-MDMB-PINACA), Nicotine",,50.8953875,-1.0532125
W101428,2026-06-30,B11,THC vape,Not stated,Blue,Liquid,Vaped,"Euphoria, Relaxed",Unable to Identify,,52.4548,-1.8596
000236206,2026-06-30,NP12,THC vape,Not stated,Orange,Liquid,Smoked,"Relaxed, Confusion, Agitation",No active compound identified,,51.6678,-3.2075
000238541,2026-07-01,NP4,THC vape,Not stated,Yellow,Liquid,Smoked,"Relaxed, Irregular heartbeat, Nausea","Cocaine, Ketamine",,51.718515789473685,-3.030521052631579
W101598,2026-07-02,IP5,THC vape,Jungle boys vape,Orange,Liquid,Vaped,"Relaxed, Nausea, Vomiting",No active compound identified,,52.064166666666665,1.2246333333333332
W100061,2026-07-06,EH39,THC vape,Not stated,Brown,Liquid,Smoked,"Not stated,  ",No active compound identified,,56.0277,-2.7334
W102652,2026-07-06,NE33,Elux legend Nic salts Kiwi passionfruit guava,Not stated,Yellow,Liquid,Not stated,"Not stated,  ",Nicotine,,54.9986,-1.4323
W102615,2026-07-06,SA1,THC vape,THC vape,Colourless,Liquid,Vaped,"Euphoria, Increased confidence, Relaxed",No active compound identified,,51.633979999999994,-3.94848
W102574,2026-07-14,CF45,Vape,Vape,Orange,Liquid,Not stated,"Not stated,  ",No active compound identified,,51.66452,-3.3537
W102720,2026-07-14,LL29,Vape,Not stated,Yellow,Liquid,Vaped,"Nausea, Confusion, Loss of consciousness",Nicotine,,53.283275,-3.6966
W102719,2026-07-14,LL29,Vape,Not stated,Yellow,Liquid,Vaped,"Nausea, Confusion, Loss of consciousness",Nicotine,,53.283275,-3.6966
W102724,2026-07-14,LL29,Vape,Not stated,Yellow,Liquid,Vaped,"Increased confidence, Relaxed",Nicotine,,53.283275,-3.6966
W102576,2026-07-14,CF45,Vape,Vape,Pink,Liquid,Not stated,"Not stated,  ",No active compound identified,,51.66452,-3.3537
W102809,2026-07-16,B14,vape,Dry sift,Colourless,Liquid,Smoked,"Vomiting, Confusion, Loss of consciousness","Nicotine, THC (Tetrahydrocannabinol)",,52.4174,-1.8898
W102907,2026-07-16,E13,THC vape liquid,Not stated,Pink,Liquid,Vaped,"Relaxed, Confusion, Loss of coordination","5F-ADB, MDMB-4en-PINACA",,51.529333333333334,0.0182666666666666
W102864,2026-07-20,AL8,Liquid weed pen cartridge cannabis,Not stated,Orange,Liquid,Oral,"Relaxed, Memory loss, Confusion, Agitation, Insomnia, Violence, Loss of consciousness, Other","Cannabidiol, Cannabigerol (CBG), Cannabinol",,51.81258,-0.1993
W103076,2026-07-20,NE39,Vape liquid,Not stated,Pink,Liquid,Not stated,"Not stated,  ","MDMB-4en-PINACA, Nicotine",,54.92312,-1.7570599999999998
W103188,2026-07-22,HP20,Vape,Vape,Yellow,Liquid,Not stated,"Not stated,  ",Nicotine,,51.8167,-0.8146
W103190,2026-07-22,HP20,Vape,Vape,Yellow,Liquid,Not stated,"Not stated,  ",Nicotine,,51.8167,-0.8146
W103189,2026-07-22,HP20,Vape,Vape,Yellow,Liquid,Not stated,"Not stated,  ",Nicotine,,51.8167,-0.8146
W103141,2026-07-23,CB4,THC vape liquid,5000mg THC vape liquid,Green,Liquid,Smoked,"Increased senses, Relaxed",No active compound identified,,52.22380625,0.131525
W103194,2026-07-23,RH12,CBD vape juice,Not stated,Red,Liquid,Vaped,"Relaxed, Chest pains, Irregular heartbeat, Confusion, Agitation, Depression, Panic attack, Loss of consciousness, Breathlessness, Other","5F-ADB, Nicotine",,51.08464615384616,-0.3276153846153846
W103404,2026-07-27,NE6,Liquid was concealed in bedroom,Elux vape liquid,Colourless,Liquid,Not stated,"Not stated,  ",No active compound identified,,54.9775,-1.5656
W103402,2026-07-27,NE6,Cannabis vape,Tea time - premium quality vapes,Black,Liquid,Not stated,"Not stated,  ","Tetrahydrocannabivarin, Cannabinol, THC (Tetrahydrocannabinol)",,54.9775,-1.5656
W103401,2026-07-27,NE6,Cannabis vape,White Fire OG - Premium Quality Vapes,Black,Liquid,Not stated,"Not stated,  ","Tetrahydrocannabivarin, Cannabinol, THC (Tetrahydrocannabinol)",,54.9775,-1.5656
W103426,2026-07-29,BD13,THC Vape,THC Vape,Orange,Liquid,Not stated,"Not stated,  ",Hexahydrocannabinol (HHC),,53.794079999999994,-1.88974
W103595,2026-07-30,NE34,Dab pen,Not stated,Brown,Liquid,Not stated,"Not stated,  ",THC (Tetrahydrocannabinol),,54.9667,-1.4
000236573,2026-07-31,CF46,Spice vape,Not stated,Red,Liquid,Not stated,"Not stated,  ",Nicotine,,51.674075,-3.3016
W103797,2026-08-11,M18,THC liquid,Not stated,Grey,Liquid,Vaped,"Euphoria, Increased energy, Increased confidence, Increased senses, Relaxed, Irregular heartbeat, Paranoia, Panic attack",No active compound identified,,53.4667,-2.1667
W103568,2026-08-11,KY6,weed vape,ihdica,Brown,Liquid,Not stated,"Empathy, Relaxed, Irregular heartbeat, Memory loss",No active compound identified,,56.2,-3.2167000000000003
W103744,2026-08-11,LS18,THC vape,THC vape,Yellow,Liquid,Vaped,"Increased senses, Relaxed",THC (Tetrahydrocannabinol),MDMB-4en-PINACA,53.838,-1.6404
W104046,2026-08-14,TA2,CBD vape,Not stated,Colourless,Liquid,Vaped,"Relaxed, Chest pains, No effect",Cannabidiol,,51.04662,-3.08832
